client,round,loss,class,accuracy,precision,recall,f1_score,cohen_kappa_score,roc_auc_score,confusion_matrix,TP,FP,FN,TN
11,37,0.5171265006065369,awake,0.8365088073068027,0.8701421480906236,0.9392362851129354,0.9033699790992066,0.377659784178769,0.6635906907959743,[[ 9751 15384][ 6669 103084]],9751,15384,6669,103084
11,37,0.5171265006065369,asleep,0.8365088073068027,0.5938489646772229,0.3879450964790133,0.4693057393815426,0.377659784178769,0.6635906907959745,[[ 103084 6669][ 15384 9751]],103084,6669,15384,9751
11,37,0.5171265006065369,avg,0.8365088073068027,0.7319955563839233,0.6635906907959743,0.6863378592403746,0.377659784178769,0.6635906907959744,,,,,
