client,round,loss,class,accuracy,precision,recall,f1_score,cohen_kappa_score,roc_auc_score,confusion_matrix,TP,FP,FN,TN
17,56,0.5428239703178406,awake,0.8151577605124252,0.8290606911748731,0.9735588093263965,0.8955182601043433,0.13734662945017329,0.5485259731931366,[[ 3104 22031][ 2902 106851]],3104,22031,2902,106851
17,56,0.5428239703178406,asleep,0.8151577605124252,0.5168165168165169,0.12349313705987666,0.19935133746507822,0.13734662945017329,0.5485259731931366,[[ 106851 2902][ 22031 3104]],106851,2902,22031,3104
17,56,0.5428239703178406,avg,0.8151577605124252,0.672938603995695,0.5485259731931366,0.5474347987847108,0.13734662945017329,0.5485259731931366,,,,,
