client,round,loss,class,accuracy,precision,recall,f1_score,cohen_kappa_score,roc_auc_score,confusion_matrix,TP,FP,FN,TN
16,8,0.5178321003913879,awake,0.8107911749006583,0.8540039842311863,0.9257150146237461,0.8884147567789719,0.2733187631665388,0.6173432841171247,[[ 7766 17369][ 8153 101600]],7766,17369,8153,101600
16,8,0.5178321003913879,asleep,0.8107911749006583,0.4878447138639362,0.30897155361050327,0.37833097871096605,0.2733187631665388,0.6173432841171247,[[ 101600 8153][ 17369 7766]],101600,8153,17369,7766
16,8,0.5178321003913879,avg,0.8107911749006583,0.6709243490475613,0.6173432841171247,0.6333728677449689,0.2733187631665388,0.6173432841171247,,,,,
