client,round,loss,class,accuracy,precision,recall,f1_score,cohen_kappa_score,roc_auc_score,confusion_matrix,TP,FP,FN,TN
14,21,0.4607352614402771,awake,0.837331712235336,0.8877036513753367,0.9159476278552751,0.9016044986950555,0.4332004189299381,0.7049998732075261,[[ 12418 12717][ 9225 100528]],12418,12717,9225,100528
14,21,0.4607352614402771,asleep,0.837331712235336,0.573765189668715,0.4940521185597772,0.5309333447347043,0.4332004189299381,0.7049998732075262,[[ 100528 9225][ 12717 12418]],100528,9225,12717,12418
14,21,0.4607352614402771,avg,0.837331712235336,0.7307344205220259,0.7049998732075261,0.7162689217148799,0.4332004189299381,0.7049998732075262,,,,,
