client,round,loss,class,accuracy,precision,recall,f1_score,cohen_kappa_score,roc_auc_score,confusion_matrix,TP,FP,FN,TN
10,105,0.6577746868133545,awake,0.7446622383014057,0.8964696716047043,0.7757783386331125,0.8317686709324476,0.3135212976196725,0.6922854295115035,[[ 15302 9833][ 24609 85144]],15302,9833,24609,85144
10,105,0.6577746868133545,asleep,0.7446622383014057,0.3834030718348325,0.6087925203898946,0.47049780155582205,0.3135212976196725,0.6922854295115035,[[ 85144 24609][ 9833 15302]],85144,24609,9833,15302
10,105,0.6577746868133545,avg,0.7446622383014057,0.6399363717197684,0.6922854295115035,0.6511332362441348,0.3135212976196725,0.6922854295115035,,,,,
