client,round,loss,class,accuracy,precision,recall,f1_score,cohen_kappa_score,roc_auc_score,confusion_matrix,TP,FP,FN,TN
7,95,0.5870690941810608,awake,0.8216594508036297,0.8600199971432653,0.9326123203921532,0.8948463522314989,0.3144720583112487,0.6348957762692813,[[ 8475 16660][ 7396 102357]],8475,16660,7396,102357
7,95,0.5870690941810608,asleep,0.8216594508036297,0.5339928170877701,0.3371792321464094,0.41335414329610304,0.3144720583112487,0.6348957762692813,[[ 102357 7396][ 16660 8475]],102357,7396,16660,8475
7,95,0.5870690941810608,avg,0.8216594508036297,0.6970064071155178,0.6348957762692813,0.6541002477638009,0.3144720583112487,0.6348957762692813,,,,,
