client,round,loss,class,accuracy,precision,recall,f1_score,cohen_kappa_score,roc_auc_score,confusion_matrix,TP,FP,FN,TN
9,86,0.5562500357627869,awake,0.8394223355672854,0.8722942076391882,0.9403114265669276,0.9050266591833871,0.39044451696678173,0.66959872104157,[[ 10026 15109][ 6551 103202]],10026,15109,6551,103202
9,86,0.5562500357627869,asleep,0.8394223355672854,0.6048138987754117,0.39888601551621244,0.48072497123130037,0.39044451696678173,0.6695987210415699,[[ 103202 6551][ 15109 10026]],103202,6551,15109,10026
9,86,0.5562500357627869,avg,0.8394223355672854,0.7385540532072999,0.66959872104157,0.6928758152073438,0.39044451696678173,0.6695987210415699,,,,,
