client,round,loss,class,accuracy,precision,recall,f1_score,cohen_kappa_score,roc_auc_score,confusion_matrix,TP,FP,FN,TN
6,113,0.654614269733429,awake,0.7257947334084573,0.8646321908198036,0.7860650733920713,0.8234788792218887,0.21569527427249313,0.6243434577224928,[[ 11628 13507][ 23480 86273]],11628,13507,23480,86273
6,113,0.654614269733429,asleep,0.7257947334084573,0.33120656260681325,0.4626218420529143,0.3860365519645436,0.21569527427249313,0.6243434577224928,[[ 86273 23480][ 13507 11628]],86273,23480,13507,11628
6,113,0.654614269733429,avg,0.7257947334084573,0.5979193767133084,0.6243434577224928,0.6047577155932161,0.21569527427249313,0.6243434577224928,,,,,
