client,round,loss,class,accuracy,precision,recall,f1_score,cohen_kappa_score,roc_auc_score,confusion_matrix,TP,FP,FN,TN
2,143,0.47906816005706787,awake,0.8417057114050175,0.8900537420909115,0.9189726021156597,0.9042820255343567,0.4477789358636066,0.7116446459951682,[[ 12676 12459][ 8893 100860]],12676,12459,8893,100860
2,143,0.47906816005706787,asleep,0.8417057114050175,0.5876953034447587,0.5043166898746767,0.5428228845495032,0.4477789358636066,0.7116446459951682,[[ 100860 8893][ 12459 12676]],100860,8893,12459,12676
2,143,0.47906816005706787,avg,0.8417057114050175,0.738874522767835,0.7116446459951682,0.7235524550419299,0.4477789358636066,0.7116446459951682,,,,,
