client,round,loss,class,accuracy,precision,recall,f1_score,cohen_kappa_score,roc_auc_score,confusion_matrix,TP,FP,FN,TN
4,41,0.5828724503517151,awake,0.8288506019809027,0.8675663525400151,0.9319107450365821,0.8985881588079737,0.3550732074304289,0.6553725199223093,[[ 9522 15613][ 7473 102280]],9522,15613,7473,102280
4,41,0.5828724503517151,asleep,0.8288506019809027,0.5602824360105914,0.3788342948080366,0.45202943270828394,0.3550732074304289,0.6553725199223093,[[ 102280 7473][ 15613 9522]],102280,7473,15613,9522
4,41,0.5828724503517151,avg,0.8288506019809027,0.7139243942753033,0.6553725199223094,0.6753087957581289,0.3550732074304289,0.6553725199223093,,,,,
