client,round,loss,class,accuracy,precision,recall,f1_score,cohen_kappa_score,roc_auc_score,confusion_matrix,TP,FP,FN,TN
1,40,0.6423473358154297,awake,0.7586516220864717,0.819999668385535,0.9012054340200268,0.8586869234943029,0.04486966288168115,0.5186950185815272,[[ 3423 21712][ 10843 98910]],3423,21712,10843,98910
1,40,0.6423473358154297,asleep,0.7586516220864717,0.23994111874386653,0.13618460314302766,0.1737519352300703,0.04486966288168115,0.5186950185815272,[[ 98910 10843][ 21712 3423]],98910,10843,21712,3423
1,40,0.6423473358154297,avg,0.7586516220864717,0.5299703935647008,0.5186950185815272,0.5162194293621866,0.04486966288168115,0.5186950185815272,,,,,
