client,round,loss,class,accuracy,precision,recall,f1_score,cohen_kappa_score,roc_auc_score,confusion_matrix,TP,FP,FN,TN
1,172,0.7439457178115845,awake,0.6625348437221992,0.8455356278309144,0.7160624310952776,0.775431672422299,0.1151792258256018,0.5724334435166063,[[ 10778 14357][ 31163 78590]],10778,14357,31163,78590
1,172,0.7439457178115845,asleep,0.6625348437221992,0.256980043394292,0.42880445593793515,0.32136680780010735,0.1151792258256018,0.5724334435166063,[[ 78590 31163][ 14357 10778]],78590,31163,14357,10778
1,172,0.7439457178115845,avg,0.6625348437221992,0.5512578356126032,0.5724334435166063,0.5483992401112032,0.1151792258256018,0.5724334435166063,,,,,
