client,round,loss,class,accuracy,precision,recall,f1_score,cohen_kappa_score,roc_auc_score,confusion_matrix,TP,FP,FN,TN
12,122,0.742270290851593,awake,0.8172039024968863,0.8328118644598104,0.9700873780215575,0.8962234371646106,0.16569232094702424,0.5598596826451532,[[ 3761 21374][ 3283 106470]],3761,21374,3283,106470
12,122,0.742270290851593,asleep,0.8172039024968863,0.5339295854628052,0.14963198726874877,0.2337549333416203,0.16569232094702424,0.5598596826451532,[[ 106470 3283][ 21374 3761]],106470,3283,21374,3761
12,122,0.742270290851593,avg,0.8172039024968863,0.6833707249613078,0.5598596826451532,0.5649891852531155,0.16569232094702424,0.5598596826451532,,,,,
