client,round,loss,class,accuracy,precision,recall,f1_score,cohen_kappa_score,roc_auc_score,confusion_matrix,TP,FP,FN,TN
8,186,0.7249140739440918,awake,0.7823379396239843,0.8427074541098635,0.9005858609787432,0.8706858582477405,0.18836638986041043,0.5832947208215777,[[ 6686 18449][ 10911 98842]],6686,18449,10911,98842
8,186,0.7249140739440918,asleep,0.7823379396239843,0.3799511280331875,0.26600358066441215,0.312927080408125,0.18836638986041043,0.5832947208215776,[[ 98842 10911][ 18449 6686]],98842,10911,18449,6686
8,186,0.7249140739440918,avg,0.7823379396239843,0.6113292910715254,0.5832947208215776,0.5918064693279328,0.18836638986041043,0.5832947208215777,,,,,
