client,round,loss,class,accuracy,precision,recall,f1_score,cohen_kappa_score,roc_auc_score,confusion_matrix,TP,FP,FN,TN
14,17,0.47623467445373535,awake,0.8384511594804579,0.8816205053449951,0.9257605714650169,0.9031515415487043,0.41821742517092286,0.6914858158697673,[[ 11492 13643][ 8148 101605]],11492,13643,8148,101605
14,17,0.47623467445373535,asleep,0.8384511594804579,0.585132382892057,0.4572110602745176,0.5133221663874931,0.41821742517092286,0.6914858158697672,[[ 101605 8148][ 13643 11492]],101605,8148,13643,11492
14,17,0.47623467445373535,avg,0.8384511594804579,0.7333764441185261,0.6914858158697672,0.7082368539680987,0.41821742517092286,0.6914858158697672,,,,,
