client,round,loss,class,accuracy,precision,recall,f1_score,cohen_kappa_score,roc_auc_score,confusion_matrix,TP,FP,FN,TN
10,26,0.6655604243278503,awake,0.7332750133444043,0.9238724504452743,0.7325540076353266,0.8171645204240312,0.3477571780077072,0.7344886608695829,[[ 18510 6625][ 29353 80400]],18510,6625,29353,80400
10,26,0.6655604243278503,asleep,0.7332750133444043,0.38672878841694003,0.7364233141038393,0.5071371818405984,0.3477571780077072,0.7344886608695829,[[ 80400 29353][ 6625 18510]],80400,29353,6625,18510
10,26,0.6655604243278503,avg,0.7332750133444043,0.6553006194311072,0.734488660869583,0.6621508511323149,0.3477571780077072,0.7344886608695829,,,,,
