client,round,loss,class,accuracy,precision,recall,f1_score,cohen_kappa_score,roc_auc_score,confusion_matrix,TP,FP,FN,TN
6,153,0.6006772518157959,awake,0.7580659510112093,0.8689092352879271,0.8275035762120397,0.8477010957830088,0.2613999113012424,0.6411836560192883,[[ 11433 13702][ 18932 90821]],11433,13702,18932,90821
6,153,0.6006772518157959,asleep,0.7580659510112093,0.3765190186069488,0.4548637358265367,0.41200000000000003,0.2613999113012424,0.6411836560192882,[[ 90821 18932][ 13702 11433]],90821,18932,13702,11433
6,153,0.6006772518157959,avg,0.7580659510112093,0.6227141269474379,0.6411836560192883,0.6298505478915044,0.2613999113012424,0.6411836560192883,,,,,
