client,round,loss,class,accuracy,precision,recall,f1_score,cohen_kappa_score,roc_auc_score,confusion_matrix,TP,FP,FN,TN
2,40,0.4596651792526245,awake,0.8443449380226559,0.8743094272146827,0.9444753218590836,0.9080389288436101,0.406511429209372,0.6757984327616484,[[ 10233 14902][ 6094 103659]],10233,14902,6094,103659
2,40,0.4596651792526245,asleep,0.8443449380226559,0.6267532308446132,0.40712154366421327,0.4936086054700691,0.406511429209372,0.6757984327616484,[[ 103659 6094][ 14902 10233]],103659,6094,14902,10233
2,40,0.4596651792526245,avg,0.8443449380226559,0.750531329029648,0.6757984327616484,0.7008237671568396,0.406511429209372,0.6757984327616484,,,,,
