client,round,loss,class,accuracy,precision,recall,f1_score,cohen_kappa_score,roc_auc_score,confusion_matrix,TP,FP,FN,TN
12,84,0.6798838973045349,awake,0.8174856176976455,0.8407540826128722,0.9569396736307891,0.8950923199515923,0.21565891764850142,0.5827467415299361,[[ 5242 19893][ 4726 105027]],5242,19893,4726,105027
12,84,0.6798838973045349,asleep,0.8174856176976455,0.5258828250401284,0.20855380942908294,0.298663931857676,0.21565891764850142,0.582746741529936,[[ 105027 4726][ 19893 5242]],105027,4726,19893,5242
12,84,0.6798838973045349,avg,0.8174856176976455,0.6833184538265002,0.582746741529936,0.5968781259046342,0.21565891764850142,0.5827467415299361,,,,,
