client,round,loss,class,accuracy,precision,recall,f1_score,cohen_kappa_score,roc_auc_score,confusion_matrix,TP,FP,FN,TN
7,3,0.5518333315849304,awake,0.8136750489294823,0.8199485783424078,0.9879456597997321,0.8961416239312707,0.062066560828175854,0.5203304984894821,[[ 1325 23810][ 1323 108430]],1325,23810,1323,108430
7,3,0.5518333315849304,asleep,0.8136750489294823,0.5003776435045317,0.052715337179232144,0.09538206817118382,0.062066560828175854,0.5203304984894822,[[ 108430 1323][ 23810 1325]],108430,1323,23810,1325
7,3,0.5518333315849304,avg,0.8136750489294823,0.6601631109234698,0.5203304984894821,0.49576184605122725,0.062066560828175854,0.5203304984894821,,,,,
