client,round,loss,class,accuracy,precision,recall,f1_score,cohen_kappa_score,roc_auc_score,confusion_matrix,TP,FP,FN,TN
4,190,0.6795069575309753,awake,0.8234016369135876,0.873916524523967,0.9149636000838246,0.8939691357200404,0.36762093564752385,0.6692781000220197,[[ 10647 14488][ 9333 100420]],10647,14488,9333,100420
4,190,0.6795069575309753,asleep,0.8234016369135876,0.5328828828828829,0.42359259996021487,0.4719937936384795,0.36762093564752385,0.6692781000220197,[[ 100420 9333][ 14488 10647]],100420,9333,14488,10647
4,190,0.6795069575309753,avg,0.8234016369135876,0.703399703703425,0.6692781000220197,0.68298146467926,0.36762093564752385,0.6692781000220197,,,,,
