client,round,loss,class,accuracy,precision,recall,f1_score,cohen_kappa_score,roc_auc_score,confusion_matrix,TP,FP,FN,TN
4,22,0.5913208723068237,awake,0.827049107407627,0.8732573205493651,0.9211319963918981,0.8965560053741747,0.371662102064255,0.6686821708635441,[[ 10462 14673][ 8656 101097]],10462,14673,8656,101097
4,22,0.5913208723068237,asleep,0.827049107407627,0.547232974160477,0.41623234533519,0.47282670101462043,0.371662102064255,0.668682170863544,[[ 101097 8656][ 14673 10462]],101097,8656,14673,10462
4,22,0.5913208723068237,avg,0.827049107407627,0.7102451473549211,0.6686821708635441,0.6846913531943976,0.371662102064255,0.668682170863544,,,,,
