client,round,loss,class,accuracy,precision,recall,f1_score,cohen_kappa_score,roc_auc_score,confusion_matrix,TP,FP,FN,TN
6,118,0.6569591164588928,awake,0.7311102544333077,0.8610355026678589,0.7983836432717101,0.8285268532526474,0.2100187209787503,0.6178709543193641,[[ 10993 14142][ 22128 87625]],10993,14142,22128,87625
6,118,0.6569591164588928,asleep,0.7311102544333077,0.33190422994474805,0.4373582653670181,0.37740318593792915,0.2100187209787503,0.6178709543193641,[[ 87625 22128][ 14142 10993]],87625,22128,14142,10993
6,118,0.6569591164588928,avg,0.7311102544333077,0.5964698663063035,0.6178709543193641,0.6029650195952883,0.2100187209787503,0.6178709543193641,,,,,
