client,round,loss,class,accuracy,precision,recall,f1_score,cohen_kappa_score,roc_auc_score,confusion_matrix,TP,FP,FN,TN
8,162,0.6955679655075073,awake,0.7823156989502402,0.8432770812694291,0.899665612785072,0.8705591924000969,0.1910750670482384,0.5847840695713702,[[ 6784 18351][ 11012 98741]],6784,18351,11012,98741
8,162,0.6955679655075073,asleep,0.7823156989502402,0.3812092605079793,0.2699025263576686,0.3160420209172859,0.1910750670482384,0.5847840695713703,[[ 98741 11012][ 18351 6784]],98741,11012,18351,6784
8,162,0.6955679655075073,avg,0.7823156989502402,0.6122431708887042,0.5847840695713703,0.5933006066586914,0.1910750670482384,0.5847840695713702,,,,,
