client,round,loss,class,accuracy,precision,recall,f1_score,cohen_kappa_score,roc_auc_score,confusion_matrix,TP,FP,FN,TN
4,83,0.6367636919021606,awake,0.822534250637566,0.8756730727137416,0.9112734959408855,0.893118659808544,0.371765323814197,0.673162111010029,[[ 10935 14200][ 9738 100015]],10935,14200,9738,100015
4,83,0.6367636919021606,asleep,0.822534250637566,0.5289508053983457,0.43505072607917245,0.47742752357666784,0.371765323814197,0.673162111010029,[[ 100015 9738][ 14200 10935]],100015,9738,14200,10935
4,83,0.6367636919021606,avg,0.822534250637566,0.7023119390560437,0.673162111010029,0.685273091692606,0.371765323814197,0.673162111010029,,,,,
