client,round,loss,class,accuracy,precision,recall,f1_score,cohen_kappa_score,roc_auc_score,confusion_matrix,TP,FP,FN,TN
13,51,0.5648378133773804,awake,0.7724111855761817,0.8868218116339153,0.8256630798246972,0.8551503512836361,0.3275267691987983,0.6827738514301525,[[ 13570 11565][ 19134 90619]],13570,11565,19134,90619
13,51,0.5648378133773804,asleep,0.7724111855761817,0.4149339530332681,0.5398846230356077,0.469233562129359,0.3275267691987983,0.6827738514301526,[[ 90619 19134][ 11565 13570]],90619,19134,11565,13570
13,51,0.5648378133773804,avg,0.7724111855761817,0.6508778823335917,0.6827738514301525,0.6621919567064976,0.3275267691987983,0.6827738514301525,,,,,
