client,round,loss,class,accuracy,precision,recall,f1_score,cohen_kappa_score,roc_auc_score,confusion_matrix,TP,FP,FN,TN
10,61,0.5984721779823303,awake,0.7836946207223771,0.9111188211763745,0.8135176259418877,0.8595564840263973,0.395647374462785,0.7334944405818451,[[ 16425 8710][ 20467 89286]],16425,8710,20467,89286
10,61,0.5984721779823303,asleep,0.7836946207223771,0.4452184755502548,0.6534712552218023,0.5296080739033001,0.395647374462785,0.733494440581845,[[ 89286 20467][ 8710 16425]],89286,20467,8710,16425
10,61,0.5984721779823303,avg,0.7836946207223771,0.6781686483633147,0.733494440581845,0.6945822789648487,0.395647374462785,0.7334944405818451,,,,,
