client,round,loss,class,accuracy,precision,recall,f1_score,cohen_kappa_score,roc_auc_score,confusion_matrix,TP,FP,FN,TN
15,63,0.8620376586914062,awake,0.5637047031611411,0.7976655516830016,0.6214135376709521,0.6985941461166169,-0.048741179120275646,0.4665651336653945,[[ 7835 17300][ 41551 68202]],7835,17300,41551,68202
15,63,0.8620376586914062,asleep,0.5637047031611411,0.158648199894707,0.3117167296598369,0.21027629795628075,-0.048741179120275646,0.4665651336653944,[[ 68202 41551][ 17300 7835]],68202,41551,17300,7835
15,63,0.8620376586914062,avg,0.5637047031611411,0.4781568757888543,0.4665651336653945,0.4544352220364488,-0.048741179120275646,0.4665651336653944,,,,,
