client,round,loss,class,accuracy,precision,recall,f1_score,cohen_kappa_score,roc_auc_score,confusion_matrix,TP,FP,FN,TN
14,178,0.5203467011451721,awake,0.8367756953917324,0.8773136998555012,0.9293595619254144,0.9025869735462377,0.40200796164010755,0.6809320188779648,[[ 10871 14264][ 7753 102000]],10871,14264,7753,102000
14,178,0.5203467011451721,asleep,0.8367756953917324,0.5837091924398625,0.4325044758305152,0.49685778925478186,0.40200796164010755,0.6809320188779647,[[ 102000 7753][ 14264 10871]],102000,7753,14264,10871
14,178,0.5203467011451721,avg,0.8367756953917324,0.7305114461476818,0.6809320188779648,0.6997223814005098,0.40200796164010755,0.6809320188779648,,,,,
