client,round,loss,class,accuracy,precision,recall,f1_score,cohen_kappa_score,roc_auc_score,confusion_matrix,TP,FP,FN,TN
16,63,0.6412837505340576,awake,0.8152837909969752,0.8688533143190059,0.9103988045884851,0.8891410164001531,0.33752580664420084,0.6551795097141749,[[ 10053 15082][ 9834 99919]],10053,15082,9834,99919
16,63,0.6412837505340576,asleep,0.8152837909969752,0.5055061095187812,0.3999602148398647,0.44658167118297726,0.33752580664420084,0.6551795097141749,[[ 99919 9834][ 15082 10053]],99919,9834,15082,10053
16,63,0.6412837505340576,avg,0.8152837909969752,0.6871797119188936,0.6551795097141749,0.6678613437915651,0.33752580664420084,0.6551795097141749,,,,,
