client,round,loss,class,accuracy,precision,recall,f1_score,cohen_kappa_score,roc_auc_score,confusion_matrix,TP,FP,FN,TN
11,66,0.5340737104415894,awake,0.8271232429867742,0.8660534295539631,0.9316191812524487,0.8976406294581128,0.3466290823824807,0.6512283294366481,[[ 9321 15814][ 7505 102248]],9321,15814,7505,102248
11,66,0.5340737104415894,asleep,0.8271232429867742,0.5539641031736598,0.3708374776208474,0.44426967898763137,0.3466290823824807,0.6512283294366481,[[ 102248 7505][ 15814 9321]],102248,7505,15814,9321
11,66,0.5340737104415894,avg,0.8271232429867742,0.7100087663638115,0.6512283294366481,0.6709551542228721,0.3466290823824807,0.6512283294366481,,,,,
