client,round,loss,class,accuracy,precision,recall,f1_score,cohen_kappa_score,roc_auc_score,confusion_matrix,TP,FP,FN,TN
17,104,0.5657978653907776,awake,0.8139271098985825,0.846874385366813,0.9415596840177489,0.8917105666222274,0.2441164510972169,0.5990869834451188,[[ 6450 18685][ 6414 103339]],6450,18685,6414,103339
17,104,0.5657978653907776,asleep,0.8139271098985825,0.5013992537313433,0.25661428287248855,0.33948261796363066,0.2441164510972169,0.5990869834451187,[[ 103339 6414][ 18685 6450]],103339,6414,18685,6450
17,104,0.5657978653907776,avg,0.8139271098985825,0.6741368195490782,0.5990869834451187,0.615596592292929,0.2441164510972169,0.5990869834451187,,,,,
