client,round,loss,class,accuracy,precision,recall,f1_score,cohen_kappa_score,roc_auc_score,confusion_matrix,TP,FP,FN,TN
7,200,0.6374995112419128,awake,0.8289247375600498,0.8605082560412594,0.9425346004209452,0.8996556042579836,0.32800757631558675,0.6376886250563051,[[ 8366 16769][ 6307 103446]],8366,16769,6307,103446
7,200,0.6374995112419128,asleep,0.8289247375600498,0.5701628842090916,0.332842649691665,0.4203175241157556,0.32800757631558675,0.6376886250563051,[[ 103446 6307][ 16769 8366]],103446,6307,16769,8366
7,200,0.6374995112419128,avg,0.8289247375600498,0.7153355701251755,0.6376886250563051,0.6599865641868696,0.32800757631558675,0.6376886250563051,,,,,
