client,round,loss,class,accuracy,precision,recall,f1_score,cohen_kappa_score,roc_auc_score,confusion_matrix,TP,FP,FN,TN
10,5,0.5538424253463745,awake,0.6765983630864124,0.8999443597745361,0.6779040208468106,0.7733010440322823,0.24644898793937264,0.6744005881039304,[[ 16863 8272][ 35351 74402]],16863,8272,35351,74402
10,5,0.5538424253463745,asleep,0.6765983630864124,0.32295935955873906,0.6708971553610503,0.43602373657060856,0.24644898793937264,0.6744005881039304,[[ 74402 35351][ 8272 16863]],74402,35351,8272,16863
10,5,0.5538424253463745,avg,0.6765983630864124,0.6114518596666376,0.6744005881039304,0.6046623903014454,0.24644898793937264,0.6744005881039304,,,,,
