client,round,loss,class,accuracy,precision,recall,f1_score,cohen_kappa_score,roc_auc_score,confusion_matrix,TP,FP,FN,TN
12,61,0.7770721912384033,awake,0.8171742482652274,0.8209613904856742,0.9915446502601296,0.898225833742587,0.07277819390285756,0.5236617223848888,[[ 1402 23733][ 928 108825]],1402,23733,928,108825
12,61,0.7770721912384033,asleep,0.8171742482652274,0.6017167381974249,0.0557787945096479,0.10209357363917713,0.07277819390285756,0.5236617223848888,[[ 108825 928][ 23733 1402]],108825,928,23733,1402
12,61,0.7770721912384033,avg,0.8171742482652274,0.7113390643415496,0.5236617223848887,0.500159703690882,0.07277819390285756,0.5236617223848888,,,,,
