client,round,loss,class,accuracy,precision,recall,f1_score,cohen_kappa_score,roc_auc_score,confusion_matrix,TP,FP,FN,TN
2,88,0.5219018459320068,awake,0.8339437162683115,0.8645826377295492,0.9437281896622416,0.9024234054880572,0.3526302608726679,0.6491467683938819,[[ 8912 16223][ 6176 103577]],8912,16223,6176,103577
2,88,0.5219018459320068,asleep,0.8339437162683115,0.5906680805938495,0.3545653471255222,0.4431295527434552,0.3526302608726679,0.6491467683938819,[[ 103577 6176][ 16223 8912]],103577,6176,16223,8912
2,88,0.5219018459320068,avg,0.8339437162683115,0.7276253591616993,0.6491467683938819,0.6727764791157562,0.3526302608726679,0.6491467683938819,,,,,
