client,round,loss,class,accuracy,precision,recall,f1_score,cohen_kappa_score,roc_auc_score,confusion_matrix,TP,FP,FN,TN
17,19,0.512171745300293,awake,0.8121552695569658,0.826090315602426,0.9742330505772052,0.8940665919694968,0.1126839666697661,0.5393345479661439,[[ 2625 22510][ 2828 106925]],2625,22510,2828,106925
17,19,0.512171745300293,asleep,0.8121552695569658,0.4813863928112965,0.10443604535508255,0.17163593566104357,0.1126839666697661,0.5393345479661439,[[ 106925 2828][ 22510 2625]],106925,2828,22510,2625
17,19,0.512171745300293,avg,0.8121552695569658,0.6537383542068612,0.5393345479661439,0.5328512638152701,0.1126839666697661,0.5393345479661439,,,,,
