client,round,loss,class,accuracy,precision,recall,f1_score,cohen_kappa_score,roc_auc_score,confusion_matrix,TP,FP,FN,TN
17,55,0.5491095185279846,awake,0.8136083269082498,0.8260815945860536,0.9765108926407479,0.8950194578524544,0.11362822751419277,0.5393992696742629,[[ 2571 22564][ 2578 107175]],2571,22564,2578,107175
17,55,0.5491095185279846,asleep,0.8136083269082498,0.49932025636045835,0.102287646707778,0.1697926297714965,0.11362822751419277,0.539399269674263,[[ 107175 2578][ 22564 2571]],107175,2578,22564,2571
17,55,0.5491095185279846,avg,0.8136083269082498,0.662700925473256,0.5393992696742629,0.5324060438119754,0.11362822751419277,0.5393992696742629,,,,,
