client,round,loss,class,accuracy,precision,recall,f1_score,cohen_kappa_score,roc_auc_score,confusion_matrix,TP,FP,FN,TN
1,190,0.7813001871109009,awake,0.6227536919518415,0.837520784358695,0.6654578918116133,0.7416403497192294,0.07559869471944602,0.5508709789274896,[[ 10966 14169][ 36717 73036]],10966,14169,36717,73036
1,190,0.7813001871109009,asleep,0.6227536919518415,0.22997714070003986,0.43628406604336584,0.3011892663901783,0.07559869471944602,0.5508709789274896,[[ 73036 36717][ 14169 10966]],73036,36717,14169,10966
1,190,0.7813001871109009,avg,0.6227536919518415,0.5337489625293674,0.5508709789274896,0.5214148080547039,0.07559869471944602,0.5508709789274896,,,,,
