client,round,loss,class,accuracy,precision,recall,f1_score,cohen_kappa_score,roc_auc_score,confusion_matrix,TP,FP,FN,TN
7,189,0.6283338665962219,awake,0.8266710159539766,0.8679549114331723,0.9281841954206264,0.8970597300129446,0.3528032492309152,0.6557968918221095,[[ 9637 15498][ 7882 101871]],9637,15498,7882,101871
7,189,0.6283338665962219,asleep,0.8266710159539766,0.5500884753695987,0.3834095882235926,0.45186852346790457,0.3528032492309152,0.6557968918221094,[[ 101871 7882][ 15498 9637]],101871,7882,15498,9637
7,189,0.6283338665962219,avg,0.8266710159539766,0.7090216934013855,0.6557968918221095,0.6744641267404246,0.3528032492309152,0.6557968918221095,,,,,
