client,round,loss,class,accuracy,precision,recall,f1_score,cohen_kappa_score,roc_auc_score,confusion_matrix,TP,FP,FN,TN
14,149,0.5216500163078308,awake,0.8351150584188364,0.8833739288906023,0.9186354814902554,0.9006597077990236,0.4170791559367507,0.6945276074648412,[[ 11824 13311][ 8930 100823]],11824,13311,8930,100823
14,149,0.5216500163078308,asleep,0.8351150584188364,0.5697214994699817,0.4704197334394271,0.5153304713547909,0.4170791559367507,0.6945276074648413,[[ 100823 8930][ 13311 11824]],100823,8930,13311,11824
14,149,0.5216500163078308,avg,0.8351150584188364,0.7265477141802921,0.6945276074648412,0.7079950895769073,0.4170791559367507,0.6945276074648412,,,,,
