client,round,loss,class,accuracy,precision,recall,f1_score,cohen_kappa_score,roc_auc_score,confusion_matrix,TP,FP,FN,TN
17,181,0.5748415589332581,awake,0.8168258110432358,0.8398944886295512,0.9573770193069894,0.8947960043941445,0.20990214787770733,0.5802401308987702,[[ 5105 20030][ 4678 105075]],5105,20030,4678,105075
17,181,0.5748415589332581,asleep,0.8168258110432358,0.5218235715015844,0.20310324249055103,0.2923993355862306,0.20990214787770733,0.5802401308987701,[[ 105075 4678][ 20030 5105]],105075,4678,20030,5105
17,181,0.5748415589332581,avg,0.8168258110432358,0.6808590300655678,0.5802401308987702,0.5935976699901876,0.20990214787770733,0.5802401308987701,,,,,
