client,round,loss,class,accuracy,precision,recall,f1_score,cohen_kappa_score,roc_auc_score,confusion_matrix,TP,FP,FN,TN
16,195,0.6680861711502075,awake,0.8214666982978471,0.8749901515350474,0.9106903683726185,0.8924833916708336,0.3678196259694807,0.6712791408204848,[[ 10855 14280][ 9802 99951]],10855,14280,9802,99951
16,195,0.6680861711502075,asleep,0.8214666982978471,0.5254877281309,0.4318679132683509,0.4741002795248079,0.3678196259694807,0.6712791408204847,[[ 99951 9802][ 14280 10855]],99951,9802,14280,10855
16,195,0.6680861711502075,avg,0.8214666982978471,0.7002389398329737,0.6712791408204847,0.6832918355978207,0.3678196259694807,0.6712791408204848,,,,,
