client,round,loss,class,accuracy,precision,recall,f1_score,cohen_kappa_score,roc_auc_score,confusion_matrix,TP,FP,FN,TN
18,183,0.6334679126739502,awake,0.8271825514500919,0.8481297119659772,0.9593997430594152,0.9003398815758534,0.2685577609012303,0.604625274354454,[[ 6280 18855][ 4456 105297]],6280,18855,4456,105297
18,183,0.6334679126739502,asleep,0.8271825514500919,0.5849478390461997,0.24985080564949275,0.35014357001477514,0.2685577609012303,0.604625274354454,[[ 105297 4456][ 18855 6280]],105297,4456,18855,6280
18,183,0.6334679126739502,avg,0.8271825514500919,0.7165387755060885,0.604625274354454,0.6252417257953142,0.2685577609012303,0.604625274354454,,,,,
