client,round,loss,class,accuracy,precision,recall,f1_score,cohen_kappa_score,roc_auc_score,confusion_matrix,TP,FP,FN,TN
17,142,0.5778228044509888,awake,0.8191166004388827,0.8406910095317165,0.9595181908467194,0.8961828618111727,0.21725515745063673,0.5827827675936401,[[ 5179 19956][ 4443 105310]],5179,19956,4443,105310
17,142,0.5778228044509888,asleep,0.8191166004388827,0.5382456869673664,0.20604734434056096,0.2980119112696723,0.21725515745063673,0.5827827675936402,[[ 105310 4443][ 19956 5179]],105310,4443,19956,5179
17,142,0.5778228044509888,avg,0.8191166004388827,0.6894683482495414,0.5827827675936402,0.5970973865404225,0.21725515745063673,0.5827827675936401,,,,,
