client,round,loss,class,accuracy,precision,recall,f1_score,cohen_kappa_score,roc_auc_score,confusion_matrix,TP,FP,FN,TN
17,69,0.5729308128356934,awake,0.8053347962754285,0.8355072289059801,0.9472451778083515,0.8878744918525605,0.17153837415952655,0.5664612600798272,[[ 4667 20468][ 5790 103963]],4667,20468,5790,103963
17,69,0.5729308128356934,asleep,0.8053347962754285,0.44630391125561825,0.18567734235130295,0.26224994380759725,0.17153837415952655,0.5664612600798272,[[ 103963 5790][ 20468 4667]],103963,5790,20468,4667
17,69,0.5729308128356934,avg,0.8053347962754285,0.6409055700807992,0.5664612600798272,0.5750622178300788,0.17153837415952655,0.5664612600798272,,,,,
