client,round,loss,class,accuracy,precision,recall,f1_score,cohen_kappa_score,roc_auc_score,confusion_matrix,TP,FP,FN,TN
18,28,0.5022078156471252,awake,0.8312896625348437,0.8539473041808388,0.9561925414339472,0.9021822761522822,0.30319534341230336,0.621044351082997,[[ 7186 17949][ 4808 104945]],7186,17949,4808,104945
18,28,0.5022078156471252,asleep,0.8312896625348437,0.5991328997832249,0.28589616073204693,0.38708287322578033,0.30319534341230336,0.621044351082997,[[ 104945 4808][ 17949 7186]],104945,4808,17949,7186
18,28,0.5022078156471252,avg,0.8312896625348437,0.7265401019820319,0.621044351082997,0.6446325746890312,0.30319534341230336,0.621044351082997,,,,,
