client,round,loss,class,accuracy,precision,recall,f1_score,cohen_kappa_score,roc_auc_score,confusion_matrix,TP,FP,FN,TN
16,76,0.6553489565849304,awake,0.8165959907478797,0.8646165723108595,0.9183985859156469,0.8906964516884415,0.3244398771327589,0.6452347017503439,[[ 9352 15783][ 8956 100797]],9352,15783,8956,100797
16,76,0.6553489565849304,asleep,0.8165959907478797,0.5108149442866506,0.3720708175850408,0.4305411688879681,0.3244398771327589,0.6452347017503439,[[ 100797 8956][ 15783 9352]],100797,8956,15783,9352
16,76,0.6553489565849304,avg,0.8165959907478797,0.6877157582987551,0.6452347017503439,0.6606188102882048,0.3244398771327589,0.6452347017503439,,,,,
