client,round,loss,class,accuracy,precision,recall,f1_score,cohen_kappa_score,roc_auc_score,confusion_matrix,TP,FP,FN,TN
0,15,0.46340346336364746,awake,0.8189164343751854,0.8643432368036755,0.9221798037411278,0.8923253251046946,0.3270269410313916,0.6450962674961855,[[ 9250 15885][ 8541 101212]],9250,15885,8541,101212
0,15,0.46340346336364746,asleep,0.8189164343751854,0.5199258051823956,0.3680127312512433,0.43097423472953456,0.3270269410313916,0.6450962674961856,[[ 101212 8541][ 15885 9250]],101212,8541,15885,9250
0,15,0.46340346336364746,avg,0.8189164343751854,0.6921345209930356,0.6450962674961855,0.6616497799171146,0.3270269410313916,0.6450962674961855,,,,,
