client,round,loss,class,accuracy,precision,recall,f1_score,cohen_kappa_score,roc_auc_score,confusion_matrix,TP,FP,FN,TN
18,35,0.6033716201782227,awake,0.8249065891702746,0.8315919957499557,0.9841006623964721,0.9014413647479071,0.16473314961069918,0.5569399273788607,[[ 3262 21873][ 1745 108008]],3262,21873,1745,108008
18,35,0.6033716201782227,asleep,0.8249065891702746,0.6514879169163171,0.12977919236124924,0.21644217371110078,0.16473314961069918,0.5569399273788607,[[ 108008 1745][ 21873 3262]],108008,1745,21873,3262
18,35,0.6033716201782227,avg,0.8249065891702746,0.7415399563331364,0.5569399273788607,0.558941769229504,0.16473314961069918,0.5569399273788607,,,,,
