client,round,loss,class,accuracy,precision,recall,f1_score,cohen_kappa_score,roc_auc_score,confusion_matrix,TP,FP,FN,TN
16,111,0.6712339520454407,awake,0.8183900717632406,0.8641053674536199,0.9217606808014359,0.8920023453791182,0.32531566495603426,0.6443893915246488,[[ 9225 15910][ 8587 101166]],9225,15910,8587,101166
16,111,0.6712339520454407,asleep,0.8183900717632406,0.5179092746463059,0.3670181022478615,0.4295992735231797,0.32531566495603426,0.6443893915246488,[[ 101166 8587][ 15910 9225]],101166,8587,15910,9225
16,111,0.6712339520454407,avg,0.8183900717632406,0.6910073210499629,0.6443893915246487,0.6608008094511489,0.32531566495603426,0.6443893915246488,,,,,
