client,round,loss,class,accuracy,precision,recall,f1_score,cohen_kappa_score,roc_auc_score,confusion_matrix,TP,FP,FN,TN
7,50,0.5285843014717102,awake,0.826582053259,0.8534026271637272,0.9500697019671444,0.8991454612870681,0.29337527590740753,0.6187189568120981,[[ 7223 17912][ 5480 104273]],7223,17912,5480,104273
7,50,0.5285843014717102,asleep,0.826582053259,0.5686058411398882,0.2873682116570519,0.381785506633543,0.29337527590740753,0.6187189568120982,[[ 104273 5480][ 17912 7223]],104273,5480,17912,7223
7,50,0.5285843014717102,avg,0.826582053259,0.7110042341518077,0.6187189568120981,0.6404654839603056,0.29337527590740753,0.6187189568120981,,,,,
