client,round,loss,class,accuracy,precision,recall,f1_score,cohen_kappa_score,roc_auc_score,confusion_matrix,TP,FP,FN,TN
15,94,1.0181035995483398,awake,0.4624577427198861,0.7725257196376568,0.4809800187694186,0.5928483990880811,-0.08404840535724123,0.4312797448133944,[[ 9591 15544][ 56964 52789]],9591,15544,56964,52789
15,94,1.0181035995483398,asleep,0.4624577427198861,0.14410637818345728,0.3815794708573702,0.20920492965426982,-0.08404840535724123,0.4312797448133945,[[ 52789 56964][ 15544 9591]],52789,56964,15544,9591
15,94,1.0181035995483398,avg,0.4624577427198861,0.45831604891055705,0.4312797448133944,0.40102666437117546,-0.08404840535724123,0.43127974481339443,,,,,
