client,round,loss,class,accuracy,precision,recall,f1_score,cohen_kappa_score,roc_auc_score,confusion_matrix,TP,FP,FN,TN
7,129,0.6301144361495972,awake,0.8279535614732222,0.8489251560257381,0.9592630725356027,0.9007276351643275,0.27373663867703235,0.6069241561205962,[[ 6399 18736][ 4471 105282]],6399,18736,4471,105282
7,129,0.6301144361495972,asleep,0.8279535614732222,0.5886844526218952,0.2545852397055898,0.3554506318566866,0.27373663867703235,0.6069241561205964,[[ 105282 4471][ 18736 6399]],105282,4471,18736,6399
7,129,0.6301144361495972,avg,0.8279535614732222,0.7188048043238167,0.6069241561205962,0.6280891335105071,0.27373663867703235,0.6069241561205962,,,,,
