client,round,loss,class,accuracy,precision,recall,f1_score,cohen_kappa_score,roc_auc_score,confusion_matrix,TP,FP,FN,TN
3,177,0.6722735166549683,awake,0.8244766028112211,0.8548542688708414,0.9446757719606753,0.8975233511370424,0.296789515529868,0.6221489064696951,[[ 7531 17604][ 6072 103681]],7531,17604,6072,103681
3,177,0.6722735166549683,asleep,0.8244766028112211,0.5536278762037786,0.2996220409787149,0.3888171820951004,0.296789515529868,0.6221489064696951,[[ 103681 6072][ 17604 7531]],103681,6072,17604,7531
3,177,0.6722735166549683,avg,0.8244766028112211,0.70424107253731,0.6221489064696951,0.6431702666160715,0.296789515529868,0.6221489064696951,,,,,
