client,round,loss,class,accuracy,precision,recall,f1_score,cohen_kappa_score,roc_auc_score,confusion_matrix,TP,FP,FN,TN
13,61,0.5830294489860535,awake,0.7778972184330704,0.8905191652636937,0.8289431723961987,0.8586286140328524,0.34391706347400175,0.6919730781416044,[[ 13950 11185][ 18774 90979]],13950,11185,18774,90979
13,61,0.5830294489860535,asleep,0.7778972184330704,0.42629262926292627,0.5550029838870102,0.48220674398105745,0.34391706347400175,0.6919730781416045,[[ 90979 18774][ 11185 13950]],90979,18774,11185,13950
13,61,0.5830294489860535,avg,0.7778972184330704,0.65840589726331,0.6919730781416045,0.6704176790069549,0.34391706347400175,0.6919730781416045,,,,,
