client,round,loss,class,accuracy,precision,recall,f1_score,cohen_kappa_score,roc_auc_score,confusion_matrix,TP,FP,FN,TN
16,49,0.6160486936569214,awake,0.8212887729078939,0.8614682074094082,0.9298971326524104,0.8943757010656197,0.31968756911703067,0.6384715422561833,[[ 8723 16412][ 7694 102059]],8723,16412,7694,102059
16,49,0.6160486936569214,asleep,0.8212887729078939,0.531339465188524,0.34704595185995624,0.41985945321524837,0.31968756911703067,0.6384715422561832,[[ 102059 7694][ 16412 8723]],102059,7694,16412,8723
16,49,0.6160486936569214,avg,0.8212887729078939,0.6964038362989662,0.6384715422561833,0.6571175771404341,0.31968756911703067,0.6384715422561833,,,,,
