client,round,loss,class,accuracy,precision,recall,f1_score,cohen_kappa_score,roc_auc_score,confusion_matrix,TP,FP,FN,TN
1,175,0.7658146619796753,awake,0.6586649664907183,0.8474829560949004,0.7078895337712864,0.7714220465873661,0.11870204712257959,0.5758067123799739,[[ 11153 13982][ 32060 77693]],11153,13982,32060,77693
1,175,0.7658146619796753,asleep,0.6586649664907183,0.25809362923194407,0.4437238909886612,0.3263592204599988,0.11870204712257959,0.5758067123799738,[[ 77693 32060][ 13982 11153]],77693,32060,13982,11153
1,175,0.7658146619796753,avg,0.6586649664907183,0.5527882926634222,0.5758067123799738,0.5488906335236825,0.11870204712257959,0.5758067123799739,,,,,
