client,round,loss,class,accuracy,precision,recall,f1_score,cohen_kappa_score,roc_auc_score,confusion_matrix,TP,FP,FN,TN
8,1,0.4514864981174469,awake,0.8097236225609394,0.8132268470575965,0.9945696245205142,0.8948028526928437,-0.004553531912609099,0.4985778299646534,[[ 65 25070][ 596 109157]],65,25070,596,109157
8,1,0.4514864981174469,asleep,0.8097236225609394,0.09833585476550681,0.00258603540879252,0.005039541014110714,-0.004553531912609099,0.4985778299646534,[[ 109157 596][ 25070 65]],109157,596,25070,65
8,1,0.4514864981174469,avg,0.8097236225609394,0.45578135091155164,0.4985778299646534,0.4499211968534772,-0.004553531912609099,0.4985778299646534,,,,,
