client,round,loss,class,accuracy,precision,recall,f1_score,cohen_kappa_score,roc_auc_score,confusion_matrix,TP,FP,FN,TN
12,86,0.7238603830337524,awake,0.8181899056995433,0.8353544812824125,0.967180851548477,0.8964471806305051,0.18355414285346017,0.5673978655991838,[[ 4213 20922][ 3602 106151]],4213,20922,3602,106151
12,86,0.7238603830337524,asleep,0.8181899056995433,0.5390914907229687,0.16761487964989058,0.2557207890743551,0.18355414285346017,0.5673978655991838,[[ 106151 3602][ 20922 4213]],106151,3602,20922,4213
12,86,0.7238603830337524,avg,0.8181899056995433,0.6872229860026906,0.5673978655991838,0.5760839848524301,0.18355414285346017,0.5673978655991838,,,,,
