client,round,loss,class,accuracy,precision,recall,f1_score,cohen_kappa_score,roc_auc_score,confusion_matrix,TP,FP,FN,TN
9,147,0.6473199129104614,awake,0.8424767214281478,0.8640053960237227,0.957039898681585,0.9081461499887604,0.36552350673505096,0.6496359230825868,[[ 8602 16533][ 4715 105038]],8602,16533,4715,105038
9,147,0.6473199129104614,asleep,0.8424767214281478,0.6459412780656304,0.3422319474835886,0.44741495890980953,0.36552350673505096,0.6496359230825868,[[ 105038 4715][ 16533 8602]],105038,4715,16533,8602
9,147,0.6473199129104614,avg,0.8424767214281478,0.7549733370446765,0.6496359230825868,0.677780554449285,0.36552350673505096,0.6496359230825868,,,,,
