client,round,loss,class,accuracy,precision,recall,f1_score,cohen_kappa_score,roc_auc_score,confusion_matrix,TP,FP,FN,TN
3,63,0.5532588958740234,awake,0.8178414684775518,0.8631937101340519,0.922298251528432,0.8917677219288084,0.32102526338540593,0.6420124637391513,[[ 9092 16043][ 8528 101225]],9092,16043,8528,101225
3,63,0.5532588958740234,asleep,0.8178414684775518,0.5160045402951192,0.3617266759498707,0.4253069816395743,0.32102526338540593,0.6420124637391514,[[ 101225 8528][ 16043 9092]],101225,8528,16043,9092
3,63,0.5532588958740234,avg,0.8178414684775518,0.6895991252145856,0.6420124637391513,0.6585373517841914,0.32102526338540593,0.6420124637391513,,,,,
