client,round,loss,class,accuracy,precision,recall,f1_score,cohen_kappa_score,roc_auc_score,confusion_matrix,TP,FP,FN,TN
18,98,0.5727237462997437,awake,0.8324016962220508,0.8463617430565492,0.9701238234945742,0.9040266604402368,0.26683567262469754,0.6005781242000422,[[ 5807 19328][ 3279 106474]],5807,19328,3279,106474
18,98,0.5727237462997437,asleep,0.8324016962220508,0.6391151221659697,0.23103242490551024,0.33938225066479644,0.26683567262469754,0.6005781242000422,[[ 106474 3279][ 19328 5807]],106474,3279,19328,5807
18,98,0.5727237462997437,avg,0.8324016962220508,0.7427384326112594,0.6005781242000422,0.6217044555525166,0.26683567262469754,0.6005781242000422,,,,,
