client,round,loss,class,accuracy,precision,recall,f1_score,cohen_kappa_score,roc_auc_score,confusion_matrix,TP,FP,FN,TN
9,124,0.6284807920455933,awake,0.843195836545875,0.8685852635782748,0.9511995116306616,0.9080171345321708,0.3843238729339271,0.6613964536470396,[[ 9340 15795][ 5356 104397]],9340,15795,5356,104397
9,124,0.6284807920455933,asleep,0.843195836545875,0.635547087642896,0.37159339566341754,0.4689814466119354,0.3843238729339271,0.6613964536470395,[[ 104397 5356][ 15795 9340]],104397,5356,15795,9340
9,124,0.6284807920455933,avg,0.843195836545875,0.7520661756105854,0.6613964536470396,0.6884992905720531,0.3843238729339271,0.6613964536470396,,,,,
