client,round,loss,class,accuracy,precision,recall,f1_score,cohen_kappa_score,roc_auc_score,confusion_matrix,TP,FP,FN,TN
7,104,0.6162443161010742,awake,0.824713836664492,0.8506723572004529,0.9516186345703534,0.898318496538081,0.27765933036122803,0.6110987543251608,[[ 6801 18334][ 5310 104443]],6801,18334,5310,104443
7,104,0.6162443161010742,asleep,0.824713836664492,0.5615556106019322,0.27057887407996817,0.36519357783386136,0.27765933036122803,0.6110987543251608,[[ 104443 5310][ 18334 6801]],104443,5310,18334,6801
7,104,0.6162443161010742,avg,0.824713836664492,0.7061139839011925,0.6110987543251608,0.6317560371859712,0.27765933036122803,0.6110987543251608,,,,,
