client,round,loss,class,accuracy,precision,recall,f1_score,cohen_kappa_score,roc_auc_score,confusion_matrix,TP,FP,FN,TN
15,85,1.1296590566635132,awake,0.4627913528260483,0.7701312624960157,0.48432389091869926,0.5946692770241924,-0.09042200126656419,0.4265462701062563,[[ 9269 15866][ 56597 53156]],9269,15866,56597,53156
15,85,1.1296590566635132,asleep,0.4627913528260483,0.1407251085537303,0.3687686492938134,0.2037120471203613,-0.09042200126656419,0.4265462701062563,[[ 53156 56597][ 15866 9269]],53156,56597,15866,9269
15,85,1.1296590566635132,avg,0.4627913528260483,0.455428185524873,0.42654627010625634,0.3991906620722768,-0.09042200126656419,0.4265462701062563,,,,,
