client,round,loss,class,accuracy,precision,recall,f1_score,cohen_kappa_score,roc_auc_score,confusion_matrix,TP,FP,FN,TN
5,110,0.636875331401825,awake,0.7655091631575826,0.8487166897290541,0.8662086685557571,0.8573734713754916,0.19890994020881136,0.5960046724517396,[[ 8189 16946][ 14684 95069]],8189,16946,14684,95069
5,110,0.636875331401825,asleep,0.7655091631575826,0.35802037336597736,0.3258006763477223,0.34115147475420765,0.19890994020881136,0.5960046724517397,[[ 95069 14684][ 16946 8189]],95069,14684,16946,8189
5,110,0.636875331401825,avg,0.7655091631575826,0.6033685315475157,0.5960046724517397,0.5992624730648496,0.19890994020881136,0.5960046724517396,,,,,
