client,round,loss,class,accuracy,precision,recall,f1_score,cohen_kappa_score,roc_auc_score,confusion_matrix,TP,FP,FN,TN
1,196,0.7463676333427429,awake,0.6561888381472036,0.841931480981926,0.7109236193999253,0.7709012587191496,0.1015202646417177,0.5640554042891809,[[ 10486 14649][ 31727 78026]],10486,14649,31727,78026
1,196,0.7463676333427429,asleep,0.6561888381472036,0.24840688887309598,0.41718718917843645,0.3113975173724535,0.1015202646417177,0.5640554042891809,[[ 78026 31727][ 14649 10486]],78026,31727,14649,10486
1,196,0.7463676333427429,avg,0.6561888381472036,0.545169184927511,0.5640554042891809,0.5411493880458016,0.1015202646417177,0.5640554042891809,,,,,
