client,round,loss,class,accuracy,precision,recall,f1_score,cohen_kappa_score,roc_auc_score,confusion_matrix,TP,FP,FN,TN
4,19,0.6038041114807129,awake,0.826633948164403,0.8729768012298975,0.9209315462903064,0.896313210809852,0.37002608174036145,0.6679055980904485,[[ 10428 14707][ 8678 101075]],10428,14707,8678,101075
4,19,0.6038041114807129,asleep,0.826633948164403,0.5457971317910604,0.4148796498905908,0.4714179155082389,0.37002608174036145,0.6679055980904485,[[ 101075 8678][ 14707 10428]],101075,8678,14707,10428
4,19,0.6038041114807129,avg,0.826633948164403,0.709386966510479,0.6679055980904486,0.6838655631590455,0.37002608174036145,0.6679055980904485,,,,,
