client,round,loss,class,accuracy,precision,recall,f1_score,cohen_kappa_score,roc_auc_score,confusion_matrix,TP,FP,FN,TN
13,167,0.6044684052467346,awake,0.8172261431706305,0.8890595711607918,0.8859165580895283,0.8874852819029015,0.4008180559003016,0.7016016050841516,[[ 13002 12133][ 12521 97232]],13002,12133,12521,97232
13,167,0.6044684052467346,asleep,0.8172261431706305,0.509422873486659,0.5172866520787747,0.5133246476370958,0.4008180559003016,0.7016016050841515,[[ 97232 12521][ 12133 13002]],97232,12521,12133,13002
13,167,0.6044684052467346,avg,0.8172261431706305,0.6992412223237254,0.7016016050841515,0.7004049647699987,0.4008180559003016,0.7016016050841516,,,,,
