client,round,loss,class,accuracy,precision,recall,f1_score,cohen_kappa_score,roc_auc_score,confusion_matrix,TP,FP,FN,TN
5,68,0.5999165773391724,awake,0.7774449914002728,0.8500715659328597,0.8820442265815057,0.8657628088752156,0.21645641070785482,0.6013762012159567,[[ 8061 17074][ 12946 96807]],8061,17074,12946,96807
5,68,0.5999165773391724,asleep,0.7774449914002728,0.3837292331127719,0.3207081758504078,0.34939967925100773,0.21645641070785482,0.6013762012159567,[[ 96807 12946][ 17074 8061]],96807,12946,17074,8061
5,68,0.5999165773391724,avg,0.7774449914002728,0.6169003995228158,0.6013762012159567,0.6075812440631116,0.21645641070785482,0.6013762012159567,,,,,
