client,round,loss,class,accuracy,precision,recall,f1_score,cohen_kappa_score,roc_auc_score,confusion_matrix,TP,FP,FN,TN
2,115,0.49738574028015137,awake,0.8256108771721725,0.8968392761813596,0.8877934999498874,0.892293462882156,0.43450443330165134,0.7209407125768932,[[ 13927 11208][ 12315 97438]],13927,11208,12315,97438
2,115,0.49738574028015137,asleep,0.8256108771721725,0.5307141223992073,0.5540879252038989,0.5421492107363217,0.43450443330165134,0.7209407125768931,[[ 97438 12315][ 11208 13927]],97438,12315,11208,13927
2,115,0.49738574028015137,avg,0.8256108771721725,0.7137766992902834,0.7209407125768932,0.7172213368092388,0.43450443330165134,0.7209407125768932,,,,,
