client,round,loss,class,accuracy,precision,recall,f1_score,cohen_kappa_score,roc_auc_score,confusion_matrix,TP,FP,FN,TN
3,156,0.6625965237617493,awake,0.823624043651029,0.855115091627146,0.9430083915701621,0.896913604319134,0.2966631542581243,0.6226679117190377,[[ 7599 17536][ 6255 103498]],7599,17536,6255,103498
3,156,0.6625965237617493,asleep,0.823624043651029,0.5485058466868774,0.3023274318679133,0.3898022519172074,0.2966631542581243,0.6226679117190377,[[ 103498 6255][ 17536 7599]],103498,6255,17536,7599
3,156,0.6625965237617493,avg,0.823624043651029,0.7018104691570117,0.6226679117190377,0.6433579281181707,0.2966631542581243,0.6226679117190377,,,,,
