client,round,loss,class,accuracy,precision,recall,f1_score,cohen_kappa_score,roc_auc_score,confusion_matrix,TP,FP,FN,TN
0,59,0.6037957668304443,awake,0.7702612537809146,0.8806421681390268,0.8301640957422576,0.8546584433552986,0.3090396447149335,0.6694285766159069,[[ 12786 12349][ 18640 91113]],12786,12349,18640,91113
0,59,0.6037957668304443,asleep,0.7702612537809146,0.40686056131865334,0.5086930574895564,0.4521136472127437,0.3090396447149335,0.6694285766159069,[[ 91113 18640][ 12349 12786]],91113,18640,12349,12786
0,59,0.6037957668304443,avg,0.7702612537809146,0.6437513647288401,0.6694285766159069,0.6533860452840212,0.3090396447149335,0.6694285766159069,,,,,
