client,round,loss,class,accuracy,precision,recall,f1_score,cohen_kappa_score,roc_auc_score,confusion_matrix,TP,FP,FN,TN
5,46,0.590020477771759,awake,0.7895513314750014,0.8362954023178534,0.9217971262744526,0.8769671516554196,0.16172370620376253,0.5669459074777873,[[ 5331 19804][ 8583 101170]],5331,19804,8583,101170
5,46,0.590020477771759,asleep,0.7895513314750014,0.383139284174213,0.21209468868112194,0.27304156316422956,0.16172370620376253,0.5669459074777873,[[ 101170 8583][ 19804 5331]],101170,8583,19804,5331
5,46,0.590020477771759,avg,0.7895513314750014,0.6097173432460332,0.5669459074777873,0.5750043574098246,0.16172370620376253,0.5669459074777873,,,,,
