client,round,loss,class,accuracy,precision,recall,f1_score,cohen_kappa_score,roc_auc_score,confusion_matrix,TP,FP,FN,TN
7,180,0.6326467990875244,awake,0.8258555245833581,0.8634973073649258,0.9335507913223329,0.8971586182741562,0.3348819365926602,0.644575276305686,[[ 8938 16197][ 7293 102460]],8938,16197,7293,102460
7,180,0.6326467990875244,asleep,0.8258555245833581,0.5506746349577968,0.3555997612890392,0.4321423391190833,0.3348819365926602,0.644575276305686,[[ 102460 7293][ 16197 8938]],102460,7293,16197,8938
7,180,0.6326467990875244,avg,0.8258555245833581,0.7070859711613613,0.644575276305686,0.6646504786966198,0.3348819365926602,0.644575276305686,,,,,
