client,round,loss,class,accuracy,precision,recall,f1_score,cohen_kappa_score,roc_auc_score,confusion_matrix,TP,FP,FN,TN
0,116,0.6063804626464844,awake,0.795585967617579,0.8809921186833565,0.8657166546700318,0.8732875925423821,0.3450047759656456,0.6775370621669237,[[ 12300 12835][ 14738 95015]],12300,12835,14738,95015
0,116,0.6063804626464844,asleep,0.795585967617579,0.45491530438641914,0.4893574696638154,0.4715082513943994,0.3450047759656456,0.6775370621669236,[[ 95015 14738][ 12835 12300]],95015,14738,12835,12300
0,116,0.6063804626464844,avg,0.795585967617579,0.6679537115348878,0.6775370621669236,0.6723979219683908,0.3450047759656456,0.6775370621669237,,,,,
