client,round,loss,class,accuracy,precision,recall,f1_score,cohen_kappa_score,roc_auc_score,confusion_matrix,TP,FP,FN,TN
16,66,0.6382949948310852,awake,0.8174856176976455,0.8644247727000325,0.9199748526236184,0.8913351489016106,0.32510391345428324,0.6449685283607449,[[ 9299 15836][ 8783 100970]],9299,15836,8783,100970
16,66,0.6382949948310852,asleep,0.8174856176976455,0.5142683331489879,0.3699622040978715,0.43033991253441933,0.32510391345428324,0.6449685283607449,[[ 100970 8783][ 15836 9299]],100970,8783,15836,9299
16,66,0.6382949948310852,avg,0.8174856176976455,0.6893465529245102,0.6449685283607449,0.660837530718015,0.32510391345428324,0.6449685283607449,,,,,
