client,round,loss,class,accuracy,precision,recall,f1_score,cohen_kappa_score,roc_auc_score,confusion_matrix,TP,FP,FN,TN
17,135,0.5837772488594055,awake,0.8206660340430579,0.8421726159530989,0.959390631691161,0.8969682513991702,0.22764395439540575,0.5871550333709435,[[ 5402 19733][ 4457 105296]],5402,19733,4457,105296
17,135,0.5837772488594055,asleep,0.8206660340430579,0.5479257531189776,0.21491943505072608,0.3087386409098703,0.22764395439540575,0.5871550333709435,[[ 105296 4457][ 19733 5402]],105296,4457,19733,5402
17,135,0.5837772488594055,avg,0.8206660340430579,0.6950491845360383,0.5871550333709435,0.6028534461545203,0.22764395439540575,0.5871550333709435,,,,,
