client,round,loss,class,accuracy,precision,recall,f1_score,cohen_kappa_score,roc_auc_score,confusion_matrix,TP,FP,FN,TN
12,133,0.7076271772384644,awake,0.8222154676472333,0.8454481014289627,0.9563201005895056,0.8974728408415598,0.2476236551620714,0.5964811165370444,[[ 5948 19187][ 4794 104959]],5948,19187,4794,104959
12,133,0.7076271772384644,asleep,0.8222154676472333,0.5537143921057531,0.23664213248458324,0.3315773336678095,0.2476236551620714,0.5964811165370445,[[ 104959 4794][ 19187 5948]],104959,4794,19187,5948
12,133,0.7076271772384644,avg,0.8222154676472333,0.6995812467673579,0.5964811165370444,0.6145250872546846,0.2476236551620714,0.5964811165370445,,,,,
