client,round,loss,class,accuracy,precision,recall,f1_score,cohen_kappa_score,roc_auc_score,confusion_matrix,TP,FP,FN,TN
8,98,0.6256694793701172,awake,0.791434375185339,0.8541366563112862,0.8968228658897707,0.8749594428221573,0.24902260659174336,0.6140370545880125,[[ 8326 16809][ 11324 98429]],8326,16809,11324,98429
8,98,0.6256694793701172,asleep,0.791434375185339,0.42371501272264633,0.3312512432862542,0.3718209221837669,0.24902260659174336,0.6140370545880124,[[ 98429 11324][ 16809 8326]],98429,11324,16809,8326
8,98,0.6256694793701172,avg,0.791434375185339,0.6389258345169663,0.6140370545880125,0.6233901825029621,0.24902260659174336,0.6140370545880125,,,,,
