client,round,loss,class,accuracy,precision,recall,f1_score,cohen_kappa_score,roc_auc_score,confusion_matrix,TP,FP,FN,TN
11,136,0.5689106583595276,awake,0.8278275309886721,0.8740112554786171,0.9211866646014232,0.8969791065962827,0.3754714929804559,0.6706788703950024,[[ 10561 14574][ 8650 101103]],10561,14574,8650,101103
11,136,0.5689106583595276,asleep,0.8278275309886721,0.5497371297694029,0.4201710761885817,0.4763000045099896,0.3754714929804559,0.6706788703950025,[[ 101103 8650][ 14574 10561]],101103,8650,14574,10561
11,136,0.5689106583595276,avg,0.8278275309886721,0.71187419262401,0.6706788703950024,0.6866395555531362,0.3754714929804559,0.6706788703950024,,,,,
