client,round,loss,class,accuracy,precision,recall,f1_score,cohen_kappa_score,roc_auc_score,confusion_matrix,TP,FP,FN,TN
0,133,0.5860541462898254,awake,0.8011016547061266,0.9027000777000777,0.8468287882791359,0.8738723068171669,0.40596607374658067,0.7241305270220028,[[ 15117 10018][ 16811 92942]],15117,10018,16811,92942
0,133,0.5860541462898254,asleep,0.8011016547061266,0.4734715610122776,0.6014322657648697,0.5298354450344356,0.40596607374658067,0.7241305270220029,[[ 92942 16811][ 10018 15117]],92942,16811,10018,15117
0,133,0.5860541462898254,avg,0.8011016547061266,0.6880858193561776,0.7241305270220029,0.7018538759258013,0.40596607374658067,0.7241305270220029,,,,,
