client,round,loss,class,accuracy,precision,recall,f1_score,cohen_kappa_score,roc_auc_score,confusion_matrix,TP,FP,FN,TN
5,121,0.6861501336097717,awake,0.7522833758377321,0.8400734147667032,0.8591018013175038,0.8494810623806264,0.15070415299539075,0.5724790884447077,[[ 7185 17950][ 15464 94289]],7185,17950,15464,94289
5,121,0.6861501336097717,asleep,0.7522833758377321,0.31723254889840613,0.2858563755719117,0.30072827724761425,0.15070415299539075,0.5724790884447077,[[ 94289 15464][ 17950 7185]],94289,15464,17950,7185
5,121,0.6861501336097717,avg,0.7522833758377321,0.5786529818325546,0.5724790884447077,0.5751046698141203,0.15070415299539075,0.5724790884447077,,,,,
