client,round,loss,class,accuracy,precision,recall,f1_score,cohen_kappa_score,roc_auc_score,confusion_matrix,TP,FP,FN,TN
10,9,0.6293694972991943,awake,0.6959180950121583,0.9062123253669953,0.6985777154155239,0.7889626927489851,0.2763143872884686,0.6914412348710801,[[ 17200 7935][ 33082 76671]],17200,7935,33082,76671
10,9,0.6293694972991943,asleep,0.6959180950121583,0.34207072113281095,0.6843047543266362,0.4561305806383176,0.2763143872884686,0.6914412348710801,[[ 76671 33082][ 7935 17200]],76671,33082,7935,17200
10,9,0.6293694972991943,avg,0.6959180950121583,0.6241415232499031,0.6914412348710801,0.6225466366936514,0.2763143872884686,0.6914412348710801,,,,,
