client,round,loss,class,accuracy,precision,recall,f1_score,cohen_kappa_score,roc_auc_score,confusion_matrix,TP,FP,FN,TN
8,68,0.6363533735275269,awake,0.783931854575648,0.8448736159362005,0.8996291673120552,0.8713920721563505,0.20020458593920065,0.5891819996098768,[[ 7006 18129][ 11016 98737]],7006,18129,11016,98737
8,68,0.6363533735275269,asleep,0.783931854575648,0.38874708689379645,0.27873483190769843,0.3246750237504924,0.20020458593920065,0.5891819996098767,[[ 98737 11016][ 18129 7006]],98737,11016,18129,7006
8,68,0.6363533735275269,avg,0.783931854575648,0.6168103514149985,0.5891819996098768,0.5980335479534215,0.20020458593920065,0.5891819996098768,,,,,
