client,round,loss,class,accuracy,precision,recall,f1_score,cohen_kappa_score,roc_auc_score,confusion_matrix,TP,FP,FN,TN
9,12,0.5784083008766174,awake,0.8387180475653876,0.869553166470687,0.9432908439860413,0.904922360180584,0.3795671186220483,0.662693760962585,[[ 9604 15531][ 6224 103529]],9604,15531,6224,103529
9,12,0.5784083008766174,asleep,0.8387180475653876,0.6067728076825878,0.3820966779391287,0.46891096843492913,0.3795671186220483,0.6626937609625849,[[ 103529 6224][ 15531 9604]],103529,6224,15531,9604
9,12,0.5784083008766174,avg,0.8387180475653876,0.7381629870766374,0.662693760962585,0.6869166643077566,0.3795671186220483,0.6626937609625849,,,,,
