client,round,loss,class,accuracy,precision,recall,f1_score,cohen_kappa_score,roc_auc_score,confusion_matrix,TP,FP,FN,TN
12,147,0.767228901386261,awake,0.8183455904157523,0.8351390876354315,0.9677913132215065,0.8965851970338357,0.1823235881060713,0.5667880377525873,[[ 4167 20968][ 3535 106218]],4167,20968,3535,106218
12,147,0.767228901386261,asleep,0.8183455904157523,0.5410283043365359,0.1657847622836682,0.2537990681243719,0.1823235881060713,0.5667880377525873,[[ 106218 3535][ 20968 4167]],106218,3535,20968,4167
12,147,0.767228901386261,avg,0.8183455904157523,0.6880836959859837,0.5667880377525873,0.5751921325791038,0.1823235881060713,0.5667880377525873,,,,,
