client,round,loss,class,accuracy,precision,recall,f1_score,cohen_kappa_score,roc_auc_score,confusion_matrix,TP,FP,FN,TN
17,71,0.5692670941352844,awake,0.8081074669355317,0.8326946725375858,0.9563018778529971,0.8902280765740167,0.1563891845005001,0.5586562104602165,[[ 4047 21088][ 4796 104957]],4047,21088,4796,104957
17,71,0.5692670941352844,asleep,0.8081074669355317,0.45765011873798483,0.16101054306743584,0.23821296132791805,0.1563891845005001,0.5586562104602164,[[ 104957 4796][ 21088 4047]],104957,4796,21088,4047
17,71,0.5692670941352844,avg,0.8081074669355317,0.6451723956377853,0.5586562104602165,0.5642205189509674,0.1563891845005001,0.5586562104602164,,,,,
