client,round,loss,class,accuracy,precision,recall,f1_score,cohen_kappa_score,roc_auc_score,confusion_matrix,TP,FP,FN,TN
3,197,0.6860237121582031,awake,0.8213925627187,0.8630595654864331,0.927683070166647,0.8942052660237831,0.3260485093684333,0.6424769040906837,[[ 8980 16155][ 7937 101816]],8980,16155,7937,101816
3,197,0.6860237121582031,asleep,0.8213925627187,0.5308269787787433,0.35727073801472053,0.427090269190526,0.3260485093684333,0.6424769040906838,[[ 101816 7937][ 16155 8980]],101816,7937,16155,8980
3,197,0.6860237121582031,avg,0.8213925627187,0.6969432721325882,0.6424769040906837,0.6606477676071546,0.3260485093684333,0.6424769040906837,,,,,
