client,round,loss,class,accuracy,precision,recall,f1_score,cohen_kappa_score,roc_auc_score,confusion_matrix,TP,FP,FN,TN
7,162,0.6215773820877075,awake,0.8282426902318961,0.8585092375597274,0.9445846582781336,0.8994924298295085,0.3185815251037979,0.6324077061034591,[[ 8049 17086][ 6082 103671]],8049,17086,6082,103671
7,162,0.6215773820877075,asleep,0.8282426902318961,0.569598754511358,0.3202307539287846,0.4099730046350532,0.3185815251037979,0.6324077061034591,[[ 103671 6082][ 17086 8049]],103671,6082,17086,8049
7,162,0.6215773820877075,avg,0.8282426902318961,0.7140539960355428,0.6324077061034591,0.6547327172322809,0.3185815251037979,0.6324077061034591,,,,,
