client,round,loss,class,accuracy,precision,recall,f1_score,cohen_kappa_score,roc_auc_score,confusion_matrix,TP,FP,FN,TN
6,26,0.6862466335296631,awake,0.6574936243401933,0.9130090071355229,0.640037174382477,0.7525335847277869,0.24862889884109796,0.6868775487985589,[[ 18442 6693][ 39507 70246]],18442,6693,39507,70246
6,26,0.6862466335296631,asleep,0.6574936243401933,0.31824535367305734,0.7337179232146409,0.4439362572817871,0.24862889884109796,0.686877548798559,[[ 70246 39507][ 6693 18442]],70246,39507,6693,18442
6,26,0.6862466335296631,avg,0.6574936243401933,0.6156271804042901,0.686877548798559,0.598234921004787,0.24862889884109796,0.686877548798559,,,,,
