client,round,loss,class,accuracy,precision,recall,f1_score,cohen_kappa_score,roc_auc_score,confusion_matrix,TP,FP,FN,TN
8,38,0.6238359808921814,awake,0.7893734060850484,0.8519774989182172,0.8969777591500916,0.8738987052990861,0.23761856850296437,0.6082461900982207,[[ 8031 17104][ 11307 98446]],8031,17104,11307,98446
8,38,0.6238359808921814,asleep,0.7893734060850484,0.4152963077877754,0.3195146210463497,0.3611629528028242,0.23761856850296437,0.6082461900982207,[[ 98446 11307][ 17104 8031]],98446,11307,17104,8031
8,38,0.6238359808921814,avg,0.7893734060850484,0.6336369033529963,0.6082461900982207,0.6175308290509551,0.23761856850296437,0.6082461900982207,,,,,
