client,round,loss,class,accuracy,precision,recall,f1_score,cohen_kappa_score,roc_auc_score,confusion_matrix,TP,FP,FN,TN
12,31,0.6539811491966248,awake,0.8198579562303541,0.827029054281603,0.9845106739679098,0.8989247311827956,0.12569401251070222,0.5427029200354767,[[ 2536 22599][ 1700 108053]],2536,22599,1700,108053
12,31,0.6539811491966248,asleep,0.8198579562303541,0.5986779981114259,0.10089516610304357,0.17268734465969832,0.12569401251070222,0.5427029200354766,[[ 108053 1700][ 22599 2536]],108053,1700,22599,2536
12,31,0.6539811491966248,avg,0.8198579562303541,0.7128535261965144,0.5427029200354767,0.5358060379212469,0.12569401251070222,0.5427029200354767,,,,,
