client,round,loss,class,accuracy,precision,recall,f1_score,cohen_kappa_score,roc_auc_score,confusion_matrix,TP,FP,FN,TN
16,110,0.650583803653717,awake,0.8194279698713006,0.8658281640906131,0.9207584302934771,0.8924488561348353,0.3333181350122011,0.648861411287578,[[ 9475 15660][ 8697 101056]],9475,15660,8697,101056
16,110,0.650583803653717,asleep,0.8194279698713006,0.5214065595421528,0.37696439228167894,0.43757360241993215,0.3333181350122011,0.6488614112875781,[[ 101056 8697][ 15660 9475]],101056,8697,15660,9475
16,110,0.650583803653717,avg,0.8194279698713006,0.693617361816383,0.648861411287578,0.6650112292773838,0.3333181350122011,0.6488614112875781,,,,,
