client,round,loss,class,accuracy,precision,recall,f1_score,cohen_kappa_score,roc_auc_score,confusion_matrix,TP,FP,FN,TN
13,166,0.6250978112220764,awake,0.8082631516517407,0.8924274460640308,0.8691151950288375,0.8806170634096354,0.394326538622073,0.7058327118967542,[[ 13637 11498][ 14365 95388]],13637,11498,14365,95388
13,166,0.6250978112220764,asleep,0.8082631516517407,0.4870009285051068,0.5425502287646707,0.5132770009597831,0.394326538622073,0.7058327118967541,[[ 95388 14365][ 11498 13637]],95388,14365,11498,13637
13,166,0.6250978112220764,avg,0.8082631516517407,0.6897141872845688,0.7058327118967541,0.6969470321847093,0.394326538622073,0.7058327118967542,,,,,
