client,round,loss,class,accuracy,precision,recall,f1_score,cohen_kappa_score,roc_auc_score,confusion_matrix,TP,FP,FN,TN
13,72,0.6455747485160828,awake,0.7541664195480695,0.8929095404692774,0.7929714905287327,0.8399783806738668,0.3178176439709881,0.6888469945183947,[[ 14697 10438][ 22722 87031]],14697,10438,22722,87031
13,72,0.6455747485160828,asleep,0.7541664195480695,0.3927683797001523,0.5847224985080565,0.4698980081209834,0.3178176439709881,0.6888469945183946,[[ 87031 22722][ 10438 14697]],87031,22722,10438,14697
13,72,0.6455747485160828,avg,0.7541664195480695,0.6428389600847149,0.6888469945183946,0.6549381943974251,0.3178176439709881,0.6888469945183946,,,,,
