client,round,loss,class,accuracy,precision,recall,f1_score,cohen_kappa_score,roc_auc_score,confusion_matrix,TP,FP,FN,TN
5,1,0.518466591835022,awake,0.779854397722555,0.8258257769384798,0.9244029775951454,0.8723383217186069,0.09145631762386408,0.5365400605103239,[[ 3737 21398][ 8297 101456]],3737,21398,8297,101456
5,1,0.518466591835022,asleep,0.779854397722555,0.31053681236496594,0.14867714342550228,0.20108154644999865,0.09145631762386408,0.5365400605103239,[[ 101456 8297][ 21398 3737]],101456,8297,21398,3737
5,1,0.518466591835022,avg,0.779854397722555,0.5681812946517228,0.5365400605103239,0.5367099340843028,0.09145631762386408,0.5365400605103239,,,,,
