client,round,loss,class,accuracy,precision,recall,f1_score,cohen_kappa_score,roc_auc_score,confusion_matrix,TP,FP,FN,TN
4,168,0.6630221605300903,awake,0.8165589229583061,0.8815930045696535,0.8947181398230573,0.8881070814868408,0.37950217242442597,0.6849958313994936,[[ 11946 13189][ 11555 98198]],11946,13189,11555,98198
4,168,0.6630221605300903,asleep,0.8165589229583061,0.508318794944896,0.47527352297592995,0.49124105600789536,0.37950217242442597,0.6849958313994936,[[ 98198 11555][ 13189 11946]],98198,11555,13189,11946
4,168,0.6630221605300903,avg,0.8165589229583061,0.6949558997572747,0.6849958313994936,0.6896740687473681,0.37950217242442597,0.6849958313994936,,,,,
