client,round,loss,class,accuracy,precision,recall,f1_score,cohen_kappa_score,roc_auc_score,confusion_matrix,TP,FP,FN,TN
4,31,0.5695355534553528,awake,0.8275606429037423,0.8703023452952812,0.9260794693539128,0.8973249757217268,0.3625673109650679,0.6617268243924925,[[ 9988 15147][ 8113 101640]],9988,15147,8113,101640
4,31,0.5695355534553528,asleep,0.8275606429037423,0.5517927186343295,0.3973741794310722,0.46202238875011564,0.3625673109650679,0.6617268243924925,[[ 101640 8113][ 15147 9988]],101640,8113,15147,9988
4,31,0.5695355534553528,avg,0.8275606429037423,0.7110475319648053,0.6617268243924925,0.6796736822359212,0.3625673109650679,0.6617268243924925,,,,,
