client,round,loss,class,accuracy,precision,recall,f1_score,cohen_kappa_score,roc_auc_score,confusion_matrix,TP,FP,FN,TN
7,122,0.7103883624076843,awake,0.8264708498902793,0.8385374192334233,0.9743423869962552,0.9013532478369528,0.2132650487777037,0.57756307732546,[[ 4544 20591][ 2816 106937]],4544,20591,2816,106937
7,122,0.7103883624076843,asleep,0.8264708498902793,0.6173913043478261,0.1807837676546648,0.27967379596861053,0.2132650487777037,0.57756307732546,[[ 106937 2816][ 20591 4544]],106937,2816,20591,4544
7,122,0.7103883624076843,avg,0.8264708498902793,0.7279643617906246,0.57756307732546,0.5905135219027817,0.2132650487777037,0.57756307732546,,,,,
