client,round,loss,class,accuracy,precision,recall,f1_score,cohen_kappa_score,roc_auc_score,confusion_matrix,TP,FP,FN,TN
8,27,0.619308590888977,awake,0.8021098985825277,0.8353195749765849,0.942625714103487,0.8857344662999508,0.16735573871897103,0.5655837939922647,[[ 4739 20396][ 6297 103456]],4739,20396,6297,103456
8,27,0.619308590888977,asleep,0.8021098985825277,0.42941283073577385,0.18854187388104238,0.26203312045561367,0.16735573871897103,0.5655837939922647,[[ 103456 6297][ 20396 4739]],103456,6297,20396,4739
8,27,0.619308590888977,avg,0.8021098985825277,0.6323662028561794,0.5655837939922647,0.5738837933777823,0.16735573871897103,0.5655837939922647,,,,,
