client,round,loss,class,accuracy,precision,recall,f1_score,cohen_kappa_score,roc_auc_score,confusion_matrix,TP,FP,FN,TN
5,98,0.6095095276832581,awake,0.7816188245062571,0.8455553260345658,0.8951008172897325,0.8696229479899265,0.2010231325598616,0.5905979519112279,[[ 7191 17944][ 11513 98240]],7191,17944,11513,98240
5,98,0.6095095276832581,asleep,0.7816188245062571,0.38446321642429426,0.2860950865327233,0.32806405255594334,0.2010231325598616,0.5905979519112278,[[ 98240 11513][ 17944 7191]],98240,11513,17944,7191
5,98,0.6095095276832581,avg,0.7816188245062571,0.61500927122943,0.5905979519112279,0.5988435002729349,0.2010231325598616,0.5905979519112279,,,,,
