client,round,loss,class,accuracy,precision,recall,f1_score,cohen_kappa_score,roc_auc_score,confusion_matrix,TP,FP,FN,TN
7,181,0.5963707566261292,awake,0.8210441254967084,0.8777199329392041,0.9063260229788708,0.8917936373457414,0.37558806384420407,0.6774916369121526,[[ 11277 13858][ 10281 99472]],11277,13858,10281,99472
7,181,0.5963707566261292,asleep,0.8210441254967084,0.523100473142221,0.4486572508454347,0.4830274345190928,0.37558806384420407,0.6774916369121528,[[ 99472 10281][ 13858 11277]],99472,10281,13858,11277
7,181,0.5963707566261292,avg,0.8210441254967084,0.7004102030407126,0.6774916369121528,0.6874105359324171,0.37558806384420407,0.6774916369121526,,,,,
