client,round,loss,class,accuracy,precision,recall,f1_score,cohen_kappa_score,roc_auc_score,confusion_matrix,TP,FP,FN,TN
3,83,0.6370419859886169,awake,0.8236388707668584,0.8570348711644211,0.940065419624065,0.8966320354220709,0.30507357783830014,0.6276615142679705,[[ 7924 17211][ 6578 103175]],7924,17211,6578,103175
3,83,0.6370419859886169,asleep,0.8236388707668584,0.5464073920838505,0.3152576089118759,0.3998284431213261,0.30507357783830014,0.6276615142679705,[[ 103175 6578][ 17211 7924]],103175,6578,17211,7924
3,83,0.6370419859886169,avg,0.8236388707668584,0.7017211316241359,0.6276615142679705,0.6482302392716985,0.30507357783830014,0.6276615142679705,,,,,
