client,round,loss,class,accuracy,precision,recall,f1_score,cohen_kappa_score,roc_auc_score,confusion_matrix,TP,FP,FN,TN
0,38,0.5023832321166992,awake,0.8151206927228516,0.8686743112486633,0.9104170273249934,0.8890559658332591,0.3366531942774238,0.6547111991608059,[[ 10029 15106][ 9832 99921]],10029,15106,9832,99921
0,38,0.5023832321166992,asleep,0.8151206927228516,0.5049594683047178,0.39900537099661826,0.44577295759623076,0.3366531942774238,0.6547111991608058,[[ 99921 9832][ 15106 10029]],99921,9832,15106,10029
0,38,0.5023832321166992,avg,0.8151206927228516,0.6868168897766906,0.6547111991608059,0.6674144617147449,0.3366531942774238,0.6547111991608059,,,,,
