client,round,loss,class,accuracy,precision,recall,f1_score,cohen_kappa_score,roc_auc_score,confusion_matrix,TP,FP,FN,TN
1,15,0.6269463896751404,awake,0.733853270861752,0.8118607852576284,0.8758758302734322,0.8426542776998599,-0.01201255430612802,0.49479090897001626,[[ 2858 22277][ 13623 96130]],2858,22277,13623,96130
1,15,0.6269463896751404,asleep,0.733853270861752,0.17341180753595048,0.11370598766660035,0.1373510188389081,-0.01201255430612802,0.4947909089700163,[[ 96130 13623][ 22277 2858]],96130,13623,22277,2858
1,15,0.6269463896751404,avg,0.733853270861752,0.4926362963967894,0.49479090897001626,0.490002648269384,-0.01201255430612802,0.4947909089700163,,,,,
