client,round,loss,class,accuracy,precision,recall,f1_score,cohen_kappa_score,roc_auc_score,confusion_matrix,TP,FP,FN,TN
16,149,0.6665472984313965,awake,0.8173299329814364,0.8766828646538676,0.9024354687343399,0.8893727831904099,0.36625870133494043,0.6740743088648823,[[ 11203 13932][ 10708 99045]],11203,13932,10708,99045
16,149,0.6665472984313965,asleep,0.8173299329814364,0.5112956962256401,0.4457131489954247,0.4762572801088297,0.36625870133494043,0.6740743088648823,[[ 99045 10708][ 13932 11203]],99045,10708,13932,11203
16,149,0.6665472984313965,avg,0.8173299329814364,0.6939892804397538,0.6740743088648823,0.6828150316496198,0.36625870133494043,0.6740743088648823,,,,,
