client,round,loss,class,accuracy,precision,recall,f1_score,cohen_kappa_score,roc_auc_score,confusion_matrix,TP,FP,FN,TN
5,76,0.6195472478866577,awake,0.7826789632880612,0.8300278172105656,0.9216422330141317,0.8734392539504361,0.11978797192076973,0.5487662129860792,[[ 4421 20714][ 8600 101153]],4421,20714,8600,101153
5,76,0.6195472478866577,asleep,0.7826789632880612,0.33952845403578835,0.17589019295802666,0.23173288604675543,0.11978797192076973,0.5487662129860793,[[ 101153 8600][ 20714 4421]],101153,8600,20714,4421
5,76,0.6195472478866577,avg,0.7826789632880612,0.5847781356231769,0.5487662129860792,0.5525860699985957,0.11978797192076973,0.5487662129860793,,,,,
