client,round,loss,class,accuracy,precision,recall,f1_score,cohen_kappa_score,roc_auc_score,confusion_matrix,TP,FP,FN,TN
17,141,0.5668098330497742,awake,0.8210589526125378,0.8429853377133243,0.9586343881260649,0.8970980077846891,0.23270190786956024,0.5894823024775938,[[ 5538 19597][ 4540 105213]],5538,19597,4540,105213
17,141,0.5668098330497742,asleep,0.8210589526125378,0.5495137924191308,0.22033021682912274,0.3145429244881152,0.23270190786956024,0.5894823024775939,[[ 105213 4540][ 19597 5538]],105213,4540,19597,5538
17,141,0.5668098330497742,avg,0.8210589526125378,0.6962495650662275,0.5894823024775938,0.6058204661364022,0.23270190786956024,0.5894823024775939,,,,,
