client,round,loss,class,accuracy,precision,recall,f1_score,cohen_kappa_score,roc_auc_score,confusion_matrix,TP,FP,FN,TN
2,67,0.4915584921836853,awake,0.8379618646580868,0.8702193617953298,0.9412225633923447,0.9043294041433769,0.3805590969889895,0.664146193174191,[[ 9729 15406][ 6451 103302]],9729,15406,6451,103302
2,67,0.4915584921836853,asleep,0.8379618646580868,0.6012978986402967,0.3870698229560374,0.47096696115212394,0.3805590969889895,0.6641461931741911,[[ 103302 6451][ 15406 9729]],103302,6451,15406,9729
2,67,0.4915584921836853,avg,0.8379618646580868,0.7357586302178132,0.664146193174191,0.6876481826477504,0.3805590969889895,0.664146193174191,,,,,
