client,round,loss,class,accuracy,precision,recall,f1_score,cohen_kappa_score,roc_auc_score,confusion_matrix,TP,FP,FN,TN
10,173,0.6082444190979004,awake,0.7823750074135579,0.9116641065028162,0.811130447459295,0.8584639566447929,0.39468184455634536,0.7339718280662298,[[ 16509 8626][ 20729 89024]],16509,8626,20729,89024
10,173,0.6082444190979004,asleep,0.7823750074135579,0.44333745099092325,0.656813208673165,0.5293636669712857,0.39468184455634536,0.73397182806623,[[ 89024 20729][ 8626 16509]],89024,20729,8626,16509
10,173,0.6082444190979004,avg,0.7823750074135579,0.6775007787468696,0.73397182806623,0.6939138118080392,0.39468184455634536,0.73397182806623,,,,,
