client,round,loss,class,accuracy,precision,recall,f1_score,cohen_kappa_score,roc_auc_score,confusion_matrix,TP,FP,FN,TN
9,170,0.6138921976089478,awake,0.8418020876579088,0.8689081380599506,0.9487029967290188,0.9070540322756278,0.382908064659056,0.6618589580820348,[[ 9426 15709][ 5630 104123]],9426,15709,5630,104123
9,170,0.6138921976089478,asleep,0.8418020876579088,0.6260626992561105,0.3750149194350507,0.4690602373665746,0.382908064659056,0.6618589580820348,[[ 104123 5630][ 15709 9426]],104123,5630,15709,9426
9,170,0.6138921976089478,avg,0.8418020876579088,0.7474854186580305,0.6618589580820348,0.6880571348211012,0.382908064659056,0.6618589580820348,,,,,
