client,round,loss,class,accuracy,precision,recall,f1_score,cohen_kappa_score,roc_auc_score,confusion_matrix,TP,FP,FN,TN
6,187,0.7366186380386353,awake,0.6912846213154618,0.8913570599524242,0.7067232786347526,0.7883743622060049,0.24512639988042717,0.6652971873579572,[[ 15681 9454][ 32188 77565]],15681,9454,32188,77565
6,187,0.7366186380386353,asleep,0.6912846213154618,0.32758152457749273,0.6238710960811618,0.4295928990192318,0.24512639988042717,0.6652971873579572,[[ 77565 32188][ 9454 15681]],77565,32188,9454,15681
6,187,0.7366186380386353,avg,0.6912846213154618,0.6094692922649585,0.6652971873579572,0.6089836306126184,0.24512639988042717,0.6652971873579572,,,,,
