client,round,loss,class,accuracy,precision,recall,f1_score,cohen_kappa_score,roc_auc_score,confusion_matrix,TP,FP,FN,TN
16,91,0.6845182180404663,awake,0.819339007176324,0.8571297117331147,0.9335781254270954,0.8937220611003293,0.2989730603899915,0.6270436877384133,[[ 8056 17079][ 7290 102463]],8056,17079,7290,102463
16,91,0.6845182180404663,asleep,0.819339007176324,0.524957643685651,0.32050925004973146,0.39801388305624863,0.2989730603899915,0.6270436877384135,[[ 102463 7290][ 17079 8056]],102463,7290,17079,8056
16,91,0.6845182180404663,avg,0.819339007176324,0.6910436777093829,0.6270436877384135,0.6458679720782889,0.2989730603899915,0.6270436877384133,,,,,
