client,round,loss,class,accuracy,precision,recall,f1_score,cohen_kappa_score,roc_auc_score,confusion_matrix,TP,FP,FN,TN
4,76,0.6549853086471558,awake,0.8220894371626831,0.8782585682149001,0.907082266543967,0.8924377431557811,0.3789834273335716,0.6790235283386236,[[ 11335 13800][ 10198 99555]],11335,13800,10198,99555
4,76,0.6549853086471558,asleep,0.8220894371626831,0.5264013374820044,0.4509647901332803,0.485771835090426,0.3789834273335716,0.6790235283386237,[[ 99555 10198][ 13800 11335]],99555,10198,13800,11335
4,76,0.6549853086471558,avg,0.8220894371626831,0.7023299528484522,0.6790235283386237,0.6891047891231035,0.3789834273335716,0.6790235283386237,,,,,
