client,round,loss,class,accuracy,precision,recall,f1_score,cohen_kappa_score,roc_auc_score,confusion_matrix,TP,FP,FN,TN
15,118,1.060389518737793,awake,0.4959892651681395,0.782468147266481,0.5271017648720309,0.6298867094568479,-0.07278071446531431,0.4436185172082454,[[ 9052 16083][ 51902 57851]],9052,16083,51902,57851
15,118,1.060389518737793,asleep,0.4959892651681395,0.148505430324507,0.3601352695444599,0.21029399807176294,-0.07278071446531431,0.4436185172082454,[[ 57851 51902][ 16083 9052]],57851,51902,16083,9052
15,118,1.060389518737793,avg,0.4959892651681395,0.465486788795494,0.4436185172082454,0.4200903537643054,-0.07278071446531431,0.4436185172082454,,,,,
