client,round,loss,class,accuracy,precision,recall,f1_score,cohen_kappa_score,roc_auc_score,confusion_matrix,TP,FP,FN,TN
2,160,0.4813160002231598,awake,0.8424174129648301,0.8919230121965261,0.9175056718267383,0.904533491426159,0.45396481824480994,0.7160235739280896,[[ 12933 12202][ 9054 100699]],12933,12202,9054,100699
2,160,0.4813160002231598,asleep,0.8424174129648301,0.5882112157183791,0.514541476029441,0.5489155808327321,0.45396481824480994,0.7160235739280897,[[ 100699 9054][ 12202 12933]],100699,9054,12202,12933
2,160,0.4813160002231598,avg,0.8424174129648301,0.7400671139574526,0.7160235739280896,0.7267245361294455,0.45396481824480994,0.7160235739280896,,,,,
