client,round,loss,class,accuracy,precision,recall,f1_score,cohen_kappa_score,roc_auc_score,confusion_matrix,TP,FP,FN,TN
16,7,0.5125402212142944,awake,0.8039484609453769,0.8521167241495908,0.9184441427569178,0.8840380795355384,0.2559821231929471,0.6112212756752562,[[ 7641 17494][ 8951 100802]],7641,17494,8951,100802
16,7,0.5125402212142944,asleep,0.8039484609453769,0.460523143683703,0.3039984085935946,0.36623768782802496,0.2559821231929471,0.6112212756752562,[[ 100802 8951][ 17494 7641]],100802,8951,17494,7641
16,7,0.5125402212142944,avg,0.8039484609453769,0.6563199339166469,0.6112212756752562,0.6251378836817817,0.2559821231929471,0.6112212756752562,,,,,
