client,round,loss,class,accuracy,precision,recall,f1_score,cohen_kappa_score,roc_auc_score,confusion_matrix,TP,FP,FN,TN
6,14,0.7412123680114746,awake,0.6394490243757784,0.9090471027587038,0.6187894636137509,0.7363467814509221,0.22663867649482827,0.6742246502472972,[[ 18340 6795][ 41839 67914]],18340,6795,41839,67914
6,14,0.7412123680114746,asleep,0.6394490243757784,0.30475747353728044,0.7296598368808435,0.42994115854373255,0.22663867649482827,0.6742246502472972,[[ 67914 41839][ 6795 18340]],67914,41839,6795,18340
6,14,0.7412123680114746,avg,0.6394490243757784,0.6069022881479922,0.6742246502472972,0.5831439699973273,0.22663867649482827,0.6742246502472972,,,,,
