client,round,loss,class,accuracy,precision,recall,f1_score,cohen_kappa_score,roc_auc_score,confusion_matrix,TP,FP,FN,TN
16,75,0.6456682682037354,awake,0.8172928651918628,0.8663395316804408,0.9169134328902171,0.8909093323536051,0.3318142651119249,0.6496045183150111,[[ 9609 15526][ 9119 100634]],9609,15526,9119,100634
16,75,0.6456682682037354,asleep,0.8172928651918628,0.5130820162323794,0.38229560373980503,0.4381369263388277,0.3318142651119249,0.6496045183150111,[[ 100634 9119][ 15526 9609]],100634,9119,15526,9609
16,75,0.6456682682037354,avg,0.8172928651918628,0.6897107739564101,0.6496045183150111,0.6645231293462164,0.3318142651119249,0.6496045183150111,,,,,
