client,round,loss,class,accuracy,precision,recall,f1_score,cohen_kappa_score,roc_auc_score,confusion_matrix,TP,FP,FN,TN
0,148,0.5782319903373718,awake,0.7973948757487693,0.891912967400814,0.8545552285586726,0.8728345485763742,0.37585773357211116,0.7011785492305995,[[ 13769 11366][ 15963 93790]],13769,11366,15963,93790
0,148,0.5782319903373718,asleep,0.7973948757487693,0.4631037266245123,0.5478018699025263,0.501904605682833,0.37585773357211116,0.7011785492305994,[[ 93790 15963][ 11366 13769]],93790,15963,11366,13769
0,148,0.5782319903373718,avg,0.7973948757487693,0.6775083470126632,0.7011785492305995,0.6873695771296036,0.37585773357211116,0.7011785492305995,,,,,
