client,round,loss,class,accuracy,precision,recall,f1_score,cohen_kappa_score,roc_auc_score,confusion_matrix,TP,FP,FN,TN
7,28,0.5219228267669678,awake,0.8276792598303778,0.8587887887057575,0.9433272894590581,0.8990751595675395,0.31885972325848644,0.6330123616581147,[[ 8111 17024][ 6220 103533]],8111,17024,6220,103533
7,28,0.5219228267669678,asleep,0.8276792598303778,0.5659758565347848,0.32269743385717126,0.41103734860386154,0.31885972325848644,0.6330123616581147,[[ 103533 6220][ 17024 8111]],103533,6220,17024,8111
7,28,0.5219228267669678,avg,0.8276792598303778,0.7123823226202711,0.6330123616581147,0.6550562540857006,0.31885972325848644,0.6330123616581147,,,,,
