client,round,loss,class,accuracy,precision,recall,f1_score,cohen_kappa_score,roc_auc_score,confusion_matrix,TP,FP,FN,TN
4,131,0.7263922691345215,awake,0.8210811932862819,0.8493654874117599,0.948283873789327,0.8961031133764982,0.26609331048674834,0.6069646940062609,[[ 6677 18458][ 5676 104077]],6677,18458,5676,104077
4,131,0.7263922691345215,asleep,0.8210811932862819,0.5405164737310775,0.26564551422319477,0.3562206572769953,0.26609331048674834,0.606964694006261,[[ 104077 5676][ 18458 6677]],104077,5676,18458,6677
4,131,0.7263922691345215,avg,0.8210811932862819,0.6949409805714186,0.6069646940062609,0.6261618853267468,0.26609331048674834,0.606964694006261,,,,,
