client,round,loss,class,accuracy,precision,recall,f1_score,cohen_kappa_score,roc_auc_score,confusion_matrix,TP,FP,FN,TN
3,109,0.6449202299118042,awake,0.8311191507028053,0.8546704618672061,0.954798502091059,0.9019641596805013,0.30626219153441825,0.6229333668203455,[[ 7316 17819][ 4961 104792]],7316,17819,4961,104792
3,109,0.6449202299118042,asleep,0.8311191507028053,0.5959110531888898,0.29106823154963196,0.3911044584625254,0.30626219153441825,0.6229333668203455,[[ 104792 4961][ 17819 7316]],104792,4961,17819,7316
3,109,0.6449202299118042,avg,0.8311191507028053,0.725290757528048,0.6229333668203455,0.6465343090715133,0.30626219153441825,0.6229333668203455,,,,,
