client,round,loss,class,accuracy,precision,recall,f1_score,cohen_kappa_score,roc_auc_score,confusion_matrix,TP,FP,FN,TN
15,21,0.7629932761192322,awake,0.4981169562896625,0.7787499171472129,0.5352473280912594,0.6344363565673801,-0.08436370903784973,0.43561650271680535,[[ 8445 16690][ 51008 58745]],8445,16690,51008,58745
15,21,0.7629932761192322,asleep,0.4981169562896625,0.14204497670428742,0.3359856773423513,0.19967371258334518,-0.08436370903784973,0.4356165027168054,[[ 58745 51008][ 16690 8445]],58745,51008,16690,8445
15,21,0.7629932761192322,avg,0.4981169562896625,0.46039744692575013,0.43561650271680535,0.41705503457536264,-0.08436370903784973,0.4356165027168054,,,,,
