client,round,loss,class,accuracy,precision,recall,f1_score,cohen_kappa_score,roc_auc_score,confusion_matrix,TP,FP,FN,TN
14,114,0.4903135597705841,awake,0.8366793191388411,0.886823236821914,0.9162027461663919,0.901273628451838,0.429596198228543,0.702819893075239,[[ 12302 12833][ 9197 100556]],12302,12833,9197,100556
14,114,0.4903135597705841,asleep,0.8366793191388411,0.5722126610540025,0.48943703998408594,0.5275978899515374,0.429596198228543,0.7028198930752388,[[ 100556 9197][ 12833 12302]],100556,9197,12833,12302
14,114,0.4903135597705841,avg,0.8366793191388411,0.7295179489379582,0.702819893075239,0.7144357592016877,0.429596198228543,0.702819893075239,,,,,
