client,round,loss,class,accuracy,precision,recall,f1_score,cohen_kappa_score,roc_auc_score,confusion_matrix,TP,FP,FN,TN
1,127,0.767292857170105,awake,0.626972006405314,0.8481163902164746,0.6596812843384691,0.7421241178550746,0.1046782555205994,0.5719134490122821,[[ 12169 12966][ 37351 72402]],12169,12966,37351,72402
1,127,0.767292857170105,asleep,0.626972006405314,0.24573909531502422,0.4841456136860951,0.32600629562654876,0.1046782555205994,0.5719134490122821,[[ 72402 37351][ 12966 12169]],72402,37351,12966,12169
1,127,0.767292857170105,avg,0.626972006405314,0.5469277427657494,0.5719134490122821,0.5340652067408117,0.1046782555205994,0.5719134490122821,,,,,
