client,round,loss,class,accuracy,precision,recall,f1_score,cohen_kappa_score,roc_auc_score,confusion_matrix,TP,FP,FN,TN
10,122,0.6498555541038513,awake,0.7410740762706838,0.8920969618210209,0.775586999899775,0.8297720936580041,0.30000596080555986,0.6829794955735199,[[ 14839 10296][ 24630 85123]],14839,10296,24630,85123
10,122,0.6498555541038513,asleep,0.7410740762706838,0.37596594795915783,0.5903719912472648,0.4593833199182713,0.30000596080555986,0.68297949557352,[[ 85123 24630][ 10296 14839]],85123,24630,10296,14839
10,122,0.6498555541038513,avg,0.7410740762706838,0.6340314548900894,0.6829794955735199,0.6445777067881377,0.30000596080555986,0.68297949557352,,,,,
