client,round,loss,class,accuracy,precision,recall,f1_score,cohen_kappa_score,roc_auc_score,confusion_matrix,TP,FP,FN,TN
13,193,0.6515534520149231,awake,0.8031774509222466,0.8932805203153655,0.8609605204413546,0.8768227898021203,0.3881843297285549,0.7059129238371484,[[ 13846 11289][ 15260 94493]],13846,11289,15260,94493
13,193,0.6515534520149231,asleep,0.8031774509222466,0.4757094757094757,0.5508653272329421,0.5105363101712727,0.3881843297285549,0.7059129238371483,[[ 94493 15260][ 11289 13846]],94493,15260,11289,13846
13,193,0.6515534520149231,avg,0.8031774509222466,0.6844949980124206,0.7059129238371484,0.6936795499866965,0.3881843297285549,0.7059129238371484,,,,,
