client,round,loss,class,accuracy,precision,recall,f1_score,cohen_kappa_score,roc_auc_score,confusion_matrix,TP,FP,FN,TN
8,55,0.6636452078819275,awake,0.783642725816974,0.8437273355574706,0.9009685384454184,0.871408932285241,0.1945168707138426,0.5861516652839782,[[ 6820 18315][ 10869 98884]],6820,18315,10869,98884
8,55,0.6636452078819275,asleep,0.783642725816974,0.3855503420204647,0.2713347921225383,0.31851298337380907,0.1945168707138426,0.5861516652839783,[[ 98884 10869][ 18315 6820]],98884,10869,18315,6820
8,55,0.6636452078819275,avg,0.783642725816974,0.6146388387889676,0.5861516652839783,0.594960957829525,0.1945168707138426,0.5861516652839782,,,,,
