client,round,loss,class,accuracy,precision,recall,f1_score,cohen_kappa_score,roc_auc_score,confusion_matrix,TP,FP,FN,TN
8,36,0.6171744465827942,awake,0.7833461835003855,0.8409500825606503,0.9048682040582035,0.8717390541062462,0.18070271652997572,0.5787917706187178,[[ 6352 18783][ 10441 99312]],6352,18783,10441,99312
8,36,0.6171744465827942,asleep,0.7833461835003855,0.3782528434466742,0.25271533717923217,0.3029956115245182,0.18070271652997572,0.5787917706187178,[[ 99312 10441][ 18783 6352]],99312,10441,18783,6352
8,36,0.6171744465827942,avg,0.7833461835003855,0.6096014630036622,0.5787917706187178,0.5873673328153822,0.18070271652997572,0.5787917706187178,,,,,
