client,round,loss,class,accuracy,precision,recall,f1_score,cohen_kappa_score,roc_auc_score,confusion_matrix,TP,FP,FN,TN
7,183,0.5900930762290955,awake,0.8230680268074254,0.8666154437187861,0.9249041028491248,0.8948115369697824,0.34202363961622884,0.6516503804478369,[[ 9511 15624][ 8242 101511]],9511,15624,8242,101511
7,183,0.5900930762290955,asleep,0.8230680268074254,0.5357404382357911,0.37839665804654865,0.443527326991233,0.34202363961622884,0.6516503804478367,[[ 101511 8242][ 15624 9511]],101511,8242,15624,9511
7,183,0.5900930762290955,avg,0.8230680268074254,0.7011779409772886,0.6516503804478367,0.6691694319805077,0.34202363961622884,0.6516503804478369,,,,,
