client,round,loss,class,accuracy,precision,recall,f1_score,cohen_kappa_score,roc_auc_score,confusion_matrix,TP,FP,FN,TN
9,144,0.5685620307922363,awake,0.8453976632465453,0.8801669503339862,0.9376509070367097,0.9080000352929757,0.42718337749616175,0.6901105141907241,[[ 11124 14011][ 6843 102910]],11124,14011,6843,102910
9,144,0.5685620307922363,asleep,0.8453976632465453,0.6191350809817999,0.4425701213447384,0.5161709433436963,0.42718337749616175,0.690110514190724,[[ 102910 6843][ 14011 11124]],102910,6843,14011,11124
9,144,0.5685620307922363,avg,0.8453976632465453,0.749651015657893,0.690110514190724,0.7120854893183359,0.42718337749616175,0.690110514190724,,,,,
