client,round,loss,class,accuracy,precision,recall,f1_score,cohen_kappa_score,roc_auc_score,confusion_matrix,TP,FP,FN,TN
8,93,0.6640588045120239,awake,0.7906485380463792,0.8356364055603136,0.9245578708554664,0.8778510716525727,0.15895843162775036,0.5652429298578108,[[ 5176 19959][ 8280 101473]],5176,19959,8280,101473
8,93,0.6640588045120239,asleep,0.7906485380463792,0.38466111771700356,0.20592798886015518,0.26824907361820116,0.15895843162775036,0.5652429298578108,[[ 101473 8280][ 19959 5176]],101473,8280,19959,5176
8,93,0.6640588045120239,avg,0.7906485380463792,0.6101487616386586,0.5652429298578108,0.5730500726353869,0.15895843162775036,0.5652429298578108,,,,,
