client,round,loss,class,accuracy,precision,recall,f1_score,cohen_kappa_score,roc_auc_score,confusion_matrix,TP,FP,FN,TN
16,88,0.685210108757019,awake,0.819546586797936,0.858946342119419,0.9311271673667234,0.8935814872622185,0.3068584035677355,0.631726304988315,[[ 8353 16782][ 7559 102194]],8353,16782,7559,102194
16,88,0.685210108757019,asleep,0.819546586797936,0.5249497234791353,0.3323254426099065,0.40699685726118834,0.3068584035677355,0.631726304988315,[[ 102194 7559][ 16782 8353]],102194,7559,16782,8353
16,88,0.685210108757019,avg,0.819546586797936,0.6919480327992771,0.631726304988315,0.6502891722617035,0.3068584035677355,0.631726304988315,,,,,
