client,round,loss,class,accuracy,precision,recall,f1_score,cohen_kappa_score,roc_auc_score,confusion_matrix,TP,FP,FN,TN
5,17,0.5579479932785034,awake,0.7844359765138486,0.8378391959798995,0.9114830574107313,0.8731109782547032,0.16567527852780073,0.5705813934358213,[[ 5773 19362][ 9715 100038]],5773,19362,9715,100038
5,17,0.5579479932785034,asleep,0.7844359765138486,0.37274018595041325,0.2296797294609111,0.28422322329714694,0.16567527852780073,0.5705813934358213,[[ 100038 9715][ 19362 5773]],100038,9715,19362,5773
5,17,0.5579479932785034,avg,0.7844359765138486,0.6052896909651564,0.5705813934358213,0.5786671007759251,0.16567527852780073,0.5705813934358213,,,,,
