client,round,loss,class,accuracy,precision,recall,f1_score,cohen_kappa_score,roc_auc_score,confusion_matrix,TP,FP,FN,TN
3,89,0.6006767153739929,awake,0.8247879722436392,0.8634786645844764,0.9320200814556322,0.8964411220850239,0.3330790572971847,0.6442873432939589,[[ 8962 16173][ 7461 102292]],8962,16173,7461,102292
3,89,0.6006767153739929,asleep,0.8247879722436392,0.5456981063143153,0.35655460513228565,0.43130083257134605,0.3330790572971847,0.644287343293959,[[ 102292 7461][ 16173 8962]],102292,7461,16173,8962
3,89,0.6006767153739929,avg,0.8247879722436392,0.7045883854493958,0.6442873432939589,0.663870977328185,0.3330790572971847,0.6442873432939589,,,,,
