client,round,loss,class,accuracy,precision,recall,f1_score,cohen_kappa_score,roc_auc_score,confusion_matrix,TP,FP,FN,TN
2,41,0.4513406455516815,awake,0.8417427791945911,0.8768050464581024,0.9371771158874929,0.9059864442907914,0.40968483157687585,0.6811009908062887,[[ 10683 14452][ 6895 102858]],10683,14452,6895,102858
2,41,0.4513406455516815,asleep,0.8417427791945911,0.6077483217658437,0.4250248657250845,0.5002224147215133,0.40968483157687585,0.6811009908062887,[[ 102858 6895][ 14452 10683]],102858,6895,14452,10683
2,41,0.4513406455516815,avg,0.8417427791945911,0.742276684111973,0.6811009908062887,0.7031044295061524,0.40968483157687585,0.6811009908062887,,,,,
