client,round,loss,class,accuracy,precision,recall,f1_score,cohen_kappa_score,roc_auc_score,confusion_matrix,TP,FP,FN,TN
1,29,0.6191726326942444,awake,0.733178637091513,0.8291183294663573,0.8465463358632566,0.8377417013430231,0.08780711499994553,0.54235015221649,[[ 5986 19149][ 16842 92911]],5986,19149,16842,92911
1,29,0.6191726326942444,asleep,0.733178637091513,0.262221832836867,0.23815396856972348,0.249609073660947,0.08780711499994553,0.5423501522164901,[[ 92911 16842][ 19149 5986]],92911,16842,19149,5986
1,29,0.6191726326942444,avg,0.733178637091513,0.5456700811516122,0.54235015221649,0.5436753875019851,0.08780711499994553,0.54235015221649,,,,,
