client,round,loss,class,accuracy,precision,recall,f1_score,cohen_kappa_score,roc_auc_score,confusion_matrix,TP,FP,FN,TN
9,113,0.5852504372596741,awake,0.8406974675286163,0.8693930846300001,0.9463887091924594,0.9062584523570625,0.3826200056579664,0.6627905352208567,[[ 9531 15604][ 5884 103869]],9531,15604,5884,103869
9,113,0.5852504372596741,asleep,0.8406974675286163,0.6182938696075252,0.37919236124925404,0.4700863131935882,0.3826200056579664,0.6627905352208567,[[ 103869 5884][ 15604 9531]],103869,5884,15604,9531
9,113,0.5852504372596741,avg,0.8406974675286163,0.7438434771187626,0.6627905352208567,0.6881723827753253,0.3826200056579664,0.6627905352208567,,,,,
