client,round,loss,class,accuracy,precision,recall,f1_score,cohen_kappa_score,roc_auc_score,confusion_matrix,TP,FP,FN,TN
5,2,0.5256068706512451,awake,0.7778675642014116,0.8294656866793294,0.915145827448908,0.8702018254831206,0.11327850080062984,0.546791135327796,[[ 4485 20650][ 9313 100440]],4485,20650,9313,100440
5,2,0.5256068706512451,asleep,0.7778675642014116,0.3250471082765618,0.17843644320668392,0.23039580818328925,0.11327850080062984,0.546791135327796,[[ 100440 9313][ 20650 4485]],100440,9313,20650,4485
5,2,0.5256068706512451,avg,0.7778675642014116,0.5772563974779457,0.546791135327796,0.5502988168332049,0.11327850080062984,0.546791135327796,,,,,
