client,round,loss,class,accuracy,precision,recall,f1_score,cohen_kappa_score,roc_auc_score,confusion_matrix,TP,FP,FN,TN
17,84,0.6102529168128967,awake,0.8124518118735543,0.8336322480228175,0.9613586872340619,0.8929511429321012,0.16655901278902385,0.5618012851328456,[[ 4078 21057][ 4241 105512]],4078,21057,4241,105512
17,84,0.6102529168128967,asleep,0.8124518118735543,0.4902031494169972,0.1622438830316292,0.24379745321934596,0.16655901278902385,0.5618012851328456,[[ 105512 4241][ 21057 4078]],105512,4241,21057,4078
17,84,0.6102529168128967,avg,0.8124518118735543,0.6619176987199074,0.5618012851328456,0.5683742980757236,0.16655901278902385,0.5618012851328456,,,,,
