client,round,loss,class,accuracy,precision,recall,f1_score,cohen_kappa_score,roc_auc_score,confusion_matrix,TP,FP,FN,TN
4,8,0.6175650954246521,awake,0.785644386453947,0.8428199452091973,0.9054057747851995,0.8729925853041431,0.19212155588994118,0.5840535935791922,[[ 6603 18532][ 10382 99371]],6603,18532,10382,99371
4,8,0.6175650954246521,asleep,0.785644386453947,0.388754783632617,0.2627014123731848,0.3135327635327635,0.19212155588994118,0.5840535935791921,[[ 99371 10382][ 18532 6603]],99371,10382,18532,6603
4,8,0.6175650954246521,avg,0.785644386453947,0.6157873644209072,0.5840535935791922,0.5932626744184533,0.19212155588994118,0.5840535935791922,,,,,
