client,round,loss,class,accuracy,precision,recall,f1_score,cohen_kappa_score,roc_auc_score,confusion_matrix,TP,FP,FN,TN
9,40,0.5094364881515503,awake,0.8415351995729791,0.8773805660409586,0.936065528960484,0.9057734949106667,0.41111711660439454,0.682415099869142,[[ 10777 14358][ 7017 102736]],10777,14358,7017,102736
9,40,0.5094364881515503,asleep,0.8415351995729791,0.605653591098123,0.4287646707777999,0.5020848377553636,0.41111711660439454,0.682415099869142,[[ 102736 7017][ 14358 10777]],102736,7017,14358,10777
9,40,0.5094364881515503,avg,0.8415351995729791,0.7415170785695409,0.682415099869142,0.7039291663330152,0.41111711660439454,0.682415099869142,,,,,
