client,round,loss,class,accuracy,precision,recall,f1_score,cohen_kappa_score,roc_auc_score,confusion_matrix,TP,FP,FN,TN
9,81,0.6061248779296875,awake,0.837487396951545,0.8568317732709309,0.9608120051388117,0.9058477397186728,0.32649036073286375,0.6298987417776812,[[ 7515 17620][ 4301 105452]],7515,17620,4301,105452
9,81,0.6061248779296875,asleep,0.837487396951545,0.6360020311442113,0.29898547841655065,0.40675489161321754,0.32649036073286375,0.6298987417776812,[[ 105452 4301][ 17620 7515]],105452,4301,17620,7515
9,81,0.6061248779296875,avg,0.837487396951545,0.7464169022075711,0.6298987417776811,0.6563013156659452,0.32649036073286375,0.6298987417776812,,,,,
