client,round,loss,class,accuracy,precision,recall,f1_score,cohen_kappa_score,roc_auc_score,confusion_matrix,TP,FP,FN,TN
13,125,0.5826905965805054,awake,0.8102129173833106,0.8854889098588195,0.8806319645021092,0.883053758725286,0.3798501630721046,0.6916786239856876,[[ 12636 12499][ 13101 96652]],12636,12499,13101,96652
13,125,0.5826905965805054,asleep,0.8102129173833106,0.49096631309010375,0.5027252834692659,0.49677622267652144,0.3798501630721046,0.6916786239856876,[[ 96652 13101][ 12499 12636]],96652,13101,12499,12636
13,125,0.5826905965805054,avg,0.8102129173833106,0.6882276114744617,0.6916786239856876,0.6899149907009037,0.3798501630721046,0.6916786239856876,,,,,
