client,round,loss,class,accuracy,precision,recall,f1_score,cohen_kappa_score,roc_auc_score,confusion_matrix,TP,FP,FN,TN
9,31,0.5142400860786438,awake,0.8385104679437756,0.8754716336878766,0.9344437054112416,0.9039969325558947,0.39933686841290117,0.6770288946789647,[[ 10547 14588][ 7195 102558]],10547,14588,7195,102558
9,31,0.5142400860786438,asleep,0.8385104679437756,0.5944651110359599,0.41961408394668787,0.4919653893695921,0.39933686841290117,0.6770288946789648,[[ 102558 7195][ 14588 10547]],102558,7195,14588,10547
9,31,0.5142400860786438,avg,0.8385104679437756,0.7349683723619183,0.6770288946789647,0.6979811609627434,0.39933686841290117,0.6770288946789647,,,,,
