client,round,loss,class,accuracy,precision,recall,f1_score,cohen_kappa_score,roc_auc_score,confusion_matrix,TP,FP,FN,TN
14,145,0.5370912551879883,awake,0.8344255975327679,0.876523641751445,0.9271090539666341,0.9011069783917818,0.3952219718601584,0.6784142842938402,[[ 10801 14334][ 8000 101753]],10801,14334,8000,101753
14,145,0.5370912551879883,asleep,0.8344255975327679,0.574490718578799,0.42971951462104635,0.49166970138383104,0.3952219718601584,0.6784142842938403,[[ 101753 8000][ 14334 10801]],101753,8000,14334,10801
14,145,0.5370912551879883,avg,0.8344255975327679,0.7255071801651221,0.6784142842938402,0.6963883398878064,0.3952219718601584,0.6784142842938403,,,,,
