client,round,loss,class,accuracy,precision,recall,f1_score,cohen_kappa_score,roc_auc_score,confusion_matrix,TP,FP,FN,TN
0,131,0.5877252221107483,awake,0.8068619892058597,0.8836503643947381,0.878272120124279,0.8809530337509939,0.3695329850763751,0.686659433843719,[[ 12443 12692][ 13360 96393]],12443,12692,13360,96393
0,131,0.5877252221107483,asleep,0.8068619892058597,0.4822307483625935,0.4950467475631589,0.4885547135733637,0.3695329850763751,0.6866594338437189,[[ 96393 13360][ 12692 12443]],96393,13360,12692,12443
0,131,0.5877252221107483,avg,0.8068619892058597,0.6829405563786658,0.686659433843719,0.6847538736621788,0.3695329850763751,0.6866594338437189,,,,,
