client,round,loss,class,accuracy,precision,recall,f1_score,cohen_kappa_score,roc_auc_score,confusion_matrix,TP,FP,FN,TN
0,28,0.4814273715019226,awake,0.8228826878595575,0.8704525058677344,0.9191092726394723,0.8941194197862977,0.35523983957046135,0.6609073317643352,[[ 10122 15013][ 8878 100875]],10122,15013,8878,100875
0,28,0.4814273715019226,asleep,0.8228826878595575,0.5327368421052632,0.4027053908891983,0.4586835844567803,0.35523983957046135,0.6609073317643354,[[ 100875 8878][ 15013 10122]],100875,8878,15013,10122
0,28,0.4814273715019226,avg,0.8228826878595575,0.7015946739864988,0.6609073317643352,0.676401502121539,0.35523983957046135,0.6609073317643352,,,,,
