client,round,loss,class,accuracy,precision,recall,f1_score,cohen_kappa_score,roc_auc_score,confusion_matrix,TP,FP,FN,TN
14,110,0.5264042615890503,awake,0.8390590712294644,0.8649461973372241,0.950634606798903,0.9057683208973039,0.3630332943951474,0.6512472815176135,[[ 8844 16291][ 5418 104335]],8844,16291,5418,104335
14,110,0.5264042615890503,asleep,0.8390590712294644,0.6201093815734119,0.3518599562363239,0.44896819554788436,0.3630332943951474,0.6512472815176134,[[ 104335 5418][ 16291 8844]],104335,5418,16291,8844
14,110,0.5264042615890503,avg,0.8390590712294644,0.7425277894553179,0.6512472815176135,0.6773682582225942,0.3630332943951474,0.6512472815176134,,,,,
