client,round,loss,class,accuracy,precision,recall,f1_score,cohen_kappa_score,roc_auc_score,confusion_matrix,TP,FP,FN,TN
14,87,0.4929729402065277,awake,0.841357274183026,0.8875515396087376,0.921815349010961,0.90435901905311,0.440472113866509,0.7059245831985379,[[ 12317 12818][ 8581 101172]],12317,12818,8581,101172
14,87,0.4929729402065277,asleep,0.841357274183026,0.589386544166906,0.49003381738611496,0.5351378359003324,0.440472113866509,0.7059245831985379,[[ 101172 8581][ 12818 12317]],101172,8581,12818,12317
14,87,0.4929729402065277,avg,0.841357274183026,0.7384690418878217,0.7059245831985379,0.7197484274767212,0.440472113866509,0.7059245831985379,,,,,
