client,round,loss,class,accuracy,precision,recall,f1_score,cohen_kappa_score,roc_auc_score,confusion_matrix,TP,FP,FN,TN
3,144,0.6436508297920227,awake,0.8211627424233439,0.861350708100535,0.9298880212841563,0.8943081594293701,0.31902696038550005,0.6381487052909741,[[ 8707 16428][ 7695 102058]],8707,16428,7695,102058
3,144,0.6436508297920227,asleep,0.8211627424233439,0.5308498963541032,0.3464093892977919,0.4192406769867829,0.31902696038550005,0.6381487052909741,[[ 102058 7695][ 16428 8707]],102058,7695,16428,8707
3,144,0.6436508297920227,avg,0.8211627424233439,0.6961003022273191,0.6381487052909741,0.6567744182080766,0.31902696038550005,0.6381487052909741,,,,,
