client,round,loss,class,accuracy,precision,recall,f1_score,cohen_kappa_score,roc_auc_score,confusion_matrix,TP,FP,FN,TN
17,114,0.5845893621444702,awake,0.8149501808908132,0.8438331278790632,0.948019644109956,0.892897445689252,0.22964346558348991,0.5909583002726029,[[ 5879 19256][ 5705 104048]],5879,19256,5705,104048
17,114,0.5845893621444702,asleep,0.8149501808908132,0.507510359116022,0.23389695643524966,0.320215692148479,0.22964346558348991,0.5909583002726029,[[ 104048 5705][ 19256 5879]],104048,5705,19256,5879
17,114,0.5845893621444702,avg,0.8149501808908132,0.6756717434975426,0.5909583002726029,0.6065565689188654,0.22964346558348991,0.5909583002726029,,,,,
