client,round,loss,class,accuracy,precision,recall,f1_score,cohen_kappa_score,roc_auc_score,confusion_matrix,TP,FP,FN,TN
5,184,0.707460880279541,awake,0.7677702983215705,0.8345618974490231,0.8912649312547265,0.8619819089455109,0.1352602292272611,0.5598954455358575,[[ 5744 19391][ 11934 97819]],5744,19391,11934,97819
5,184,0.707460880279541,asleep,0.7677702983215705,0.32492363389523704,0.22852595981698826,0.26832971293765917,0.1352602292272611,0.5598954455358574,[[ 97819 11934][ 19391 5744]],97819,11934,19391,5744
5,184,0.707460880279541,avg,0.7677702983215705,0.5797427656721301,0.5598954455358574,0.5651558109415851,0.1352602292272611,0.5598954455358574,,,,,
