client,round,loss,class,accuracy,precision,recall,f1_score,cohen_kappa_score,roc_auc_score,confusion_matrix,TP,FP,FN,TN
18,143,0.6383615732192993,awake,0.8231718166182315,0.8331226295828066,0.9787158437582572,0.9000695474388946,0.1738334857347401,0.5613491691438989,[[ 3619 21516][ 2336 107417]],3619,21516,2336,107417
18,143,0.6383615732192993,asleep,0.8231718166182315,0.6077246011754828,0.14398249452954048,0.23280797684142812,0.1738334857347401,0.5613491691438988,[[ 107417 2336][ 21516 3619]],107417,2336,21516,3619
18,143,0.6383615732192993,avg,0.8231718166182315,0.7204236153791447,0.5613491691438988,0.5664387621401613,0.1738334857347401,0.5613491691438988,,,,,
