client,round,loss,class,accuracy,precision,recall,f1_score,cohen_kappa_score,roc_auc_score,confusion_matrix,TP,FP,FN,TN
7,30,0.5459519624710083,awake,0.8263967143111322,0.8419355860779747,0.968456443104061,0.9007750032839122,0.23364420786929097,0.5872717863023786,[[ 5180 19955][ 3462 106291]],5180,19955,3462,106291
7,30,0.5459519624710083,asleep,0.8263967143111322,0.5993982874334645,0.20608712950069624,0.30671758889184947,0.23364420786929097,0.5872717863023786,[[ 106291 3462][ 19955 5180]],106291,3462,19955,5180
7,30,0.5459519624710083,avg,0.8263967143111322,0.7206669367557196,0.5872717863023786,0.6037462960878809,0.23364420786929097,0.5872717863023786,,,,,
