client,round,loss,class,accuracy,precision,recall,f1_score,cohen_kappa_score,roc_auc_score,confusion_matrix,TP,FP,FN,TN
10,177,0.5715007781982422,awake,0.7931098392740644,0.9106590936458877,0.8268475576977394,0.8667319309472075,0.409241420417367,0.7363201385067174,[[ 16232 8903][ 19004 90749]],16232,8903,19004,90749
10,177,0.5715007781982422,asleep,0.7931098392740644,0.46066522874333066,0.6457927193156953,0.5377416309155058,0.409241420417367,0.7363201385067173,[[ 90749 19004][ 8903 16232]],90749,19004,8903,16232
10,177,0.5715007781982422,avg,0.7931098392740644,0.6856621611946092,0.7363201385067173,0.7022367809313566,0.409241420417367,0.7363201385067173,,,,,
