client,round,loss,class,accuracy,precision,recall,f1_score,cohen_kappa_score,roc_auc_score,confusion_matrix,TP,FP,FN,TN
1,91,0.6636708974838257,awake,0.7307025087479984,0.8270909803642066,0.8458629832441937,0.8363716626801263,0.07664058829925469,0.5368562976694412,[[ 5727 19408][ 16917 92836]],5727,19408,16917,92836
1,91,0.6636708974838257,asleep,0.7307025087479984,0.2529146793852676,0.22784961209468868,0.23972875112497125,0.07664058829925469,0.5368562976694412,[[ 92836 16917][ 19408 5727]],92836,16917,19408,5727
1,91,0.6636708974838257,avg,0.7307025087479984,0.5400028298747371,0.5368562976694412,0.5380502069025488,0.07664058829925469,0.5368562976694412,,,,,
