client,round,loss,class,accuracy,precision,recall,f1_score,cohen_kappa_score,roc_auc_score,confusion_matrix,TP,FP,FN,TN
11,153,0.5730916857719421,awake,0.8333358045193049,0.8667568794230867,0.9396098512113564,0.9017142407456795,0.35980144718425766,0.6544478537934642,[[ 9282 15853][ 6628 103125]],9282,15853,6628,103125
11,153,0.5730916857719421,asleep,0.8333358045193049,0.5834066624764299,0.36928585637557193,0.45228407845048113,0.35980144718425766,0.6544478537934642,[[ 103125 6628][ 15853 9282]],103125,6628,15853,9282
11,153,0.5730916857719421,avg,0.8333358045193049,0.7250817709497583,0.6544478537934642,0.6769991595980803,0.35980144718425766,0.6544478537934642,,,,,
