client,round,loss,class,accuracy,precision,recall,f1_score,cohen_kappa_score,roc_auc_score,confusion_matrix,TP,FP,FN,TN
4,127,0.6891493201255798,awake,0.8209477492438171,0.8520617581495586,0.9438101919765292,0.8955923293735194,0.2788085341992165,0.6141370434718532,[[ 7150 17985][ 6167 103586]],7150,17985,6167,103586
4,127,0.6891493201255798,asleep,0.8209477492438171,0.5369077119471353,0.2844638949671772,0.3718922292728597,0.2788085341992165,0.6141370434718532,[[ 103586 6167][ 17985 7150]],103586,6167,17985,7150
4,127,0.6891493201255798,avg,0.8209477492438171,0.694484735048347,0.6141370434718532,0.6337422793231895,0.2788085341992165,0.6141370434718532,,,,,
