client,round,loss,class,accuracy,precision,recall,f1_score,cohen_kappa_score,roc_auc_score,confusion_matrix,TP,FP,FN,TN
18,93,0.5808929204940796,awake,0.8291545578554059,0.8395998809355956,0.9766020063232895,0.9029336815281259,0.2232376167340694,0.5809606411166875,[[ 4658 20477][ 2568 107185]],4658,20477,2568,107185
18,93,0.5808929204940796,asleep,0.8291545578554059,0.6446166620536949,0.18531927591008554,0.28787738326998547,0.2232376167340694,0.5809606411166874,[[ 107185 2568][ 20477 4658]],107185,2568,20477,4658
18,93,0.5808929204940796,avg,0.8291545578554059,0.7421082714946452,0.5809606411166875,0.5954055323990557,0.2232376167340694,0.5809606411166874,,,,,
