client,round,loss,class,accuracy,precision,recall,f1_score,cohen_kappa_score,roc_auc_score,confusion_matrix,TP,FP,FN,TN
2,134,0.48297926783561707,awake,0.8357748650732459,0.8889885524995338,0.9120570736107442,0.9003750775789957,0.4336857393410083,0.7073712859599374,[[ 12635 12500][ 9652 100101]],12635,12500,9652,100101
2,134,0.48297926783561707,asleep,0.8357748650732459,0.56692242114237,0.5026854983091307,0.5328750369027034,0.4336857393410083,0.7073712859599375,[[ 100101 9652][ 12500 12635]],100101,9652,12500,12635
2,134,0.48297926783561707,avg,0.8357748650732459,0.7279554868209519,0.7073712859599375,0.7166250572408496,0.4336857393410083,0.7073712859599375,,,,,
