client,round,loss,class,accuracy,precision,recall,f1_score,cohen_kappa_score,roc_auc_score,confusion_matrix,TP,FP,FN,TN
0,95,0.6192067861557007,awake,0.7918717751023071,0.8562941120019543,0.8942899055151112,0.8748796662744679,0.25823661713596313,0.6194743738834756,[[ 8663 16472][ 11602 98151]],8663,16472,11602,98151
0,95,0.6192067861557007,asleep,0.7918717751023071,0.42748581297804095,0.34465884225184007,0.38162995594713656,0.25823661713596313,0.6194743738834757,[[ 98151 11602][ 16472 8663]],98151,11602,16472,8663
0,95,0.6192067861557007,avg,0.7918717751023071,0.6418899624899976,0.6194743738834756,0.6282548111108022,0.25823661713596313,0.6194743738834756,,,,,
