client,round,loss,class,accuracy,precision,recall,f1_score,cohen_kappa_score,roc_auc_score,confusion_matrix,TP,FP,FN,TN
3,124,0.7197610139846802,awake,0.8221709862997449,0.8453682972794485,0.9563838801672847,0.8974559569765602,0.24713906402086128,0.5962544027850547,[[ 5935 19200][ 4787 104966]],5935,19200,4787,104966
3,124,0.7197610139846802,asleep,0.8221709862997449,0.5535347882857676,0.23612492540282476,0.3310371754469142,0.24713906402086128,0.5962544027850548,[[ 104966 4787][ 19200 5935]],104966,4787,19200,5935
3,124,0.7197610139846802,avg,0.8221709862997449,0.699451542782608,0.5962544027850547,0.6142465662117372,0.24713906402086128,0.5962544027850547,,,,,
