client,round,loss,class,accuracy,precision,recall,f1_score,cohen_kappa_score,roc_auc_score,confusion_matrix,TP,FP,FN,TN
2,169,0.4885374903678894,awake,0.8462650495225669,0.8869116956725838,0.9295873461317686,0.9077482238741564,0.4483346833909624,0.7060110989660235,[[ 12126 13009][ 7728 102025]],12126,13009,7728,102025
2,169,0.4885374903678894,asleep,0.8462650495225669,0.6107585373224539,0.4824348518002785,0.5390651048033964,0.4483346833909624,0.7060110989660235,[[ 102025 7728][ 13009 12126]],102025,7728,13009,12126
2,169,0.4885374903678894,avg,0.8462650495225669,0.7488351164975189,0.7060110989660235,0.7234066643387764,0.4483346833909624,0.7060110989660235,,,,,
