client,round,loss,class,accuracy,precision,recall,f1_score,cohen_kappa_score,roc_auc_score,confusion_matrix,TP,FP,FN,TN
13,181,0.6083141565322876,awake,0.8154024079236107,0.8891375530831812,0.8832560385593105,0.8861870372063261,0.39794188963100496,0.7011864040021537,[[ 13048 12087][ 12813 96940]],13048,12087,12813,96940
13,181,0.6083141565322876,asleep,0.8154024079236107,0.5045435211322068,0.519116769444997,0.5117264099145031,0.39794188963100496,0.7011864040021537,[[ 96940 12813][ 12087 13048]],96940,12813,12087,13048
13,181,0.6083141565322876,avg,0.8154024079236107,0.696840537107694,0.7011864040021537,0.6989567235604146,0.39794188963100496,0.7011864040021537,,,,,
