client,round,loss,class,accuracy,precision,recall,f1_score,cohen_kappa_score,roc_auc_score,confusion_matrix,TP,FP,FN,TN
3,107,0.6459277272224426,awake,0.8236536978826878,0.8589154795504267,0.9372135613605095,0.8963579087712572,0.3130377793237148,0.6325017478574977,[[ 8239 16896][ 6891 102862]],8239,16896,6891,102862
3,107,0.6459277272224426,asleep,0.8236536978826878,0.5445472571050892,0.3277899343544858,0.4092387929963988,0.3130377793237148,0.6325017478574977,[[ 102862 6891][ 16896 8239]],102862,6891,16896,8239
3,107,0.6459277272224426,avg,0.8236536978826878,0.701731368327758,0.6325017478574977,0.652798350883828,0.3130377793237148,0.6325017478574977,,,,,
