client,round,loss,class,accuracy,precision,recall,f1_score,cohen_kappa_score,roc_auc_score,confusion_matrix,TP,FP,FN,TN
16,141,0.6508769392967224,awake,0.8193315936184093,0.8711626572538927,0.9129773218044154,0.8915799870091737,0.35182679823421925,0.6617005168799279,[[ 10316 14819][ 9551 100202]],10316,14819,9551,100202
16,141,0.6508769392967224,asleep,0.8193315936184093,0.5192530326672371,0.41042371195544064,0.4584685125105551,0.35182679823421925,0.661700516879928,[[ 100202 9551][ 14819 10316]],100202,9551,14819,10316
16,141,0.6508769392967224,avg,0.8193315936184093,0.695207844960565,0.661700516879928,0.6750242497598644,0.35182679823421925,0.6617005168799279,,,,,
