client,round,loss,class,accuracy,precision,recall,f1_score,cohen_kappa_score,roc_auc_score,confusion_matrix,TP,FP,FN,TN
6,55,0.5280278325080872,awake,0.760875689460886,0.8940629703453606,0.8010259400654196,0.8449912295456183,0.32896204985675925,0.6932919634681582,[[ 14718 10417][ 21838 87915]],14718,10417,21838,87915
6,55,0.5280278325080872,asleep,0.760875689460886,0.4026151657730605,0.5855579868708971,0.4771522588384043,0.32896204985675925,0.6932919634681584,[[ 87915 21838][ 10417 14718]],87915,21838,10417,14718
6,55,0.5280278325080872,avg,0.760875689460886,0.6483390680592106,0.6932919634681584,0.6610717441920113,0.32896204985675925,0.6932919634681582,,,,,
