client,round,loss,class,accuracy,precision,recall,f1_score,cohen_kappa_score,roc_auc_score,confusion_matrix,TP,FP,FN,TN
6,18,0.7542688846588135,awake,0.6119595516280173,0.9137849019070821,0.5775878563683908,0.7077922802943181,0.2097400138366703,0.6698164067996718,[[ 19154 5981][ 46361 63392]],19154,5981,46361,63392
6,18,0.7542688846588135,asleep,0.6119595516280173,0.2923605281233305,0.7620449572309529,0.422592388306674,0.2097400138366703,0.6698164067996719,[[ 63392 46361][ 5981 19154]],63392,46361,5981,19154
6,18,0.7542688846588135,avg,0.6119595516280173,0.6030727150152063,0.6698164067996719,0.5651923343004961,0.2097400138366703,0.6698164067996719,,,,,
