client,round,loss,class,accuracy,precision,recall,f1_score,cohen_kappa_score,roc_auc_score,confusion_matrix,TP,FP,FN,TN
0,62,0.6267865300178528,awake,0.7598526184686555,0.8814971890719006,0.8143285377165089,0.8465826477789933,0.2980776640104149,0.6681549193456227,[[ 13120 12015][ 20378 89375]],13120,12015,20378,89375
0,62,0.6267865300178528,asleep,0.7598526184686555,0.3916651740402412,0.5219813009747364,0.4475295482066413,0.2980776640104149,0.6681549193456227,[[ 89375 20378][ 12015 13120]],89375,20378,12015,13120
0,62,0.6267865300178528,avg,0.7598526184686555,0.6365811815560709,0.6681549193456227,0.6470560979928173,0.2980776640104149,0.6681549193456227,,,,,
