client,round,loss,class,accuracy,precision,recall,f1_score,cohen_kappa_score,roc_auc_score,confusion_matrix,TP,FP,FN,TN
12,59,0.6549080610275269,awake,0.8194057291975565,0.8344574217250644,0.970597614643791,0.897393560561387,0.17896587379109952,0.5649089127525699,[[ 4002 21133][ 3227 106526]],4002,21133,3227,106526
12,59,0.6549080610275269,asleep,0.8194057291975565,0.5536035412920183,0.15922021086134872,0.24731182795698925,0.17896587379109952,0.5649089127525699,[[ 106526 3227][ 21133 4002]],106526,3227,21133,4002
12,59,0.6549080610275269,avg,0.8194057291975565,0.6940304815085414,0.5649089127525698,0.5723526942591881,0.17896587379109952,0.5649089127525699,,,,,
