client,round,loss,class,accuracy,precision,recall,f1_score,cohen_kappa_score,roc_auc_score,confusion_matrix,TP,FP,FN,TN
2,151,0.4798045754432678,awake,0.843195836545875,0.8769977023232065,0.9389811668018186,0.9069316166731936,0.4130685229085791,0.6819632311033164,[[ 10681 14454][ 6697 103056]],10681,14454,6697,103056
2,151,0.4798045754432678,asleep,0.843195836545875,0.61462769018299,0.424945295404814,0.5024815938654059,0.4130685229085791,0.6819632311033164,[[ 103056 6697][ 14454 10681]],103056,6697,14454,10681
2,151,0.4798045754432678,avg,0.843195836545875,0.7458126962530982,0.6819632311033164,0.7047066052692997,0.4130685229085791,0.6819632311033164,,,,,
