client,round,loss,class,accuracy,precision,recall,f1_score,cohen_kappa_score,roc_auc_score,confusion_matrix,TP,FP,FN,TN
18,163,0.6506494283676147,awake,0.8218151355198386,0.8362386832567116,0.9711989649485663,0.8986801225871452,0.19321196597208057,0.5703617661424749,[[ 4261 20874][ 3161 106592]],4261,20874,3161,106592
18,163,0.6506494283676147,asleep,0.8218151355198386,0.5741040150902722,0.16952456733638352,0.2617563043277943,0.19321196597208057,0.5703617661424749,[[ 106592 3161][ 20874 4261]],106592,3161,20874,4261
18,163,0.6506494283676147,avg,0.8218151355198386,0.7051713491734919,0.5703617661424749,0.5802182134574698,0.19321196597208057,0.5703617661424749,,,,,
