client,round,loss,class,accuracy,precision,recall,f1_score,cohen_kappa_score,roc_auc_score,confusion_matrix,TP,FP,FN,TN
9,123,0.6198557615280151,awake,0.8408234980131665,0.8672296173044926,0.9497781381830109,0.9066287458741569,0.37491780486460247,0.6574233837921222,[[ 9176 15959][ 5512 104241]],9176,15959,5512,104241
9,123,0.6198557615280151,asleep,0.8408234980131665,0.6247276688453159,0.36506862940123336,0.4608392135198252,0.37491780486460247,0.6574233837921222,[[ 104241 5512][ 15959 9176]],104241,5512,15959,9176
9,123,0.6198557615280151,avg,0.8408234980131665,0.7459786430749042,0.6574233837921222,0.683733979696991,0.37491780486460247,0.6574233837921222,,,,,
