client,round,loss,class,accuracy,precision,recall,f1_score,cohen_kappa_score,roc_auc_score,confusion_matrix,TP,FP,FN,TN
0,126,0.5774732232093811,awake,0.810435324120752,0.8797398121667583,0.8884768525689503,0.8840867468131789,0.36422957261429245,0.6790703339829036,[[ 11805 13330][ 12240 97513]],11805,13330,12240,97513
0,126,0.5774732232093811,asleep,0.810435324120752,0.4909544603867748,0.469663815396857,0.4800732004880032,0.36422957261429245,0.6790703339829035,[[ 97513 12240][ 13330 11805]],97513,12240,13330,11805
0,126,0.5774732232093811,avg,0.810435324120752,0.6853471362767666,0.6790703339829036,0.682079973650591,0.36422957261429245,0.6790703339829036,,,,,
