client,round,loss,class,accuracy,precision,recall,f1_score,cohen_kappa_score,roc_auc_score,confusion_matrix,TP,FP,FN,TN
14,73,0.472800612449646,awake,0.8425656841231244,0.8808853776710643,0.9326214317604075,0.9060154369069536,0.4238583591226577,0.6909775151640709,[[ 11294 13841][ 7395 102358]],11294,13841,7395,102358
14,73,0.472800612449646,asleep,0.8425656841231244,0.6043126973085773,0.44933359856773425,0.5154253377144943,0.4238583591226577,0.6909775151640709,[[ 102358 7395][ 13841 11294]],102358,7395,13841,11294
14,73,0.472800612449646,avg,0.8425656841231244,0.7425990374898208,0.6909775151640709,0.710720387310724,0.4238583591226577,0.6909775151640709,,,,,
