client,round,loss,class,accuracy,precision,recall,f1_score,cohen_kappa_score,roc_auc_score,confusion_matrix,TP,FP,FN,TN
5,28,0.5332269072532654,awake,0.7780010082438764,0.8390660050302494,0.8997293923628511,0.8683394814479359,0.16645584801748325,0.5730992297004229,[[ 6195 18940][ 11005 98748]],6195,18940,11005,98748
5,28,0.5332269072532654,asleep,0.7780010082438764,0.36017441860465116,0.24646906703799482,0.29266564308491794,0.16645584801748325,0.5730992297004229,[[ 98748 11005][ 18940 6195]],98748,11005,18940,6195
5,28,0.5332269072532654,avg,0.7780010082438764,0.5996202118174503,0.5730992297004229,0.5805025622664269,0.16645584801748325,0.5730992297004229,,,,,
