client,round,loss,class,accuracy,precision,recall,f1_score,cohen_kappa_score,roc_auc_score,confusion_matrix,TP,FP,FN,TN
13,177,0.6291544437408447,awake,0.8080333313563846,0.8875292290913797,0.8749464707115068,0.8811929341592108,0.3816920771100518,0.6954004285127058,[[ 12966 12169][ 13725 96028]],12966,12169,13725,96028
13,177,0.6291544437408447,asleep,0.8080333313563846,0.48578172417668875,0.5158543863139049,0.5003666113533748,0.3816920771100518,0.6954004285127058,[[ 96028 13725][ 12169 12966]],96028,13725,12169,12966
13,177,0.6291544437408447,avg,0.8080333313563846,0.6866554766340343,0.6954004285127058,0.6907797727562928,0.3816920771100518,0.6954004285127058,,,,,
