client,round,loss,class,accuracy,precision,recall,f1_score,cohen_kappa_score,roc_auc_score,confusion_matrix,TP,FP,FN,TN
15,16,0.8555939793586731,awake,0.5027578435442738,0.7858089919241432,0.5346004209452133,0.6363084264179589,-0.0661094611034947,0.4491581774509237,[[ 9142 15993][ 51079 58674]],9142,15993,51079,58674
15,16,0.8555939793586731,asleep,0.5027578435442738,0.15180750900848541,0.36371593395663415,0.21420872580720748,-0.0661094611034947,0.4491581774509238,[[ 58674 51079][ 15993 9142]],58674,51079,15993,9142
15,16,0.8555939793586731,avg,0.5027578435442738,0.4688082504663143,0.44915817745092373,0.4252585761125832,-0.0661094611034947,0.44915817745092373,,,,,
