client,round,loss,class,accuracy,precision,recall,f1_score,cohen_kappa_score,roc_auc_score,confusion_matrix,TP,FP,FN,TN
1,97,0.6664392948150635,awake,0.7144371626831149,0.823673209741912,0.8258270844532724,0.8247487408607189,0.054113814538140015,0.5269378111743187,[[ 5732 19403][ 19116 90637]],5732,19403,19116,90637
1,97,0.6664392948150635,asleep,0.7144371626831149,0.23068254990341275,0.22804853789536503,0.2293579817137827,0.054113814538140015,0.5269378111743187,[[ 90637 19116][ 19403 5732]],90637,19116,19403,5732
1,97,0.6664392948150635,avg,0.7144371626831149,0.5271778798226624,0.5269378111743187,0.5270533612872508,0.054113814538140015,0.5269378111743187,,,,,
