client,round,loss,class,accuracy,precision,recall,f1_score,cohen_kappa_score,roc_auc_score,confusion_matrix,TP,FP,FN,TN
15,189,1.1097348928451538,awake,0.5017273589941285,0.7887021906132088,0.5294616092498611,0.6335897421918869,-0.05788643988647091,0.4550431181319924,[[ 9567 15568][ 51643 58110]],9567,15568,51643,58110
15,189,1.1097348928451538,asleep,0.5017273589941285,0.1562979905244241,0.38062462701412375,0.22159939776478083,-0.05788643988647091,0.4550431181319924,[[ 58110 51643][ 15568 9567]],58110,51643,15568,9567
15,189,1.1097348928451538,avg,0.5017273589941285,0.4725000905688165,0.4550431181319924,0.4275945699783339,-0.05788643988647091,0.4550431181319924,,,,,
