client,round,loss,class,accuracy,precision,recall,f1_score,cohen_kappa_score,roc_auc_score,confusion_matrix,TP,FP,FN,TN
13,15,0.4751998484134674,awake,0.8152689638811459,0.8755123540399614,0.9010869862327225,0.8881155932325157,0.35929461225136017,0.6708140322052811,[[ 11073 14062][ 10856 98897]],11073,14062,10856,98897
13,15,0.4751998484134674,asleep,0.8152689638811459,0.5049477860367549,0.44054107817783966,0.4705507394186639,0.35929461225136017,0.670814032205281,[[ 98897 10856][ 14062 11073]],98897,10856,14062,11073
13,15,0.4751998484134674,avg,0.8152689638811459,0.6902300700383581,0.6708140322052811,0.6793331663255897,0.35929461225136017,0.6708140322052811,,,,,
