client,round,loss,class,accuracy,precision,recall,f1_score,cohen_kappa_score,roc_auc_score,confusion_matrix,TP,FP,FN,TN
1,174,0.7890991568565369,awake,0.6315609987545223,0.8466218010135174,0.6682459704973895,0.7469319998777891,0.10306758825980755,0.5698102738900315,[[ 11848 13287][ 36411 73342]],11848,13287,36411,73342
1,174,0.7890991568565369,asleep,0.6315609987545223,0.245508609792992,0.47137457728267357,0.3228601793062103,0.10306758825980755,0.5698102738900316,[[ 73342 36411][ 13287 11848]],73342,36411,13287,11848
1,174,0.7890991568565369,avg,0.6315609987545223,0.5460652054032546,0.5698102738900316,0.5348960895919997,0.10306758825980755,0.5698102738900315,,,,,
