client,round,loss,class,accuracy,precision,recall,f1_score,cohen_kappa_score,roc_auc_score,confusion_matrix,TP,FP,FN,TN
7,77,0.6146703362464905,awake,0.8270861751972006,0.8585878701882784,0.9427623846272994,0.8987084502271286,0.3170677992797346,0.6323718428010179,[[ 8093 17042][ 6282 103471]],8093,17042,6282,103471
7,77,0.6146703362464905,asleep,0.8270861751972006,0.5629913043478261,0.32198130097473643,0.4096684383700329,0.3170677992797346,0.6323718428010179,[[ 103471 6282][ 17042 8093]],103471,6282,17042,8093
7,77,0.6146703362464905,avg,0.8270861751972006,0.7107895872680523,0.6323718428010179,0.6541884442985808,0.3170677992797346,0.6323718428010179,,,,,
