client,round,loss,class,accuracy,precision,recall,f1_score,cohen_kappa_score,roc_auc_score,confusion_matrix,TP,FP,FN,TN
0,189,0.6350127458572388,awake,0.8015687088547536,0.8665082631853233,0.8938252257341485,0.8799547913134738,0.3089465533541653,0.6462760503049099,[[ 10022 15113][ 11653 98100]],10022,15113,11653,98100
0,189,0.6350127458572388,asleep,0.8015687088547536,0.4623760092272203,0.3987268748756714,0.4281991027558214,0.3089465533541653,0.6462760503049099,[[ 98100 11653][ 15113 10022]],98100,11653,15113,10022
0,189,0.6350127458572388,avg,0.8015687088547536,0.6644421362062718,0.6462760503049099,0.6540769470346476,0.3089465533541653,0.6462760503049099,,,,,
