client,round,loss,class,accuracy,precision,recall,f1_score,cohen_kappa_score,roc_auc_score,confusion_matrix,TP,FP,FN,TN
3,176,0.6729537844657898,awake,0.8243431587687563,0.8565261701369613,0.9418876932748991,0.8971810938883199,0.30395839035911465,0.6264839301862859,[[ 7819 17316][ 6378 103375]],7819,17316,6378,103375
3,176,0.6729537844657898,asleep,0.8243431587687563,0.5507501584841868,0.31108016709767256,0.3975897488050442,0.30395839035911465,0.6264839301862859,[[ 103375 6378][ 17316 7819]],103375,6378,17316,7819
3,176,0.6729537844657898,avg,0.8243431587687563,0.703638164310574,0.6264839301862858,0.6473854213466821,0.30395839035911465,0.6264839301862859,,,,,
