client,round,loss,class,accuracy,precision,recall,f1_score,cohen_kappa_score,roc_auc_score,confusion_matrix,TP,FP,FN,TN
6,184,0.6619369387626648,awake,0.730450447778898,0.8892589685385154,0.7638424462201489,0.821793194038044,0.2816271434294123,0.6742426872039674,[[ 14695 10440][ 25919 83834]],14695,10440,25919,83834
6,184,0.6619369387626648,asleep,0.730450447778898,0.3618210469296302,0.584642928187786,0.4470029962432888,0.2816271434294123,0.6742426872039674,[[ 83834 25919][ 10440 14695]],83834,25919,10440,14695
6,184,0.6619369387626648,avg,0.730450447778898,0.6255400077340728,0.6742426872039674,0.6343980951406664,0.2816271434294123,0.6742426872039674,,,,,
