client,round,loss,class,accuracy,precision,recall,f1_score,cohen_kappa_score,roc_auc_score,confusion_matrix,TP,FP,FN,TN
16,116,0.6423380374908447,awake,0.8188497123539529,0.8665681337755856,0.9188450429601013,0.8919412542509297,0.33508776000883433,0.6505305381898179,[[ 9607 15528][ 8907 100846]],9607,15528,8907,100846
16,116,0.6423380374908447,asleep,0.8188497123539529,0.518904612725505,0.38221603341953453,0.44019336067263853,0.33508776000883433,0.650530538189818,[[ 100846 8907][ 15528 9607]],100846,8907,15528,9607
16,116,0.6423380374908447,avg,0.8188497123539529,0.6927363732505454,0.6505305381898179,0.6660673074617841,0.33508776000883433,0.6505305381898179,,,,,
