client,round,loss,class,accuracy,precision,recall,f1_score,cohen_kappa_score,roc_auc_score,confusion_matrix,TP,FP,FN,TN
18,18,0.5333914160728455,awake,0.8213554949291264,0.8285010815039808,0.9841644419742512,0.8996489357714875,0.1383688849564939,0.5473040232548798,[[ 2776 22359][ 1738 108015]],2776,22359,1738,108015
18,18,0.5333914160728455,asleep,0.8213554949291264,0.614975631369074,0.11044360453550825,0.18725758035684167,0.1383688849564939,0.5473040232548797,[[ 108015 1738][ 22359 2776]],108015,1738,22359,2776
18,18,0.5333914160728455,avg,0.8213554949291264,0.7217383564365274,0.5473040232548797,0.5434532580641646,0.1383688849564939,0.5473040232548798,,,,,
