client,round,loss,class,accuracy,precision,recall,f1_score,cohen_kappa_score,roc_auc_score,confusion_matrix,TP,FP,FN,TN
16,122,0.64879310131073,awake,0.8137417709507146,0.8712482123900017,0.9047953131121701,0.8877049326873224,0.3431916140787191,0.6604740440635447,[[ 10460 14675][ 10449 99304]],10460,14675,10449,99304
16,122,0.64879310131073,asleep,0.8137417709507146,0.5002630446219332,0.41615277501491943,0.45434801494222915,0.3431916140787191,0.6604740440635447,[[ 99304 10449][ 14675 10460]],99304,10449,14675,10460
16,122,0.64879310131073,avg,0.8137417709507146,0.6857556285059674,0.6604740440635448,0.6710264738147758,0.3431916140787191,0.6604740440635447,,,,,
