client,round,loss,class,accuracy,precision,recall,f1_score,cohen_kappa_score,roc_auc_score,confusion_matrix,TP,FP,FN,TN
10,146,0.5868858098983765,awake,0.7743164699602634,0.9060775177922278,0.8062011972337886,0.853226490781455,0.372226632428316,0.7206458542365481,[[ 15963 9172][ 21270 88483]],15963,9172,21270,88483
10,146,0.5868858098983765,asleep,0.7743164699602634,0.42873257594069775,0.6350905112393077,0.5118971267316572,0.372226632428316,0.7206458542365481,[[ 88483 21270][ 9172 15963]],88483,21270,9172,15963
10,146,0.5868858098983765,avg,0.7743164699602634,0.6674050468664627,0.7206458542365481,0.6825618087565561,0.372226632428316,0.7206458542365481,,,,,
