client,round,loss,class,accuracy,precision,recall,f1_score,cohen_kappa_score,roc_auc_score,confusion_matrix,TP,FP,FN,TN
1,154,0.7150965332984924,awake,0.6829369551034933,0.8515350301758069,0.7392053064608712,0.7914041009032913,0.14438408071654296,0.5882221081737418,[[ 10990 14145][ 28623 81130]],10990,14145,28623,81130
1,154,0.7150965332984924,asleep,0.6829369551034933,0.27743417564940803,0.4372389098866123,0.3394699450176067,0.14438408071654296,0.5882221081737418,[[ 81130 28623][ 14145 10990]],81130,28623,14145,10990
1,154,0.7150965332984924,avg,0.6829369551034933,0.5644846029126075,0.5882221081737418,0.565437022960449,0.14438408071654296,0.5882221081737418,,,,,
