client,round,loss,class,accuracy,precision,recall,f1_score,cohen_kappa_score,roc_auc_score,confusion_matrix,TP,FP,FN,TN
14,148,0.5243457555770874,awake,0.8331578791293518,0.8690069362206057,0.9360473062239757,0.9012821693797073,0.3676803691436634,0.6599671581845958,[[ 9649 15486][ 7019 102734]],9649,15486,7019,102734
14,148,0.5243457555770874,asleep,0.8331578791293518,0.5788936885049196,0.3838870101452158,0.46164150898260886,0.3676803691436634,0.6599671581845957,[[ 102734 7019][ 15486 9649]],102734,7019,15486,9649
14,148,0.5243457555770874,avg,0.8331578791293518,0.7239503123627626,0.6599671581845957,0.6814618391811581,0.3676803691436634,0.6599671581845958,,,,,
