client,round,loss,class,accuracy,precision,recall,f1_score,cohen_kappa_score,roc_auc_score,confusion_matrix,TP,FP,FN,TN
18,120,0.6412761211395264,awake,0.8278868394519898,0.8361887446291073,0.9805654515138539,0.9026403193880632,0.1998615044588914,0.570887460190983,[[ 4052 21083][ 2133 107620]],4052,21083,2133,107620
18,120,0.6412761211395264,asleep,0.8278868394519898,0.6551333872271625,0.1612094688681122,0.25874840357598977,0.1998615044588914,0.5708874601909831,[[ 107620 2133][ 21083 4052]],107620,2133,21083,4052
18,120,0.6412761211395264,avg,0.8278868394519898,0.7456610659281349,0.570887460190983,0.5806943614820265,0.1998615044588914,0.570887460190983,,,,,
