client,round,loss,class,accuracy,precision,recall,f1_score,cohen_kappa_score,roc_auc_score,confusion_matrix,TP,FP,FN,TN
18,196,0.6117801666259766,awake,0.8247434908961508,0.856088988132159,0.9431541734622289,0.8975150432656458,0.30266615128679286,0.6254263009742018,[[ 7734 17401][ 6239 103514]],7734,17401,6239,103514
18,196,0.6117801666259766,asleep,0.8247434908961508,0.5534960280541044,0.3076984284861747,0.39552009818962874,0.30266615128679286,0.6254263009742018,[[ 103514 6239][ 17401 7734]],103514,6239,17401,7734
18,196,0.6117801666259766,avg,0.8247434908961508,0.7047925080931317,0.6254263009742018,0.6465175707276373,0.30266615128679286,0.6254263009742018,,,,,
