client,round,loss,class,accuracy,precision,recall,f1_score,cohen_kappa_score,roc_auc_score,confusion_matrix,TP,FP,FN,TN
11,174,0.5801580548286438,awake,0.8331949469189254,0.8697944479762661,0.9349539420334751,0.901197920326003,0.37053905685978994,0.6619070485977998,[[ 9774 15361][ 7139 102614]],9774,15361,7139,102614
11,174,0.5801580548286438,asleep,0.8331949469189254,0.5778986578371667,0.3888601551621245,0.4648972602739726,0.37053905685978994,0.6619070485977998,[[ 102614 7139][ 15361 9774]],102614,7139,15361,9774
11,174,0.5801580548286438,avg,0.8331949469189254,0.7238465529067164,0.6619070485977998,0.6830475902999877,0.37053905685978994,0.6619070485977998,,,,,
