client,round,loss,class,accuracy,precision,recall,f1_score,cohen_kappa_score,roc_auc_score,confusion_matrix,TP,FP,FN,TN
2,186,0.4901959300041199,awake,0.8443078702330823,0.8895365168539325,0.923309613404645,0.9061084708480683,0.451508548263031,0.7113265791312066,[[ 12551 12584][ 8417 101336]],12551,12584,8417,101336
2,186,0.4901959300041199,asleep,0.8443078702330823,0.598578786722625,0.49934354485776805,0.5444764982756004,0.451508548263031,0.7113265791312066,[[ 101336 8417][ 12584 12551]],101336,8417,12584,12551
2,186,0.4901959300041199,avg,0.8443078702330823,0.7440576517882788,0.7113265791312066,0.7252924845618344,0.451508548263031,0.7113265791312066,,,,,
