client,round,loss,class,accuracy,precision,recall,f1_score,cohen_kappa_score,roc_auc_score,confusion_matrix,TP,FP,FN,TN
12,159,0.7535551190376282,awake,0.8225713184271396,0.8419831997067121,0.962588721948375,0.8982557274462539,0.22897739991792299,0.5868841759731929,[[ 5308 19827][ 4106 105647]],5308,19827,4106,105647
12,159,0.7535551190376282,asleep,0.8225713184271396,0.5638410877416613,0.21117962999801074,0.3072737271701062,0.22897739991792299,0.5868841759731929,[[ 105647 4106][ 19827 5308]],105647,4106,19827,5308
12,159,0.7535551190376282,avg,0.8225713184271396,0.7029121437241868,0.5868841759731929,0.6027647273081801,0.22897739991792299,0.5868841759731929,,,,,
