client,round,loss,class,accuracy,precision,recall,f1_score,cohen_kappa_score,roc_auc_score,confusion_matrix,TP,FP,FN,TN
14,13,0.4767318367958069,awake,0.8302295237530396,0.8499794492396219,0.9609577870308784,0.9020681161155683,0.2824285289338959,0.6101785155564179,[[ 6520 18615][ 4285 105468]],6520,18615,4285,105468
14,13,0.4767318367958069,asleep,0.8302295237530396,0.6034243405830634,0.2593992440819574,0.36282693377851977,0.2824285289338959,0.610178515556418,[[ 105468 4285][ 18615 6520]],105468,4285,18615,6520
14,13,0.4767318367958069,avg,0.8302295237530396,0.7267018949113426,0.6101785155564179,0.632447524947044,0.2824285289338959,0.6101785155564179,,,,,
