client,round,loss,class,accuracy,precision,recall,f1_score,cohen_kappa_score,roc_auc_score,confusion_matrix,TP,FP,FN,TN
6,46,0.49398553371429443,awake,0.7824565565506197,0.9116487657038713,0.8112580066148534,0.8585285893356475,0.39477557795208806,0.7339759299038062,[[ 16506 8629][ 20715 89038]],16506,8629,20715,89038
6,46,0.49398553371429443,asleep,0.7824565565506197,0.44345933747078264,0.6566938531927591,0.5294117647058824,0.39477557795208806,0.7339759299038062,[[ 89038 20715][ 8629 16506]],89038,20715,8629,16506
6,46,0.49398553371429443,avg,0.7824565565506197,0.677554051587327,0.7339759299038062,0.6939701770207649,0.39477557795208806,0.7339759299038062,,,,,
