client,round,loss,class,accuracy,precision,recall,f1_score,cohen_kappa_score,roc_auc_score,confusion_matrix,TP,FP,FN,TN
11,96,0.5473712682723999,awake,0.8323868691062215,0.8643204735865149,0.9418512478018825,0.9014218381432826,0.34894531470571055,0.6481287271434317,[[ 8908 16227][ 6382 103371]],8908,16227,6382,103371
11,96,0.5473712682723999,asleep,0.8323868691062215,0.5826030085022891,0.3544062064849811,0.440717377860235,0.34894531470571055,0.6481287271434318,[[ 103371 6382][ 16227 8908]],103371,6382,16227,8908
11,96,0.5473712682723999,avg,0.8323868691062215,0.723461741044402,0.6481287271434317,0.6710696080017589,0.34894531470571055,0.6481287271434317,,,,,
