client,round,loss,class,accuracy,precision,recall,f1_score,cohen_kappa_score,roc_auc_score,confusion_matrix,TP,FP,FN,TN
6,149,0.6128085851669312,awake,0.7407923610699246,0.8738664880375121,0.7963791422557925,0.8333253882750008,0.2562082578483792,0.6472247809946159,[[ 12519 12616][ 22348 87405]],12519,12616,22348,87405
6,149,0.6128085851669312,asleep,0.7407923610699246,0.3590501046835116,0.4980704197334394,0.41728609046365117,0.2562082578483792,0.6472247809946159,[[ 87405 22348][ 12616 12519]],87405,22348,12616,12519
6,149,0.6128085851669312,avg,0.7407923610699246,0.6164582963605119,0.647224780994616,0.625305739369326,0.2562082578483792,0.6472247809946159,,,,,
