client,round,loss,class,accuracy,precision,recall,f1_score,cohen_kappa_score,roc_auc_score,confusion_matrix,TP,FP,FN,TN
1,55,0.6580266952514648,awake,0.7475164580985707,0.8187414731097674,0.8857981103022241,0.8509507866692925,0.034219759676399786,0.5147510543554088,[[ 3612 21523][ 12534 97219]],3612,21523,12534,97219
1,55,0.6580266952514648,asleep,0.7475164580985707,0.2237086584912672,0.1437039984085936,0.17499576076160947,0.034219759676399786,0.5147510543554088,[[ 97219 12534][ 21523 3612]],97219,12534,21523,3612
1,55,0.6580266952514648,avg,0.7475164580985707,0.5212250658005173,0.5147510543554088,0.512973273715451,0.034219759676399786,0.5147510543554088,,,,,
