client,round,loss,class,accuracy,precision,recall,f1_score,cohen_kappa_score,roc_auc_score,confusion_matrix,TP,FP,FN,TN
13,200,0.6421155333518982,awake,0.8040522507561829,0.8849089027680255,0.8726777400162182,0.8787507626531614,0.36850044269561943,0.6885370001055827,[[ 12678 12457][ 13974 95779]],12678,12457,13974,95779
13,200,0.6421155333518982,asleep,0.8040522507561829,0.47568662764520486,0.5043962601949473,0.48962094734199707,0.36850044269561943,0.6885370001055827,[[ 95779 13974][ 12457 12678]],95779,13974,12457,12678
13,200,0.6421155333518982,avg,0.8040522507561829,0.6802977652066151,0.6885370001055828,0.6841858549975792,0.36850044269561943,0.6885370001055827,,,,,
