client,round,loss,class,accuracy,precision,recall,f1_score,cohen_kappa_score,roc_auc_score,confusion_matrix,TP,FP,FN,TN
15,151,1.019288182258606,awake,0.5195050708736136,0.7978368061078416,0.5484314779550445,0.6500321279502368,-0.038246645674527846,0.4708141077859567,[[ 9883 15252][ 49561 60192]],9883,15252,49561,60192
15,151,1.019288182258606,asleep,0.5195050708736136,0.16625731781172196,0.3931967376168689,0.23369867224724813,-0.038246645674527846,0.4708141077859567,[[ 60192 49561][ 15252 9883]],60192,49561,15252,9883
15,151,1.019288182258606,avg,0.5195050708736136,0.48204706195978175,0.4708141077859567,0.4418654000987425,-0.038246645674527846,0.4708141077859567,,,,,
