client,round,loss,class,accuracy,precision,recall,f1_score,cohen_kappa_score,roc_auc_score,confusion_matrix,TP,FP,FN,TN
9,122,0.6028233766555786,awake,0.8386587391020699,0.8619081306965878,0.9546618315672465,0.9059169883752599,0.3502305358674638,0.6433941741882383,[[ 8348 16787][ 4976 104777]],8348,16787,4976,104777
9,122,0.6028233766555786,asleep,0.8386587391020699,0.6265385770039027,0.33212651680923017,0.43412465222704694,0.3502305358674638,0.6433941741882383,[[ 104777 4976][ 16787 8348]],104777,4976,16787,8348
9,122,0.6028233766555786,avg,0.8386587391020699,0.7442233538502452,0.6433941741882383,0.6700208203011534,0.3502305358674638,0.6433941741882383,,,,,
