client,round,loss,class,accuracy,precision,recall,f1_score,cohen_kappa_score,roc_auc_score,confusion_matrix,TP,FP,FN,TN
6,72,0.563812255859375,awake,0.7678147796690588,0.8701742462857035,0.8399588166154911,0.8547996012888569,0.27658748686908075,0.6463768620574969,[[ 11381 13754][ 17565 92188]],11381,13754,17565,92188
6,72,0.563812255859375,asleep,0.7678147796690588,0.3931804048918676,0.4527949074995027,0.4208871877369132,0.27658748686908075,0.6463768620574969,[[ 92188 17565][ 13754 11381]],92188,17565,13754,11381
6,72,0.563812255859375,avg,0.7678147796690588,0.6316773255887855,0.6463768620574969,0.6378433945128851,0.27658748686908075,0.6463768620574969,,,,,
