client,round,loss,class,accuracy,precision,recall,f1_score,cohen_kappa_score,roc_auc_score,confusion_matrix,TP,FP,FN,TN
11,46,0.4830416142940521,awake,0.8339214755945673,0.8724385813812687,0.9321840860842072,0.9013223388041688,0.38095088827649504,0.6685189378103551,[[ 10176 14959][ 7443 102310]],10176,14959,7443,102310
11,46,0.4830416142940521,asleep,0.8339214755945673,0.5775583177251831,0.40485378953650286,0.4760256350283014,0.38095088827649504,0.6685189378103551,[[ 102310 7443][ 14959 10176]],102310,7443,14959,10176
11,46,0.4830416142940521,avg,0.8339214755945673,0.7249984495532259,0.6685189378103551,0.688673986916235,0.38095088827649504,0.6685189378103551,,,,,
