client,round,loss,class,accuracy,precision,recall,f1_score,cohen_kappa_score,roc_auc_score,confusion_matrix,TP,FP,FN,TN
7,167,0.634731113910675,awake,0.8265523990273412,0.8596140552515636,0.9404116516177234,0.8981994761162987,0.3205012283595715,0.63489649618881,[[ 8279 16856][ 6540 103213]],8279,16856,6540,103213
7,167,0.634731113910675,asleep,0.8265523990273412,0.5586746744044807,0.32938134075989656,0.41442659057916603,0.3205012283595715,0.63489649618881,[[ 103213 6540][ 16856 8279]],103213,6540,16856,8279
7,167,0.634731113910675,avg,0.8265523990273412,0.7091443648280222,0.63489649618881,0.6563130333477324,0.3205012283595715,0.63489649618881,,,,,
