client,round,loss,class,accuracy,precision,recall,f1_score,cohen_kappa_score,roc_auc_score,confusion_matrix,TP,FP,FN,TN
12,70,0.8127440810203552,awake,0.8140679674989622,0.8179442312458226,0.9923646734030049,0.89675188341361,0.04351078908748662,0.5139464107019004,[[ 893 24242][ 838 108915]],893,24242,838,108915
12,70,0.8127440810203552,asleep,0.8140679674989622,0.5158867706528019,0.035528148000795706,0.06647807637906648,0.04351078908748662,0.5139464107019003,[[ 108915 838][ 24242 893]],108915,838,24242,893
12,70,0.8127440810203552,avg,0.8140679674989622,0.6669155009493122,0.5139464107019003,0.4816149798963382,0.04351078908748662,0.5139464107019003,,,,,
