client,round,loss,class,accuracy,precision,recall,f1_score,cohen_kappa_score,roc_auc_score,confusion_matrix,TP,FP,FN,TN
17,20,0.5080412030220032,awake,0.8134822964236996,0.8236041191682095,0.980838792561479,0.8953709364174349,0.09364549215636131,0.5317760702413522,[[ 2079 23056][ 2103 107650]],2079,23056,2103,107650
17,20,0.5080412030220032,asleep,0.8134822964236996,0.4971305595408895,0.08271334792122538,0.14182897295084762,0.09364549215636131,0.5317760702413522,[[ 107650 2103][ 23056 2079]],107650,2103,23056,2079
17,20,0.5080412030220032,avg,0.8134822964236996,0.6603673393545495,0.5317760702413522,0.5185999546841413,0.09364549215636131,0.5317760702413522,,,,,
