client,round,loss,class,accuracy,precision,recall,f1_score,cohen_kappa_score,roc_auc_score,confusion_matrix,TP,FP,FN,TN
2,102,0.5136573910713196,awake,0.8202657019156634,0.8806524274610708,0.9012418794930435,0.8908281998631076,0.3829943494229222,0.6839609039398776,[[ 11730 13405][ 10839 98914]],11730,13405,10839,98914
2,102,0.5136573910713196,asleep,0.8202657019156634,0.519739465638708,0.46667992838671174,0.49178265973503266,0.3829943494229222,0.6839609039398776,[[ 98914 10839][ 13405 11730]],98914,10839,13405,11730
2,102,0.5136573910713196,avg,0.8202657019156634,0.7001959465498894,0.6839609039398776,0.6913054297990702,0.3829943494229222,0.6839609039398776,,,,,
