client,round,loss,class,accuracy,precision,recall,f1_score,cohen_kappa_score,roc_auc_score,confusion_matrix,TP,FP,FN,TN
14,147,0.545490562915802,awake,0.8332394282664136,0.8755692138178,0.9267537106047216,0.9004346632908703,0.3900397242771012,0.6758296104247001,[[ 10680 14455][ 8039 101714]],10680,14455,8039,101714
14,147,0.545490562915802,asleep,0.8332394282664136,0.5705432982531118,0.4249055102446787,0.4870707347106307,0.3900397242771012,0.6758296104247002,[[ 101714 8039][ 14455 10680]],101714,8039,14455,10680
14,147,0.545490562915802,avg,0.8332394282664136,0.7230562560354559,0.6758296104247001,0.6937526990007505,0.3900397242771012,0.6758296104247001,,,,,
