client,round,loss,class,accuracy,precision,recall,f1_score,cohen_kappa_score,roc_auc_score,confusion_matrix,TP,FP,FN,TN
10,92,0.6732895374298096,awake,0.7607644860921654,0.9131677455821344,0.7801609067633687,0.8414406446540881,0.36639822219579044,0.7281150664710021,[[ 16993 8142][ 24128 85625]],16993,8142,24128,85625
10,92,0.6732895374298096,asleep,0.7607644860921654,0.41324384134627073,0.6760692261786354,0.5129497705868148,0.36639822219579044,0.728115066471002,[[ 85625 24128][ 8142 16993]],85625,24128,8142,16993
10,92,0.6732895374298096,avg,0.7607644860921654,0.6632057934642026,0.7281150664710021,0.6771952076204515,0.36639822219579044,0.7281150664710021,,,,,
