client,round,loss,class,accuracy,precision,recall,f1_score,cohen_kappa_score,roc_auc_score,confusion_matrix,TP,FP,FN,TN
4,54,0.605793833732605,awake,0.8245803926220272,0.8631030206918658,0.932275199766749,0.8963565803190511,0.33129458023325664,0.6433009179657299,[[ 8906 16229][ 7433 102320]],8906,16229,7433,102320
4,54,0.605793833732605,asleep,0.8245803926220272,0.5450761980537364,0.35432663616471055,0.4294738872546655,0.33129458023325664,0.6433009179657299,[[ 102320 7433][ 16229 8906]],102320,7433,16229,8906
4,54,0.605793833732605,avg,0.8245803926220272,0.7040896093728011,0.6433009179657297,0.6629152337868582,0.33129458023325664,0.6433009179657299,,,,,
