client,round,loss,class,accuracy,precision,recall,f1_score,cohen_kappa_score,roc_auc_score,confusion_matrix,TP,FP,FN,TN
16,84,0.6885204315185547,awake,0.8156322282189669,0.8641214824982841,0.9177152332965841,0.8901123665012615,0.3211224936624749,0.6437989335370926,[[ 9297 15838][ 9031 100722]],9297,15838,9031,100722
16,84,0.6885204315185547,asleep,0.8156322282189669,0.5072566564818857,0.36988263377760094,0.4278121620688862,0.3211224936624749,0.6437989335370925,[[ 100722 9031][ 15838 9297]],100722,9031,15838,9297
16,84,0.6885204315185547,avg,0.8156322282189669,0.6856890694900849,0.6437989335370925,0.6589622642850739,0.3211224936624749,0.6437989335370926,,,,,
