client,round,loss,class,accuracy,precision,recall,f1_score,cohen_kappa_score,roc_auc_score,confusion_matrix,TP,FP,FN,TN
5,7,0.541265070438385,awake,0.7773782693790404,0.8176457463423963,0.9348992738239501,0.8723501030840188,0.032237362596329144,0.512227834644221,[[ 2251 22884][ 7145 102608]],2251,22884,7145,102608
5,7,0.541265070438385,asleep,0.7773782693790404,0.23957002979991485,0.08955639546449175,0.13037560452926356,0.032237362596329144,0.512227834644221,[[ 102608 7145][ 22884 2251]],102608,7145,22884,2251
5,7,0.541265070438385,avg,0.7773782693790404,0.5286078880711556,0.512227834644221,0.5013628538066413,0.032237362596329144,0.512227834644221,,,,,
