client,round,loss,class,accuracy,precision,recall,f1_score,cohen_kappa_score,roc_auc_score,confusion_matrix,TP,FP,FN,TN
6,177,0.6802815198898315,awake,0.7137995967024494,0.8936831854097962,0.7357885433655572,0.8070859255927841,0.27252437440146815,0.6767862549730114,[[ 15528 9607][ 28998 80755]],15528,9607,28998,80755
6,177,0.6802815198898315,asleep,0.7137995967024494,0.34874006198625523,0.6177839665804655,0.44581616686524744,0.27252437440146815,0.6767862549730115,[[ 80755 28998][ 9607 15528]],80755,28998,9607,15528
6,177,0.6802815198898315,avg,0.7137995967024494,0.6212116236980257,0.6767862549730114,0.6264510462290158,0.27252437440146815,0.6767862549730115,,,,,
