client,round,loss,class,accuracy,precision,recall,f1_score,cohen_kappa_score,roc_auc_score,confusion_matrix,TP,FP,FN,TN
10,47,0.6281179189682007,awake,0.7734268430104976,0.9208302777157797,0.789408945541352,0.8500701523729163,0.3975443667843577,0.7465246438468646,[[ 17686 7449][ 23113 86640]],17686,7449,23113,86640
10,47,0.6281179189682007,asleep,0.7734268430104976,0.4334910169366896,0.7036403421523771,0.536475869809203,0.3975443667843577,0.7465246438468647,[[ 86640 23113][ 7449 17686]],86640,23113,7449,17686
10,47,0.6281179189682007,avg,0.7734268430104976,0.6771606473262347,0.7465246438468646,0.6932730110910597,0.3975443667843577,0.7465246438468647,,,,,
