client,round,loss,class,accuracy,precision,recall,f1_score,cohen_kappa_score,roc_auc_score,confusion_matrix,TP,FP,FN,TN
5,34,0.5370885729789734,awake,0.7955192455963466,0.8357947904832738,0.9317467404080071,0.8811663636441971,0.16414285611614376,0.5662115440651534,[[ 5044 20091][ 7491 102262]],5044,20091,7491,102262
5,34,0.5370885729789734,asleep,0.7955192455963466,0.4023932987634623,0.2006763477222996,0.2677993097955933,0.16414285611614376,0.5662115440651533,[[ 102262 7491][ 20091 5044]],102262,7491,20091,5044
5,34,0.5370885729789734,avg,0.7955192455963466,0.619094044623368,0.5662115440651534,0.5744828367198952,0.16414285611614376,0.5662115440651534,,,,,
