client,round,loss,class,accuracy,precision,recall,f1_score,cohen_kappa_score,roc_auc_score,confusion_matrix,TP,FP,FN,TN
9,96,0.5622391700744629,awake,0.8400747286637803,0.8675096481649732,0.9482747624210728,0.9060960108652122,0.374593013214064,0.6579448210354817,[[ 9240 15895][ 5677 104076]],9240,15895,5677,104076
9,96,0.5622391700744629,asleep,0.8400747286637803,0.6194274988268419,0.3676148796498906,0.4614001797663038,0.374593013214064,0.6579448210354817,[[ 104076 5677][ 15895 9240]],104076,5677,15895,9240
9,96,0.5622391700744629,avg,0.8400747286637803,0.7434685734959076,0.6579448210354817,0.683748095315758,0.374593013214064,0.6579448210354817,,,,,
