client,round,loss,class,accuracy,precision,recall,f1_score,cohen_kappa_score,roc_auc_score,confusion_matrix,TP,FP,FN,TN
7,53,0.5516394376754761,awake,0.825284680623925,0.8521993559671118,0.9500423678623819,0.8984649321218232,0.28580161699554496,0.6152837659880838,[[ 7051 18084][ 5483 104270]],7051,18084,5483,104270
7,53,0.5516394376754761,asleep,0.825284680623925,0.5625498643689165,0.2805251641137856,0.3743661897050625,0.28580161699554496,0.6152837659880838,[[ 104270 5483][ 18084 7051]],104270,5483,18084,7051
7,53,0.5516394376754761,avg,0.825284680623925,0.7073746101680142,0.6152837659880838,0.6364155609134429,0.28580161699554496,0.6152837659880838,,,,,
