client,round,loss,class,accuracy,precision,recall,f1_score,cohen_kappa_score,roc_auc_score,confusion_matrix,TP,FP,FN,TN
16,173,0.6817088723182678,awake,0.8172039024968863,0.8766443000548838,0.9023079095787815,0.8892909899918732,0.3659339960648642,0.6739508515469002,[[ 11200 13935][ 10722 99031]],11200,13935,10722,99031
16,173,0.6817088723182678,asleep,0.8172039024968863,0.5109022899370496,0.4455937935150189,0.4760184457147715,0.3659339960648642,0.6739508515469003,[[ 99031 10722][ 13935 11200]],99031,10722,13935,11200
16,173,0.6817088723182678,avg,0.8172039024968863,0.6937732949959667,0.6739508515469002,0.6826547178533223,0.3659339960648642,0.6739508515469002,,,,,
