client,round,loss,class,accuracy,precision,recall,f1_score,cohen_kappa_score,roc_auc_score,confusion_matrix,TP,FP,FN,TN
9,35,0.5841903686523438,awake,0.8420541486270091,0.8707081545064378,0.946416043297222,0.906984968281896,0.3898244372051932,0.6663848666854122,[[ 9711 15424][ 5881 103872]],9711,15424,5881,103872
9,35,0.5841903686523438,asleep,0.8420541486270091,0.6228193945613135,0.38635369007360254,0.4768826576963685,0.3898244372051932,0.6663848666854122,[[ 103872 5881][ 15424 9711]],103872,5881,15424,9711
9,35,0.5841903686523438,avg,0.8420541486270091,0.7467637745338757,0.6663848666854122,0.6919338129891323,0.3898244372051932,0.6663848666854122,,,,,
