client,round,loss,class,accuracy,precision,recall,f1_score,cohen_kappa_score,roc_auc_score,confusion_matrix,TP,FP,FN,TN
7,188,0.5874776840209961,awake,0.8094419073601803,0.8706550595789344,0.8994196058422094,0.8848036140042667,0.3345765654606866,0.6579851162292407,[[ 10470 14665][ 11039 98714]],10470,14665,11039,98714
7,188,0.5874776840209961,asleep,0.8094419073601803,0.4867729787530801,0.4165506266162721,0.44893233856444553,0.3345765654606866,0.6579851162292408,[[ 98714 11039][ 14665 10470]],98714,11039,14665,10470
7,188,0.5874776840209961,avg,0.8094419073601803,0.6787140191660073,0.6579851162292407,0.6668679762843561,0.3345765654606866,0.6579851162292407,,,,,
