client,round,loss,class,accuracy,precision,recall,f1_score,cohen_kappa_score,roc_auc_score,confusion_matrix,TP,FP,FN,TN
7,140,0.5758169889450073,awake,0.8267748057647827,0.8700639998629186,0.9252867803158,0.8968260977074429,0.360410110800799,0.6609525208521511,[[ 9969 15166][ 8200 101553]],9969,15166,8200,101553
7,140,0.5758169889450073,asleep,0.8267748057647827,0.548681820683582,0.3966182613885021,0.4604193607980787,0.360410110800799,0.6609525208521512,[[ 101553 8200][ 15166 9969]],101553,8200,15166,9969
7,140,0.5758169889450073,avg,0.8267748057647827,0.7093729102732502,0.6609525208521511,0.6786227292527608,0.360410110800799,0.6609525208521512,,,,,
