client,round,loss,class,accuracy,precision,recall,f1_score,cohen_kappa_score,roc_auc_score,confusion_matrix,TP,FP,FN,TN
4,85,0.6395845413208008,awake,0.8185754107111085,0.8762607322173886,0.9047953131121701,0.890299444145598,0.36700505169480746,0.6734440062676426,[[ 11112 14023][ 10449 99304]],11112,14023,10449,99304
4,85,0.6395845413208008,asleep,0.8185754107111085,0.5153749826074857,0.4420926994231152,0.47592941579578546,0.36700505169480746,0.6734440062676427,[[ 99304 10449][ 14023 11112]],99304,10449,14023,11112
4,85,0.6395845413208008,avg,0.8185754107111085,0.6958178574124372,0.6734440062676427,0.6831144299706917,0.36700505169480746,0.6734440062676426,,,,,
