client,round,loss,class,accuracy,precision,recall,f1_score,cohen_kappa_score,roc_auc_score,confusion_matrix,TP,FP,FN,TN
7,175,0.6512261629104614,awake,0.8272122056817508,0.8504264496043585,0.9557369730212386,0.9000115831606584,0.28013240303497566,0.6108702768428254,[[ 6686 18449][ 4858 104895]],6686,18449,4858,104895
7,175,0.6512261629104614,asleep,0.8272122056817508,0.5791753291753292,0.26600358066441215,0.36456828157801463,0.28013240303497566,0.6108702768428254,[[ 104895 4858][ 18449 6686]],104895,4858,18449,6686
7,175,0.6512261629104614,avg,0.8272122056817508,0.7148008893898439,0.6108702768428254,0.6322899323693365,0.28013240303497566,0.6108702768428254,,,,,
