client,round,loss,class,accuracy,precision,recall,f1_score,cohen_kappa_score,roc_auc_score,confusion_matrix,TP,FP,FN,TN
15,39,0.7762864828109741,awake,0.5633933337287231,0.7973573433115061,0.621304201251902,0.6984068458004947,-0.049700854166925934,0.4659136880538405,[[ 7805 17330][ 41563 68190]],7805,17330,41563,68190
15,39,0.7762864828109741,asleep,0.5633933337287231,0.15809836331226707,0.3105231748557788,0.20952176422425944,-0.049700854166925934,0.4659136880538404,[[ 68190 41563][ 17330 7805]],68190,41563,17330,7805
15,39,0.7762864828109741,avg,0.5633933337287231,0.4777278533118866,0.46591368805384037,0.45396430501237706,-0.049700854166925934,0.4659136880538405,,,,,
