client,round,loss,class,accuracy,precision,recall,f1_score,cohen_kappa_score,roc_auc_score,confusion_matrix,TP,FP,FN,TN
6,126,0.6053928732872009,awake,0.7541515924322401,0.8640429678216646,0.82815959472634,0.8457208255019819,0.2422197260461615,0.6295761172358575,[[ 10833 14302][ 18860 90893]],10833,14302,18860,90893
6,126,0.6053928732872009,asleep,0.7541515924322401,0.3648334624322231,0.430992639745375,0.39516305537316704,0.2422197260461615,0.6295761172358575,[[ 90893 18860][ 14302 10833]],90893,18860,14302,10833
6,126,0.6053928732872009,avg,0.7541515924322401,0.6144382151269439,0.6295761172358575,0.6204419404375745,0.2422197260461615,0.6295761172358575,,,,,
