client,round,loss,class,accuracy,precision,recall,f1_score,cohen_kappa_score,roc_auc_score,confusion_matrix,TP,FP,FN,TN
18,133,0.6243561506271362,awake,0.8275680564616571,0.8364006907388105,0.9797089828979618,0.9024006445359216,0.20088472414692715,0.5714737474664864,[[ 4103 21032][ 2227 107526]],4103,21032,2227,107526
18,133,0.6243561506271362,asleep,0.8275680564616571,0.6481832543443918,0.16323851203501094,0.26079771174320676,0.20088472414692715,0.5714737474664865,[[ 107526 2227][ 21032 4103]],107526,2227,21032,4103
18,133,0.6243561506271362,avg,0.8275680564616571,0.7422919725416012,0.5714737474664864,0.5815991781395642,0.20088472414692715,0.5714737474664864,,,,,
