client,round,loss,class,accuracy,precision,recall,f1_score,cohen_kappa_score,roc_auc_score,confusion_matrix,TP,FP,FN,TN
13,63,0.6008840203285217,awake,0.760542079354724,0.8991311696744205,0.7948757664938544,0.8437953380404295,0.3392788596685864,0.7027492021249857,[[ 15348 9787][ 22513 87240]],15348,9787,22513,87240
13,63,0.6008840203285217,asleep,0.760542079354724,0.40537756530466706,0.6106226377561169,0.48726903295447327,0.3392788596685864,0.7027492021249857,[[ 87240 22513][ 9787 15348]],87240,22513,9787,15348
13,63,0.6008840203285217,avg,0.760542079354724,0.6522543674895438,0.7027492021249857,0.6655321854974514,0.3392788596685864,0.7027492021249857,,,,,
