client,round,loss,class,accuracy,precision,recall,f1_score,cohen_kappa_score,roc_auc_score,confusion_matrix,TP,FP,FN,TN
11,60,0.5111235976219177,awake,0.8251438230235455,0.8720862948984791,0.9200477435696518,0.8954252423052026,0.3645361230103251,0.6653948684030873,[[ 10324 14811][ 8775 100978]],10324,14811,8775,100978
11,60,0.5111235976219177,asleep,0.8251438230235455,0.5405518613539976,0.4107419932365228,0.46679025184247414,0.3645361230103251,0.6653948684030874,[[ 100978 8775][ 14811 10324]],100978,8775,14811,10324
11,60,0.5111235976219177,avg,0.8251438230235455,0.7063190781262383,0.6653948684030873,0.6811077470738384,0.3645361230103251,0.6653948684030873,,,,,
