client,round,loss,class,accuracy,precision,recall,f1_score,cohen_kappa_score,roc_auc_score,confusion_matrix,TP,FP,FN,TN
10,52,0.654281497001648,awake,0.7606458691655299,0.9195251659861146,0.7735278306743324,0.8402315914489312,0.3771316135015076,0.73896204543464,[[ 17705 7430][ 24856 84897]],17705,7430,24856,84897
10,52,0.654281497001648,asleep,0.7606458691655299,0.41599116562110855,0.7043962601949473,0.5230737414322856,0.3771316135015076,0.73896204543464,[[ 84897 24856][ 7430 17705]],84897,24856,7430,17705
10,52,0.654281497001648,avg,0.7606458691655299,0.6677581658036116,0.7389620454346398,0.6816526664406084,0.3771316135015076,0.73896204543464,,,,,
