client,round,loss,class,accuracy,precision,recall,f1_score,cohen_kappa_score,roc_auc_score,confusion_matrix,TP,FP,FN,TN
13,159,0.6113747954368591,awake,0.8055201352232964,0.8935835328269024,0.863857935546181,0.8784693428458918,0.3926568683367401,0.7073218462294262,[[ 13844 11291][ 14942 94811]],13844,11291,14942,94811
13,159,0.6113747954368591,asleep,0.8055201352232964,0.48092822900020843,0.5507857569126716,0.5134919604606739,0.3926568683367401,0.7073218462294263,[[ 94811 14942][ 11291 13844]],94811,14942,11291,13844
13,159,0.6113747954368591,avg,0.8055201352232964,0.6872558809135554,0.7073218462294263,0.6959806516532829,0.3926568683367401,0.7073218462294262,,,,,
