client,round,loss,class,accuracy,precision,recall,f1_score,cohen_kappa_score,roc_auc_score,confusion_matrix,TP,FP,FN,TN
10,175,0.5976727604866028,awake,0.7857333491489236,0.9130656911931498,0.8141827558244421,0.860793757826799,0.4023453341760427,0.7378453066967843,[[ 16627 8508][ 20394 89359]],16627,8508,20394,89359
10,175,0.5976727604866028,asleep,0.7857333491489236,0.44912347046271034,0.6615078575691267,0.5350086878177488,0.4023453341760427,0.7378453066967843,[[ 89359 20394][ 8508 16627]],89359,20394,8508,16627
10,175,0.5976727604866028,avg,0.7857333491489236,0.6810945808279301,0.7378453066967844,0.6979012228222738,0.4023453341760427,0.7378453066967843,,,,,
