client,round,loss,class,accuracy,precision,recall,f1_score,cohen_kappa_score,roc_auc_score,confusion_matrix,TP,FP,FN,TN
6,181,0.7010154128074646,awake,0.7079725401814839,0.8653802214236753,0.7591956484105218,0.8088177480962342,0.20181676829444872,0.621750201368579,[[ 12173 12962][ 26429 83324]],12173,12962,26429,83324
6,181,0.7010154128074646,asleep,0.7079725401814839,0.3153463551111341,0.48430475432663617,0.3819759323469884,0.20181676829444872,0.621750201368579,[[ 83324 26429][ 12962 12173]],83324,26429,12962,12173
6,181,0.7010154128074646,avg,0.7079725401814839,0.5903632882674047,0.621750201368579,0.5953968402216113,0.20181676829444872,0.621750201368579,,,,,
