client,round,loss,class,accuracy,precision,recall,f1_score,cohen_kappa_score,roc_auc_score,confusion_matrix,TP,FP,FN,TN
12,102,0.7600133419036865,awake,0.8190128106280766,0.828979830999815,0.9796725374249451,0.8980485014010867,0.13999454309212767,0.548579057652198,[[ 2953 22182][ 2231 107522]],2953,22182,2231,107522
12,102,0.7600133419036865,asleep,0.8190128106280766,0.5696373456790124,0.11748557787945096,0.19479534285431577,0.13999454309212767,0.548579057652198,[[ 107522 2231][ 22182 2953]],107522,2231,22182,2953
12,102,0.7600133419036865,avg,0.8190128106280766,0.6993085883394137,0.548579057652198,0.5464219221277012,0.13999454309212767,0.548579057652198,,,,,
