client,round,loss,class,accuracy,precision,recall,f1_score,cohen_kappa_score,roc_auc_score,confusion_matrix,TP,FP,FN,TN
11,108,0.5363569259643555,awake,0.8318382658205326,0.8722594657454595,0.9294415642397019,0.8999430968544471,0.37665449067413614,0.667545528489455,[[ 10196 14939][ 7744 102009]],10196,14939,7744,102009
11,108,0.5363569259643555,asleep,0.8318382658205326,0.5683389074693422,0.40564949273920825,0.4734068485200232,0.37665449067413614,0.6675455284894551,[[ 102009 7744][ 14939 10196]],102009,7744,14939,10196
11,108,0.5363569259643555,avg,0.8318382658205326,0.7202991866074009,0.6675455284894551,0.6866749726872351,0.37665449067413614,0.6675455284894551,,,,,
