client,round,loss,class,accuracy,precision,recall,f1_score,cohen_kappa_score,roc_auc_score,confusion_matrix,TP,FP,FN,TN
3,37,0.5296151041984558,awake,0.8273753039558746,0.8722191610992492,0.9230727178300365,0.8969256988557136,0.368773052425055,0.666290685551183,[[ 10293 14842][ 8443 101310]],10293,14842,8443,101310
3,37,0.5296151041984558,asleep,0.8273753039558746,0.549370196413322,0.40950865327232944,0.46923936085341117,0.368773052425055,0.666290685551183,[[ 101310 8443][ 14842 10293]],101310,8443,14842,10293
3,37,0.5296151041984558,avg,0.8273753039558746,0.7107946787562855,0.666290685551183,0.6830825298545624,0.368773052425055,0.666290685551183,,,,,
