client,round,loss,class,accuracy,precision,recall,f1_score,cohen_kappa_score,roc_auc_score,confusion_matrix,TP,FP,FN,TN
15,161,1.0711036920547485,awake,0.5072282189668466,0.7893238148712601,0.5379625158310023,0.639841781582726,-0.05794890200254832,0.4554940886296448,[[ 9376 15759][ 50710 59043]],9376,15759,50710,59043
15,161,1.0711036920547485,asleep,0.5072282189668466,0.15604300502612922,0.37302566142828725,0.2200396615857594,-0.05794890200254832,0.4554940886296448,[[ 59043 50710][ 15759 9376]],59043,50710,15759,9376
15,161,1.0711036920547485,avg,0.5072282189668466,0.4726834099486947,0.4554940886296448,0.4299407215842427,-0.05794890200254832,0.4554940886296448,,,,,
