client,round,loss,class,accuracy,precision,recall,f1_score,cohen_kappa_score,roc_auc_score,confusion_matrix,TP,FP,FN,TN
12,12,0.8065953850746155,awake,0.8140753810568768,0.8156509550720964,0.9967836870062777,0.8971662176735185,0.020849482647139705,0.5065279087508014,[[ 409 24726][ 353 109400]],409,24726,353,109400
12,12,0.8065953850746155,asleep,0.8140753810568768,0.536745406824147,0.016272130495325245,0.031586670270687726,0.020849482647139705,0.5065279087508016,[[ 109400 353][ 24726 409]],109400,353,24726,409
12,12,0.8065953850746155,avg,0.8140753810568768,0.6761981809481217,0.5065279087508014,0.4643764439721031,0.020849482647139705,0.5065279087508014,,,,,
