client,round,loss,class,accuracy,precision,recall,f1_score,cohen_kappa_score,roc_auc_score,confusion_matrix,TP,FP,FN,TN
12,153,0.7598500847816467,awake,0.8199469189253307,0.8376874812321211,0.9658597031516223,0.8972192010969153,0.20024649914979864,0.5743362569865929,[[ 4595 20540][ 3747 106006]],4595,20540,3747,106006
12,153,0.7598500847816467,asleep,0.8199469189253307,0.5508271397746344,0.18281281082156356,0.2745168324521313,0.20024649914979864,0.574336256986593,[[ 106006 3747][ 20540 4595]],106006,3747,20540,4595
12,153,0.7598500847816467,avg,0.8199469189253307,0.6942573105033778,0.574336256986593,0.5858680167745234,0.20024649914979864,0.5743362569865929,,,,,
