client,round,loss,class,accuracy,precision,recall,f1_score,cohen_kappa_score,roc_auc_score,confusion_matrix,TP,FP,FN,TN
1,131,0.6945915818214417,awake,0.6766650851076449,0.8422670489241246,0.7414740371561598,0.7886631907429302,0.1124889987165335,0.567574098347326,[[ 9895 15240][ 28374 81379]],9895,15240,28374,81379
1,131,0.6945915818214417,asleep,0.6766650851076449,0.25856437325250203,0.39367415953849216,0.31212541795470317,0.1124889987165335,0.5675740983473259,[[ 81379 28374][ 15240 9895]],81379,28374,15240,9895
1,131,0.6945915818214417,avg,0.6766650851076449,0.5504157110883133,0.567574098347326,0.5503943043488166,0.1124889987165335,0.5675740983473259,,,,,
