client,round,loss,class,accuracy,precision,recall,f1_score,cohen_kappa_score,roc_auc_score,confusion_matrix,TP,FP,FN,TN
15,117,1.0450472831726074,awake,0.5071985647351878,0.783982047715283,0.5443222508724135,0.6425317953268264,-0.07301174712905545,0.4447093649428708,[[ 8674 16461][ 50012 59741]],8674,16461,50012,59741
15,117,1.0450472831726074,asleep,0.5071985647351878,0.1478035647343489,0.345096479013328,0.20696484174610183,-0.07301174712905545,0.4447093649428707,[[ 59741 50012][ 16461 8674]],59741,50012,16461,8674
15,117,1.0450472831726074,avg,0.5071985647351878,0.465892806224816,0.4447093649428707,0.4247483185364641,-0.07301174712905545,0.4447093649428707,,,,,
