client,round,loss,class,accuracy,precision,recall,f1_score,cohen_kappa_score,roc_auc_score,confusion_matrix,TP,FP,FN,TN
5,31,0.5517822504043579,awake,0.7726039380819643,0.834308470162504,0.899082485216805,0.8654852276265529,0.1373642429611347,0.5597063510229638,[[ 5538 19597][ 11076 98677]],5538,19597,11076,98677
5,31,0.5517822504043579,asleep,0.7726039380819643,0.3333333333333333,0.22033021682912274,0.2652997676591056,0.1373642429611347,0.5597063510229638,[[ 98677 11076][ 19597 5538]],98677,11076,19597,5538
5,31,0.5517822504043579,avg,0.7726039380819643,0.5838209017479187,0.5597063510229638,0.5653924976428293,0.1373642429611347,0.5597063510229638,,,,,
