client,round,loss,class,accuracy,precision,recall,f1_score,cohen_kappa_score,roc_auc_score,confusion_matrix,TP,FP,FN,TN
18,67,0.6098225116729736,awake,0.8239279995255323,0.8311858349827866,0.9833170847266134,0.9008739784802625,0.16080959699296415,0.5556330798608201,[[ 3216 21919][ 1831 107922]],3216,21919,1831,107922
18,67,0.6098225116729736,asleep,0.8239279995255323,0.6372102238953834,0.12794907499502686,0.213107149956928,0.16080959699296415,0.5556330798608201,[[ 107922 1831][ 21919 3216]],107922,1831,21919,3216
18,67,0.6098225116729736,avg,0.8239279995255323,0.7341980294390851,0.5556330798608201,0.5569905642185953,0.16080959699296415,0.5556330798608201,,,,,
