client,round,loss,class,accuracy,precision,recall,f1_score,cohen_kappa_score,roc_auc_score,confusion_matrix,TP,FP,FN,TN
17,168,0.5403053760528564,awake,0.8105094596998992,0.8526585629434777,0.9273641722777509,0.8884437112106215,0.26699979673554575,0.6138113879093151,[[ 7547 17588][ 7972 101781]],7547,17588,7972,101781
17,168,0.5403053760528564,asleep,0.8105094596998992,0.486307107416715,0.30025860354087924,0.37127957888522656,0.26699979673554575,0.6138113879093151,[[ 101781 7972][ 17588 7547]],101781,7972,17588,7547
17,168,0.5403053760528564,avg,0.8105094596998992,0.6694828351800963,0.6138113879093151,0.629861645047924,0.26699979673554575,0.6138113879093151,,,,,
