client,round,loss,class,accuracy,precision,recall,f1_score,cohen_kappa_score,roc_auc_score,confusion_matrix,TP,FP,FN,TN
6,84,0.5776571035385132,awake,0.7727373821244291,0.8660046642481676,0.8526145071205343,0.8592574227878554,0.26954968148153957,0.6382825867609834,[[ 10656 14479][ 16176 93577]],10656,14479,16176,93577
6,84,0.5776571035385132,asleep,0.7727373821244291,0.39713774597495527,0.42395066640143225,0.41010641368560813,0.26954968148153957,0.6382825867609833,[[ 93577 16176][ 14479 10656]],93577,16176,14479,10656
6,84,0.5776571035385132,avg,0.7727373821244291,0.6315712051115614,0.6382825867609833,0.6346819182367318,0.26954968148153957,0.6382825867609834,,,,,
