client,round,loss,class,accuracy,precision,recall,f1_score,cohen_kappa_score,roc_auc_score,confusion_matrix,TP,FP,FN,TN
13,46,0.5030009150505066,awake,0.8047046438526778,0.886443661971831,0.8716390440352427,0.8789790189871964,0.37356991114654514,0.6920359532887572,[[ 12880 12255][ 14088 95665]],12880,12255,14088,95665
13,46,0.5030009150505066,asleep,0.8047046438526778,0.47760308513794125,0.5124328625422717,0.4944053125539796,0.37356991114654514,0.6920359532887573,[[ 95665 14088][ 12255 12880]],95665,14088,12255,12880
13,46,0.5030009150505066,avg,0.8047046438526778,0.6820233735548862,0.6920359532887572,0.686692165770588,0.37356991114654514,0.6920359532887572,,,,,
