client,round,loss,class,accuracy,precision,recall,f1_score,cohen_kappa_score,roc_auc_score,confusion_matrix,TP,FP,FN,TN
7,177,0.6194425225257874,awake,0.8196503766087421,0.8585410895660203,0.9318925223000738,0.8937142557551239,0.3053460650634179,0.6307165018502557,[[ 8283 16852][ 7475 102278]],8283,16852,7475,102278
7,177,0.6194425225257874,asleep,0.8196503766087421,0.5256377712907729,0.3295404814004376,0.4051060083632895,0.3053460650634179,0.6307165018502557,[[ 102278 7475][ 16852 8283]],102278,7475,16852,8283
7,177,0.6194425225257874,avg,0.8196503766087421,0.6920894304283967,0.6307165018502557,0.6494101320592067,0.3053460650634179,0.6307165018502557,,,,,
