client,round,loss,class,accuracy,precision,recall,f1_score,cohen_kappa_score,roc_auc_score,confusion_matrix,TP,FP,FN,TN
9,187,0.6063199043273926,awake,0.8409940098452049,0.8727616571124638,0.9418968046431533,0.9060122699386504,0.39495794284264263,0.671147328122253,[[ 10064 15071][ 6377 103376]],10064,15071,6377,103376
9,187,0.6063199043273926,asleep,0.8409940098452049,0.6121282160452527,0.4003978516013527,0.48412545699441983,0.39495794284264263,0.671147328122253,[[ 103376 6377][ 15071 10064]],103376,6377,15071,10064
9,187,0.6063199043273926,avg,0.8409940098452049,0.7424449365788582,0.671147328122253,0.6950688634665351,0.39495794284264263,0.671147328122253,,,,,
