client,round,loss,class,accuracy,precision,recall,f1_score,cohen_kappa_score,roc_auc_score,confusion_matrix,TP,FP,FN,TN
17,43,0.5626319646835327,awake,0.8094048395706067,0.8257771920303899,0.9705156123295036,0.892315167355692,0.10840793886485256,0.5382118543047956,[[ 2662 22473][ 3236 106517]],2662,22473,3236,106517
17,43,0.5626319646835327,asleep,0.8094048395706067,0.4513394370973211,0.10590809628008753,0.1715593078335965,0.10840793886485256,0.5382118543047956,[[ 106517 3236][ 22473 2662]],106517,3236,22473,2662
17,43,0.5626319646835327,avg,0.8094048395706067,0.6385583145638555,0.5382118543047956,0.5319372375946443,0.10840793886485256,0.5382118543047956,,,,,
