client,round,loss,class,accuracy,precision,recall,f1_score,cohen_kappa_score,roc_auc_score,confusion_matrix,TP,FP,FN,TN
11,56,0.5172998905181885,awake,0.8327056520965542,0.8678683240086749,0.9370586681001886,0.9011373195009111,0.362787995947502,0.6570513153510691,[[ 9477 15658][ 6908 102845]],9477,15658,6908,102845
11,56,0.5172998905181885,asleep,0.8327056520965542,0.5783948733597802,0.3770439626019495,0.4565028901734104,0.362787995947502,0.657051315351069,[[ 102845 6908][ 15658 9477]],102845,6908,15658,9477
11,56,0.5172998905181885,avg,0.8327056520965542,0.7231315986842275,0.6570513153510691,0.6788201048371607,0.362787995947502,0.6570513153510691,,,,,
