client,round,loss,class,accuracy,precision,recall,f1_score,cohen_kappa_score,roc_auc_score,confusion_matrix,TP,FP,FN,TN
1,79,0.6813661456108093,awake,0.7128284206156218,0.8278625707505793,0.8169252776689475,0.8223575595259932,0.0735743540595657,0.5376052686335586,[[ 6492 18643][ 20093 89660]],6492,18643,20093,89660
1,79,0.6813661456108093,asleep,0.7128284206156218,0.24419785593379725,0.2582852595981699,0.25104408352668217,0.0735743540595657,0.5376052686335586,[[ 89660 20093][ 18643 6492]],89660,20093,18643,6492
1,79,0.6813661456108093,avg,0.7128284206156218,0.5360302133421883,0.5376052686335587,0.5367008215263377,0.0735743540595657,0.5376052686335586,,,,,
