client,round,loss,class,accuracy,precision,recall,f1_score,cohen_kappa_score,roc_auc_score,confusion_matrix,TP,FP,FN,TN
9,55,0.5571520924568176,awake,0.8429586026926043,0.8692632246014276,0.9498510291290443,0.9077720838902652,0.3863506487849022,0.6630297516840766,[[ 9456 15679][ 5504 104249]],9456,15679,5504,104249
9,55,0.5571520924568176,asleep,0.8429586026926043,0.6320855614973262,0.3762084742391088,0.47167976056864946,0.3863506487849022,0.6630297516840765,[[ 104249 5504][ 15679 9456]],104249,5504,15679,9456
9,55,0.5571520924568176,avg,0.8429586026926043,0.7506743930493769,0.6630297516840765,0.6897259222294574,0.3863506487849022,0.6630297516840766,,,,,
