client,round,loss,class,accuracy,precision,recall,f1_score,cohen_kappa_score,roc_auc_score,confusion_matrix,TP,FP,FN,TN
2,152,0.4911874830722809,awake,0.8427436095130775,0.8773643609086647,0.9378149116652847,0.9065830500114503,0.4133671451482168,0.6827129063995809,[[ 10748 14387][ 6825 102928]],10748,14387,6825,102928
2,152,0.4911874830722809,asleep,0.8427436095130775,0.6116200990155352,0.42761090113387706,0.5033249039992507,0.4133671451482168,0.6827129063995809,[[ 102928 6825][ 14387 10748]],102928,6825,14387,10748
2,152,0.4911874830722809,avg,0.8427436095130775,0.7444922299621,0.6827129063995809,0.7049539770053506,0.4133671451482168,0.6827129063995809,,,,,
