client,round,loss,class,accuracy,precision,recall,f1_score,cohen_kappa_score,roc_auc_score,confusion_matrix,TP,FP,FN,TN
17,123,0.5836115479469299,awake,0.8209032678963288,0.8416066026515968,0.9606935573515075,0.8972157456730033,0.2247214403823049,0.5855984198136093,[[ 5291 19844][ 4314 105439]],5291,19844,4314,105439
17,123,0.5836115479469299,asleep,0.8209032678963288,0.5508589276418532,0.21050328227571116,0.3046056419113414,0.2247214403823049,0.5855984198136093,[[ 105439 4314][ 19844 5291]],105439,4314,19844,5291
17,123,0.5836115479469299,avg,0.8209032678963288,0.696232765146725,0.5855984198136094,0.6009106937921723,0.2247214403823049,0.5855984198136093,,,,,
