client,round,loss,class,accuracy,precision,recall,f1_score,cohen_kappa_score,roc_auc_score,confusion_matrix,TP,FP,FN,TN
1,46,0.6392629146575928,awake,0.7376267718403416,0.8185759575014995,0.8704636775304547,0.8437228156475892,0.03140340162650668,0.5140263484131288,[[ 3961 21174][ 14217 95536]],3961,21174,14217,95536
1,46,0.6392629146575928,asleep,0.7376267718403416,0.21790075915942347,0.15758901929580266,0.18290120748966823,0.03140340162650668,0.5140263484131287,[[ 95536 14217][ 21174 3961]],95536,14217,21174,3961
1,46,0.6392629146575928,avg,0.7376267718403416,0.5182383583304615,0.5140263484131287,0.5133120115686287,0.03140340162650668,0.5140263484131287,,,,,
