client,round,loss,class,accuracy,precision,recall,f1_score,cohen_kappa_score,roc_auc_score,confusion_matrix,TP,FP,FN,TN
15,138,0.9853314757347107,awake,0.5417753988494158,0.7974636422296123,0.585551192222536,0.675272274496824,-0.044097399547527116,0.4680889042473333,[[ 8813 16322][ 45487 64266]],8813,16322,45487,64266
15,138,0.9853314757347107,asleep,0.5417753988494158,0.16230202578268876,0.3506266162721305,0.22189211304840437,-0.044097399547527116,0.4680889042473333,[[ 64266 45487][ 16322 8813]],64266,45487,16322,8813
15,138,0.9853314757347107,avg,0.5417753988494158,0.4798828340061505,0.4680889042473333,0.4485821937726142,-0.044097399547527116,0.4680889042473333,,,,,
