client,round,loss,class,accuracy,precision,recall,f1_score,cohen_kappa_score,roc_auc_score,confusion_matrix,TP,FP,FN,TN
4,95,0.7233524918556213,awake,0.819005397070162,0.851267359824817,0.9421701456907784,0.8944149879338827,0.27232091115523394,0.6116858287634318,[[ 7068 18067][ 6347 103406]],7068,18067,6347,103406
4,95,0.7233524918556213,asleep,0.819005397070162,0.5268729034662691,0.28120151183608516,0.36669260700389106,0.27232091115523394,0.6116858287634318,[[ 103406 6347][ 18067 7068]],103406,6347,18067,7068
4,95,0.7233524918556213,avg,0.819005397070162,0.6890701316455431,0.6116858287634318,0.6305537974688868,0.27232091115523394,0.6116858287634318,,,,,
