client,round,loss,class,accuracy,precision,recall,f1_score,cohen_kappa_score,roc_auc_score,confusion_matrix,TP,FP,FN,TN
1,108,0.7060182690620422,awake,0.6662786904691299,0.8308157717229115,0.7406813481180469,0.7831636953935232,0.06940357486435456,0.5410389036193974,[[ 8581 16554][ 28461 81292]],8581,16554,28461,81292
1,108,0.7060182690620422,asleep,0.6662786904691299,0.23165595810161438,0.34139645912074795,0.27601846341894914,0.06940357486435456,0.5410389036193973,[[ 81292 28461][ 16554 8581]],81292,28461,16554,8581
1,108,0.7060182690620422,avg,0.6662786904691299,0.5312358649122629,0.5410389036193974,0.5295910794062362,0.06940357486435456,0.5410389036193974,,,,,
