client,round,loss,class,accuracy,precision,recall,f1_score,cohen_kappa_score,roc_auc_score,confusion_matrix,TP,FP,FN,TN
3,96,0.5958675742149353,awake,0.8242838503054386,0.8663709052513262,0.9270270516523467,0.8956732250539197,0.34311408545697786,0.6513392668247808,[[ 9442 15693][ 8009 101744]],9442,15693,8009,101744
3,96,0.5958675742149353,asleep,0.8242838503054386,0.5410578190361583,0.37565148199721504,0.4434321138402292,0.34311408545697786,0.6513392668247808,[[ 101744 8009][ 15693 9442]],101744,8009,15693,9442
3,96,0.5958675742149353,avg,0.8242838503054386,0.7037143621437423,0.6513392668247808,0.6695526694470744,0.34311408545697786,0.6513392668247808,,,,,
