client,round,loss,class,accuracy,precision,recall,f1_score,cohen_kappa_score,roc_auc_score,confusion_matrix,TP,FP,FN,TN
0,29,0.48236536979675293,awake,0.8252179586026926,0.8916815896881164,0.8937614461563693,0.89272030651341,0.42133574550060016,0.7098407389922486,[[ 13219 11916][ 11660 98093]],13219,11916,11660,98093
0,29,0.48236536979675293,asleep,0.8252179586026926,0.5313316451625869,0.5259200318281281,0.5286119886431799,0.42133574550060016,0.7098407389922486,[[ 98093 11660][ 11916 13219]],98093,11660,11916,13219
0,29,0.48236536979675293,avg,0.8252179586026926,0.7115066174253517,0.7098407389922488,0.7106661475782949,0.42133574550060016,0.7098407389922486,,,,,
