client,round,loss,class,accuracy,precision,recall,f1_score,cohen_kappa_score,roc_auc_score,confusion_matrix,TP,FP,FN,TN
7,89,0.5986365079879761,awake,0.8225564913113101,0.8577598425853358,0.9373593432525762,0.8957947851678996,0.30650205944261033,0.6293122556724389,[[ 8075 17060][ 6875 102878]],8075,17060,6875,102878
7,89,0.5986365079879761,asleep,0.8225564913113101,0.540133779264214,0.32126516809230155,0.40289385056754395,0.30650205944261033,0.6293122556724389,[[ 102878 6875][ 17060 8075]],102878,6875,17060,8075
7,89,0.5986365079879761,avg,0.8225564913113101,0.698946810924775,0.6293122556724389,0.6493443178677217,0.30650205944261033,0.6293122556724389,,,,,
