client,round,loss,class,accuracy,precision,recall,f1_score,cohen_kappa_score,roc_auc_score,confusion_matrix,TP,FP,FN,TN
3,42,0.5514532923698425,awake,0.829932981436451,0.8667049649823856,0.9347443805636292,0.899439773454555,0.3537610645557232,0.6535070619746732,[[ 9357 15778][ 7162 102591]],9357,15778,7162,102591
3,42,0.5514532923698425,asleep,0.829932981436451,0.5664386464071675,0.3722697433857171,0.44927257886397465,0.3537610645557232,0.6535070619746732,[[ 102591 7162][ 15778 9357]],102591,7162,15778,9357
3,42,0.5514532923698425,avg,0.829932981436451,0.7165718056947765,0.6535070619746731,0.6743561761592648,0.3537610645557232,0.6535070619746732,,,,,
