client,round,loss,class,accuracy,precision,recall,f1_score,cohen_kappa_score,roc_auc_score,confusion_matrix,TP,FP,FN,TN
15,83,1.099919319152832,awake,0.45137447363738803,0.7670780540282094,0.46776853480087105,0.5811490765843526,-0.09200995304569615,0.4237788367260771,[[ 9546 15589][ 58414 51339]],9546,15589,58414,51339
15,83,1.099919319152832,asleep,0.45137447363738803,0.14046497939964686,0.37978913865128305,0.20508083140877598,-0.09200995304569615,0.423778836726077,[[ 51339 58414][ 15589 9546]],51339,58414,15589,9546
15,83,1.099919319152832,avg,0.45137447363738803,0.4537715167139281,0.4237788367260771,0.39311495399656426,-0.09200995304569615,0.4237788367260771,,,,,
