client,round,loss,class,accuracy,precision,recall,f1_score,cohen_kappa_score,roc_auc_score,confusion_matrix,TP,FP,FN,TN
17,176,0.5656322836875916,awake,0.8081890160725935,0.8400963363012699,0.9439286397638333,0.8889909083498161,0.2012804587820718,0.5797025335282266,[[ 5416 19719][ 6154 103599]],5416,19719,6154,103599
17,176,0.5656322836875916,asleep,0.8081890160725935,0.46810717372515126,0.21547642729261984,0.29510965808472955,0.2012804587820718,0.5797025335282265,[[ 103599 6154][ 19719 5416]],103599,6154,19719,5416
17,176,0.5656322836875916,avg,0.8081890160725935,0.6541017550132106,0.5797025335282266,0.5920502832172728,0.2012804587820718,0.5797025335282266,,,,,
