client,round,loss,class,accuracy,precision,recall,f1_score,cohen_kappa_score,roc_auc_score,confusion_matrix,TP,FP,FN,TN
11,167,0.5796278715133667,awake,0.8349297194709685,0.8752455542878711,0.9296329029730395,0.9016197873863366,0.39204421499256337,0.6755186595629072,[[ 10592 14543][ 7723 102030]],10592,14543,7723,102030
11,167,0.5796278715133667,asleep,0.8349297194709685,0.5783237783237783,0.421404416152775,0.48754890678941315,0.39204421499256337,0.6755186595629072,[[ 102030 7723][ 14543 10592]],102030,7723,14543,10592
11,167,0.5796278715133667,avg,0.8349297194709685,0.7267846663058247,0.6755186595629072,0.6945843470878749,0.39204421499256337,0.6755186595629072,,,,,
