client,round,loss,class,accuracy,precision,recall,f1_score,cohen_kappa_score,roc_auc_score,confusion_matrix,TP,FP,FN,TN
17,165,0.5578518509864807,awake,0.8180490480991638,0.8417257531521705,0.9561743186974387,0.8953073211931971,0.22187479156329137,0.5855468768740824,[[ 5402 19733][ 4810 104943]],5402,19733,4810,104943
17,165,0.5578518509864807,asleep,0.8180490480991638,0.5289855072463768,0.21491943505072608,0.3056553597193538,0.22187479156329137,0.5855468768740825,[[ 104943 4810][ 19733 5402]],104943,4810,19733,5402
17,165,0.5578518509864807,avg,0.8180490480991638,0.6853556301992736,0.5855468768740824,0.6004813404562754,0.22187479156329137,0.5855468768740824,,,,,
