client,round,loss,class,accuracy,precision,recall,f1_score,cohen_kappa_score,roc_auc_score,confusion_matrix,TP,FP,FN,TN
9,7,0.5482068061828613,awake,0.8308893304074492,0.8627601515429678,0.9420061410622033,0.9006433291083554,0.34031609338188085,0.6438496987387802,[[ 8689 16446][ 6365 103388]],8689,16446,6365,103388
9,7,0.5482068061828613,asleep,0.8308893304074492,0.5771887870333466,0.3456932564153571,0.4324068775037946,0.34031609338188085,0.6438496987387803,[[ 103388 6365][ 16446 8689]],103388,6365,16446,8689
9,7,0.5482068061828613,avg,0.8308893304074492,0.7199744692881572,0.6438496987387802,0.6665251033060751,0.34031609338188085,0.6438496987387803,,,,,
