client,round,loss,class,accuracy,precision,recall,f1_score,cohen_kappa_score,roc_auc_score,confusion_matrix,TP,FP,FN,TN
1,169,0.7798827290534973,awake,0.6476187651977937,0.8490502530040728,0.6895027926343699,0.7610040124294807,0.11717108119867659,0.5771166240872266,[[ 11681 13454][ 34078 75675]],11681,13454,34078,75675
1,169,0.7798827290534973,asleep,0.6476187651977937,0.25527218689219605,0.4647304555400836,0.3295342342088188,0.11717108119867659,0.5771166240872267,[[ 75675 34078][ 13454 11681]],75675,34078,13454,11681
1,169,0.7798827290534973,avg,0.6476187651977937,0.5521612199481344,0.5771166240872267,0.5452691233191498,0.11717108119867659,0.5771166240872267,,,,,
