client,round,loss,class,accuracy,precision,recall,f1_score,cohen_kappa_score,roc_auc_score,confusion_matrix,TP,FP,FN,TN
4,33,0.6088983416557312,awake,0.8233719826819287,0.8600496111558058,0.9350815011890335,0.8959974856055283,0.3172590681095958,0.6353346634650161,[[ 8435 16700][ 7125 102628]],8435,16700,7125,102628
4,33,0.6088983416557312,asleep,0.8233719826819287,0.5420951156812339,0.3355878257409986,0.4145472416758816,0.3172590681095958,0.6353346634650161,[[ 102628 7125][ 16700 8435]],102628,7125,16700,8435
4,33,0.6088983416557312,avg,0.8233719826819287,0.7010723634185199,0.6353346634650161,0.655272363640705,0.3172590681095958,0.6353346634650161,,,,,
