client,round,loss,class,accuracy,precision,recall,f1_score,cohen_kappa_score,roc_auc_score,confusion_matrix,TP,FP,FN,TN
7,52,0.5367832183837891,awake,0.8271454836605183,0.8526687719813623,0.9520650916148078,0.8996297890658631,0.29080606273324194,0.6168720126862581,[[ 7080 18055][ 5261 104492]],7080,18055,5261,104492
7,52,0.5367832183837891,asleep,0.8271454836605183,0.5736974313264728,0.28167893375770836,0.377841818764009,0.29080606273324194,0.6168720126862581,[[ 104492 5261][ 18055 7080]],104492,5261,18055,7080
7,52,0.5367832183837891,avg,0.8271454836605183,0.7131831016539175,0.6168720126862581,0.638735803914936,0.29080606273324194,0.6168720126862581,,,,,
