client,round,loss,class,accuracy,precision,recall,f1_score,cohen_kappa_score,roc_auc_score,confusion_matrix,TP,FP,FN,TN
4,128,0.6870359778404236,awake,0.82398730798885,0.8581911163305931,0.9388080508049894,0.8966912660563233,0.310527592115014,0.6307129571709451,[[ 8109 17026][ 6716 103037]],8109,17026,6716,103037
4,128,0.6870359778404236,asleep,0.82398730798885,0.5469814502529511,0.32261786353690075,0.4058558558558559,0.310527592115014,0.6307129571709451,[[ 103037 6716][ 17026 8109]],103037,6716,17026,8109
4,128,0.6870359778404236,avg,0.82398730798885,0.7025862832917721,0.6307129571709451,0.6512735609560896,0.310527592115014,0.6307129571709451,,,,,
