client,round,loss,class,accuracy,precision,recall,f1_score,cohen_kappa_score,roc_auc_score,confusion_matrix,TP,FP,FN,TN
11,138,0.5729451775550842,awake,0.8300293576893423,0.8655339070104239,0.9366122110557342,0.8996713621186859,0.34956393023131704,0.6506216018477398,[[ 9165 15970][ 6957 102796]],9165,15970,6957,102796
11,138,0.5729451775550842,asleep,0.8300293576893423,0.5684778563453666,0.36463099263974535,0.44428824199529776,0.34956393023131704,0.6506216018477398,[[ 102796 6957][ 15970 9165]],102796,6957,15970,9165
11,138,0.5729451775550842,avg,0.8300293576893423,0.7170058816778953,0.6506216018477398,0.6719798020569918,0.34956393023131704,0.6506216018477398,,,,,
