client,round,loss,class,accuracy,precision,recall,f1_score,cohen_kappa_score,roc_auc_score,confusion_matrix,TP,FP,FN,TN
1,143,0.7741096019744873,awake,0.625311369432418,0.8427572473835324,0.663252940694104,0.7423073589321313,0.09045868694687442,0.5614454478684365,[[ 11553 13582][ 36959 72794]],11553,13582,36959,72794
1,143,0.7741096019744873,asleep,0.625311369432418,0.23814726253298152,0.45963795504276905,0.31373986720436675,0.09045868694687442,0.5614454478684365,[[ 72794 36959][ 13582 11553]],72794,36959,13582,11553
1,143,0.7741096019744873,avg,0.625311369432418,0.540452254958257,0.5614454478684365,0.528023613068249,0.09045868694687442,0.5614454478684365,,,,,
