client,round,loss,class,accuracy,precision,recall,f1_score,cohen_kappa_score,roc_auc_score,confusion_matrix,TP,FP,FN,TN
11,98,0.5718435645103455,awake,0.8319494691892533,0.8539954310057478,0.95709456689111,0.9026104590214645,0.304464231061477,0.6212964380109022,[[ 7176 17959][ 4709 105044]],7176,17959,4709,105044
11,98,0.5718435645103455,asleep,0.8319494691892533,0.6037862852334875,0.28549830913069424,0.3876823338735818,0.304464231061477,0.6212964380109022,[[ 105044 4709][ 17959 7176]],105044,4709,17959,7176
11,98,0.5718435645103455,avg,0.8319494691892533,0.7288908581196176,0.6212964380109022,0.6451463964475231,0.304464231061477,0.6212964380109022,,,,,
