client,round,loss,class,accuracy,precision,recall,f1_score,cohen_kappa_score,roc_auc_score,confusion_matrix,TP,FP,FN,TN
1,50,0.6691933870315552,awake,0.720456971709863,0.8143916913946587,0.8502091059014332,0.8319150548514931,0.004425748783407291,0.5020490526523279,[[ 3868 21267][ 16440 93313]],3868,21267,16440,93313
1,50,0.6691933870315552,asleep,0.720456971709863,0.19046681110892258,0.1538889994032226,0.17023523975089672,0.004425748783407291,0.5020490526523279,[[ 93313 16440][ 21267 3868]],93313,16440,21267,3868
1,50,0.6691933870315552,avg,0.720456971709863,0.5024292512517906,0.5020490526523279,0.501075147301195,0.004425748783407291,0.5020490526523279,,,,,
