client,round,loss,class,accuracy,precision,recall,f1_score,cohen_kappa_score,roc_auc_score,confusion_matrix,TP,FP,FN,TN
2,161,0.4829188585281372,awake,0.8420763893007532,0.8916221696818355,0.9174236695124507,0.9043389227687914,0.45253612068687776,0.7152465473084434,[[ 12896 12239][ 9063 100690]],12896,12239,9063,100690
2,161,0.4829188585281372,asleep,0.8420763893007532,0.5872762876269411,0.5130694251044361,0.5476706162143797,0.45253612068687776,0.7152465473084434,[[ 100690 9063][ 12239 12896]],100690,9063,12239,12896
2,161,0.4829188585281372,avg,0.8420763893007532,0.7394492286543883,0.7152465473084434,0.7260047694915855,0.45253612068687776,0.7152465473084434,,,,,
