client,round,loss,class,accuracy,precision,recall,f1_score,cohen_kappa_score,roc_auc_score,confusion_matrix,TP,FP,FN,TN
8,120,0.6279550194740295,awake,0.7861559219500622,0.8470063475724824,0.8996929468898345,0.8725550405817977,0.21231530198853765,0.5950424153585834,[[ 7299 17836][ 11009 98744]],7299,17836,11009,98744
8,120,0.6279550194740295,asleep,0.7861559219500622,0.39867817347607604,0.2903918838273324,0.3360265175056971,0.21231530198853765,0.5950424153585834,[[ 98744 11009][ 17836 7299]],98744,11009,17836,7299
8,120,0.6279550194740295,avg,0.7861559219500622,0.6228422605242792,0.5950424153585834,0.6042907790437474,0.21231530198853765,0.5950424153585834,,,,,
