client,round,loss,class,accuracy,precision,recall,f1_score,cohen_kappa_score,roc_auc_score,confusion_matrix,TP,FP,FN,TN
7,148,0.6174658536911011,awake,0.8249807247494217,0.8561682915333284,0.9433819576685831,0.8976617566735737,0.3033780544164765,0.6256794411378523,[[ 7741 17394][ 6214 103539]],7741,17394,6214,103539
7,148,0.6174658536911011,asleep,0.8249807247494217,0.5547115729129344,0.30797692460712156,0.3960603734970581,0.3033780544164765,0.6256794411378523,[[ 103539 6214][ 17394 7741]],103539,6214,17394,7741
7,148,0.6174658536911011,avg,0.8249807247494217,0.7054399322231314,0.6256794411378523,0.6468610650853159,0.3033780544164765,0.6256794411378523,,,,,
