client,round,loss,class,accuracy,precision,recall,f1_score,cohen_kappa_score,roc_auc_score,confusion_matrix,TP,FP,FN,TN
4,172,0.6659877300262451,awake,0.8248769349386157,0.8755439284935688,0.9148087068235037,0.8947457536492772,0.37532771572607515,0.6734974506864684,[[ 10863 14272][ 9350 100403]],10863,14272,9350,100403
4,172,0.6659877300262451,asleep,0.8248769349386157,0.5374264087468461,0.4321861945494331,0.47909499867689864,0.37532771572607515,0.6734974506864684,[[ 100403 9350][ 14272 10863]],100403,9350,14272,10863
4,172,0.6659877300262451,avg,0.8248769349386157,0.7064851686202074,0.6734974506864684,0.686920376163088,0.37532771572607515,0.6734974506864684,,,,,
