client,round,loss,class,accuracy,precision,recall,f1_score,cohen_kappa_score,roc_auc_score,confusion_matrix,TP,FP,FN,TN
2,150,0.4788089096546173,awake,0.8447897514975387,0.8839805279586349,0.9315007334651445,0.9071187102384143,0.43722712564794075,0.6988317273850488,[[ 11717 13418][ 7518 102235]],11717,13418,7518,102235
2,150,0.4788089096546173,asleep,0.8447897514975387,0.6091499870028594,0.46616272130495323,0.5281496506648636,0.43722712564794075,0.698831727385049,[[ 102235 7518][ 13418 11717]],102235,7518,13418,11717
2,150,0.4788089096546173,avg,0.8447897514975387,0.7465652574807471,0.6988317273850488,0.717634180451639,0.43722712564794075,0.6988317273850488,,,,,
