client,round,loss,class,accuracy,precision,recall,f1_score,cohen_kappa_score,roc_auc_score,confusion_matrix,TP,FP,FN,TN
2,125,0.502851665019989,awake,0.836968447897515,0.8707981950617701,0.9389447213288019,0.9035884171069072,0.38079064054005285,0.6653148114302652,[[ 9845 15290][ 6701 103052]],9845,15290,6701,103052
2,125,0.502851665019989,asleep,0.836968447897515,0.595007856883839,0.3916849015317287,0.47239749526163,0.38079064054005285,0.6653148114302653,[[ 103052 6701][ 15290 9845]],103052,6701,15290,9845
2,125,0.502851665019989,avg,0.836968447897515,0.7329030259728045,0.6653148114302653,0.6879929561842686,0.38079064054005285,0.6653148114302652,,,,,
