client,round,loss,class,accuracy,precision,recall,f1_score,cohen_kappa_score,roc_auc_score,confusion_matrix,TP,FP,FN,TN
7,100,0.6196980476379395,awake,0.8259963821837376,0.8516375136527395,0.9519922006687744,0.8990229694672581,0.28419298402498616,0.6139113579432991,[[ 6933 18202][ 5269 104484]],6933,18202,5269,104484
7,100,0.6196980476379395,asleep,0.8259963821837376,0.5681855433535486,0.27583051521782376,0.3713742400299971,0.28419298402498616,0.6139113579432991,[[ 104484 5269][ 18202 6933]],104484,5269,18202,6933
7,100,0.6196980476379395,avg,0.8259963821837376,0.7099115285031441,0.6139113579432991,0.6351986047486275,0.28419298402498616,0.6139113579432991,,,,,
