client,round,loss,class,accuracy,precision,recall,f1_score,cohen_kappa_score,roc_auc_score,confusion_matrix,TP,FP,FN,TN
16,59,0.6262650489807129,awake,0.8172780380760335,0.8623875868646954,0.9226627062585988,0.891507502960247,0.3170783598312298,0.6398871518163891,[[ 8976 16159][ 8488 101265]],8976,16159,8488,101265
16,59,0.6262650489807129,asleep,0.8172780380760335,0.5139715987173614,0.3571115973741794,0.4214183431535951,0.3170783598312298,0.6398871518163891,[[ 101265 8488][ 16159 8976]],101265,8488,16159,8976
16,59,0.6262650489807129,avg,0.8172780380760335,0.6881795927910284,0.6398871518163891,0.656462923056921,0.3170783598312298,0.6398871518163891,,,,,
