client,round,loss,class,accuracy,precision,recall,f1_score,cohen_kappa_score,roc_auc_score,confusion_matrix,TP,FP,FN,TN
13,75,0.6187973022460938,awake,0.7310583595279047,0.8901573883307491,0.7637057756963364,0.8220974425618517,0.28424088251316904,0.6761039322086217,[[ 14792 10343][ 25934 83819]],14792,10343,25934,83819
13,75,0.6187973022460938,asleep,0.7310583595279047,0.36320777881451655,0.5885020887209071,0.44918844232550376,0.28424088251316904,0.6761039322086217,[[ 83819 25934][ 10343 14792]],83819,25934,10343,14792
13,75,0.6187973022460938,avg,0.7310583595279047,0.6266825835726328,0.6761039322086217,0.6356429424436777,0.28424088251316904,0.6761039322086217,,,,,
