client,round,loss,class,accuracy,precision,recall,f1_score,cohen_kappa_score,roc_auc_score,confusion_matrix,TP,FP,FN,TN
16,26,0.5857774019241333,awake,0.8206289662534844,0.8650521393340501,0.9236376226617952,0.8933854471906547,0.3323643532175027,0.6472375501413212,[[ 9321 15814][ 8381 101372]],9321,15814,8381,101372
16,26,0.5857774019241333,asleep,0.8206289662534844,0.5265506722404248,0.3708374776208474,0.43518453673226415,0.3323643532175027,0.6472375501413213,[[ 101372 8381][ 15814 9321]],101372,8381,15814,9321
16,26,0.5857774019241333,avg,0.8206289662534844,0.6958014057872375,0.6472375501413212,0.6642849919614594,0.3323643532175027,0.6472375501413212,,,,,
