client,round,loss,class,accuracy,precision,recall,f1_score,cohen_kappa_score,roc_auc_score,confusion_matrix,TP,FP,FN,TN
6,65,0.5293673276901245,awake,0.7798692248383844,0.8858462012993272,0.8373620766630525,0.8609220652087364,0.33529602674989745,0.6830932125905278,[[ 13292 11843][ 17850 91903]],13292,11843,17850,91903
6,65,0.5293673276901245,asleep,0.7798692248383844,0.4268190867638559,0.5288243485180028,0.47237770314693395,0.33529602674989745,0.6830932125905276,[[ 91903 17850][ 11843 13292]],91903,17850,11843,13292
6,65,0.5293673276901245,avg,0.7798692248383844,0.6563326440315915,0.6830932125905276,0.6666498841778352,0.33529602674989745,0.6830932125905277,,,,,
