client,round,loss,class,accuracy,precision,recall,f1_score,cohen_kappa_score,roc_auc_score,confusion_matrix,TP,FP,FN,TN
9,26,0.534467339515686,awake,0.8435739279995256,0.8770895541433785,0.9393911783732564,0.9071719562520348,0.41408597038314987,0.6822875923694409,[[ 10687 14448][ 6652 103101]],10687,14448,6652,103101
9,26,0.534467339515686,asleep,0.8435739279995256,0.6163561912451698,0.42518400636562564,0.5032255026604511,0.41408597038314987,0.682287592369441,[[ 103101 6652][ 14448 10687]],103101,6652,14448,10687
9,26,0.534467339515686,avg,0.8435739279995256,0.7467228726942742,0.682287592369441,0.705198729456243,0.41408597038314987,0.6822875923694409,,,,,
