client,round,loss,class,accuracy,precision,recall,f1_score,cohen_kappa_score,roc_auc_score,confusion_matrix,TP,FP,FN,TN
8,101,0.6232178211212158,awake,0.7945480695095191,0.8487087066664399,0.909651672391643,0.8781240792129718,0.22931215531271676,0.6007975887321255,[[ 7338 17797][ 9916 99837]],7338,17797,9916,99837
8,101,0.6232178211212158,asleep,0.7945480695095191,0.42529268575402807,0.2919435050726079,0.34622189719030877,0.22931215531271676,0.6007975887321255,[[ 99837 9916][ 17797 7338]],99837,9916,17797,7338
8,101,0.6232178211212158,avg,0.7945480695095191,0.637000696210234,0.6007975887321255,0.6121729882016402,0.22931215531271676,0.6007975887321255,,,,,
