client,round,loss,class,accuracy,precision,recall,f1_score,cohen_kappa_score,roc_auc_score,confusion_matrix,TP,FP,FN,TN
15,165,1.066770315170288,awake,0.49355020461419846,0.7879828206874505,0.5165508004337012,0.6240286186020915,-0.057178444293880526,0.4548339838651498,[[ 9881 15254][ 53060 56693]],9881,15254,53060,56693
15,165,1.066770315170288,asleep,0.49355020461419846,0.15698829062137556,0.39311716729659835,0.22437440392388389,-0.057178444293880526,0.4548339838651498,[[ 56693 53060][ 15254 9881]],56693,53060,15254,9881
15,165,1.066770315170288,avg,0.49355020461419846,0.472485555654413,0.4548339838651497,0.42420151126298766,-0.057178444293880526,0.4548339838651498,,,,,
