client,round,loss,class,accuracy,precision,recall,f1_score,cohen_kappa_score,roc_auc_score,confusion_matrix,TP,FP,FN,TN
4,157,0.7371164560317993,awake,0.8209477492438171,0.8655881373160336,0.9233187247728991,0.8935219066597304,0.3348519613962332,0.6486297224421488,[[ 9399 15736][ 8416 101337]],9399,15736,8416,101337
4,157,0.7371164560317993,asleep,0.8209477492438171,0.5275891103003088,0.37394072011139845,0.4376717112922003,0.3348519613962332,0.6486297224421488,[[ 101337 8416][ 15736 9399]],101337,8416,15736,9399
4,157,0.7371164560317993,avg,0.8209477492438171,0.6965886238081711,0.6486297224421488,0.6655968089759654,0.3348519613962332,0.6486297224421488,,,,,
