client,round,loss,class,accuracy,precision,recall,f1_score,cohen_kappa_score,roc_auc_score,confusion_matrix,TP,FP,FN,TN
18,91,0.5643810033798218,awake,0.8326759978648953,0.8455337397052879,0.9719096516723916,0.9043279216650417,0.26271068148659593,0.5983081180581971,[[ 5648 19487][ 3083 106670]],5648,19487,3083,106670
18,91,0.5643810033798218,asleep,0.8326759978648953,0.646890390562364,0.22470658444400238,0.33354987302899664,0.26271068148659593,0.598308118058197,[[ 106670 3083][ 19487 5648]],106670,3083,19487,5648
18,91,0.5643810033798218,avg,0.8326759978648953,0.746212065133826,0.5983081180581971,0.6189388973470191,0.26271068148659593,0.5983081180581971,,,,,
