client,round,loss,class,accuracy,precision,recall,f1_score,cohen_kappa_score,roc_auc_score,confusion_matrix,TP,FP,FN,TN
10,137,0.596032977104187,awake,0.7727077278927703,0.8962545840764714,0.8149936675990633,0.8536947340793587,0.34968941259080133,0.7015290597792413,[[ 14781 10354][ 20305 89448]],14781,10354,20305,89448
10,137,0.596032977104187,asleep,0.7727077278927703,0.4212791426779912,0.5880644519594191,0.49089188156955216,0.34968941259080133,0.7015290597792413,[[ 89448 20305][ 10354 14781]],89448,20305,10354,14781
10,137,0.596032977104187,avg,0.7727077278927703,0.6587668633772313,0.7015290597792412,0.6722933078244554,0.34968941259080133,0.7015290597792413,,,,,
