client,round,loss,class,accuracy,precision,recall,f1_score,cohen_kappa_score,roc_auc_score,confusion_matrix,TP,FP,FN,TN
16,193,0.7163180708885193,awake,0.8216668643615443,0.8680553169558495,0.9207857643982397,0.8936433614976146,0.3449137219415527,0.6548229597801821,[[ 9774 15361][ 8694 101059]],9774,15361,8694,101059
16,193,0.7163180708885193,asleep,0.8216668643615443,0.5292397660818714,0.3888601551621245,0.4483177762997959,0.3449137219415527,0.654822959780182,[[ 101059 8694][ 15361 9774]],101059,8694,15361,9774
16,193,0.7163180708885193,avg,0.8216668643615443,0.6986475415188604,0.6548229597801821,0.6709805688987053,0.3449137219415527,0.654822959780182,,,,,
