client,round,loss,class,accuracy,precision,recall,f1_score,cohen_kappa_score,roc_auc_score,confusion_matrix,TP,FP,FN,TN
9,85,0.5541651844978333,awake,0.8364124310539114,0.8747019460041535,0.9325303180778658,0.9026909270512696,0.39297175754607483,0.6746200426673394,[[ 10474 14661][ 7405 102348]],10474,14661,7405,102348
9,85,0.5541651844978333,asleep,0.8364124310539114,0.5858269478158734,0.4167097672568132,0.4870042311805459,0.39297175754607483,0.6746200426673394,[[ 102348 7405][ 14661 10474]],102348,7405,14661,10474
9,85,0.5541651844978333,avg,0.8364124310539114,0.7302644469100135,0.6746200426673394,0.6948475791159078,0.39297175754607483,0.6746200426673394,,,,,
