client,round,loss,class,accuracy,precision,recall,f1_score,cohen_kappa_score,roc_auc_score,confusion_matrix,TP,FP,FN,TN
15,134,0.983914315700531,awake,0.5469426487159718,0.7957942618065944,0.596165936238645,0.6816652254992864,-0.05050211197736543,0.4640865487837347,[[ 8345 16790][ 44322 65431]],8345,16790,44322,65431
15,134,0.983914315700531,asleep,0.5469426487159718,0.15844836425085917,0.33200716132882435,0.21451890696897252,-0.05050211197736543,0.4640865487837347,[[ 65431 44322][ 16790 8345]],65431,44322,16790,8345
15,134,0.983914315700531,avg,0.5469426487159718,0.4771213130287268,0.4640865487837347,0.44809206623412945,-0.05050211197736543,0.4640865487837347,,,,,
