client,round,loss,class,accuracy,precision,recall,f1_score,cohen_kappa_score,roc_auc_score,confusion_matrix,TP,FP,FN,TN
14,38,0.45082947611808777,awake,0.8405788506019809,0.8943666377684628,0.9117563984583565,0.9029778018408231,0.45647554984742955,0.7207677954098028,[[ 13316 11819][ 9685 100068]],13316,11819,9685,100068
14,38,0.45082947611808777,asleep,0.8405788506019809,0.5789313508108344,0.5297791923612493,0.553265747050025,0.45647554984742955,0.7207677954098028,[[ 100068 9685][ 11819 13316]],100068,9685,11819,13316
14,38,0.45082947611808777,avg,0.8405788506019809,0.7366489942896486,0.7207677954098028,0.728121774445424,0.45647554984742955,0.7207677954098028,,,,,
