client,round,loss,class,accuracy,precision,recall,f1_score,cohen_kappa_score,roc_auc_score,confusion_matrix,TP,FP,FN,TN
6,135,0.5793067216873169,awake,0.7730635786726766,0.8546678378087692,0.8688327426129582,0.8616920817801874,0.23013668128318698,0.6118581855097813,[[ 8920 16215][ 14396 95357]],8920,16215,14396,95357
6,135,0.5793067216873169,asleep,0.7730635786726766,0.3825699090753131,0.3548836284066043,0.3682070545499577,0.23013668128318698,0.6118581855097813,[[ 95357 14396][ 16215 8920]],95357,14396,16215,8920
6,135,0.5793067216873169,avg,0.7730635786726766,0.6186188734420411,0.6118581855097812,0.6149495681650725,0.23013668128318698,0.6118581855097813,,,,,
