client,round,loss,class,accuracy,precision,recall,f1_score,cohen_kappa_score,roc_auc_score,confusion_matrix,TP,FP,FN,TN
17,179,0.5571195483207703,awake,0.813445228634126,0.8431685963958555,0.9468351662369138,0.8919999999999999,0.22423449712207288,0.5889139029911443,[[ 5806 19329][ 5835 103918]],5806,19329,5835,103918
17,179,0.5571195483207703,asleep,0.813445228634126,0.4987544025427369,0.23099263974537498,0.3157494017837721,0.22423449712207288,0.5889139029911443,[[ 103918 5835][ 19329 5806]],103918,5835,19329,5806
17,179,0.5571195483207703,avg,0.813445228634126,0.6709614994692962,0.5889139029911443,0.603874700891886,0.22423449712207288,0.5889139029911443,,,,,
