client,round,loss,class,accuracy,precision,recall,f1_score,cohen_kappa_score,roc_auc_score,confusion_matrix,TP,FP,FN,TN
4,55,0.6229232549667358,awake,0.8241355791471443,0.8648689913735337,0.9290133299317559,0.8957943473638896,0.3373060134568411,0.6475979719083884,[[ 9204 15931][ 7791 101962]],9204,15931,7791,101962
4,55,0.6229232549667358,asleep,0.8241355791471443,0.5415710503089144,0.3661826138850209,0.4369333016852599,0.3373060134568411,0.6475979719083883,[[ 101962 7791][ 15931 9204]],101962,7791,15931,9204
4,55,0.6229232549667358,avg,0.8241355791471443,0.703220020841224,0.6475979719083884,0.6663638245245748,0.3373060134568411,0.6475979719083884,,,,,
