client,round,loss,class,accuracy,precision,recall,f1_score,cohen_kappa_score,roc_auc_score,confusion_matrix,TP,FP,FN,TN
11,200,0.5659500360488892,awake,0.8307262321333254,0.8757500302605868,0.9228996018332073,0.8987068296253576,0.38614140791455687,0.6755735327646244,[[ 10764 14371][ 8462 101291]],10764,14371,8462,101291
11,200,0.5659500360488892,asleep,0.8307262321333254,0.5598668469780506,0.4282474636960414,0.48529113410428076,0.38614140791455687,0.6755735327646244,[[ 101291 8462][ 14371 10764]],101291,8462,14371,10764
11,200,0.5659500360488892,avg,0.8307262321333254,0.7178084386193186,0.6755735327646244,0.6919989818648192,0.38614140791455687,0.6755735327646244,,,,,
