client,round,loss,class,accuracy,precision,recall,f1_score,cohen_kappa_score,roc_auc_score,confusion_matrix,TP,FP,FN,TN
1,28,0.6188880205154419,awake,0.7300056343040152,0.8396602193567512,0.8258817526627974,0.8327139937070807,0.13355149006559652,0.5686202079407084,[[ 7826 17309][ 19110 90643]],7826,17309,19110,90643
1,28,0.6188880205154419,asleep,0.7300056343040152,0.2905405405405405,0.31135866321861944,0.3005895796124522,0.13355149006559652,0.5686202079407084,[[ 90643 19110][ 17309 7826]],90643,19110,17309,7826
1,28,0.6188880205154419,avg,0.7300056343040152,0.5651003799486458,0.5686202079407084,0.5666517866597665,0.13355149006559652,0.5686202079407084,,,,,
