client,round,loss,class,accuracy,precision,recall,f1_score,cohen_kappa_score,roc_auc_score,confusion_matrix,TP,FP,FN,TN
13,49,0.547725260257721,awake,0.7831979123420912,0.8970067557571872,0.8286971654533362,0.8614999905279709,0.36627011867362524,0.706610369080358,[[ 14692 10443][ 18801 90952]],14692,10443,18801,90952
13,49,0.547725260257721,asleep,0.7831979123420912,0.43865882423192903,0.5845235727073802,0.5011939687521321,0.36627011867362524,0.7066103690803581,[[ 90952 18801][ 10443 14692]],90952,18801,10443,14692
13,49,0.547725260257721,avg,0.7831979123420912,0.6678327899945582,0.7066103690803582,0.6813469796400515,0.36627011867362524,0.706610369080358,,,,,
