client,round,loss,class,accuracy,precision,recall,f1_score,cohen_kappa_score,roc_auc_score,confusion_matrix,TP,FP,FN,TN
17,23,0.514854371547699,awake,0.8137640116244588,0.8274978716817584,0.9741966051041885,0.8948749387980566,0.1246100555804538,0.5437125854245828,[[ 2846 22289][ 2832 106921]],2846,22289,2832,106921
17,23,0.514854371547699,asleep,0.8137640116244588,0.5012328284607256,0.11322856574497712,0.1847272255216954,0.1246100555804538,0.5437125854245829,[[ 106921 2832][ 22289 2846]],106921,2832,22289,2846
17,23,0.514854371547699,avg,0.8137640116244588,0.664365350071242,0.5437125854245828,0.539801082159876,0.1246100555804538,0.5437125854245828,,,,,
