client,round,loss,class,accuracy,precision,recall,f1_score,cohen_kappa_score,roc_auc_score,confusion_matrix,TP,FP,FN,TN
15,125,1.0746853351593018,awake,0.48632198564735185,0.7827356829425082,0.5103368472843567,0.6178444771690631,-0.06823277379112169,0.44589848133066046,[[ 9588 15547][ 53742 56011]],9588,15547,53742,56011
15,125,1.0746853351593018,asleep,0.48632198564735185,0.15139744197063004,0.3814601153769644,0.2167636918555361,-0.06823277379112169,0.4458984813306605,[[ 56011 53742][ 15547 9588]],56011,53742,15547,9588
15,125,1.0746853351593018,avg,0.48632198564735185,0.4670665624565691,0.44589848133066057,0.4173040845122996,-0.06823277379112169,0.44589848133066046,,,,,
