client,round,loss,class,accuracy,precision,recall,f1_score,cohen_kappa_score,roc_auc_score,confusion_matrix,TP,FP,FN,TN
10,16,0.6147142052650452,awake,0.7507117015598126,0.9200203038963618,0.7596603281914845,0.8321854912764004,0.36438795059544093,0.7356487437655252,[[ 17887 7248][ 26378 83375]],17887,7248,26378,83375
10,16,0.6147142052650452,asleep,0.7507117015598126,0.40408900937535297,0.7116371593395664,0.5154755043227666,0.36438795059544093,0.7356487437655255,[[ 83375 26378][ 7248 17887]],83375,26378,7248,17887
10,16,0.6147142052650452,avg,0.7507117015598126,0.6620546566358574,0.7356487437655255,0.6738304977995835,0.36438795059544093,0.7356487437655254,,,,,
