client,round,loss,class,accuracy,precision,recall,f1_score,cohen_kappa_score,roc_auc_score,confusion_matrix,TP,FP,FN,TN
3,186,0.6921440362930298,awake,0.8161660043888262,0.8574024837613166,0.928484870573014,0.8915290566698015,0.29543390034184613,0.6271029883002328,[[ 8187 16948][ 7849 101904]],8187,16948,7849,101904
3,186,0.6921440362930298,asleep,0.8161660043888262,0.5105387877276129,0.32572110602745175,0.3977071239464671,0.29543390034184613,0.6271029883002329,[[ 101904 7849][ 16948 8187]],101904,7849,16948,8187
3,186,0.6921440362930298,avg,0.8161660043888262,0.6839706357444647,0.6271029883002328,0.6446180903081343,0.29543390034184613,0.6271029883002328,,,,,
