client,round,loss,class,accuracy,precision,recall,f1_score,cohen_kappa_score,roc_auc_score,confusion_matrix,TP,FP,FN,TN
0,50,0.5597125291824341,awake,0.7880908605658027,0.8809570743337745,0.855111022022177,0.8678416541061371,0.33405822110274486,0.6752778105933444,[[ 12453 12682][ 15902 93851]],12453,12682,15902,93851
0,50,0.5597125291824341,asleep,0.7880908605658027,0.43918180215129604,0.4954445991645116,0.46561974200785194,0.33405822110274486,0.6752778105933442,[[ 93851 15902][ 12682 12453]],93851,15902,12682,12453
0,50,0.5597125291824341,avg,0.7880908605658027,0.6600694382425353,0.6752778105933444,0.6667306980569945,0.33405822110274486,0.6752778105933444,,,,,
