client,round,loss,class,accuracy,precision,recall,f1_score,cohen_kappa_score,roc_auc_score,confusion_matrix,TP,FP,FN,TN
14,121,0.5114110112190247,awake,0.8373242986774213,0.8741116924282963,0.93468060098585,0.9033820466644065,0.39269777194068234,0.673447322573689,[[ 10361 14774][ 7169 102584]],10361,14774,7169,102584
14,121,0.5114110112190247,asleep,0.8373242986774213,0.5910439247005134,0.41221404416152774,0.4856908472987226,0.39269777194068234,0.673447322573689,[[ 102584 7169][ 14774 10361]],102584,7169,14774,10361
14,121,0.5114110112190247,avg,0.8373242986774213,0.7325778085644048,0.6734473225736889,0.6945364469815645,0.39269777194068234,0.673447322573689,,,,,
