client,round,loss,class,accuracy,precision,recall,f1_score,cohen_kappa_score,roc_auc_score,confusion_matrix,TP,FP,FN,TN
6,146,0.6027064919471741,awake,0.7440988078998874,0.8763217654885406,0.7981376363288475,0.8354044079079127,0.26628353689803075,0.6531368507882551,[[ 12772 12363][ 22155 87598]],12772,12363,22155,87598
6,146,0.6027064919471741,asleep,0.7440988078998874,0.36567698342256705,0.5081360652476626,0.42529386300822486,0.26628353689803075,0.653136850788255,[[ 87598 22155][ 12363 12772]],87598,22155,12363,12772
6,146,0.6027064919471741,avg,0.7440988078998874,0.6209993744555538,0.6531368507882551,0.6303491354580688,0.26628353689803075,0.6531368507882551,,,,,
