client,round,loss,class,accuracy,precision,recall,f1_score,cohen_kappa_score,roc_auc_score,confusion_matrix,TP,FP,FN,TN
0,115,0.6401551961898804,awake,0.7718625822904929,0.8905801831740945,0.8204149317102949,0.8540588734652066,0.3357457310396771,0.6901358525669039,[[ 14072 11063][ 19710 90043]],14072,11063,19710,90043
0,115,0.6401551961898804,asleep,0.7718625822904929,0.41655319400864366,0.559856773423513,0.477688952254867,0.3357457310396771,0.690135852566904,[[ 90043 19710][ 11063 14072]],90043,19710,11063,14072
0,115,0.6401551961898804,avg,0.7718625822904929,0.6535666885913691,0.6901358525669039,0.6658739128600368,0.3357457310396771,0.6901358525669039,,,,,
