client,round,loss,class,accuracy,precision,recall,f1_score,cohen_kappa_score,roc_auc_score,confusion_matrix,TP,FP,FN,TN
6,119,0.6421746015548706,awake,0.7199602633295771,0.8674385126650127,0.7741291809791077,0.8181319210399615,0.2180727900929983,0.6287793308913839,[[ 12151 12984][ 24790 84963]],12151,12984,24790,84963
6,119,0.6421746015548706,asleep,0.7199602633295771,0.32892991527029586,0.4834294808036602,0.39148785359881433,0.2180727900929983,0.6287793308913838,[[ 84963 24790][ 12984 12151]],84963,24790,12984,12151
6,119,0.6421746015548706,avg,0.7199602633295771,0.5981842139676543,0.6287793308913839,0.6048098873193879,0.2180727900929983,0.6287793308913838,,,,,
