client,round,loss,class,accuracy,precision,recall,f1_score,cohen_kappa_score,roc_auc_score,confusion_matrix,TP,FP,FN,TN
8,179,0.6957492828369141,awake,0.7844211493980191,0.8553419782233341,0.8846683006387069,0.8697580049178346,0.2455261741691097,0.6156780930287229,[[ 8714 16421][ 12658 97095]],8714,16421,12658,97095
8,179,0.6957492828369141,asleep,0.7844211493980191,0.40772973984652816,0.3466878854187388,0.37473928655901256,0.2455261741691097,0.6156780930287228,[[ 97095 12658][ 16421 8714]],97095,12658,16421,8714
8,179,0.6957492828369141,avg,0.7844211493980191,0.6315358590349311,0.6156780930287229,0.6222486457384235,0.2455261741691097,0.6156780930287229,,,,,
