client,round,loss,class,accuracy,precision,recall,f1_score,cohen_kappa_score,roc_auc_score,confusion_matrix,TP,FP,FN,TN
5,106,0.6304998993873596,awake,0.7632257873198506,0.8449338191618572,0.8683680628319955,0.8564906762525276,0.18093276556711235,0.5862429134529978,[[ 7644 17491][ 14447 95306]],7644,17491,14447,95306
5,106,0.6304998993873596,asleep,0.7632257873198506,0.34602326739396133,0.3041177640740004,0.32371998475416086,0.18093276556711235,0.5862429134529978,[[ 95306 14447][ 17491 7644]],95306,14447,17491,7644
5,106,0.6304998993873596,avg,0.7632257873198506,0.5954785432779093,0.586242913452998,0.5901053305033442,0.18093276556711235,0.5862429134529978,,,,,
