client,round,loss,class,accuracy,precision,recall,f1_score,cohen_kappa_score,roc_auc_score,confusion_matrix,TP,FP,FN,TN
8,19,0.5591768026351929,awake,0.7919384971235395,0.8473306461214007,0.9078658442138255,0.876554342041021,0.22006742482043073,0.5968014321526658,[[ 7182 17953][ 10112 99641]],7182,17953,10112,99641
8,19,0.5591768026351929,asleep,0.7919384971235395,0.4152885393778189,0.28573702009150587,0.33854203492894014,0.22006742482043073,0.5968014321526658,[[ 99641 10112][ 17953 7182]],99641,10112,17953,7182
8,19,0.5591768026351929,avg,0.7919384971235395,0.6313095927496098,0.5968014321526657,0.6075481884849806,0.22006742482043073,0.5968014321526658,,,,,
