client,round,loss,class,accuracy,precision,recall,f1_score,cohen_kappa_score,roc_auc_score,confusion_matrix,TP,FP,FN,TN
13,90,0.6607807278633118,awake,0.7243046082675998,0.8857091222213954,0.7591227574644884,0.8175448925522519,0.2671282438641658,0.6656962504251028,[[ 14384 10751][ 26437 83316]],14384,10751,26437,83316
13,90,0.6607807278633118,asleep,0.7243046082675998,0.352367653903628,0.5722697433857171,0.43616956759051484,0.2671282438641658,0.6656962504251027,[[ 83316 26437][ 10751 14384]],83316,26437,10751,14384
13,90,0.6607807278633118,avg,0.7243046082675998,0.6190383880625117,0.6656962504251027,0.6268572300713834,0.2671282438641658,0.6656962504251027,,,,,
