client,round,loss,class,accuracy,precision,recall,f1_score,cohen_kappa_score,roc_auc_score,confusion_matrix,TP,FP,FN,TN
11,166,0.5682259798049927,awake,0.8360195124844315,0.8688299663299663,0.9404480970907401,0.9032215722392618,0.3721068504035133,0.6602379733514174,[[ 9552 15583][ 6536 103217]],9552,15583,6536,103217
11,166,0.5682259798049927,asleep,0.8360195124844315,0.5937344604674292,0.3800278496120947,0.46343060912597334,0.3721068504035133,0.6602379733514173,[[ 103217 6536][ 15583 9552]],103217,6536,15583,9552
11,166,0.5682259798049927,avg,0.8360195124844315,0.7312822133986978,0.6602379733514174,0.6833260906826175,0.3721068504035133,0.6602379733514174,,,,,
