client,round,loss,class,accuracy,precision,recall,f1_score,cohen_kappa_score,roc_auc_score,confusion_matrix,TP,FP,FN,TN
14,71,0.4888996481895447,awake,0.8425508570072949,0.8807850155299544,0.9327398795477116,0.9060182317019205,0.42352938402353346,0.6907383503567085,[[ 11279 13856][ 7382 102371]],11279,13856,7382,102371
14,71,0.4888996481895447,asleep,0.8425508570072949,0.6044156261722309,0.4487368211657052,0.5150698693944652,0.42352938402353346,0.6907383503567085,[[ 102371 7382][ 13856 11279]],102371,7382,13856,11279
14,71,0.4888996481895447,avg,0.8425508570072949,0.7426003208510926,0.6907383503567084,0.7105440505481928,0.42352938402353346,0.6907383503567085,,,,,
