client,round,loss,class,accuracy,precision,recall,f1_score,cohen_kappa_score,roc_auc_score,confusion_matrix,TP,FP,FN,TN
14,175,0.5545609593391418,awake,0.8354338414091691,0.8709548947997254,0.9365028746366842,0.9025403264754178,0.3785733934603097,0.6653073354683321,[[ 9906 15229][ 6969 102784]],9906,15229,6969,102784
14,175,0.5545609593391418,asleep,0.8354338414091691,0.5870222222222222,0.3941117962999801,0.47160199952392284,0.3785733934603097,0.6653073354683321,[[ 102784 6969][ 15229 9906]],102784,6969,15229,9906
14,175,0.5545609593391418,avg,0.8354338414091691,0.7289885585109739,0.6653073354683322,0.6870711629996703,0.3785733934603097,0.6653073354683321,,,,,
