client,round,loss,class,accuracy,precision,recall,f1_score,cohen_kappa_score,roc_auc_score,confusion_matrix,TP,FP,FN,TN
17,150,0.562017560005188,awake,0.8118142458928889,0.8453867378435691,0.9407761063478902,0.8905343050584328,0.23389785828346332,0.5947365711767301,[[ 6251 18884][ 6500 103253]],6251,18884,6500,103253
17,150,0.562017560005188,asleep,0.8118142458928889,0.49023605991686925,0.24869703600556992,0.3299899699097292,0.23389785828346332,0.5947365711767302,[[ 103253 6500][ 18884 6251]],103253,6500,18884,6251
17,150,0.562017560005188,avg,0.8118142458928889,0.6678113988802192,0.5947365711767301,0.610262137484081,0.23389785828346332,0.5947365711767301,,,,,
