client,round,loss,class,accuracy,precision,recall,f1_score,cohen_kappa_score,roc_auc_score,confusion_matrix,TP,FP,FN,TN
2,100,0.5015572309494019,awake,0.8277311547357808,0.8708803456908674,0.925496341785646,0.8973580871862149,0.3648464251861,0.6631659150742433,[[ 10075 15060][ 8177 101576]],10075,15060,8177,101576
2,100,0.5015572309494019,asleep,0.8277311547357808,0.551994301994302,0.40083548836284066,0.4644248277133704,0.3648464251861,0.6631659150742434,[[ 101576 8177][ 15060 10075]],101576,8177,15060,10075
2,100,0.5015572309494019,avg,0.8277311547357808,0.7114373238425846,0.6631659150742433,0.6808914574497926,0.3648464251861,0.6631659150742433,,,,,
