client,round,loss,class,accuracy,precision,recall,f1_score,cohen_kappa_score,roc_auc_score,confusion_matrix,TP,FP,FN,TN
17,98,0.5634617209434509,awake,0.8176561295296839,0.8523689328423056,0.9384344847065684,0.8933335646260864,0.27553849471292446,0.6143535065267476,[[ 7296 17839][ 6757 102996]],7296,17839,6757,102996
17,98,0.5634617209434509,asleep,0.8176561295296839,0.5191773998434498,0.2902725283469266,0.3723588853730733,0.27553849471292446,0.6143535065267475,[[ 102996 6757][ 17839 7296]],102996,6757,17839,7296
17,98,0.5634617209434509,avg,0.8176561295296839,0.6857731663428777,0.6143535065267475,0.6328462249995799,0.27553849471292446,0.6143535065267476,,,,,
