client,round,loss,class,accuracy,precision,recall,f1_score,cohen_kappa_score,roc_auc_score,confusion_matrix,TP,FP,FN,TN
15,72,1.015397071838379,awake,0.49571496352529504,0.7805898094482471,0.5288875930498483,0.6305481326989506,-0.07794218553889043,0.43987646014139525,[[ 8819 16316][ 51706 58047]],8819,16316,51706,58047
15,72,1.015397071838379,asleep,0.49571496352529504,0.14570838496489055,0.3508653272329421,0.20590707448050435,-0.07794218553889043,0.43987646014139514,[[ 58047 51706][ 16316 8819]],58047,51706,16316,8819
15,72,1.015397071838379,avg,0.49571496352529504,0.4631490972065688,0.43987646014139525,0.4182276035897275,-0.07794218553889043,0.4398764601413952,,,,,
