client,round,loss,class,accuracy,precision,recall,f1_score,cohen_kappa_score,roc_auc_score,confusion_matrix,TP,FP,FN,TN
9,172,0.5930230617523193,awake,0.8434627246308048,0.8740441908748713,0.943591519138429,0.9074873268810325,0.4039403999726333,0.6749188946398331,[[ 10211 14924][ 6191 103562]],10211,14924,6191,103562
9,172,0.5930230617523193,asleep,0.8434627246308048,0.6225460309718327,0.4062462701412373,0.4916580398199196,0.4039403999726333,0.6749188946398331,[[ 103562 6191][ 14924 10211]],103562,6191,14924,10211
9,172,0.5930230617523193,avg,0.8434627246308048,0.748295110923352,0.6749188946398331,0.6995726833504761,0.4039403999726333,0.6749188946398331,,,,,
