client,round,loss,class,accuracy,precision,recall,f1_score,cohen_kappa_score,roc_auc_score,confusion_matrix,TP,FP,FN,TN
8,52,0.667015552520752,awake,0.793198801969041,0.8399475074336783,0.9214144488077775,0.878796963732506,0.18494950108249186,0.5773772065005667,[[ 5865 19270][ 8625 101128]],5865,19270,8625,101128
8,52,0.667015552520752,asleep,0.793198801969041,0.40476190476190477,0.23333996419335587,0.2960252365930599,0.18494950108249186,0.5773772065005666,[[ 101128 8625][ 19270 5865]],101128,8625,19270,5865
8,52,0.667015552520752,avg,0.793198801969041,0.6223547060977915,0.5773772065005667,0.587411100162783,0.18494950108249186,0.5773772065005667,,,,,
