client,round,loss,class,accuracy,precision,recall,f1_score,cohen_kappa_score,roc_auc_score,confusion_matrix,TP,FP,FN,TN
11,125,0.5973884463310242,awake,0.8332690824980725,0.8654321297855055,0.9414776817034614,0.9018546803403884,0.35471507442644357,0.6511247569050428,[[ 9068 16067][ 6423 103330]],9068,16067,6423,103330
11,125,0.5973884463310242,asleep,0.8332690824980725,0.5853721515718805,0.3607718321066242,0.4464136267414956,0.35471507442644357,0.6511247569050428,[[ 103330 6423][ 16067 9068]],103330,6423,16067,9068
11,125,0.5973884463310242,avg,0.8332690824980725,0.725402140678693,0.6511247569050428,0.674134153540942,0.35471507442644357,0.6511247569050428,,,,,
