client,round,loss,class,accuracy,precision,recall,f1_score,cohen_kappa_score,roc_auc_score,confusion_matrix,TP,FP,FN,TN
10,34,0.6733878254890442,awake,0.7424826522744795,0.9165805928542077,0.7519429992802019,0.8261391847521423,0.347921923031023,0.7265583307520962,[[ 17624 7511][ 27225 82528]],17624,7511,27225,82528
10,34,0.6733878254890442,asleep,0.7424826522744795,0.39296305380276036,0.7011736622239905,0.5036579789666209,0.347921923031023,0.7265583307520963,[[ 82528 27225][ 7511 17624]],82528,27225,7511,17624
10,34,0.6733878254890442,avg,0.7424826522744795,0.654771823328484,0.7265583307520962,0.6648985818593816,0.347921923031023,0.7265583307520962,,,,,
