client,round,loss,class,accuracy,precision,recall,f1_score,cohen_kappa_score,roc_auc_score,confusion_matrix,TP,FP,FN,TN
14,7,0.4752133786678314,awake,0.8103760156574343,0.8183117659070798,0.9858318223647645,0.8942944283270103,0.04588409071409494,0.5150364602175921,[[ 1112 24023][ 1555 108198]],1112,24023,1555,108198
14,7,0.4752133786678314,asleep,0.8103760156574343,0.41694788151481066,0.04424109807041973,0.079994245018344,0.04588409071409494,0.5150364602175922,[[ 108198 1555][ 24023 1112]],108198,1555,24023,1112
14,7,0.4752133786678314,avg,0.8103760156574343,0.6176298237109452,0.5150364602175921,0.48714433667267715,0.04588409071409494,0.5150364602175921,,,,,
