client,round,loss,class,accuracy,precision,recall,f1_score,cohen_kappa_score,roc_auc_score,confusion_matrix,TP,FP,FN,TN
16,80,0.6387009024620056,awake,0.8147426012692011,0.8675610982949716,0.9114557233059689,0.8889668931258027,0.33218755626486407,0.6519482714401339,[[ 9864 15271][ 9718 100035]],9864,15271,9718,100035
16,80,0.6387009024620056,asleep,0.8147426012692011,0.5037279133898478,0.39244081957429877,0.4411744973947268,0.33218755626486407,0.6519482714401338,[[ 100035 9718][ 15271 9864]],100035,9718,15271,9864
16,80,0.6387009024620056,avg,0.8147426012692011,0.6856445058424097,0.6519482714401339,0.6650706952602647,0.33218755626486407,0.6519482714401339,,,,,
