client,round,loss,class,accuracy,precision,recall,f1_score,cohen_kappa_score,roc_auc_score,confusion_matrix,TP,FP,FN,TN
13,86,0.569148600101471,awake,0.7709951960144713,0.878475788261266,0.8339088680947218,0.8556123736783554,0.3042106340275905,0.665094477811037,[[ 12474 12661][ 18229 91524]],12474,12661,18229,91524
13,86,0.569148600101471,asleep,0.7709951960144713,0.4062795166596098,0.4962800875273523,0.4467925068949461,0.3042106340275905,0.665094477811037,[[ 91524 18229][ 12661 12474]],91524,18229,12661,12474
13,86,0.569148600101471,avg,0.7709951960144713,0.6423776524604379,0.665094477811037,0.6512024402866508,0.3042106340275905,0.665094477811037,,,,,
