client,round,loss,class,accuracy,precision,recall,f1_score,cohen_kappa_score,roc_auc_score,confusion_matrix,TP,FP,FN,TN
15,27,0.764737606048584,awake,0.5715334203190795,0.8228167403946518,0.6033274716864232,0.6961819701517644,0.024865713053215055,0.5180154366588074,[[ 10876 14259][ 43536 66217]],10876,14259,43536,66217
15,27,0.764737606048584,asleep,0.5715334203190795,0.19988237888701021,0.4327034016311916,0.27344840157391226,0.024865713053215055,0.5180154366588073,[[ 66217 43536][ 14259 10876]],66217,43536,14259,10876
15,27,0.764737606048584,avg,0.5715334203190795,0.5113495596408311,0.5180154366588074,0.48481518586283834,0.024865713053215055,0.5180154366588074,,,,,
