client,round,loss,class,accuracy,precision,recall,f1_score,cohen_kappa_score,roc_auc_score,confusion_matrix,TP,FP,FN,TN
5,39,0.5522910952568054,awake,0.7824639701085345,0.8405241047531931,0.9042030741756489,0.8712015134689075,0.17775698243497728,0.5775441469943293,[[ 6306 18829][ 10514 99239]],6306,18829,10514,99239
5,39,0.5522910952568054,asleep,0.7824639701085345,0.37491082045184304,0.25088521981300976,0.3006077940650697,0.17775698243497728,0.5775441469943294,[[ 99239 10514][ 18829 6306]],99239,10514,18829,6306
5,39,0.5522910952568054,avg,0.7824639701085345,0.607717462602518,0.5775441469943293,0.5859046537669886,0.17775698243497728,0.5775441469943294,,,,,
