client,round,loss,class,accuracy,precision,recall,f1_score,cohen_kappa_score,roc_auc_score,confusion_matrix,TP,FP,FN,TN
15,158,1.0797688961029053,awake,0.5074432121463733,0.78638966397334,0.5418166246025166,0.6415855684785189,-0.06618472680650433,0.4495834664687538,[[ 8982 16153][ 50287 59466]],8982,16153,50287,59466
15,158,1.0797688961029053,asleep,0.5074432121463733,0.15154633957043312,0.35735030833499104,0.21283351499928913,-0.06618472680650433,0.4495834664687538,[[ 59466 50287][ 16153 8982]],59466,50287,16153,8982
15,158,1.0797688961029053,avg,0.5074432121463733,0.4689680017718866,0.4495834664687538,0.427209541738904,-0.06618472680650433,0.4495834664687538,,,,,
