client,round,loss,class,accuracy,precision,recall,f1_score,cohen_kappa_score,roc_auc_score,confusion_matrix,TP,FP,FN,TN
16,152,0.6872184872627258,awake,0.8194353834292154,0.8725645030408264,0.9111550481535812,0.8914423248350865,0.3566431912064969,0.6650463921889846,[[ 10530 14605][ 9751 100002]],10530,14605,9751,100002
16,152,0.6872184872627258,asleep,0.8194353834292154,0.5192051673980573,0.4189377362243883,0.4637132288180377,0.3566431912064969,0.6650463921889848,[[ 100002 9751][ 14605 10530]],100002,9751,14605,10530
16,152,0.6872184872627258,avg,0.8194353834292154,0.6958848352194419,0.6650463921889848,0.6775777768265621,0.3566431912064969,0.6650463921889846,,,,,
