client,round,loss,class,accuracy,precision,recall,f1_score,cohen_kappa_score,roc_auc_score,confusion_matrix,TP,FP,FN,TN
8,152,0.6687783002853394,awake,0.78322756657375,0.8455167323257031,0.8975791094548669,0.8707704274652619,0.20247152639377208,0.5907430060900751,[[ 7136 17999][ 11241 98512]],7136,17999,11241,98512
8,152,0.6687783002853394,asleep,0.78322756657375,0.3883114763018991,0.28390690272528346,0.32800147085861375,0.20247152639377208,0.5907430060900751,[[ 98512 11241][ 17999 7136]],98512,11241,17999,7136
8,152,0.6687783002853394,avg,0.78322756657375,0.6169141043138011,0.5907430060900751,0.5993859491619378,0.20247152639377208,0.5907430060900751,,,,,
