client,round,loss,class,accuracy,precision,recall,f1_score,cohen_kappa_score,roc_auc_score,confusion_matrix,TP,FP,FN,TN
4,194,0.6848949790000916,awake,0.823831623272641,0.8755415414715952,0.9133144424298197,0.8940291918070291,0.3735424219003701,0.673207847831182,[[ 10886 14249][ 9514 100239]],10886,14249,9514,100239
4,194,0.6848949790000916,asleep,0.823831623272641,0.5336274509803921,0.4331012532325443,0.4781376962775886,0.3735424219003701,0.6732078478311819,[[ 100239 9514][ 14249 10886]],100239,9514,14249,10886
4,194,0.6848949790000916,avg,0.823831623272641,0.7045844962259937,0.673207847831182,0.6860834440423089,0.3735424219003701,0.673207847831182,,,,,
