client,round,loss,class,accuracy,precision,recall,f1_score,cohen_kappa_score,roc_auc_score,confusion_matrix,TP,FP,FN,TN
17,39,0.5195217728614807,awake,0.8103611885416049,0.8330181438371881,0.9592084043260777,0.8916707604221368,0.16056478140220254,0.5598110849957423,[[ 4032 21103][ 4477 105276]],4032,21103,4477,105276
17,39,0.5195217728614807,asleep,0.8103611885416049,0.4738512163591491,0.1604137656654068,0.2396861253120913,0.16056478140220254,0.5598110849957422,[[ 105276 4477][ 21103 4032]],105276,4477,21103,4032
17,39,0.5195217728614807,avg,0.8103611885416049,0.6534346800981686,0.5598110849957423,0.565678442867114,0.16056478140220254,0.5598110849957423,,,,,
