client,round,loss,class,accuracy,precision,recall,f1_score,cohen_kappa_score,roc_auc_score,confusion_matrix,TP,FP,FN,TN
3,106,0.6224762797355652,awake,0.827545815787913,0.8678996486511779,0.9295326779222436,0.8976594808622966,0.3540731123916563,0.655874355670889,[[ 9607 15528][ 7734 102019]],9607,15528,7734,102019
3,106,0.6224762797355652,asleep,0.827545815787913,0.5540049593449051,0.38221603341953453,0.45234956210565974,0.3540731123916563,0.655874355670889,[[ 102019 7734][ 15528 9607]],102019,7734,15528,9607
3,106,0.6224762797355652,avg,0.827545815787913,0.7109523039980414,0.655874355670889,0.6750045214839782,0.3540731123916563,0.655874355670889,,,,,
