client,round,loss,class,accuracy,precision,recall,f1_score,cohen_kappa_score,roc_auc_score,confusion_matrix,TP,FP,FN,TN
4,30,0.5979360938072205,awake,0.8264337821007057,0.8648098227942232,0.9324483157635782,0.8973563067210312,0.340837192996838,0.6479826619597681,[[ 9137 15998][ 7414 102339]],9137,15998,7414,102339
4,30,0.5979360938072205,asleep,0.8264337821007057,0.5520512355748898,0.36351700815595783,0.4383725951158662,0.340837192996838,0.6479826619597681,[[ 102339 7414][ 15998 9137]],102339,7414,15998,9137
4,30,0.5979360938072205,avg,0.8264337821007057,0.7084305291845565,0.6479826619597681,0.6678644509184487,0.340837192996838,0.6479826619597681,,,,,
