client,round,loss,class,accuracy,precision,recall,f1_score,cohen_kappa_score,roc_auc_score,confusion_matrix,TP,FP,FN,TN
11,47,0.49022984504699707,awake,0.8300293576893423,0.8776291296254415,0.9192823886363015,0.8979729880070311,0.3908062223403723,0.6797923779266648,[[ 11067 14068][ 8859 100894]],11067,14068,8859,100894
11,47,0.49022984504699707,asleep,0.8300293576893423,0.5554049984944294,0.44030236721702803,0.4912008166707352,0.3908062223403723,0.6797923779266648,[[ 100894 8859][ 14068 11067]],100894,8859,14068,11067
11,47,0.49022984504699707,avg,0.8300293576893423,0.7165170640599354,0.6797923779266648,0.6945869023388831,0.3908062223403723,0.6797923779266648,,,,,
