client,round,loss,class,accuracy,precision,recall,f1_score,cohen_kappa_score,roc_auc_score,confusion_matrix,TP,FP,FN,TN
10,37,0.6035773754119873,awake,0.782760512425123,0.9104340550578536,0.8129891665831458,0.85895677202913,0.3929586174677463,0.7318775154578749,[[ 16357 8778][ 20525 89228]],16357,8778,20525,89228
10,37,0.6035773754119873,asleep,0.782760512425123,0.4434954720459845,0.650765864332604,0.5275005240498574,0.3929586174677463,0.7318775154578749,[[ 89228 20525][ 8778 16357]],89228,20525,8778,16357
10,37,0.6035773754119873,avg,0.782760512425123,0.676964763551919,0.7318775154578749,0.6932286480394937,0.3929586174677463,0.7318775154578749,,,,,
