client,round,loss,class,accuracy,precision,recall,f1_score,cohen_kappa_score,roc_auc_score,confusion_matrix,TP,FP,FN,TN
17,35,0.5431037545204163,awake,0.8072993891228278,0.8263207106124357,0.9662606033548058,0.8908283737867136,0.11112841503032644,0.5397246919698238,[[ 2845 22290][ 3703 106050]],2845,22290,3703,106050
17,35,0.5431037545204163,asleep,0.8072993891228278,0.43448381185094687,0.11318878058484186,0.17959157908026388,0.11112841503032644,0.5397246919698239,[[ 106050 3703][ 22290 2845]],106050,3703,22290,2845
17,35,0.5431037545204163,avg,0.8072993891228278,0.6304022612316913,0.5397246919698239,0.5352099764334888,0.11112841503032644,0.5397246919698238,,,,,
