client,round,loss,class,accuracy,precision,recall,f1_score,cohen_kappa_score,roc_auc_score,confusion_matrix,TP,FP,FN,TN
8,104,0.6225475072860718,awake,0.795222703279758,0.853145289590231,0.9039206217597696,0.8777993080809421,0.2495050042248128,0.6122547210648859,[[ 8058 17077][ 10545 99208]],8058,17077,10545,99208
8,104,0.6225475072860718,asleep,0.795222703279758,0.43315594258990486,0.32058882037000197,0.3684667794595089,0.2495050042248128,0.6122547210648859,[[ 99208 10545][ 17077 8058]],99208,10545,17077,8058
8,104,0.6225475072860718,avg,0.795222703279758,0.643150616090068,0.6122547210648858,0.6231330437702255,0.2495050042248128,0.6122547210648859,,,,,
