client,round,loss,class,accuracy,precision,recall,f1_score,cohen_kappa_score,roc_auc_score,confusion_matrix,TP,FP,FN,TN
10,182,0.6104214191436768,awake,0.7648790107348319,0.9187306833791209,0.7800333476078103,0.8437199722081237,0.3817349728092141,0.739370164951707,[[ 17562 7573][ 24142 85611]],17562,7573,24142,85611
10,182,0.6104214191436768,asleep,0.7648790107348319,0.4211106848263956,0.6987069822956037,0.5255015784197848,0.3817349728092141,0.739370164951707,[[ 85611 24142][ 7573 17562]],85611,24142,7573,17562
10,182,0.6104214191436768,avg,0.7648790107348319,0.6699206841027583,0.739370164951707,0.6846107753139543,0.3817349728092141,0.739370164951707,,,,,
