client,round,loss,class,accuracy,precision,recall,f1_score,cohen_kappa_score,roc_auc_score,confusion_matrix,TP,FP,FN,TN
15,43,0.7500149607658386,awake,0.5871093054978945,0.8028549339488398,0.6528659808843494,0.7201334659953167,-0.03587300865620491,0.47642304415214093,[[ 7540 17595][ 38099 71654]],7540,17595,38099,71654
15,43,0.7500149607658386,asleep,0.5871093054978945,0.16520957952628235,0.29998010741993236,0.21307259728148756,-0.03587300865620491,0.4764230441521409,[[ 71654 38099][ 17595 7540]],71654,38099,17595,7540
15,43,0.7500149607658386,avg,0.5871093054978945,0.48403225673756106,0.4764230441521409,0.4666030316384021,-0.03587300865620491,0.4764230441521409,,,,,
