client,round,loss,class,accuracy,precision,recall,f1_score,cohen_kappa_score,roc_auc_score,confusion_matrix,TP,FP,FN,TN
15,176,1.1087783575057983,awake,0.49400243164699603,0.7855137872199901,0.5201497908940985,0.6258654051713269,-0.06376281168957232,0.44998935735275847,[[ 9547 15588][ 52665 57088]],9547,15588,52665,57088
15,176,1.1087783575057983,asleep,0.49400243164699603,0.15345913971581046,0.37982892381141836,0.21859937948641625,-0.06376281168957232,0.4499893573527585,[[ 57088 52665][ 15588 9547]],57088,52665,15588,9547
15,176,1.1087783575057983,avg,0.49400243164699603,0.4694864634679003,0.44998935735275847,0.4222323923288716,-0.06376281168957232,0.44998935735275847,,,,,
