client,round,loss,class,accuracy,precision,recall,f1_score,cohen_kappa_score,roc_auc_score,confusion_matrix,TP,FP,FN,TN
18,92,0.5778027772903442,awake,0.8306002016487752,0.8410127218075797,0.9763833334851895,0.903656418126929,0.23374747527280781,0.5852077797324495,[[ 4877 20258][ 2592 107161]],4877,20258,2592,107161
18,92,0.5778027772903442,asleep,0.8306002016487752,0.652965591109921,0.19403222597970957,0.29916574653416755,0.23374747527280781,0.5852077797324495,[[ 107161 2592][ 20258 4877]],107161,2592,20258,4877
18,92,0.5778027772903442,avg,0.8306002016487752,0.7469891564587503,0.5852077797324495,0.6014110823305483,0.23374747527280781,0.5852077797324495,,,,,
