client,round,loss,class,accuracy,precision,recall,f1_score,cohen_kappa_score,roc_auc_score,confusion_matrix,TP,FP,FN,TN
16,36,0.6190629005432129,awake,0.8166701263270268,0.8630587391326626,0.9207857643982397,0.8909881990945439,0.3187141603045648,0.6414153608145963,[[ 9100 16035][ 8694 101059]],9100,16035,8694,101059
16,36,0.6190629005432129,asleep,0.8166701263270268,0.5114083398898505,0.36204495723095287,0.42395583405157355,0.3187141603045648,0.6414153608145962,[[ 101059 8694][ 16035 9100]],101059,8694,16035,9100
16,36,0.6190629005432129,avg,0.8166701263270268,0.6872335395112565,0.6414153608145963,0.6574720165730588,0.3187141603045648,0.6414153608145963,,,,,
