client,round,loss,class,accuracy,precision,recall,f1_score,cohen_kappa_score,roc_auc_score,confusion_matrix,TP,FP,FN,TN
18,62,0.6109718680381775,awake,0.8228085522804104,0.8315414677850379,0.9809572403487832,0.9000907088246728,0.1622888123298447,0.5566015563192095,[[ 3324 21811][ 2090 107663]],3324,21811,2090,107663
18,62,0.6109718680381775,asleep,0.8228085522804104,0.6139637975618766,0.13224587228963597,0.21761759795737992,0.1622888123298447,0.5566015563192096,[[ 107663 2090][ 21811 3324]],107663,2090,21811,3324
18,62,0.6109718680381775,avg,0.8228085522804104,0.7227526326734572,0.5566015563192096,0.5588541533910264,0.1622888123298447,0.5566015563192095,,,,,
