client,round,loss,class,accuracy,precision,recall,f1_score,cohen_kappa_score,roc_auc_score,confusion_matrix,TP,FP,FN,TN
12,48,0.6660181283950806,awake,0.8205548306743372,0.8308581241008028,0.9786976210217488,0.8987386784362122,0.15520019203750524,0.5543577621719048,[[ 3268 21867][ 2338 107415]],3268,21867,2338,107415
12,48,0.6660181283950806,asleep,0.8205548306743372,0.5829468426685694,0.13001790332206087,0.2126150743306984,0.15520019203750524,0.5543577621719048,[[ 107415 2338][ 21867 3268]],107415,2338,21867,3268
12,48,0.6660181283950806,avg,0.8205548306743372,0.7069024833846862,0.5543577621719049,0.5556768763834553,0.15520019203750524,0.5543577621719048,,,,,
