client,round,loss,class,accuracy,precision,recall,f1_score,cohen_kappa_score,roc_auc_score,confusion_matrix,TP,FP,FN,TN
9,24,0.5312290787696838,awake,0.8421653519957298,0.8764607253198062,0.9382704800779933,0.906312982406731,0.40938611328986896,0.6803944403572779,[[ 10620 14515][ 6775 102978]],10620,14515,6775,102978
9,24,0.5312290787696838,asleep,0.8421653519957298,0.6105202644438057,0.42251840063656254,0.49941217963790263,0.40938611328986896,0.6803944403572779,[[ 102978 6775][ 14515 10620]],102978,6775,14515,10620
9,24,0.5312290787696838,avg,0.8421653519957298,0.743490494881806,0.6803944403572779,0.7028625810223168,0.40938611328986896,0.6803944403572779,,,,,
