client,round,loss,class,accuracy,precision,recall,f1_score,cohen_kappa_score,roc_auc_score,confusion_matrix,TP,FP,FN,TN
18,111,0.6049384474754333,awake,0.8292435205503825,0.8396788092440266,0.9766020063232895,0.9029793220810183,0.22383903270979122,0.5811993520774992,[[ 4670 20465][ 2568 107185]],4670,20465,2568,107185
18,111,0.6049384474754333,asleep,0.8292435205503825,0.6452058579718154,0.18579669783170877,0.2885120316312977,0.22383903270979122,0.5811993520774992,[[ 107185 2568][ 20465 4670]],107185,2568,20465,4670
18,111,0.6049384474754333,avg,0.8292435205503825,0.742442333607921,0.5811993520774992,0.595745676856158,0.22383903270979122,0.5811993520774992,,,,,
