client,round,loss,class,accuracy,precision,recall,f1_score,cohen_kappa_score,roc_auc_score,confusion_matrix,TP,FP,FN,TN
1,6,0.5340316295623779,awake,0.77245566692367,0.8093598372202223,0.9422977048463368,0.8707842699751194,-0.03713612624723561,0.48656560197558535,[[ 775 24360][ 6333 103420]],775,24360,6333,103420
1,6,0.5340316295623779,asleep,0.77245566692367,0.1090320765334834,0.030833499104833895,0.0480724498340725,-0.03713612624723561,0.4865656019755853,[[ 103420 6333][ 24360 775]],103420,6333,24360,775
1,6,0.5340316295623779,avg,0.77245566692367,0.4591959568768529,0.48656560197558535,0.45942835990459596,-0.03713612624723561,0.4865656019755853,,,,,
