client,round,loss,class,accuracy,precision,recall,f1_score,cohen_kappa_score,roc_auc_score,confusion_matrix,TP,FP,FN,TN
4,133,0.7099620699882507,awake,0.8189238479331,0.8625856237145819,0.9247765436935664,0.8925991232043057,0.3203707595934284,0.6407451447331967,[[ 8966 16169][ 8256 101497]],8966,16169,8256,101497
4,133,0.7099620699882507,asleep,0.8189238479331,0.5206131692021833,0.3567137457728267,0.4233538730316122,0.3203707595934284,0.6407451447331965,[[ 101497 8256][ 16169 8966]],101497,8256,16169,8966
4,133,0.7099620699882507,avg,0.8189238479331,0.6915993964583826,0.6407451447331965,0.657976498117959,0.3203707595934284,0.6407451447331967,,,,,
