client,round,loss,class,accuracy,precision,recall,f1_score,cohen_kappa_score,roc_auc_score,confusion_matrix,TP,FP,FN,TN
9,4,0.539238691329956,awake,0.8147203605954569,0.8321694216495411,0.967390413018323,0.8946995870902503,0.15894517851936962,0.5577353895208981,[[ 3722 21413][ 3579 106174]],3722,21413,3579,106174
9,4,0.539238691329956,asleep,0.8147203605954569,0.5097931790165731,0.14808036602347324,0.22949808854359352,0.15894517851936962,0.5577353895208982,[[ 106174 3579][ 21413 3722]],106174,3579,21413,3722
9,4,0.539238691329956,avg,0.8147203605954569,0.6709813003330571,0.5577353895208981,0.5620988378169219,0.15894517851936962,0.5577353895208981,,,,,
