client,round,loss,class,accuracy,precision,recall,f1_score,cohen_kappa_score,roc_auc_score,confusion_matrix,TP,FP,FN,TN
9,79,0.5669379234313965,awake,0.8388440780499378,0.8744713620776214,0.9363479813763633,0.9043524939279806,0.3966849944531289,0.6747186495304335,[[ 10383 14752][ 6986 102767]],10383,14752,6986,102767
9,79,0.5669379234313965,asleep,0.8388440780499378,0.5977891646036041,0.4130893176845037,0.4885657820440429,0.3966849944531289,0.6747186495304335,[[ 102767 6986][ 14752 10383]],102767,6986,14752,10383
9,79,0.5669379234313965,avg,0.8388440780499378,0.7361302633406128,0.6747186495304335,0.6964591379860117,0.3966849944531289,0.6747186495304335,,,,,
