client,round,loss,class,accuracy,precision,recall,f1_score,cohen_kappa_score,roc_auc_score,confusion_matrix,TP,FP,FN,TN
5,101,0.631693422794342,awake,0.7705652096554179,0.8486607498385113,0.8738531065210062,0.8610727047458296,0.2035799138506441,0.5967037563637456,[[ 8032 17103][ 13845 95908]],8032,17103,13845,95908
5,101,0.631693422794342,asleep,0.7705652096554179,0.3671435754445308,0.319554406206485,0.3416999914915341,0.2035799138506441,0.5967037563637456,[[ 95908 13845][ 17103 8032]],95908,13845,17103,8032
5,101,0.631693422794342,avg,0.7705652096554179,0.6079021626415211,0.5967037563637456,0.6013863481186819,0.2035799138506441,0.5967037563637456,,,,,
