client,round,loss,class,accuracy,precision,recall,f1_score,cohen_kappa_score,roc_auc_score,confusion_matrix,TP,FP,FN,TN
13,93,0.6229737997055054,awake,0.7469011327916494,0.8908981874954764,0.7850810456206209,0.8346491015643918,0.3044073365978128,0.6826340179366284,[[ 14583 10552][ 23588 86165]],14583,10552,23588,86165
13,93,0.6229737997055054,asleep,0.7469011327916494,0.38204396007440206,0.5801869902526358,0.4607146242062364,0.3044073365978128,0.6826340179366283,[[ 86165 23588][ 10552 14583]],86165,23588,10552,14583
13,93,0.6229737997055054,avg,0.7469011327916494,0.6364710737849393,0.6826340179366284,0.647681862885314,0.3044073365978128,0.6826340179366284,,,,,
