client,round,loss,class,accuracy,precision,recall,f1_score,cohen_kappa_score,roc_auc_score,confusion_matrix,TP,FP,FN,TN
8,5,0.492243230342865,awake,0.7909228396892236,0.8245190968491591,0.9439377511320876,0.8801964299368741,0.0882231426513217,0.5333573776547648,[[ 3086 22049][ 6153 103600]],3086,22049,6153,103600
8,5,0.492243230342865,asleep,0.7909228396892236,0.33401883320705705,0.12277700417744182,0.17955431430732532,0.0882231426513217,0.5333573776547648,[[ 103600 6153][ 22049 3086]],103600,6153,22049,3086
8,5,0.492243230342865,avg,0.7909228396892236,0.5792689650281081,0.5333573776547647,0.5298753721220997,0.0882231426513217,0.5333573776547648,,,,,
