client,round,loss,class,accuracy,precision,recall,f1_score,cohen_kappa_score,roc_auc_score,confusion_matrix,TP,FP,FN,TN
9,133,0.6113253831863403,awake,0.8436703042524168,0.8690111536540702,0.9512541798401866,0.9082747191084548,0.38676911222537635,0.6625775573957249,[[ 9398 15737][ 5350 104403]],9398,15737,5350,104403
9,133,0.6113253831863403,asleep,0.8436703042524168,0.6372389476539192,0.3739009349512632,0.4712784895820275,0.38676911222537635,0.6625775573957249,[[ 104403 5350][ 15737 9398]],104403,5350,15737,9398
9,133,0.6113253831863403,avg,0.8436703042524168,0.7531250506539947,0.6625775573957249,0.6897766043452411,0.38676911222537635,0.6625775573957249,,,,,
