client,round,loss,class,accuracy,precision,recall,f1_score,cohen_kappa_score,roc_auc_score,confusion_matrix,TP,FP,FN,TN
1,181,0.7612329721450806,awake,0.6487975209062333,0.8403535573985159,0.7016664692536878,0.7647733535922301,0.09360607210056182,0.5598047882373471,[[ 10505 14630][ 32743 77010]],10505,14630,32743,77010
1,181,0.7612329721450806,asleep,0.6487975209062333,0.24290140584535702,0.4179431072210066,0.3072401035345042,0.09360607210056182,0.5598047882373471,[[ 77010 32743][ 14630 10505]],77010,32743,14630,10505
1,181,0.7612329721450806,avg,0.6487975209062333,0.5416274816219364,0.5598047882373471,0.5360067285633672,0.09360607210056182,0.5598047882373471,,,,,
