client,round,loss,class,accuracy,precision,recall,f1_score,cohen_kappa_score,roc_auc_score,confusion_matrix,TP,FP,FN,TN
15,159,1.0741660594940186,awake,0.5084662831386039,0.7890220702683287,0.540395251154866,0.6414596424438412,-0.05917207276418246,0.45472119828481317,[[ 9276 15859][ 50443 59310]],9276,15859,50443,59310
15,159,1.0741660594940186,asleep,0.5084662831386039,0.15532745022522146,0.3690471454147603,0.21863436019515875,-0.05917207276418246,0.45472119828481317,[[ 59310 50443][ 15859 9276]],59310,50443,15859,9276
15,159,1.0741660594940186,avg,0.5084662831386039,0.47217476024677507,0.45472119828481317,0.4300470013195,-0.05917207276418246,0.45472119828481317,,,,,
