client,round,loss,class,accuracy,precision,recall,f1_score,cohen_kappa_score,roc_auc_score,confusion_matrix,TP,FP,FN,TN
7,39,0.5083770155906677,awake,0.8238390368305557,0.8562385556743142,0.9415870181225114,0.8968869062600349,0.30193507487110505,0.6256373523077248,[[ 7784 17351][ 6411 103342]],7784,17351,6411,103342
7,39,0.5083770155906677,asleep,0.8238390368305557,0.5483620993307503,0.30968768649293815,0.3958301550978897,0.30193507487110505,0.6256373523077248,[[ 103342 6411][ 17351 7784]],103342,6411,17351,7784
7,39,0.5083770155906677,avg,0.8238390368305557,0.7023003275025322,0.6256373523077248,0.6463585306789623,0.30193507487110505,0.6256373523077248,,,,,
