client,round,loss,class,accuracy,precision,recall,f1_score,cohen_kappa_score,roc_auc_score,confusion_matrix,TP,FP,FN,TN
15,106,1.0643415451049805,awake,0.46729138248027996,0.7732654562235907,0.4885424544203803,0.5987805286609266,-0.08455382549732571,0.43152008338683623,[[ 9413 15722][ 56134 53619]],9413,15722,56134,53619
15,106,1.0643415451049805,asleep,0.46729138248027996,0.14360687750774254,0.3744977123532922,0.2076045962815112,-0.08455382549732571,0.43152008338683623,[[ 53619 56134][ 15722 9413]],53619,56134,15722,9413
15,106,1.0643415451049805,avg,0.46729138248027996,0.4584361668656666,0.43152008338683623,0.4031925624712189,-0.08455382549732571,0.43152008338683623,,,,,
