client,round,loss,class,accuracy,precision,recall,f1_score,cohen_kappa_score,roc_auc_score,confusion_matrix,TP,FP,FN,TN
1,183,0.7464674711227417,awake,0.6591839155447482,0.8418829532906656,0.7155157490000273,0.7735726387958548,0.1027608606700744,0.5643622110824684,[[ 10386 14749][ 31223 78530]],10386,14749,31223,78530
1,183,0.7464674711227417,asleep,0.6591839155447482,0.24960945949193683,0.4132086731649095,0.31121898597626757,0.1027608606700744,0.5643622110824684,[[ 78530 31223][ 14749 10386]],78530,31223,14749,10386
1,183,0.7464674711227417,avg,0.6591839155447482,0.5457462063913012,0.5643622110824684,0.5423958123860612,0.1027608606700744,0.5643622110824684,,,,,
