client,round,loss,class,accuracy,precision,recall,f1_score,cohen_kappa_score,roc_auc_score,confusion_matrix,TP,FP,FN,TN
18,11,0.5102739930152893,awake,0.8226157997746278,0.8285331495942428,0.9860596065711188,0.9004588701726067,0.13970039058188966,0.5474956875107434,[[ 2738 22397][ 1530 108223]],2738,22397,1530,108223
18,11,0.5102739930152893,asleep,0.8226157997746278,0.6415182755388941,0.10893176845036802,0.18623949937081252,0.13970039058188966,0.5474956875107434,[[ 108223 1530][ 22397 2738]],108223,1530,22397,2738
18,11,0.5102739930152893,avg,0.8226157997746278,0.7350257125665685,0.5474956875107434,0.5433491847717096,0.13970039058188966,0.5474956875107434,,,,,
