client,round,loss,class,accuracy,precision,recall,f1_score,cohen_kappa_score,roc_auc_score,confusion_matrix,TP,FP,FN,TN
9,125,0.6129052639007568,awake,0.84177243342625,0.866536210013101,0.9521926507703662,0.9073473551691954,0.37404866456780206,0.6559053566165338,[[ 9039 16096][ 5247 104506]],9039,16096,5247,104506
9,125,0.6129052639007568,asleep,0.84177243342625,0.6327173456530869,0.3596180624627014,0.45858806220035003,0.37404866456780206,0.6559053566165338,[[ 104506 5247][ 16096 9039]],104506,5247,16096,9039
9,125,0.6129052639007568,avg,0.84177243342625,0.749626777833094,0.6559053566165338,0.6829677086847727,0.37404866456780206,0.6559053566165338,,,,,
