client,round,loss,class,accuracy,precision,recall,f1_score,cohen_kappa_score,roc_auc_score,confusion_matrix,TP,FP,FN,TN
15,56,0.895648717880249,awake,0.5002520609691002,0.7885147381474769,0.5272019899228267,0.6319088754682364,-0.05791627002010702,0.45488804489178936,[[ 9616 15519][ 51891 57862]],9616,15519,51891,57862
15,56,0.895648717880249,asleep,0.5002520609691002,0.15633992878859318,0.3825740998607519,0.22197086863184137,-0.05791627002010702,0.45488804489178924,[[ 57862 51891][ 15519 9616]],57862,51891,15519,9616
15,56,0.895648717880249,avg,0.5002520609691002,0.472427333468035,0.45488804489178936,0.42693987205003886,-0.05791627002010702,0.4548880448917893,,,,,
