client,round,loss,class,accuracy,precision,recall,f1_score,cohen_kappa_score,roc_auc_score,confusion_matrix,TP,FP,FN,TN
17,76,0.570192277431488,awake,0.811347191744262,0.8349410418586911,0.957413464780006,0.891992954309119,0.17389170630352535,0.5654781666450259,[[ 4362 20773][ 4674 105079]],4362,20773,4674,105079
17,76,0.570192277431488,asleep,0.811347191744262,0.48273572377158036,0.17354286851004574,0.25530420532030085,0.17389170630352535,0.5654781666450259,[[ 105079 4674][ 20773 4362]],105079,4674,20773,4362
17,76,0.570192277431488,avg,0.811347191744262,0.6588383828151357,0.5654781666450259,0.57364857981471,0.17389170630352535,0.5654781666450259,,,,,
