client,round,loss,class,accuracy,precision,recall,f1_score,cohen_kappa_score,roc_auc_score,confusion_matrix,TP,FP,FN,TN
9,28,0.5158810615539551,awake,0.8413795148567701,0.8764068876790294,0.9372226727287637,0.9057951233257896,0.4077236236332191,0.6800495699032718,[[ 10629 14506][ 6890 102863]],10629,14506,6890,102863
9,28,0.5158810615539551,asleep,0.8413795148567701,0.6067127119127804,0.42287646707778,0.4983823322548881,0.4077236236332191,0.6800495699032719,[[ 102863 6890][ 14506 10629]],102863,6890,14506,10629
9,28,0.5158810615539551,avg,0.8413795148567701,0.7415597997959049,0.6800495699032718,0.7020887277903388,0.4077236236332191,0.6800495699032718,,,,,
