client,round,loss,class,accuracy,precision,recall,f1_score,cohen_kappa_score,roc_auc_score,confusion_matrix,TP,FP,FN,TN
2,92,0.5157206654548645,awake,0.830763299922899,0.8669920374232662,0.9355279582334879,0.8999570518270503,0.35623359417081124,0.654416057891361,[[ 9383 15752][ 7076 102677]],9383,15752,7076,102677
2,92,0.5157206654548645,asleep,0.830763299922899,0.5700832371346983,0.37330415754923413,0.451170841948358,0.35623359417081124,0.654416057891361,[[ 102677 7076][ 15752 9383]],102677,7076,15752,9383
2,92,0.5157206654548645,avg,0.830763299922899,0.7185376372789822,0.654416057891361,0.6755639468877042,0.35623359417081124,0.654416057891361,,,,,
