client,round,loss,class,accuracy,precision,recall,f1_score,cohen_kappa_score,roc_auc_score,confusion_matrix,TP,FP,FN,TN
2,12,0.4440145492553711,awake,0.8122219915781982,0.8595080738570553,0.91951928421091,0.8885015120901181,0.29827901060748163,0.6316116413097519,[[ 8639 16496][ 8833 100920]],8639,16496,8833,100920
2,12,0.4440145492553711,asleep,0.8122219915781982,0.4944482600732601,0.3437039984085936,0.40552021968221186,0.29827901060748163,0.6316116413097517,[[ 100920 8833][ 16496 8639]],100920,8833,16496,8639
2,12,0.4440145492553711,avg,0.8122219915781982,0.6769781669651577,0.6316116413097518,0.647010865886165,0.29827901060748163,0.6316116413097518,,,,,
