client,round,loss,class,accuracy,precision,recall,f1_score,cohen_kappa_score,roc_auc_score,confusion_matrix,TP,FP,FN,TN
12,43,0.6604010462760925,awake,0.8243209180950122,0.8352343555223136,0.9767751223201188,0.9004766804561012,0.18943509128940617,0.5676992778897192,[[ 3987 21148][ 2549 107204]],3987,21148,2549,107204
12,43,0.6604010462760925,asleep,0.8243209180950122,0.6100061199510404,0.15862343345931967,0.2517760727479398,0.18943509128940617,0.5676992778897192,[[ 107204 2549][ 21148 3987]],107204,2549,21148,3987
12,43,0.6604010462760925,avg,0.8243209180950122,0.722620237736677,0.5676992778897192,0.5761263766020205,0.18943509128940617,0.5676992778897192,,,,,
