client,round,loss,class,accuracy,precision,recall,f1_score,cohen_kappa_score,roc_auc_score,confusion_matrix,TP,FP,FN,TN
10,130,0.6477011442184448,awake,0.7528616333550797,0.9003615025933882,0.7829034286078741,0.837534358734429,0.3317386346107315,0.7022931704407981,[[ 15626 9509][ 23827 85926]],15626,9509,23827,85926
10,130,0.6477011442184448,asleep,0.7528616333550797,0.3960662053582744,0.6216829122737219,0.4838669721929769,0.3317386346107315,0.7022931704407979,[[ 85926 23827][ 9509 15626]],85926,23827,9509,15626
10,130,0.6477011442184448,avg,0.7528616333550797,0.6482138539758313,0.702293170440798,0.660700665463703,0.3317386346107315,0.702293170440798,,,,,
