client,round,loss,class,accuracy,precision,recall,f1_score,cohen_kappa_score,roc_auc_score,confusion_matrix,TP,FP,FN,TN
12,130,0.6991873979568481,awake,0.8135193642132732,0.8460053496494916,0.9423432616876076,0.8915794555266289,0.23919730140393647,0.5966739184905117,[[ 6309 18826][ 6328 103425]],6309,18826,6328,103425
12,130,0.6991873979568481,asleep,0.8135193642132732,0.49924823929730155,0.2510045752934156,0.33405697341946416,0.23919730140393647,0.5966739184905117,[[ 103425 6328][ 18826 6309]],103425,6328,18826,6309
12,130,0.6991873979568481,avg,0.8135193642132732,0.6726267944733966,0.5966739184905117,0.6128182144730465,0.23919730140393647,0.5966739184905117,,,,,
