client,round,loss,class,accuracy,precision,recall,f1_score,cohen_kappa_score,roc_auc_score,confusion_matrix,TP,FP,FN,TN
13,8,0.5081627368927002,awake,0.8154913706185872,0.8489428714752103,0.940602990351061,0.8924255260291499,0.2563854425317519,0.6048946919131473,[[ 6766 18369][ 6519 103234]],6766,18369,6519,103234
13,8,0.5081627368927002,asleep,0.8154913706185872,0.5092961987203614,0.26918639347523377,0.352212389380531,0.2563854425317519,0.6048946919131474,[[ 103234 6519][ 18369 6766]],103234,6519,18369,6766
13,8,0.5081627368927002,avg,0.8154913706185872,0.6791195350977859,0.6048946919131474,0.6223189577048405,0.2563854425317519,0.6048946919131473,,,,,
