client,round,loss,class,accuracy,precision,recall,f1_score,cohen_kappa_score,roc_auc_score,confusion_matrix,TP,FP,FN,TN
0,72,0.5820971131324768,awake,0.7806402348615148,0.8864293702518221,0.8377356427614735,0.8613949043690889,0.3378287353304317,0.6845332281839991,[[ 13355 11780][ 17809 91944]],13355,11780,17809,91944
0,72,0.5820971131324768,asleep,0.7806402348615148,0.42853934026440765,0.5313308136065248,0.47443116218760545,0.3378287353304317,0.6845332281839991,[[ 91944 17809][ 11780 13355]],91944,17809,11780,13355
0,72,0.5820971131324768,avg,0.7806402348615148,0.6574843552581149,0.6845332281839991,0.6679130332783472,0.3378287353304317,0.6845332281839991,,,,,
