client,round,loss,class,accuracy,precision,recall,f1_score,cohen_kappa_score,roc_auc_score,confusion_matrix,TP,FP,FN,TN
5,32,0.5257535576820374,awake,0.7805216179348793,0.841467986843675,0.8997749492041219,0.8696452395524656,0.1806415503032357,0.579786022443716,[[ 6530 18605][ 11000 98753]],6530,18605,11000,98753
5,32,0.5257535576820374,asleep,0.7805216179348793,0.3725042783799201,0.2597970956833101,0.3061057072541896,0.1806415503032357,0.579786022443716,[[ 98753 11000][ 18605 6530]],98753,11000,18605,6530
5,32,0.5257535576820374,avg,0.7805216179348793,0.6069861326117976,0.579786022443716,0.5878754734033276,0.1806415503032357,0.579786022443716,,,,,
