client,round,loss,class,accuracy,precision,recall,f1_score,cohen_kappa_score,roc_auc_score,confusion_matrix,TP,FP,FN,TN
18,159,0.6128641963005066,awake,0.8285985410118024,0.8489017406223067,0.9602653230435615,0.9011560298242014,0.27456515365496137,0.60696775203302,[[ 6376 18759][ 4361 105392]],6376,18759,4361,105392
18,159,0.6128641963005066,asleep,0.8285985410118024,0.5938344043960138,0.2536701810224786,0.35548617305976804,0.27456515365496137,0.6069677520330201,[[ 105392 4361][ 18759 6376]],105392,4361,18759,6376
18,159,0.6128641963005066,avg,0.8285985410118024,0.7213680725091602,0.6069677520330201,0.6283211014419847,0.27456515365496137,0.6069677520330201,,,,,
