client,round,loss,class,accuracy,precision,recall,f1_score,cohen_kappa_score,roc_auc_score,confusion_matrix,TP,FP,FN,TN
3,185,0.6917633414268494,awake,0.8133340252654053,0.8619284821718961,0.9175694514045174,0.8888790816934475,0.3093722241835243,0.6378776240511745,[[ 9003 16132][ 9047 100706]],9003,16132,9047,100706
3,185,0.6917633414268494,asleep,0.8133340252654053,0.49878116343490303,0.3581857966978317,0.41695032997568593,0.3093722241835243,0.6378776240511745,[[ 100706 9047][ 16132 9003]],100706,9047,16132,9003
3,185,0.6917633414268494,avg,0.8133340252654053,0.6803548228033995,0.6378776240511745,0.6529147058345668,0.3093722241835243,0.6378776240511745,,,,,
