client,round,loss,class,accuracy,precision,recall,f1_score,cohen_kappa_score,roc_auc_score,confusion_matrix,TP,FP,FN,TN
6,85,0.5703834891319275,awake,0.7701574639701085,0.8675029400235202,0.8468652337521526,0.8570598676779088,0.2712144180141767,0.641037550235933,[[ 10939 14196][ 16807 92946]],10939,14196,16807,92946
6,85,0.5703834891319275,asleep,0.7701574639701085,0.394255027751748,0.43520986671971357,0.41372137440668666,0.2712144180141767,0.641037550235933,[[ 92946 16807][ 14196 10939]],92946,16807,14196,10939
6,85,0.5703834891319275,avg,0.7701574639701085,0.6308789838876341,0.6410375502359331,0.6353906210422977,0.2712144180141767,0.641037550235933,,,,,
