client,round,loss,class,accuracy,precision,recall,f1_score,cohen_kappa_score,roc_auc_score,confusion_matrix,TP,FP,FN,TN
17,44,0.5295555591583252,awake,0.812852144000949,0.8262920949196519,0.9749528486692847,0.8944878203734974,0.11473111011544945,0.5399928357131981,[[ 2640 22495][ 2749 107004]],2640,22495,2749,107004
17,44,0.5295555591583252,asleep,0.812852144000949,0.4898868064575988,0.1050328227571116,0.17297863975887826,0.11473111011544945,0.5399928357131981,[[ 107004 2749][ 22495 2640]],107004,2749,22495,2640
17,44,0.5295555591583252,avg,0.812852144000949,0.6580894506886253,0.5399928357131981,0.5337332300661878,0.11473111011544945,0.5399928357131981,,,,,
