client,round,loss,class,accuracy,precision,recall,f1_score,cohen_kappa_score,roc_auc_score,confusion_matrix,TP,FP,FN,TN
5,120,0.7533165812492371,awake,0.768118735543562,0.828421484352113,0.9017885615882937,0.8635495100904784,0.10133974948668434,0.5431162819877016,[[ 4636 20499][ 10779 98974]],4636,20499,10779,98974
5,120,0.7533165812492371,asleep,0.768118735543562,0.30074602659747,0.18444400238710962,0.22865598027127004,0.10133974948668434,0.5431162819877017,[[ 98974 10779][ 20499 4636]],98974,10779,20499,4636
5,120,0.7533165812492371,avg,0.768118735543562,0.5645837554747916,0.5431162819877017,0.5461027451808742,0.10133974948668434,0.5431162819877016,,,,,
