client,round,loss,class,accuracy,precision,recall,f1_score,cohen_kappa_score,roc_auc_score,confusion_matrix,TP,FP,FN,TN
17,28,0.5451560616493225,awake,0.804571199810213,0.8296699821312797,0.9561014277514054,0.8884100731910715,0.133168795329774,0.5495048614786469,[[ 3592 21543][ 4818 104935]],3592,21543,4818,104935
17,28,0.5451560616493225,asleep,0.804571199810213,0.42711058263971463,0.14290829520588821,0.21416008346996573,0.133168795329774,0.5495048614786467,[[ 104935 4818][ 21543 3592]],104935,4818,21543,3592
17,28,0.5451560616493225,avg,0.804571199810213,0.6283902823854972,0.5495048614786469,0.5512850783305185,0.133168795329774,0.5495048614786469,,,,,
