client,round,loss,class,accuracy,precision,recall,f1_score,cohen_kappa_score,roc_auc_score,confusion_matrix,TP,FP,FN,TN
5,10,0.5594508051872253,awake,0.7745759444872783,0.8378208075750608,0.8964857452643663,0.8661610715213189,0.1572746066967604,0.5693687926640113,[[ 6089 19046][ 11361 98392]],6089,19046,11361,98392
5,10,0.5594508051872253,asleep,0.7745759444872783,0.3489398280802292,0.24225184006365624,0.28596923799459906,0.1572746066967604,0.5693687926640112,[[ 98392 11361][ 19046 6089]],98392,11361,19046,6089
5,10,0.5594508051872253,avg,0.7745759444872783,0.593380317827645,0.5693687926640113,0.5760651547579589,0.1572746066967604,0.5693687926640112,,,,,
