client,round,loss,class,accuracy,precision,recall,f1_score,cohen_kappa_score,roc_auc_score,confusion_matrix,TP,FP,FN,TN
15,26,0.6966397762298584,awake,0.5907493624340193,0.8105360233172421,0.6486474173826684,0.7206113824429994,-0.010041484407458112,0.4932912837858239,[[ 8494 16641][ 38562 71191]],8494,16641,38562,71191
15,26,0.6966397762298584,asleep,0.5907493624340193,0.18050833049982998,0.3379351501889795,0.2353201922677342,-0.010041484407458112,0.493291283785824,[[ 71191 38562][ 16641 8494]],71191,38562,16641,8494
15,26,0.6966397762298584,avg,0.5907493624340193,0.495522176908536,0.493291283785824,0.47796578735536677,-0.010041484407458112,0.49329128378582393,,,,,
