client,round,loss,class,accuracy,precision,recall,f1_score,cohen_kappa_score,roc_auc_score,confusion_matrix,TP,FP,FN,TN
9,180,0.6296770572662354,awake,0.840652986181128,0.8632864916483498,0.9554727433418676,0.9070433255775734,0.3593538815585565,0.6473802944877232,[[ 8528 16607][ 4887 104866]],8528,16607,4887,104866
9,180,0.6296770572662354,asleep,0.840652986181128,0.6357062989191203,0.33928784563357867,0.44243839169909205,0.3593538815585565,0.647380294487723,[[ 104866 4887][ 16607 8528]],104866,4887,16607,8528
9,180,0.6296770572662354,avg,0.840652986181128,0.749496395283735,0.6473802944877232,0.6747408586383328,0.3593538815585565,0.6473802944877232,,,,,
