client,round,loss,class,accuracy,precision,recall,f1_score,cohen_kappa_score,roc_auc_score,confusion_matrix,TP,FP,FN,TN
0,34,0.4931414723396301,awake,0.8160473874621909,0.870962388414304,0.9085218627281259,0.889345742712017,0.3458831897016823,0.6603878460248944,[[ 10362 14773][ 10040 99713]],10362,14773,10040,99713
0,34,0.4931414723396301,asleep,0.8160473874621909,0.5078913831977258,0.41225382932166305,0.4551024441662824,0.3458831897016823,0.6603878460248944,[[ 99713 10040][ 14773 10362]],99713,10040,14773,10362
0,34,0.4931414723396301,avg,0.8160473874621909,0.6894268858060149,0.6603878460248944,0.6722240934391497,0.3458831897016823,0.6603878460248944,,,,,
