client,round,loss,class,accuracy,precision,recall,f1_score,cohen_kappa_score,roc_auc_score,confusion_matrix,TP,FP,FN,TN
6,108,0.6234069466590881,awake,0.7536771247256984,0.8626218974781793,0.8293440725993823,0.8456557285666506,0.23721452957009237,0.6263091956392575,[[ 10639 14496][ 18730 91023]],10639,14496,18730,91023
6,108,0.6234069466590881,asleep,0.7536771247256984,0.36225271544826176,0.4232743186791327,0.3903933656245413,0.23721452957009237,0.6263091956392575,[[ 91023 18730][ 14496 10639]],91023,18730,14496,10639
6,108,0.6234069466590881,avg,0.7536771247256984,0.6124373064632205,0.6263091956392575,0.618024547095596,0.23721452957009237,0.6263091956392575,,,,,
