client,round,loss,class,accuracy,precision,recall,f1_score,cohen_kappa_score,roc_auc_score,confusion_matrix,TP,FP,FN,TN
14,125,0.5259886980056763,awake,0.8350038550501157,0.8699192491438719,0.9373866773573387,0.9023936706751221,0.3741801111030697,0.6626658869181761,[[ 9751 15384][ 6872 102881]],9751,15384,6872,102881
14,125,0.5259886980056763,asleep,0.8350038550501157,0.5865968838356495,0.3879450964790133,0.46702428277216346,0.3741801111030697,0.662665886918176,[[ 102881 6872][ 15384 9751]],102881,6872,15384,9751
14,125,0.5259886980056763,avg,0.8350038550501157,0.7282580664897607,0.6626658869181761,0.6847089767236427,0.3741801111030697,0.6626658869181761,,,,,
