client,round,loss,class,accuracy,precision,recall,f1_score,cohen_kappa_score,roc_auc_score,confusion_matrix,TP,FP,FN,TN
4,171,0.6876589059829712,awake,0.824869521380701,0.8715703192407248,0.9203848641950562,0.8953127146548018,0.36234296442459535,0.6640913777907844,[[ 10250 14885][ 8738 101015]],10250,14885,8738,101015
4,171,0.6876589059829712,asleep,0.824869521380701,0.5398146197598483,0.40779789138651285,0.4646102939510006,0.36234296442459535,0.6640913777907845,[[ 101015 8738][ 14885 10250]],101015,8738,14885,10250
4,171,0.6876589059829712,avg,0.824869521380701,0.7056924695002866,0.6640913777907845,0.6799615043029013,0.36234296442459535,0.6640913777907844,,,,,
