client,round,loss,class,accuracy,precision,recall,f1_score,cohen_kappa_score,roc_auc_score,confusion_matrix,TP,FP,FN,TN
16,52,0.6136015057563782,awake,0.8173225194235217,0.875584699839373,0.9039297331280238,0.8895314692525297,0.3628507929450612,0.6715391653505645,[[ 11038 14097][ 10544 99209]],11038,14097,10544,99209
16,52,0.6136015057563782,asleep,0.8173225194235217,0.5114447224538967,0.43914859757310526,0.4725474666609585,0.3628507929450612,0.6715391653505646,[[ 99209 10544][ 14097 11038]],99209,10544,14097,11038
16,52,0.6136015057563782,avg,0.8173225194235217,0.6935147111466349,0.6715391653505646,0.6810394679567441,0.3628507929450612,0.6715391653505645,,,,,
