client,round,loss,class,accuracy,precision,recall,f1_score,cohen_kappa_score,roc_auc_score,confusion_matrix,TP,FP,FN,TN
17,198,0.5464495420455933,awake,0.8134674693078703,0.853314621758888,0.9307444899000483,0.8903492907415074,0.27396208732533534,0.6160585389623576,[[ 7575 17560][ 7601 102152]],7575,17560,7601,102152
17,198,0.5464495420455933,asleep,0.8134674693078703,0.49914338429098576,0.3013725880246668,0.3758279377837315,0.27396208732533534,0.6160585389623576,[[ 102152 7601][ 17560 7575]],102152,7601,17560,7575
17,198,0.5464495420455933,avg,0.8134674693078703,0.6762290030249368,0.6160585389623576,0.6330886142626194,0.27396208732533534,0.6160585389623576,,,,,
