client,round,loss,class,accuracy,precision,recall,f1_score,cohen_kappa_score,roc_auc_score,confusion_matrix,TP,FP,FN,TN
4,13,0.6212179064750671,awake,0.8138974556669236,0.8662409359154076,0.9121208531885233,0.8885890670560405,0.3262040392114738,0.6485609239087633,[[ 9677 15458][ 9645 100108]],9677,15458,9645,100108
4,13,0.6212179064750671,asleep,0.8138974556669236,0.5008280716281959,0.3850009946290034,0.43534201588051374,0.3262040392114738,0.6485609239087633,[[ 100108 9645][ 15458 9677]],100108,9645,15458,9677
4,13,0.6212179064750671,avg,0.8138974556669236,0.6835345037718017,0.6485609239087633,0.6619655414682771,0.3262040392114738,0.6485609239087633,,,,,
