client,round,loss,class,accuracy,precision,recall,f1_score,cohen_kappa_score,roc_auc_score,confusion_matrix,TP,FP,FN,TN
15,74,1.0508569478988647,awake,0.477440543265524,0.7705238790751509,0.5095077127732272,0.613403390611374,-0.09748651444312673,0.42346282794022405,[[ 8481 16654][ 53833 55920]],8481,16654,53833,55920
15,74,1.0508569478988647,asleep,0.477440543265524,0.1361010366851751,0.337417943107221,0.1939644821553134,-0.09748651444312673,0.42346282794022405,[[ 55920 53833][ 16654 8481]],55920,53833,16654,8481
15,74,1.0508569478988647,avg,0.477440543265524,0.45331245788016294,0.42346282794022405,0.4036839363833437,-0.09748651444312673,0.42346282794022405,,,,,
