client,round,loss,class,accuracy,precision,recall,f1_score,cohen_kappa_score,roc_auc_score,confusion_matrix,TP,FP,FN,TN
4,148,0.7848438024520874,awake,0.8194427969871301,0.8612130953388039,0.9275737337475969,0.893162486894803,0.3158217862654271,0.6374291982841824,[[ 8729 16406][ 7949 101804]],8729,16406,7949,101804
4,148,0.7848438024520874,asleep,0.8194427969871301,0.5233840988128073,0.34728466282076786,0.4175256499174898,0.3158217862654271,0.6374291982841823,[[ 101804 7949][ 16406 8729]],101804,7949,16406,8729
4,148,0.7848438024520874,avg,0.8194427969871301,0.6922985970758055,0.6374291982841824,0.6553440684061465,0.3158217862654271,0.6374291982841824,,,,,
