client,round,loss,class,accuracy,precision,recall,f1_score,cohen_kappa_score,roc_auc_score,confusion_matrix,TP,FP,FN,TN
11,94,0.5375691056251526,awake,0.832994780855228,0.8671498804593056,0.9385347097573643,0.9014312530355603,0.36066155652961607,0.6553425488313378,[[ 9354 15781][ 6746 103007]],9354,15781,6746,103007
11,94,0.5375691056251526,asleep,0.832994780855228,0.5809937888198757,0.3721503879053113,0.453692251727901,0.36066155652961607,0.6553425488313378,[[ 103007 6746][ 15781 9354]],103007,6746,15781,9354
11,94,0.5375691056251526,avg,0.832994780855228,0.7240718346395907,0.6553425488313378,0.6775617523817307,0.36066155652961607,0.6553425488313378,,,,,
