client,round,loss,class,accuracy,precision,recall,f1_score,cohen_kappa_score,roc_auc_score,confusion_matrix,TP,FP,FN,TN
18,173,0.6282668709754944,awake,0.8288802562125616,0.8503302371078182,0.9583792698149481,0.9011274266230317,0.28214416526276853,0.6108984075352839,[[ 6621 18514][ 4568 105185]],6621,18514,4568,105185
18,173,0.6282668709754944,asleep,0.8288802562125616,0.5917418893556171,0.26341754525561967,0.3645523620746614,0.28214416526276853,0.6108984075352839,[[ 105185 4568][ 18514 6621]],105185,4568,18514,6621
18,173,0.6282668709754944,avg,0.8288802562125616,0.7210360632317176,0.6108984075352839,0.6328398943488466,0.28214416526276853,0.6108984075352839,,,,,
