client,round,loss,class,accuracy,precision,recall,f1_score,cohen_kappa_score,roc_auc_score,confusion_matrix,TP,FP,FN,TN
18,65,0.6346891522407532,awake,0.8217113457090327,0.8280862401617003,0.9854673676345976,0.8999479957564537,0.13546985725564797,0.5460656909786277,[[ 2681 22454][ 1595 108158]],2681,22454,1595,108158
18,65,0.6346891522407532,asleep,0.8217113457090327,0.6269878391019644,0.10666401432265765,0.1823127401312434,0.13546985725564797,0.5460656909786276,[[ 108158 1595][ 22454 2681]],108158,1595,22454,2681
18,65,0.6346891522407532,avg,0.8217113457090327,0.7275370396318324,0.5460656909786277,0.5411303679438485,0.13546985725564797,0.5460656909786277,,,,,
