client,round,loss,class,accuracy,precision,recall,f1_score,cohen_kappa_score,roc_auc_score,confusion_matrix,TP,FP,FN,TN
9,60,0.5695900917053223,awake,0.8417798469841646,0.8736697069340074,0.9417145772780698,0.9064169012602279,0.3994996820844874,0.6735626795282332,[[ 10190 14945][ 6397 103356]],10190,14945,6397,103356
9,60,0.5695900917053223,asleep,0.8417798469841646,0.6143365286067403,0.4054107817783967,0.488471310100187,0.3994996820844874,0.6735626795282333,[[ 103356 6397][ 14945 10190]],103356,6397,14945,10190
9,60,0.5695900917053223,avg,0.8417798469841646,0.7440031177703739,0.6735626795282332,0.6974441056802074,0.3994996820844874,0.6735626795282332,,,,,
