client,round,loss,class,accuracy,precision,recall,f1_score,cohen_kappa_score,roc_auc_score,confusion_matrix,TP,FP,FN,TN
12,125,0.7980988621711731,awake,0.8173373465393512,0.8287524140594824,0.9774858090439441,0.8969954390204136,0.1368779556856462,0.5477641895826444,[[ 2967 22168][ 2471 107282]],2967,22168,2471,107282
12,125,0.7980988621711731,asleep,0.8173373465393512,0.5456050018389114,0.11804257012134474,0.1940928270042194,0.1368779556856462,0.5477641895826444,[[ 107282 2471][ 22168 2967]],107282,2471,22168,2967
12,125,0.7980988621711731,avg,0.8173373465393512,0.6871787079491969,0.5477641895826444,0.5455441330123165,0.1368779556856462,0.5477641895826444,,,,,
