client,round,loss,class,accuracy,precision,recall,f1_score,cohen_kappa_score,roc_auc_score,confusion_matrix,TP,FP,FN,TN
6,127,0.5973542332649231,awake,0.7668880849297195,0.856673073594651,0.8568604047269779,0.8567667289208765,0.23096571028819546,0.6154403475793234,[[ 9401 15734][ 15710 94043]],9401,15734,15710,94043
6,127,0.5973542332649231,asleep,0.7668880849297195,0.3743777627334634,0.374020290431669,0.37419894120925046,0.23096571028819546,0.6154403475793234,[[ 94043 15710][ 15734 9401]],94043,15710,15734,9401
6,127,0.5973542332649231,avg,0.7668880849297195,0.6155254181640571,0.6154403475793234,0.6154828350650634,0.23096571028819546,0.6154403475793234,,,,,
