client,round,loss,class,accuracy,precision,recall,f1_score,cohen_kappa_score,roc_auc_score,confusion_matrix,TP,FP,FN,TN
7,46,0.5128930807113647,awake,0.824402467232074,0.852551551248126,0.9481745373702769,0.8978241363840287,0.28614450309609984,0.6160606126278478,[[ 7137 17998][ 5688 104065]],7137,17998,5688,104065
7,46,0.5128930807113647,asleep,0.824402467232074,0.5564912280701755,0.2839466878854187,0.376027397260274,0.28614450309609984,0.6160606126278478,[[ 104065 5688][ 17998 7137]],104065,5688,17998,7137
7,46,0.5128930807113647,avg,0.824402467232074,0.7045213896591507,0.6160606126278478,0.6369257668221513,0.28614450309609984,0.6160606126278478,,,,,
