client,round,loss,class,accuracy,precision,recall,f1_score,cohen_kappa_score,roc_auc_score,confusion_matrix,TP,FP,FN,TN
5,12,0.577664315700531,awake,0.7821229464444577,0.8355042332548469,0.911729064353594,0.8719539558816481,0.1511304815624288,0.5639608122643244,[[ 5434 19701][ 9688 100065]],5434,19701,9688,100065
5,12,0.577664315700531,asleep,0.7821229464444577,0.3593440021161222,0.2161925601750547,0.26996547184340614,0.1511304815624288,0.5639608122643244,[[ 100065 9688][ 19701 5434]],100065,9688,19701,5434
5,12,0.577664315700531,avg,0.7821229464444577,0.5974241176854845,0.5639608122643244,0.5709597138625271,0.1511304815624288,0.5639608122643244,,,,,
