client,round,loss,class,accuracy,precision,recall,f1_score,cohen_kappa_score,roc_auc_score,confusion_matrix,TP,FP,FN,TN
10,44,0.5828039646148682,awake,0.7890323824209715,0.9133666890393963,0.818337539748344,0.8632447005339112,0.4079607691225724,0.7397038802779914,[[ 16616 8519][ 19938 89815]],16616,8519,19938,89815
10,44,0.5828039646148682,asleep,0.7890323824209715,0.4545603764293921,0.6610702208076388,0.5387021997438766,0.4079607691225724,0.7397038802779914,[[ 89815 19938][ 8519 16616]],89815,19938,8519,16616
10,44,0.5828039646148682,avg,0.7890323824209715,0.6839635327343943,0.7397038802779914,0.7009734501388939,0.4079607691225724,0.7397038802779914,,,,,
