client,round,loss,class,accuracy,precision,recall,f1_score,cohen_kappa_score,roc_auc_score,confusion_matrix,TP,FP,FN,TN
2,26,0.4378187954425812,awake,0.8406233319494691,0.8856928092578511,0.9232822792998825,0.9040970004104139,0.43397479373414294,0.7014859775254136,[[ 12057 13078][ 8420 101333]],12057,13078,8420,101333
2,26,0.4378187954425812,asleep,0.8406233319494691,0.5888069541436733,0.4796896757509449,0.52867666403578,0.43397479373414294,0.7014859775254138,[[ 101333 8420][ 13078 12057]],101333,8420,13078,12057
2,26,0.4378187954425812,avg,0.8406233319494691,0.7372498817007622,0.7014859775254136,0.7163868322230968,0.43397479373414294,0.7014859775254136,,,,,
