client,round,loss,class,accuracy,precision,recall,f1_score,cohen_kappa_score,roc_auc_score,confusion_matrix,TP,FP,FN,TN
6,97,0.587920606136322,awake,0.7445287942589407,0.865546136891064,0.8121873661767788,0.8380182382250635,0.2367181449350677,0.6306411268918507,[[ 11288 13847][ 20613 89140]],11288,13847,20613,89140
6,97,0.587920606136322,asleep,0.7445287942589407,0.3538447070624745,0.4490948876069226,0.3958201837436005,0.2367181449350677,0.6306411268918507,[[ 89140 20613][ 13847 11288]],89140,20613,13847,11288
6,97,0.587920606136322,avg,0.7445287942589407,0.6096954219767692,0.6306411268918507,0.616919210984332,0.2367181449350677,0.6306411268918507,,,,,
