client,round,loss,class,accuracy,precision,recall,f1_score,cohen_kappa_score,roc_auc_score,confusion_matrix,TP,FP,FN,TN
1,140,0.7387572526931763,awake,0.6470998161437637,0.8441476461011994,0.6945049338059096,0.7620494876280931,0.10367292832715158,0.5673041876111307,[[ 11062 14073][ 33529 76224]],11062,14073,33529,76224
1,140,0.7387572526931763,asleep,0.6470998161437637,0.2480769662039425,0.4401034414163517,0.3172991423572269,0.10367292832715158,0.5673041876111307,[[ 76224 33529][ 14073 11062]],76224,33529,14073,11062
1,140,0.7387572526931763,avg,0.6470998161437637,0.546112306152571,0.5673041876111307,0.5396743149926599,0.10367292832715158,0.5673041876111307,,,,,
