client,round,loss,class,accuracy,precision,recall,f1_score,cohen_kappa_score,roc_auc_score,confusion_matrix,TP,FP,FN,TN
12,40,0.6666259765625,awake,0.8215260067611648,0.8272164129513218,0.9867611819266899,0.8999725770128888,0.12849819517190209,0.5433905372533787,[[ 2514 22621][ 1453 108300]],2514,22621,1453,108300
12,40,0.6666259765625,asleep,0.8215260067611648,0.6337282581295689,0.10001989258006763,0.17277163081575148,0.12849819517190209,0.5433905372533788,[[ 108300 1453][ 22621 2514]],108300,1453,22621,2514
12,40,0.6666259765625,avg,0.8215260067611648,0.7304723355404453,0.5433905372533788,0.5363721039143201,0.12849819517190209,0.5433905372533787,,,,,
