client,round,loss,class,accuracy,precision,recall,f1_score,cohen_kappa_score,roc_auc_score,confusion_matrix,TP,FP,FN,TN
17,129,0.6027450561523438,awake,0.8191388411126268,0.836892084967991,0.9659872623071807,0.8968177434908389,0.19437726423114532,0.5719532492160531,[[ 4472 20663][ 3733 106020]],4472,20663,3733,106020
17,129,0.6027450561523438,asleep,0.8191388411126268,0.5450335161486898,0.1779192361249254,0.26826634673065386,0.19437726423114532,0.571953249216053,[[ 106020 3733][ 20663 4472]],106020,3733,20663,4472
17,129,0.6027450561523438,avg,0.8191388411126268,0.6909628005583404,0.5719532492160531,0.5825420451107464,0.19437726423114532,0.5719532492160531,,,,,
