client,round,loss,class,accuracy,precision,recall,f1_score,cohen_kappa_score,roc_auc_score,confusion_matrix,TP,FP,FN,TN
12,172,0.7975403666496277,awake,0.8184790344582172,0.8353627839657668,0.967609085856423,0.8966358635770704,0.1839151225171778,0.5674528421126157,[[ 4205 20930][ 3555 106198]],4205,20930,3555,106198
12,172,0.7975403666496277,asleep,0.8184790344582172,0.541881443298969,0.16729659836880845,0.25566195470436237,0.1839151225171778,0.5674528421126157,[[ 106198 3555][ 20930 4205]],106198,3555,20930,4205
12,172,0.7975403666496277,avg,0.8184790344582172,0.6886221136323679,0.5674528421126157,0.5761489091407164,0.1839151225171778,0.5674528421126157,,,,,
