client,round,loss,class,accuracy,precision,recall,f1_score,cohen_kappa_score,roc_auc_score,confusion_matrix,TP,FP,FN,TN
18,156,0.6208869218826294,awake,0.8245729790641124,0.8415023086809578,0.9664246079833808,0.8996475812026344,0.22876020405262254,0.5857983394004829,[[ 5157 19978][ 3685 106068]],5157,19978,3685,106068
18,156,0.6208869218826294,asleep,0.8245729790641124,0.5832390861795974,0.20517207081758504,0.30355828943108576,0.22876020405262254,0.585798339400483,[[ 106068 3685][ 19978 5157]],106068,3685,19978,5157
18,156,0.6208869218826294,avg,0.8245729790641124,0.7123706974302776,0.5857983394004829,0.6016029353168602,0.22876020405262254,0.5857983394004829,,,,,
