client,round,loss,class,accuracy,precision,recall,f1_score,cohen_kappa_score,roc_auc_score,confusion_matrix,TP,FP,FN,TN
5,18,0.5449072122573853,awake,0.771677243342625,0.8447666040784245,0.8813426512259346,0.8626671066361066,0.18785227848821529,0.5870807149107592,[[ 7360 17775][ 13023 96730]],7360,17775,13023,96730
5,18,0.5449072122573853,asleep,0.771677243342625,0.3610852180738851,0.29281877859558386,0.32338854958477964,0.18785227848821529,0.5870807149107592,[[ 96730 13023][ 17775 7360]],96730,13023,17775,7360
5,18,0.5449072122573853,avg,0.771677243342625,0.6029259110761548,0.5870807149107592,0.5930278281104431,0.18785227848821529,0.5870807149107592,,,,,
