client,round,loss,class,accuracy,precision,recall,f1_score,cohen_kappa_score,roc_auc_score,confusion_matrix,TP,FP,FN,TN
15,28,0.750060498714447,awake,0.5744395350216476,0.8204265008324356,0.6106347890262681,0.7001530497646795,0.018893811856226517,0.5135131375009996,[[ 10466 14669][ 42734 67019]],10466,14669,42734,67019
15,28,0.750060498714447,asleep,0.5744395350216476,0.19672932330827067,0.41639148597573106,0.2672113359290228,0.018893811856226517,0.5135131375009996,[[ 67019 42734][ 14669 10466]],67019,42734,14669,10466
15,28,0.750060498714447,avg,0.5744395350216476,0.5085779120703532,0.5135131375009996,0.48368219284685116,0.018893811856226517,0.5135131375009996,,,,,
