client,round,loss,class,accuracy,precision,recall,f1_score,cohen_kappa_score,roc_auc_score,confusion_matrix,TP,FP,FN,TN
14,46,0.44723474979400635,awake,0.8415500266888085,0.8849906779808681,0.9255418986269168,0.9048121673681163,0.43379638973776946,0.7001689998406118,[[ 11934 13201][ 8172 101581]],11934,13201,8172,101581
14,46,0.44723474979400635,asleep,0.8415500266888085,0.5935541629364369,0.47479610105430675,0.5275745452134127,0.43379638973776946,0.7001689998406119,[[ 101581 8172][ 13201 11934]],101581,8172,13201,11934
14,46,0.44723474979400635,avg,0.8415500266888085,0.7392724204586525,0.7001689998406118,0.7161933562907645,0.43379638973776946,0.7001689998406118,,,,,
