client,round,loss,class,accuracy,precision,recall,f1_score,cohen_kappa_score,roc_auc_score,confusion_matrix,TP,FP,FN,TN
6,148,0.6102288961410522,awake,0.7525799181543206,0.871836814176525,0.8158501362149554,0.8429148349320807,0.2636580981958484,0.6460790366772011,[[ 11972 13163][ 20211 89542]],11972,13163,20211,89542
6,148,0.6102288961410522,asleep,0.7525799181543206,0.37199763850480067,0.47630793713944697,0.41773962804005715,0.2636580981958484,0.6460790366772011,[[ 89542 20211][ 13163 11972]],89542,20211,13163,11972
6,148,0.6102288961410522,avg,0.7525799181543206,0.6219172263406628,0.6460790366772011,0.630327231486069,0.2636580981958484,0.6460790366772011,,,,,
