client,round,loss,class,accuracy,precision,recall,f1_score,cohen_kappa_score,roc_auc_score,confusion_matrix,TP,FP,FN,TN
5,41,0.5553107261657715,awake,0.7679704643852677,0.8434591508847504,0.877734549397283,0.8602555745068448,0.17863474442939264,0.5832078356693995,[[ 7256 17879][ 13419 96334]],7256,17879,13419,96334
5,41,0.5553107261657715,asleep,0.7679704643852677,0.3509552599758162,0.2886811219415158,0.3167867277886924,0.17863474442939264,0.5832078356693994,[[ 96334 13419][ 17879 7256]],96334,13419,17879,7256
5,41,0.5553107261657715,avg,0.7679704643852677,0.5972072054302833,0.5832078356693994,0.5885211511477686,0.17863474442939264,0.5832078356693995,,,,,
