client,round,loss,class,accuracy,precision,recall,f1_score,cohen_kappa_score,roc_auc_score,confusion_matrix,TP,FP,FN,TN
15,54,0.8487510085105896,awake,0.5338577189965008,0.7912421094487797,0.5801754849525753,0.6694668005404013,-0.06087928991007874,0.45589239734002346,[[ 8335 16800][ 46077 63676]],8335,16800,46077,63676
15,54,0.8487510085105896,asleep,0.5338577189965008,0.15318312137028597,0.33160930972747166,0.20956164280236844,-0.06087928991007874,0.45589239734002346,[[ 63676 46077][ 16800 8335]],63676,46077,16800,8335
15,54,0.8487510085105896,avg,0.5338577189965008,0.47221261540953285,0.4558923973400235,0.4395142216713849,-0.06087928991007874,0.45589239734002346,,,,,
