client,round,loss,class,accuracy,precision,recall,f1_score,cohen_kappa_score,roc_auc_score,confusion_matrix,TP,FP,FN,TN
2,31,0.44080662727355957,awake,0.8433811754937429,0.8839691878449688,0.9295235665539894,0.906174221227383,0.4344467834410304,0.6983802435912975,[[ 11744 13391][ 7735 102018]],11744,13391,7735,102018
2,31,0.44080662727355957,asleep,0.8433811754937429,0.602905693310745,0.46723692062860556,0.5264715111848298,0.4344467834410304,0.6983802435912975,[[ 102018 7735][ 13391 11744]],102018,7735,13391,11744
2,31,0.44080662727355957,avg,0.8433811754937429,0.7434374405778569,0.6983802435912975,0.7163228662061064,0.4344467834410304,0.6983802435912975,,,,,
