client,round,loss,class,accuracy,precision,recall,f1_score,cohen_kappa_score,roc_auc_score,confusion_matrix,TP,FP,FN,TN
4,154,0.7548784017562866,awake,0.8199024375778423,0.8694768698659749,0.9161936347981376,0.8922241496342107,0.3470218830459987,0.6578183212781219,[[ 10040 15095][ 9198 100555]],10040,15095,9198,100555
4,154,0.7548784017562866,asleep,0.8199024375778423,0.5218837717018401,0.3994430077581062,0.4525274378563541,0.3470218830459987,0.6578183212781219,[[ 100555 9198][ 15095 10040]],100555,9198,15095,10040
4,154,0.7548784017562866,avg,0.8199024375778423,0.6956803207839075,0.6578183212781219,0.6723757937452823,0.3470218830459987,0.6578183212781219,,,,,
