client,round,loss,class,accuracy,precision,recall,f1_score,cohen_kappa_score,roc_auc_score,confusion_matrix,TP,FP,FN,TN
14,10,0.5079651474952698,awake,0.8195021054504478,0.8242986679627576,0.9889661330441992,0.8991554522824325,0.10319826606946048,0.5342483340773015,[[ 1999 23136][ 1211 108542]],1999,23136,1211,108542
14,10,0.5079651474952698,asleep,0.8195021054504478,0.6227414330218068,0.07953053511040382,0.14104780384547538,0.10319826606946048,0.5342483340773015,[[ 108542 1211][ 23136 1999]],108542,1211,23136,1999
14,10,0.5079651474952698,avg,0.8195021054504478,0.7235200504922823,0.5342483340773015,0.520101628063954,0.10319826606946048,0.5342483340773015,,,,,
