client,round,loss,class,accuracy,precision,recall,f1_score,cohen_kappa_score,roc_auc_score,confusion_matrix,TP,FP,FN,TN
8,131,0.6834059357643127,awake,0.7871048573631457,0.834577463625704,0.9208768780807813,0.8756058998072384,0.14996310864368523,0.5619303825454633,[[ 5102 20033][ 8684 101069]],5102,20033,8684,101069
8,131,0.6834059357643127,asleep,0.7871048573631457,0.3700855940809517,0.20298388701014522,0.26217209218673726,0.14996310864368523,0.5619303825454633,[[ 101069 8684][ 20033 5102]],101069,8684,20033,5102
8,131,0.6834059357643127,avg,0.7871048573631457,0.6023315288533279,0.5619303825454632,0.5688889959969878,0.14996310864368523,0.5619303825454633,,,,,
