client,round,loss,class,accuracy,precision,recall,f1_score,cohen_kappa_score,roc_auc_score,confusion_matrix,TP,FP,FN,TN
5,199,0.7102248668670654,awake,0.758747998339363,0.8312724714039318,0.8826546882545352,0.8561933801758805,0.11201359527247767,0.5501795422573651,[[ 5472 19663][ 12879 96874]],5472,19663,12879,96874
5,199,0.7102248668670654,asleep,0.758747998339363,0.29818538499264347,0.21770439626019494,0.25166720323782366,0.11201359527247767,0.5501795422573651,[[ 96874 12879][ 19663 5472]],96874,12879,19663,5472
5,199,0.7102248668670654,avg,0.758747998339363,0.5647289281982877,0.5501795422573651,0.553930291706852,0.11201359527247767,0.5501795422573651,,,,,
