client,round,loss,class,accuracy,precision,recall,f1_score,cohen_kappa_score,roc_auc_score,confusion_matrix,TP,FP,FN,TN
6,48,0.5056833028793335,awake,0.7739457920645276,0.9012524426174734,0.8110393337767533,0.8537694225973528,0.3620178646890294,0.7115073334887347,[[ 15382 9753][ 20739 89014]],15382,9753,20739,89014
6,48,0.5056833028793335,asleep,0.7739457920645276,0.4258464605077379,0.6119753332007162,0.5022201906751992,0.3620178646890294,0.7115073334887345,[[ 89014 20739][ 9753 15382]],89014,20739,9753,15382
6,48,0.5056833028793335,avg,0.7739457920645276,0.6635494515626057,0.7115073334887347,0.677994806636276,0.3620178646890294,0.7115073334887346,,,,,
