client,round,loss,class,accuracy,precision,recall,f1_score,cohen_kappa_score,roc_auc_score,confusion_matrix,TP,FP,FN,TN
8,109,0.6565372943878174,awake,0.7910488701737738,0.8380132274693762,0.921277778283965,0.8776751109973049,0.17253272298704847,0.5718384117200608,[[ 5590 19545][ 8640 101113]],5590,19545,8640,101113
8,109,0.6565372943878174,asleep,0.7910488701737738,0.3928320449754041,0.22239904515615674,0.2840086371141877,0.17253272298704847,0.5718384117200609,[[ 101113 8640][ 19545 5590]],101113,8640,19545,5590
8,109,0.6565372943878174,avg,0.7910488701737738,0.6154226362223901,0.5718384117200609,0.5808418740557463,0.17253272298704847,0.5718384117200608,,,,,
