client,round,loss,class,accuracy,precision,recall,f1_score,cohen_kappa_score,roc_auc_score,confusion_matrix,TP,FP,FN,TN
11,188,0.6086512207984924,awake,0.8337213095308701,0.8712250034008978,0.9336419050048745,0.901354186366655,0.3764539637066008,0.665527934798041,[[ 9989 15146][ 7283 102470]],9989,15146,7283,102470
11,188,0.6086512207984924,asleep,0.8337213095308701,0.5783348772579898,0.3974139645912075,0.471101469097083,0.3764539637066008,0.6655279347980411,[[ 102470 7283][ 15146 9989]],102470,7283,15146,9989
11,188,0.6086512207984924,avg,0.8337213095308701,0.7247799403294438,0.665527934798041,0.686227827731869,0.3764539637066008,0.665527934798041,,,,,
