client,round,loss,class,accuracy,precision,recall,f1_score,cohen_kappa_score,roc_auc_score,confusion_matrix,TP,FP,FN,TN
18,136,0.6022405624389648,awake,0.8271158294288595,0.842371283481347,0.9688117864659735,0.9011780659377913,0.23711625348570442,0.5886032276272577,[[ 5238 19897][ 3423 106330]],5238,19897,3423,106330
18,136,0.6022405624389648,asleep,0.8271158294288595,0.6047800484932456,0.20839466878854188,0.30997751213161323,0.23711625348570442,0.5886032276272577,[[ 106330 3423][ 19897 5238]],106330,3423,19897,5238
18,136,0.6022405624389648,avg,0.8271158294288595,0.7235756659872963,0.5886032276272577,0.6055777890347023,0.23711625348570442,0.5886032276272577,,,,,
