client,round,loss,class,accuracy,precision,recall,f1_score,cohen_kappa_score,roc_auc_score,confusion_matrix,TP,FP,FN,TN
6,73,0.6136022806167603,awake,0.7172839689223652,0.8812063532617953,0.7542117299754905,0.8127783041794109,0.24968067120766246,0.6551245640130088,[[ 13976 11159][ 26976 82777]],13976,11159,26976,82777
6,73,0.6136022806167603,asleep,0.7172839689223652,0.3412775932799375,0.5560373980505271,0.4229576164752524,0.24968067120766246,0.6551245640130088,[[ 82777 26976][ 11159 13976]],82777,26976,11159,13976
6,73,0.6136022806167603,avg,0.7172839689223652,0.6112419732708664,0.6551245640130088,0.6178679603273316,0.24968067120766246,0.6551245640130088,,,,,
