client,round,loss,class,accuracy,precision,recall,f1_score,cohen_kappa_score,roc_auc_score,confusion_matrix,TP,FP,FN,TN
4,143,0.7655507922172546,awake,0.8200729494098807,0.8492437675167303,0.9469718367607264,0.8954492194230967,0.26409146917332404,0.6064678161325017,[[ 6685 18450][ 5820 103933]],6685,18450,5820,103933
4,143,0.7655507922172546,asleep,0.8200729494098807,0.5345861655337865,0.2659637955042769,0.35520722635494156,0.26409146917332404,0.6064678161325017,[[ 103933 5820][ 18450 6685]],103933,5820,18450,6685
4,143,0.7655507922172546,avg,0.8200729494098807,0.6919149665252584,0.6064678161325017,0.6253282228890191,0.26409146917332404,0.6064678161325017,,,,,
