client,round,loss,class,accuracy,precision,recall,f1_score,cohen_kappa_score,roc_auc_score,confusion_matrix,TP,FP,FN,TN
10,10,0.7041263580322266,awake,0.6559145365043592,0.9120371575030575,0.6387160259856223,0.7512900892211237,0.2457573063809979,0.6848642791555324,[[ 18374 6761][ 39652 70101]],18374,6761,39652,70101
10,10,0.7041263580322266,asleep,0.6559145365043592,0.3166511563781753,0.7310125323254426,0.4418898281646445,0.2457573063809979,0.6848642791555325,[[ 70101 39652][ 6761 18374]],70101,39652,6761,18374
10,10,0.7041263580322266,avg,0.6559145365043592,0.6143441569406164,0.6848642791555324,0.5965899586928841,0.2457573063809979,0.6848642791555324,,,,,
