client,round,loss,class,accuracy,precision,recall,f1_score,cohen_kappa_score,roc_auc_score,confusion_matrix,TP,FP,FN,TN
12,164,0.788573682308197,awake,0.8214073898345294,0.8333476017402268,0.975608867183585,0.8988843277004055,0.17356289149565707,0.5618446166035291,[[ 3722 21413][ 2677 107076]],3722,21413,2677,107076
12,164,0.788573682308197,asleep,0.8214073898345294,0.581653383341147,0.14808036602347324,0.23606266252299102,0.17356289149565707,0.5618446166035291,[[ 107076 2677][ 21413 3722]],107076,2677,21413,3722
12,164,0.788573682308197,avg,0.8214073898345294,0.7075004925406869,0.5618446166035291,0.5674734951116982,0.17356289149565707,0.5618446166035291,,,,,
