client,round,loss,class,accuracy,precision,recall,f1_score,cohen_kappa_score,roc_auc_score,confusion_matrix,TP,FP,FN,TN
3,118,0.7314757704734802,awake,0.8243653994425004,0.8514054257108792,0.9499330314433319,0.8979746519269445,0.2806762913591927,0.6130011288109836,[[ 6939 18196][ 5495 104258]],6939,18196,5495,104258
3,118,0.7314757704734802,asleep,0.8243653994425004,0.5580665916036673,0.2760692261786354,0.36940030344166735,0.2806762913591927,0.6130011288109837,[[ 104258 5495][ 18196 6939]],104258,5495,18196,6939
3,118,0.7314757704734802,avg,0.8243653994425004,0.7047360086572733,0.6130011288109836,0.6336874776843059,0.2806762913591927,0.6130011288109836,,,,,
