client,round,loss,class,accuracy,precision,recall,f1_score,cohen_kappa_score,roc_auc_score,confusion_matrix,TP,FP,FN,TN
8,82,0.6673911809921265,awake,0.7878536267125319,0.8382484137505524,0.9160296301695625,0.8754146893639252,0.17088880860870115,0.5720987617726667,[[ 5735 19400][ 9216 100537]],5735,19400,9216,100537
8,82,0.6673911809921265,asleep,0.7878536267125319,0.38358638218179386,0.22816789337577084,0.28613481015815995,0.17088880860870115,0.5720987617726667,[[ 100537 9216][ 19400 5735]],100537,9216,19400,5735
8,82,0.6673911809921265,avg,0.7878536267125319,0.6109173979661731,0.5720987617726667,0.5807747497610426,0.17088880860870115,0.5720987617726667,,,,,
