client,round,loss,class,accuracy,precision,recall,f1_score,cohen_kappa_score,roc_auc_score,confusion_matrix,TP,FP,FN,TN
3,117,0.6697328686714172,awake,0.817003736433189,0.8584478733893462,0.9281386385793554,0.8919340151302886,0.30099939581641144,0.6299336518936165,[[ 8338 16797][ 7887 101866]],8338,16797,7887,101866
3,117,0.6697328686714172,asleep,0.817003736433189,0.5138983050847458,0.33172866520787747,0.4031914893617021,0.30099939581641144,0.6299336518936165,[[ 101866 7887][ 16797 8338]],101866,7887,16797,8338
3,117,0.6697328686714172,avg,0.817003736433189,0.686173089237046,0.6299336518936165,0.6475627522459954,0.30099939581641144,0.6299336518936165,,,,,
