client,round,loss,class,accuracy,precision,recall,f1_score,cohen_kappa_score,roc_auc_score,confusion_matrix,TP,FP,FN,TN
9,22,0.5265279412269592,awake,0.8417353656366764,0.8725672816769636,0.9432452871447705,0.9065307623601114,0.3956828282161514,0.6708667255298151,[[ 10016 15119][ 6229 103524]],10016,15119,6229,103524
9,22,0.5265279412269592,asleep,0.8417353656366764,0.6165589412126808,0.39848816391485975,0.4840985983566941,0.3956828282161514,0.6708667255298152,[[ 103524 6229][ 15119 10016]],103524,6229,15119,10016
9,22,0.5265279412269592,avg,0.8417353656366764,0.7445631114448222,0.6708667255298151,0.6953146803584027,0.3956828282161514,0.6708667255298151,,,,,
