client,round,loss,class,accuracy,precision,recall,f1_score,cohen_kappa_score,roc_auc_score,confusion_matrix,TP,FP,FN,TN
9,14,0.5525915622711182,awake,0.8411422810034992,0.8741094648741603,0.9401656446748609,0.9059350307287094,0.3997709268004802,0.6744591899523101,[[ 10274 14861][ 6567 103186]],10274,14861,6567,103186
9,14,0.5525915622711182,asleep,0.8411422810034992,0.6100587851077727,0.4087527352297593,0.4895178197064989,0.3997709268004802,0.67445918995231,[[ 103186 6567][ 14861 10274]],103186,6567,14861,10274
9,14,0.5525915622711182,avg,0.8411422810034992,0.7420841249909664,0.67445918995231,0.6977264252176041,0.3997709268004802,0.67445918995231,,,,,
