client,round,loss,class,accuracy,precision,recall,f1_score,cohen_kappa_score,roc_auc_score,confusion_matrix,TP,FP,FN,TN
14,43,0.456575483083725,awake,0.8412460708143052,0.8846813736163245,0.9255327872586626,0.9046461300061449,0.4323423215548219,0.6993687409537792,[[ 11894 13241][ 8173 101580]],11894,13241,8173,101580
14,43,0.456575483083725,asleep,0.8412460708143052,0.5927144067374296,0.473204694648896,0.5262599000044245,0.4323423215548219,0.6993687409537792,[[ 101580 8173][ 13241 11894]],101580,8173,13241,11894
14,43,0.456575483083725,avg,0.8412460708143052,0.738697890176877,0.6993687409537793,0.7154530150052847,0.4323423215548219,0.6993687409537792,,,,,
