client,round,loss,class,accuracy,precision,recall,f1_score,cohen_kappa_score,roc_auc_score,confusion_matrix,TP,FP,FN,TN
14,4,0.4674118459224701,awake,0.8138010794140323,0.8163976344102101,0.9949067451459186,0.8968559038044551,0.0283293053249849,0.5089512838520521,[[ 578 24557][ 559 109194]],578,24557,559,109194
14,4,0.4674118459224701,asleep,0.8138010794140323,0.5083553210202286,0.022995822558185795,0.044001218026796594,0.0283293053249849,0.5089512838520522,[[ 109194 559][ 24557 578]],109194,559,24557,578
14,4,0.4674118459224701,avg,0.8138010794140323,0.6623764777152193,0.5089512838520522,0.47042856091562585,0.0283293053249849,0.5089512838520522,,,,,
