client,round,loss,class,accuracy,precision,recall,f1_score,cohen_kappa_score,roc_auc_score,confusion_matrix,TP,FP,FN,TN
3,157,0.6829200983047485,awake,0.8237352470197498,0.8604029208829719,0.9350815011890335,0.8961891788047086,0.3192628726404978,0.6363093998883302,[[ 8484 16651][ 7125 102628]],8484,16651,7125,102628
3,157,0.6829200983047485,asleep,0.8237352470197498,0.5435325773592158,0.3375372985876268,0.41645395641075983,0.3192628726404978,0.6363093998883302,[[ 102628 7125][ 16651 8484]],102628,7125,16651,8484
3,157,0.6829200983047485,avg,0.8237352470197498,0.7019677491210938,0.6363093998883302,0.6563215676077342,0.3192628726404978,0.6363093998883302,,,,,
