client,round,loss,class,accuracy,precision,recall,f1_score,cohen_kappa_score,roc_auc_score,confusion_matrix,TP,FP,FN,TN
9,175,0.5938745737075806,awake,0.8433218670304252,0.8743020299208475,0.9430175029384162,0.9073606508512616,0.4045323591578289,0.6755071600628026,[[ 10255 14880][ 6254 103499]],10255,14880,6254,103499
9,175,0.5938745737075806,asleep,0.8433218670304252,0.6211763280634806,0.40799681718718916,0.492507924310825,0.4045323591578289,0.6755071600628028,[[ 103499 6254][ 14880 10255]],103499,6254,14880,10255
9,175,0.5938745737075806,avg,0.8433218670304252,0.747739178992164,0.6755071600628026,0.6999342875810433,0.4045323591578289,0.6755071600628026,,,,,
