client,round,loss,class,accuracy,precision,recall,f1_score,cohen_kappa_score,roc_auc_score,confusion_matrix,TP,FP,FN,TN
12,81,0.7556080222129822,awake,0.8153282723444636,0.824430049634054,0.9822054977996045,0.8964284229345973,0.1015802477551273,0.5344287882871108,[[ 2178 22957][ 1953 107800]],2178,22957,1953,107800
12,81,0.7556080222129822,asleep,0.8153282723444636,0.5272331154684096,0.08665207877461707,0.14884165926330895,0.1015802477551273,0.5344287882871107,[[ 107800 1953][ 22957 2178]],107800,1953,22957,2178
12,81,0.7556080222129822,avg,0.8153282723444636,0.6758315825512318,0.5344287882871108,0.5226350410989531,0.1015802477551273,0.5344287882871108,,,,,
