client,round,loss,class,accuracy,precision,recall,f1_score,cohen_kappa_score,roc_auc_score,confusion_matrix,TP,FP,FN,TN
9,114,0.58807373046875,awake,0.8377320443627305,0.8663881174576964,0.9465436024527804,0.9046938953235216,0.3661694244890632,0.6545727759628135,[[ 9114 16021][ 5867 103886]],9114,16021,5867,103886
9,114,0.58807373046875,asleep,0.8377320443627305,0.6083706027635004,0.36260194947284663,0.4543822913550703,0.3661694244890632,0.6545727759628135,[[ 103886 5867][ 16021 9114]],103886,5867,16021,9114
9,114,0.58807373046875,avg,0.8377320443627305,0.7373793601105985,0.6545727759628135,0.6795380933392959,0.3661694244890632,0.6545727759628135,,,,,
