client,round,loss,class,accuracy,precision,recall,f1_score,cohen_kappa_score,roc_auc_score,confusion_matrix,TP,FP,FN,TN
4,114,0.6937741637229919,awake,0.816484787379159,0.8527017270139505,0.9361748653795341,0.8924907709011944,0.27541001260107667,0.6150140290693175,[[ 7386 17749][ 7005 102748]],7386,17749,7005,102748
4,114,0.6937741637229919,asleep,0.816484787379159,0.5132374400667084,0.2938531927591009,0.3737286849162577,0.27541001260107667,0.6150140290693175,[[ 102748 7005][ 17749 7386]],102748,7005,17749,7386
4,114,0.6937741637229919,avg,0.816484787379159,0.6829695835403294,0.6150140290693175,0.6331097279087261,0.27541001260107667,0.6150140290693175,,,,,
