client,round,loss,class,accuracy,precision,recall,f1_score,cohen_kappa_score,roc_auc_score,confusion_matrix,TP,FP,FN,TN
9,105,0.5808799862861633,awake,0.8374429156040567,0.8745053558026882,0.9342888121509207,0.9034091159381346,0.39421339208566397,0.6744250903802147,[[ 10420 14715][ 7212 102541]],10420,14715,7212,102541
9,105,0.5808799862861633,asleep,0.8374429156040567,0.5909709618874773,0.41456136860950865,0.48729160333902316,0.39421339208566397,0.6744250903802147,[[ 102541 7212][ 14715 10420]],102541,7212,14715,10420
9,105,0.5808799862861633,avg,0.8374429156040567,0.7327381588450828,0.6744250903802147,0.6953503596385788,0.39421339208566397,0.6744250903802147,,,,,
