client,round,loss,class,accuracy,precision,recall,f1_score,cohen_kappa_score,roc_auc_score,confusion_matrix,TP,FP,FN,TN
14,9,0.4912585914134979,awake,0.8154913706185872,0.8199627498736964,0.9907792953267792,0.8973140240128729,0.06293927289427159,0.5204344059685417,[[ 1259 23876][ 1012 108741]],1259,23876,1012,108741
14,9,0.4912585914134979,asleep,0.8154913706185872,0.5543813298106561,0.050089516610304356,0.0918776910165657,0.06293927289427159,0.5204344059685418,[[ 108741 1012][ 23876 1259]],108741,1012,23876,1259
14,9,0.4912585914134979,avg,0.8154913706185872,0.6871720398421763,0.5204344059685417,0.4945958575147193,0.06293927289427159,0.5204344059685417,,,,,
