client,round,loss,class,accuracy,precision,recall,f1_score,cohen_kappa_score,roc_auc_score,confusion_matrix,TP,FP,FN,TN
6,154,0.6183932423591614,awake,0.7439801909732519,0.8743617053044405,0.800351698814611,0.835721353274727,0.2609966645966306,0.6490917037936195,[[ 12513 12622][ 21912 87841]],12513,12622,21912,87841
6,154,0.6183932423591614,asleep,0.7439801909732519,0.36348583877995644,0.49783170877262783,0.42018132975151107,0.2609966645966306,0.6490917037936195,[[ 87841 21912][ 12622 12513]],87841,21912,12622,12513
6,154,0.6183932423591614,avg,0.7439801909732519,0.6189237720421985,0.6490917037936195,0.627951341513119,0.2609966645966306,0.6490917037936195,,,,,
