client,round,loss,class,accuracy,precision,recall,f1_score,cohen_kappa_score,roc_auc_score,confusion_matrix,TP,FP,FN,TN
7,55,0.5407484173774719,awake,0.8215185932032502,0.8512372300477182,0.9459604748845134,0.8961026070369714,0.27574892555197106,0.6120492646950915,[[ 6991 18144][ 5931 103822]],6991,18144,5931,103822
7,55,0.5407484173774719,asleep,0.8215185932032502,0.5410153227054636,0.27813805450566936,0.36739627401003755,0.27574892555197106,0.6120492646950914,[[ 103822 5931][ 18144 6991]],103822,5931,18144,6991
7,55,0.5407484173774719,avg,0.8215185932032502,0.696126276376591,0.6120492646950914,0.6317494405235045,0.27574892555197106,0.6120492646950915,,,,,
