client,round,loss,class,accuracy,precision,recall,f1_score,cohen_kappa_score,roc_auc_score,confusion_matrix,TP,FP,FN,TN
1,33,0.639164388179779,awake,0.7181439416404721,0.8202181987000928,0.837070512878919,0.8285586735269052,0.037203412094117816,0.517958371617498,[[ 4998 20137][ 17882 91871]],4998,20137,17882,91871
1,33,0.639164388179779,asleep,0.7181439416404721,0.21844405594405594,0.19884623035607718,0.20818494220556077,0.037203412094117816,0.5179583716174982,[[ 91871 17882][ 20137 4998]],91871,17882,20137,4998
1,33,0.639164388179779,avg,0.7181439416404721,0.5193311273220744,0.517958371617498,0.5183718078662329,0.037203412094117816,0.5179583716174981,,,,,
