client,round,loss,class,accuracy,precision,recall,f1_score,cohen_kappa_score,roc_auc_score,confusion_matrix,TP,FP,FN,TN
2,123,0.49283334612846375,awake,0.8345738686910622,0.8854349416815805,0.915091159239383,0.9000188187219399,0.4218672142701365,0.6990415016407776,[[ 12140 12995][ 9319 100434]],12140,12995,9319,100434
2,123,0.49283334612846375,asleep,0.8345738686910622,0.5657299967379654,0.48299184404217227,0.5210971369704254,0.4218672142701365,0.6990415016407777,[[ 100434 9319][ 12995 12140]],100434,9319,12995,12140
2,123,0.49283334612846375,avg,0.8345738686910622,0.725582469209773,0.6990415016407776,0.7105579778461826,0.4218672142701365,0.6990415016407776,,,,,
