client,round,loss,class,accuracy,precision,recall,f1_score,cohen_kappa_score,roc_auc_score,confusion_matrix,TP,FP,FN,TN
15,181,1.1206406354904175,awake,0.48875363264337823,0.7847012841987716,0.5122046777764617,0.6198254618425186,-0.06401980693944931,0.4492791839250321,[[ 9711 15424][ 53537 56216]],9711,15424,53537,56216
15,181,1.1206406354904175,asleep,0.48875363264337823,0.15353845180875283,0.38635369007360254,0.21974814161094328,-0.06401980693944931,0.44927918392503213,[[ 56216 53537][ 15424 9711]],56216,53537,15424,9711
15,181,1.1206406354904175,avg,0.48875363264337823,0.4691198680037622,0.44927918392503213,0.41978680172673094,-0.06401980693944931,0.4492791839250321,,,,,
