client,round,loss,class,accuracy,precision,recall,f1_score,cohen_kappa_score,roc_auc_score,confusion_matrix,TP,FP,FN,TN
12,120,0.760072648525238,awake,0.8160029061147026,0.8378171983135789,0.9596275272657695,0.89459490450729,0.1966023398911243,0.574243841213947,[[ 4747 20388][ 4431 105322]],4747,20388,4431,105322
12,120,0.760072648525238,asleep,0.8160029061147026,0.5172150795380257,0.18886015516212454,0.2766881356920118,0.1966023398911243,0.574243841213947,[[ 105322 4431][ 20388 4747]],105322,4431,20388,4747
12,120,0.760072648525238,avg,0.8160029061147026,0.6775161389258023,0.574243841213947,0.5856415200996509,0.1966023398911243,0.574243841213947,,,,,
