client,round,loss,class,accuracy,precision,recall,f1_score,cohen_kappa_score,roc_auc_score,confusion_matrix,TP,FP,FN,TN
0,10,0.5166682600975037,awake,0.762432536622976,0.8828961113191557,0.8162965932594097,0.8482911748971486,0.30482467753942266,0.6717647676860009,[[ 13252 11883][ 20162 89591]],13252,11883,20162,89591
0,10,0.5166682600975037,asleep,0.762432536622976,0.396600227449572,0.527232942112592,0.4526806606432219,0.30482467753942266,0.6717647676860009,[[ 89591 20162][ 11883 13252]],89591,20162,11883,13252
0,10,0.5166682600975037,avg,0.762432536622976,0.6397481693843639,0.6717647676860008,0.6504859177701852,0.30482467753942266,0.6717647676860009,,,,,
