client,round,loss,class,accuracy,precision,recall,f1_score,cohen_kappa_score,roc_auc_score,confusion_matrix,TP,FP,FN,TN
17,75,0.5637763738632202,awake,0.8050234268430105,0.8403827485785605,0.9386531575446685,0.886803821985022,0.1994318407847383,0.5800884645889246,[[ 5568 19567][ 6733 103020]],5568,19567,6733,103020
17,75,0.5637763738632202,asleep,0.8050234268430105,0.4526461263311926,0.22152377163318082,0.29746767817074476,0.1994318407847383,0.5800884645889246,[[ 103020 6733][ 19567 5568]],103020,6733,19567,5568
17,75,0.5637763738632202,avg,0.8050234268430105,0.6465144374548766,0.5800884645889246,0.5921357500778833,0.1994318407847383,0.5800884645889246,,,,,
