client,round,loss,class,accuracy,precision,recall,f1_score,cohen_kappa_score,roc_auc_score,confusion_matrix,TP,FP,FN,TN
6,30,0.4809328317642212,awake,0.7927391613783287,0.9031027617339195,0.8348473390249014,0.8676347349333131,0.393640643489497,0.7218597148675332,[[ 15304 9831][ 18126 91627]],15304,9831,18126,91627
6,30,0.4809328317642212,asleep,0.7927391613783287,0.4577924020341011,0.6088720907101651,0.5226329719115513,0.393640643489497,0.7218597148675332,[[ 91627 18126][ 9831 15304]],91627,18126,9831,15304
6,30,0.4809328317642212,avg,0.7927391613783287,0.6804475818840103,0.7218597148675332,0.6951338534224323,0.393640643489497,0.7218597148675332,,,,,
