client,round,loss,class,accuracy,precision,recall,f1_score,cohen_kappa_score,roc_auc_score,confusion_matrix,TP,FP,FN,TN
15,33,0.707903265953064,awake,0.5805631338592017,0.8011439574130705,0.6444744107222582,0.714319617456815,-0.04065199341680126,0.4729831771136654,[[ 7578 17557][ 39020 70733]],7578,17557,39020,70733
15,33,0.707903265953064,asleep,0.5805631338592017,0.16262500536503713,0.30149194350507263,0.21128350968173643,-0.04065199341680126,0.47298317711366544,[[ 70733 39020][ 17557 7578]],70733,39020,17557,7578
15,33,0.707903265953064,avg,0.5805631338592017,0.4818844813890538,0.47298317711366544,0.4628015635692757,-0.04065199341680126,0.47298317711366544,,,,,
