client,round,loss,class,accuracy,precision,recall,f1_score,cohen_kappa_score,roc_auc_score,confusion_matrix,TP,FP,FN,TN
16,24,0.574368417263031,awake,0.8225713184271396,0.8679219398429193,0.9222891401601778,0.8942799969962142,0.3459118835549193,0.6547192667182429,[[ 9731 15404][ 8529 101224]],9731,15404,8529,101224
16,24,0.574368417263031,asleep,0.8225713184271396,0.5329134720700985,0.38714939327630793,0.44848484848484843,0.3459118835549193,0.6547192667182429,[[ 101224 8529][ 15404 9731]],101224,8529,15404,9731
16,24,0.574368417263031,avg,0.8225713184271396,0.7004177059565089,0.6547192667182429,0.6713824227405313,0.3459118835549193,0.6547192667182429,,,,,
