client,round,loss,class,accuracy,precision,recall,f1_score,cohen_kappa_score,roc_auc_score,confusion_matrix,TP,FP,FN,TN
5,160,0.6836408972740173,awake,0.7522611351639878,0.8408648436244128,0.857880877971445,0.849287637500169,0.1542017206472126,0.5744745547605385,[[ 7316 17819][ 15598 94155]],7316,17819,15598,94155
5,160,0.6836408972740173,asleep,0.7522611351639878,0.3192807890372698,0.29106823154963196,0.3045224666486295,0.1542017206472126,0.5744745547605384,[[ 94155 15598][ 17819 7316]],94155,15598,17819,7316
5,160,0.6836408972740173,avg,0.7522611351639878,0.5800728163308413,0.5744745547605384,0.5769050520743992,0.1542017206472126,0.5744745547605385,,,,,
