client,round,loss,class,accuracy,precision,recall,f1_score,cohen_kappa_score,roc_auc_score,confusion_matrix,TP,FP,FN,TN
5,83,0.6222233772277832,awake,0.7916641954806951,0.835082938680368,0.9270270516523467,0.8786562459518978,0.15665728900045572,0.5638119145271878,[[ 5042 20093][ 8009 101744]],5042,20093,8009,101744
5,83,0.6222233772277832,asleep,0.7916641954806951,0.386330549383189,0.20059677740202905,0.2640758393128371,0.15665728900045572,0.5638119145271878,[[ 101744 8009][ 20093 5042]],101744,8009,20093,5042
5,83,0.6222233772277832,avg,0.7916641954806951,0.6107067440317785,0.5638119145271878,0.5713660426323675,0.15665728900045572,0.5638119145271878,,,,,
