client,round,loss,class,accuracy,precision,recall,f1_score,cohen_kappa_score,roc_auc_score,confusion_matrix,TP,FP,FN,TN
4,59,0.626931369304657,awake,0.8288506019809027,0.8628207811780466,0.9389356099605478,0.8992704679128052,0.33716123372370366,0.6435477731521457,[[ 8751 16384][ 6702 103051]],8751,16384,6702,103051
4,59,0.626931369304657,asleep,0.8288506019809027,0.5662978062512134,0.34815993634374376,0.43121119542721986,0.33716123372370366,0.6435477731521458,[[ 103051 6702][ 16384 8751]],103051,6702,16384,8751
4,59,0.626931369304657,avg,0.8288506019809027,0.71455929371463,0.6435477731521457,0.6652408316700125,0.33716123372370366,0.6435477731521457,,,,,
