client,round,loss,class,accuracy,precision,recall,f1_score,cohen_kappa_score,roc_auc_score,confusion_matrix,TP,FP,FN,TN
7,43,0.5547579526901245,awake,0.8258925923729317,0.8482536453034927,0.9572676828879393,0.8994696311389446,0.2673380045261766,0.6047527990727741,[[ 6340 18795][ 4690 105063]],6340,18795,4690,105063
7,43,0.5547579526901245,asleep,0.8258925923729317,0.5747960108794198,0.2522379152576089,0.35061523572514863,0.2673380045261766,0.6047527990727741,[[ 105063 4690][ 18795 6340]],105063,4690,18795,6340
7,43,0.5547579526901245,avg,0.8258925923729317,0.7115248280914562,0.6047527990727741,0.6250424334320466,0.2673380045261766,0.6047527990727741,,,,,
