client,round,loss,class,accuracy,precision,recall,f1_score,cohen_kappa_score,roc_auc_score,confusion_matrix,TP,FP,FN,TN
16,62,0.6301925778388977,awake,0.8197170986299745,0.8630001954469362,0.9253232257888168,0.8930757325266453,0.32319447060441575,0.6419534370440005,[[ 9013 16122][ 8196 101557]],9013,16122,8196,101557
16,62,0.6301925778388977,asleep,0.8197170986299745,0.5237375791736882,0.3585836482991844,0.4257037596825996,0.32319447060441575,0.6419534370440005,[[ 101557 8196][ 16122 9013]],101557,8196,16122,9013
16,62,0.6301925778388977,avg,0.8197170986299745,0.6933688873103122,0.6419534370440005,0.6593897461046224,0.32319447060441575,0.6419534370440005,,,,,
