client,round,loss,class,accuracy,precision,recall,f1_score,cohen_kappa_score,roc_auc_score,confusion_matrix,TP,FP,FN,TN
14,18,0.48199644684791565,awake,0.8380434137951486,0.8817296752733558,0.9250316620046832,0.9028617672168469,0.4177729121609802,0.6916186756412913,[[ 11517 13618][ 8228 101525]],11517,13618,8228,101525
14,18,0.48199644684791565,asleep,0.8380434137951486,0.5832869080779944,0.45820568927789934,0.513235294117647,0.4177729121609802,0.6916186756412913,[[ 101525 8228][ 13618 11517]],101525,8228,13618,11517
14,18,0.48199644684791565,avg,0.8380434137951486,0.7325082916756751,0.6916186756412913,0.7080485306672469,0.4177729121609802,0.6916186756412913,,,,,
