client,round,loss,class,accuracy,precision,recall,f1_score,cohen_kappa_score,roc_auc_score,confusion_matrix,TP,FP,FN,TN
14,172,0.5413979291915894,awake,0.8311562184923789,0.8697729784882238,0.9320383041921405,0.899829787608362,0.3669011054110405,0.6613443957801761,[[ 9819 15316][ 7459 102294]],9819,15316,7459,102294
14,172,0.5413979291915894,asleep,0.8311562184923789,0.5682949415441602,0.3906504873682117,0.46301841416546813,0.3669011054110405,0.6613443957801761,[[ 102294 7459][ 15316 9819]],102294,7459,15316,9819
14,172,0.5413979291915894,avg,0.8311562184923789,0.7190339600161919,0.6613443957801761,0.6814241008869151,0.3669011054110405,0.6613443957801761,,,,,
