client,round,loss,class,accuracy,precision,recall,f1_score,cohen_kappa_score,roc_auc_score,confusion_matrix,TP,FP,FN,TN
6,128,0.6170811057090759,awake,0.729672024197853,0.8585251788003013,0.7995134529352272,0.827969164284164,0.20096775772241848,0.6121100186896148,[[ 10675 14460][ 22004 87749]],10675,14460,22004,87749
6,128,0.6170811057090759,asleep,0.729672024197853,0.3266623825698461,0.4247065844440024,0.3692877157781852,0.20096775772241848,0.6121100186896148,[[ 87749 22004][ 14460 10675]],87749,22004,14460,10675
6,128,0.6170811057090759,avg,0.729672024197853,0.5925937806850737,0.6121100186896148,0.5986284400311745,0.20096775772241848,0.6121100186896148,,,,,
