client,round,loss,class,accuracy,precision,recall,f1_score,cohen_kappa_score,roc_auc_score,confusion_matrix,TP,FP,FN,TN
18,27,0.5217893719673157,awake,0.8290507680446,0.8431686115553304,0.9703971645421993,0.9023201040382604,0.24430530556082986,0.5911265711312548,[[ 5325 19810][ 3249 106504]],5325,19810,3249,106504
18,27,0.5217893719673157,asleep,0.8290507680446,0.6210636808957313,0.2118559777203103,0.31593936337476636,0.24430530556082986,0.5911265711312548,[[ 106504 3249][ 19810 5325]],106504,3249,19810,5325
18,27,0.5217893719673157,avg,0.8290507680446,0.7321161462255308,0.5911265711312548,0.6091297337065134,0.24430530556082986,0.5911265711312548,,,,,
