client,round,loss,class,accuracy,precision,recall,f1_score,cohen_kappa_score,roc_auc_score,confusion_matrix,TP,FP,FN,TN
2,191,0.5003753304481506,awake,0.8441818397485321,0.8947040664727286,0.9163394166902044,0.9053925099027729,0.464342932627987,0.7227211306645769,[[ 13299 11836][ 9182 100571]],13299,11836,9182,100571
2,191,0.5003753304481506,asleep,0.8441818397485321,0.5915662114674615,0.5291028446389496,0.55859375,0.464342932627987,0.722721130664577,[[ 100571 9182][ 11836 13299]],100571,9182,11836,13299
2,191,0.5003753304481506,avg,0.8441818397485321,0.7431351389700951,0.722721130664577,0.7319931299513864,0.464342932627987,0.7227211306645769,,,,,
