client,round,loss,class,accuracy,precision,recall,f1_score,cohen_kappa_score,roc_auc_score,confusion_matrix,TP,FP,FN,TN
3,190,0.6994665861129761,awake,0.8220375422572801,0.8580112896222318,0.9362113108525507,0.8954071517892545,0.3067671158100369,0.6298522239562137,[[ 8131 17004][ 7001 102752]],8131,17004,7001,102752
3,190,0.6994665861129761,asleep,0.8220375422572801,0.5373380914618028,0.32349313705987665,0.4038542727295303,0.3067671158100369,0.6298522239562137,[[ 102752 7001][ 17004 8131]],102752,7001,17004,8131
3,190,0.6994665861129761,avg,0.8220375422572801,0.6976746905420173,0.6298522239562137,0.6496307122593924,0.3067671158100369,0.6298522239562137,,,,,
