client,round,loss,class,accuracy,precision,recall,f1_score,cohen_kappa_score,roc_auc_score,confusion_matrix,TP,FP,FN,TN
14,45,0.4466053247451782,awake,0.8409124607081431,0.8847501350856705,0.9249678824269041,0.9044121249916479,0.4318957633524243,0.6994244623990498,[[ 11911 13224][ 8235 101518]],11911,13224,8235,101518
14,45,0.4466053247451782,asleep,0.8409124607081431,0.5912339918594262,0.47388104237119555,0.526092621629381,0.4318957633524243,0.6994244623990499,[[ 101518 8235][ 13224 11911]],101518,8235,13224,11911
14,45,0.4466053247451782,avg,0.8409124607081431,0.7379920634725483,0.6994244623990498,0.7152523733105145,0.4318957633524243,0.6994244623990498,,,,,
