client,round,loss,class,accuracy,precision,recall,f1_score,cohen_kappa_score,roc_auc_score,confusion_matrix,TP,FP,FN,TN
12,196,0.8059789538383484,awake,0.8202657019156634,0.8335478737098322,0.9735041411168716,0.8981061975169584,0.1737564607951032,0.5623239822353803,[[ 3799 21336][ 2908 106845]],3799,21336,2908,106845
12,196,0.8059789538383484,asleep,0.8202657019156634,0.566423140002982,0.151143823353889,0.23861566484517308,0.1737564607951032,0.5623239822353804,[[ 106845 2908][ 21336 3799]],106845,2908,21336,3799
12,196,0.8059789538383484,avg,0.8202657019156634,0.6999855068564071,0.5623239822353803,0.5683609311810658,0.1737564607951032,0.5623239822353803,,,,,
