client,round,loss,class,accuracy,precision,recall,f1_score,cohen_kappa_score,roc_auc_score,confusion_matrix,TP,FP,FN,TN
7,54,0.5687586665153503,awake,0.8247731451278097,0.8465444946117134,0.9583701584466939,0.8989931796037675,0.2569120032476577,0.5998932550737547,[[ 6068 19067][ 4569 105184]],6068,19067,4569,105184
7,54,0.5687586665153503,asleep,0.8247731451278097,0.5704615963147504,0.2414163517008156,0.3392597562339259,0.2569120032476577,0.5998932550737548,[[ 105184 4569][ 19067 6068]],105184,4569,19067,6068
7,54,0.5687586665153503,avg,0.8247731451278097,0.708503045463232,0.5998932550737548,0.6191264679188466,0.2569120032476577,0.5998932550737548,,,,,
