client,round,loss,class,accuracy,precision,recall,f1_score,cohen_kappa_score,roc_auc_score,confusion_matrix,TP,FP,FN,TN
17,33,0.5528444647789001,awake,0.8107466935531701,0.8265724721410126,0.9711716308438039,0.8930567308739622,0.11539711306507938,0.5407081547893179,[[ 2771 22364][ 3164 106589]],2771,22364,3164,106589
17,33,0.5528444647789001,asleep,0.8107466935531701,0.46689132266217354,0.1102446787348319,0.17837141937560347,0.11539711306507938,0.5407081547893179,[[ 106589 3164][ 22364 2771]],106589,3164,22364,2771
17,33,0.5528444647789001,avg,0.8107466935531701,0.6467318974015931,0.5407081547893179,0.5357140751247829,0.11539711306507938,0.5407081547893179,,,,,
