client,round,loss,class,accuracy,precision,recall,f1_score,cohen_kappa_score,roc_auc_score,confusion_matrix,TP,FP,FN,TN
5,60,0.6036690473556519,awake,0.7821822549077754,0.8426091701195287,0.9005038586644556,0.8705950750285184,0.18774360384335576,0.5830150087036223,[[ 6674 18461][ 10920 98833]],6674,18461,10920,98833
5,60,0.6036690473556519,asleep,0.7821822549077754,0.3793338638172104,0.26552615874278895,0.3123873715743406,0.18774360384335576,0.5830150087036223,[[ 98833 10920][ 18461 6674]],98833,10920,18461,6674
5,60,0.6036690473556519,avg,0.7821822549077754,0.6109715169683696,0.5830150087036223,0.5914912233014296,0.18774360384335576,0.5830150087036223,,,,,
