client,round,loss,class,accuracy,precision,recall,f1_score,cohen_kappa_score,roc_auc_score,confusion_matrix,TP,FP,FN,TN
1,39,0.6412461400032043,awake,0.7608386216713124,0.8197248879830344,0.9051233223693202,0.8603100372391097,0.04357903936695895,0.5179684644470433,[[ 3288 21847][ 10413 99340]],3288,21847,10413,99340
1,39,0.6412461400032043,asleep,0.7608386216713124,0.23998248303043573,0.13081360652476626,0.16932742815943969,0.04357903936695895,0.5179684644470433,[[ 99340 10413][ 21847 3288]],99340,10413,21847,3288
1,39,0.6412461400032043,avg,0.7608386216713124,0.5298536855067351,0.5179684644470433,0.5148187326992747,0.04357903936695895,0.5179684644470433,,,,,
