client,round,loss,class,accuracy,precision,recall,f1_score,cohen_kappa_score,roc_auc_score,confusion_matrix,TP,FP,FN,TN
17,148,0.607957661151886,awake,0.8196429630508274,0.8359670581202363,0.9683471066850109,0.8973008113607389,0.1890631536971622,0.5693336886120499,[[ 4281 20854][ 3474 106279]],4281,20854,3474,106279
17,148,0.607957661151886,asleep,0.8196429630508274,0.5520309477756287,0.1703202705390889,0.2603222864092429,0.1890631536971622,0.5693336886120499,[[ 106279 3474][ 20854 4281]],106279,3474,20854,4281
17,148,0.607957661151886,avg,0.8196429630508274,0.6939990029479325,0.5693336886120499,0.5788115488849909,0.1890631536971622,0.5693336886120499,,,,,
