client,round,loss,class,accuracy,precision,recall,f1_score,cohen_kappa_score,roc_auc_score,confusion_matrix,TP,FP,FN,TN
13,50,0.5836403369903564,awake,0.7502965423165886,0.8964715692917079,0.7836050039634452,0.8362471315779237,0.32053033016473176,0.6942293967499741,[[ 15203 9932][ 23750 86003]],15203,9932,23750,86003
13,50,0.5836403369903564,asleep,0.7502965423165886,0.3902908633481375,0.6048537895365029,0.47444139308450883,0.32053033016473176,0.6942293967499741,[[ 86003 23750][ 9932 15203]],86003,23750,9932,15203
13,50,0.5836403369903564,avg,0.7502965423165886,0.6433812163199227,0.6942293967499741,0.6553442623312162,0.32053033016473176,0.6942293967499741,,,,,
