client,round,loss,class,accuracy,precision,recall,f1_score,cohen_kappa_score,roc_auc_score,confusion_matrix,TP,FP,FN,TN
18,140,0.6702625751495361,awake,0.825077101002313,0.8309644904042655,0.9854855903711061,0.9016526686534815,0.16031181061757094,0.5550662485374528,[[ 3133 22002][ 1593 108160]],3133,22002,1593,108160
18,140,0.6702625751495361,asleep,0.825077101002313,0.6629284807448159,0.12464690670379948,0.20983892033086635,0.16031181061757094,0.5550662485374528,[[ 108160 1593][ 22002 3133]],108160,1593,22002,3133
18,140,0.6702625751495361,avg,0.825077101002313,0.7469464855745407,0.5550662485374528,0.5557457944921739,0.16031181061757094,0.5550662485374528,,,,,
