client,round,loss,class,accuracy,precision,recall,f1_score,cohen_kappa_score,roc_auc_score,confusion_matrix,TP,FP,FN,TN
10,115,0.6647750735282898,awake,0.7331934642073424,0.8983195455429077,0.7578745000136671,0.8221421617320741,0.30344173196878477,0.6916486086700522,[[ 15720 9415][ 26574 83179]],15720,9415,26574,83179
10,115,0.6647750735282898,asleep,0.7331934642073424,0.3716839267981274,0.6254227173264373,0.46626822287146485,0.30344173196878477,0.6916486086700522,[[ 83179 26574][ 9415 15720]],83179,26574,9415,15720
10,115,0.6647750735282898,avg,0.7331934642073424,0.6350017361705176,0.6916486086700522,0.6442051923017695,0.30344173196878477,0.6916486086700522,,,,,
