client,round,loss,class,accuracy,precision,recall,f1_score,cohen_kappa_score,roc_auc_score,confusion_matrix,TP,FP,FN,TN
5,43,0.5667737722396851,awake,0.7865562540774569,0.8416291120225496,0.9086585332519385,0.8738603355137198,0.18713788728291947,0.5810251090767351,[[ 6369 18766][ 10025 99728]],6369,18766,10025,99728
5,43,0.5667737722396851,asleep,0.7865562540774569,0.3884957911431011,0.25339168490153174,0.3067254207902911,0.18713788728291947,0.581025109076735,[[ 99728 10025][ 18766 6369]],99728,10025,18766,6369
5,43,0.5667737722396851,avg,0.7865562540774569,0.6150624515828254,0.5810251090767351,0.5902928781520054,0.18713788728291947,0.5810251090767351,,,,,
