client,round,loss,class,accuracy,precision,recall,f1_score,cohen_kappa_score,roc_auc_score,confusion_matrix,TP,FP,FN,TN
0,132,0.6150751113891602,awake,0.8027993594685962,0.8719593476296554,0.8880395068927501,0.8799259693946644,0.3288421734640228,0.6593171475183862,[[ 10823 14312][ 12288 97465]],10823,14312,12288,97465
0,132,0.6150751113891602,asleep,0.8027993594685962,0.468305136082385,0.4305947881440223,0.448658956182896,0.3288421734640228,0.6593171475183861,[[ 97465 12288][ 14312 10823]],97465,12288,14312,10823
0,132,0.6150751113891602,avg,0.8027993594685962,0.6701322418560203,0.6593171475183862,0.6642924627887802,0.3288421734640228,0.6593171475183861,,,,,
