client,round,loss,class,accuracy,precision,recall,f1_score,cohen_kappa_score,roc_auc_score,confusion_matrix,TP,FP,FN,TN
4,137,0.7352922558784485,awake,0.8221635727418303,0.856964480442184,0.9379971390303682,0.895651719997912,0.30251967096779675,0.6271843662130159,[[ 7952 17183][ 6805 102948]],7952,17183,6805,102948
4,137,0.7352922558784485,asleep,0.8221635727418303,0.5388629125160941,0.3163715933956634,0.3986764263511481,0.30251967096779675,0.6271843662130159,[[ 102948 6805][ 17183 7952]],102948,6805,17183,7952
4,137,0.7352922558784485,avg,0.8221635727418303,0.697913696479139,0.6271843662130158,0.6471640731745301,0.30251967096779675,0.6271843662130159,,,,,
