client,round,loss,class,accuracy,precision,recall,f1_score,cohen_kappa_score,roc_auc_score,confusion_matrix,TP,FP,FN,TN
6,151,0.6094318628311157,awake,0.7405551272166538,0.874838295610666,0.7948575437573461,0.8329323250840208,0.25851584909978054,0.6491494800545234,[[ 12654 12481][ 22515 87238]],12654,12481,22515,87238
6,151,0.6094318628311157,asleep,0.7405551272166538,0.35980551053484605,0.5034414163517008,0.41967365348898916,0.25851584909978054,0.6491494800545234,[[ 87238 22515][ 12481 12654]],87238,22515,12481,12654
6,151,0.6094318628311157,avg,0.7405551272166538,0.617321903072756,0.6491494800545234,0.626302989286505,0.25851584909978054,0.6491494800545234,,,,,
