client,round,loss,class,accuracy,precision,recall,f1_score,cohen_kappa_score,roc_auc_score,confusion_matrix,TP,FP,FN,TN
18,7,0.511976957321167,awake,0.815083624933278,0.8150586207408949,0.9995353202190372,0.8979197616504397,0.01486732432615201,0.5046015570659539,[[ 243 24892][ 51 109702]],243,24892,51,109702
18,7,0.511976957321167,asleep,0.815083624933278,0.826530612244898,0.009667793912870499,0.019112037437571273,0.01486732432615201,0.5046015570659538,[[ 109702 51][ 24892 243]],109702,51,24892,243
18,7,0.511976957321167,avg,0.815083624933278,0.8207946164928964,0.5046015570659539,0.4585158995440055,0.01486732432615201,0.5046015570659539,,,,,
