client,round,loss,class,accuracy,precision,recall,f1_score,cohen_kappa_score,roc_auc_score,confusion_matrix,TP,FP,FN,TN
2,182,0.4964468777179718,awake,0.8439742601269201,0.8856524272013495,0.9280657476333221,0.906363175269841,0.4403478675802114,0.7024255533471961,[[ 11984 13151][ 7895 101858]],11984,13151,7895,101858
2,182,0.4964468777179718,asleep,0.8439742601269201,0.6028472257155792,0.4767853590610702,0.5324565690674012,0.4403478675802114,0.7024255533471961,[[ 101858 7895][ 13151 11984]],101858,7895,13151,11984
2,182,0.4964468777179718,avg,0.8439742601269201,0.7442498264584644,0.7024255533471961,0.7194098721686211,0.4403478675802114,0.7024255533471961,,,,,
