client,round,loss,class,accuracy,precision,recall,f1_score,cohen_kappa_score,roc_auc_score,confusion_matrix,TP,FP,FN,TN
3,26,0.5627343058586121,awake,0.8316306861989206,0.8569167432095526,0.9520377575100453,0.9019763562361615,0.31716888563914547,0.6289530343149987,[[ 7688 17447][ 5264 104489]],7688,17447,5264,104489
3,26,0.5627343058586121,asleep,0.8316306861989206,0.5935762816553428,0.3058683111199523,0.4037073017039935,0.31716888563914547,0.6289530343149988,[[ 104489 5264][ 17447 7688]],104489,5264,17447,7688
3,26,0.5627343058586121,avg,0.8316306861989206,0.7252465124324476,0.6289530343149987,0.6528418289700775,0.31716888563914547,0.6289530343149987,,,,,
