client,round,loss,class,accuracy,precision,recall,f1_score,cohen_kappa_score,roc_auc_score,confusion_matrix,TP,FP,FN,TN
4,71,0.6502429842948914,awake,0.8259741415099935,0.8647204538345127,0.9319107450365821,0.8970592104686143,0.33974463415189937,0.647654198856067,[[ 9134 16001][ 7473 102280]],9134,16001,7473,102280
4,71,0.6502429842948914,asleep,0.8259741415099935,0.550009032335762,0.363397652675552,0.437640745532078,0.33974463415189937,0.6476541988560671,[[ 102280 7473][ 16001 9134]],102280,7473,16001,9134
4,71,0.6502429842948914,avg,0.8259741415099935,0.7073647430851373,0.6476541988560671,0.6673499780003461,0.33974463415189937,0.6476541988560671,,,,,
