client,round,loss,class,accuracy,precision,recall,f1_score,cohen_kappa_score,roc_auc_score,confusion_matrix,TP,FP,FN,TN
17,186,0.5834317207336426,awake,0.8188867801435264,0.8385430305915962,0.9627891720499667,0.8963811882867903,0.20426600185191457,0.5766601519688862,[[ 4789 20346][ 4084 105669]],4789,20346,4084,105669
17,186,0.5834317207336426,asleep,0.8188867801435264,0.539727262481686,0.19053113188780585,0.28163961420842154,0.20426600185191457,0.5766601519688863,[[ 105669 4084][ 20346 4789]],105669,4084,20346,4789
17,186,0.5834317207336426,avg,0.8188867801435264,0.6891351465366411,0.5766601519688863,0.5890104012476058,0.20426600185191457,0.5766601519688863,,,,,
