client,round,loss,class,accuracy,precision,recall,f1_score,cohen_kappa_score,roc_auc_score,confusion_matrix,TP,FP,FN,TN
12,198,0.7901836633682251,awake,0.8190424648597355,0.8403196478131879,0.960028427468953,0.8961941983745922,0.21500698541677066,0.5817249756202931,[[ 5113 20022][ 4387 105366]],5113,20022,4387,105366
12,198,0.7901836633682251,asleep,0.8190424648597355,0.5382105263157895,0.20342152377163317,0.2952504691785766,0.21500698541677066,0.5817249756202931,[[ 105366 4387][ 20022 5113]],105366,4387,20022,5113
12,198,0.7901836633682251,avg,0.8190424648597355,0.6892650870644887,0.5817249756202931,0.5957223337765845,0.21500698541677066,0.5817249756202931,,,,,
