client,round,loss,class,accuracy,precision,recall,f1_score,cohen_kappa_score,roc_auc_score,confusion_matrix,TP,FP,FN,TN
10,32,0.6472058892250061,awake,0.7518311488049345,0.9181357716089988,0.7630315344455277,0.8334287064911801,0.3627917720058017,0.7329778718577351,[[ 17668 7467][ 26008 83745]],17668,7467,26008,83745
10,32,0.6472058892250061,asleep,0.7518311488049345,0.40452422383002107,0.7029242092699423,0.5135225472671521,0.3627917720058017,0.7329778718577349,[[ 83745 26008][ 7467 17668]],83745,26008,7467,17668
10,32,0.6472058892250061,avg,0.7518311488049345,0.66132999771951,0.732977871857735,0.6734756268791661,0.3627917720058017,0.732977871857735,,,,,
