client,round,loss,class,accuracy,precision,recall,f1_score,cohen_kappa_score,roc_auc_score,confusion_matrix,TP,FP,FN,TN
5,129,0.6417019367218018,awake,0.7726929007769409,0.8448137555803571,0.8828004701466019,0.8633894876604542,0.18900989162980053,0.5873520950295372,[[ 7337 17798][ 12863 96890]],7337,17798,12863,96890
5,129,0.6417019367218018,asleep,0.7726929007769409,0.3632178217821782,0.29190371991247266,0.32367927649718764,0.18900989162980053,0.5873520950295373,[[ 96890 12863][ 17798 7337]],96890,12863,17798,7337
5,129,0.6417019367218018,avg,0.7726929007769409,0.6040157886812676,0.5873520950295372,0.5935343820788209,0.18900989162980053,0.5873520950295372,,,,,
