client,round,loss,class,accuracy,precision,recall,f1_score,cohen_kappa_score,roc_auc_score,confusion_matrix,TP,FP,FN,TN
4,123,0.7142114639282227,awake,0.8194427969871301,0.845265626263443,0.952447769081483,0.8956615243570685,0.24298186381655185,0.5955594723664825,[[ 5999 19136][ 5219 104534]],5999,19136,5219,104534
4,123,0.7142114639282227,asleep,0.8194427969871301,0.5347655553574612,0.238671175651482,0.33004153714961626,0.24298186381655185,0.5955594723664824,[[ 104534 5219][ 19136 5999]],104534,5219,19136,5999
4,123,0.7142114639282227,avg,0.8194427969871301,0.6900155908104522,0.5955594723664825,0.6128515307533424,0.24298186381655185,0.5955594723664825,,,,,
