client,round,loss,class,accuracy,precision,recall,f1_score,cohen_kappa_score,roc_auc_score,confusion_matrix,TP,FP,FN,TN
3,54,0.57957524061203,awake,0.8282352766739813,0.857513295676015,0.9461062567765801,0.8996339535185947,0.3143138787020635,0.6298265519013198,[[ 7881 17254][ 5915 103838]],7881,17254,5915,103838
3,54,0.57957524061203,asleep,0.8282352766739813,0.5712525369672369,0.3135468470260593,0.40487015488941974,0.3143138787020635,0.6298265519013196,[[ 103838 5915][ 17254 7881]],103838,5915,17254,7881
3,54,0.57957524061203,avg,0.8282352766739813,0.714382916321626,0.6298265519013198,0.6522520542040072,0.3143138787020635,0.6298265519013198,,,,,
