client,round,loss,class,accuracy,precision,recall,f1_score,cohen_kappa_score,roc_auc_score,confusion_matrix,TP,FP,FN,TN
1,197,0.7845983505249023,awake,0.6298262262024791,0.8387717887440396,0.6747514874308675,0.7478742097715659,0.08156256231859582,0.5542048664526528,[[ 10900 14235][ 35697 74056]],10900,14235,35697,74056
1,197,0.7845983505249023,asleep,0.6298262262024791,0.2339206386677254,0.43365824547443804,0.3039089945909775,0.08156256231859582,0.5542048664526528,[[ 74056 35697][ 14235 10900]],74056,35697,14235,10900
1,197,0.7845983505249023,avg,0.6298262262024791,0.5363462137058825,0.5542048664526528,0.5258916021812717,0.08156256231859582,0.5542048664526528,,,,,
