client,round,loss,class,accuracy,precision,recall,f1_score,cohen_kappa_score,roc_auc_score,confusion_matrix,TP,FP,FN,TN
15,152,1.0562604665756226,awake,0.5183856236284918,0.793571306844251,0.5515657886344792,0.6507987701305123,-0.04951420421904129,0.46253443599219485,[[ 9388 15747][ 49217 60536]],9388,15747,49217,60536
15,152,1.0562604665756226,asleep,0.5183856236284918,0.16019110997355174,0.3735030833499105,0.2242178170527824,-0.04951420421904129,0.46253443599219485,[[ 60536 49217][ 15747 9388]],60536,49217,15747,9388
15,152,1.0562604665756226,avg,0.5183856236284918,0.47688120840890136,0.4625344359921949,0.4375082935916474,-0.04951420421904129,0.46253443599219485,,,,,
