client,round,loss,class,accuracy,precision,recall,f1_score,cohen_kappa_score,roc_auc_score,confusion_matrix,TP,FP,FN,TN
4,130,0.7020553946495056,awake,0.8238909317359587,0.8601557919423737,0.9356828514938088,0.8963311120130224,0.31850545477877545,0.6357149089376742,[[ 8439 16696][ 7059 102694]],8439,16696,7059,102694
4,130,0.7020553946495056,asleep,0.8238909317359587,0.5445218737901665,0.33574696638153967,0.41537666428764797,0.31850545477877545,0.6357149089376741,[[ 102694 7059][ 16696 8439]],102694,7059,16696,8439
4,130,0.7020553946495056,avg,0.8238909317359587,0.7023388328662701,0.6357149089376742,0.6558538881503352,0.31850545477877545,0.6357149089376741,,,,,
