client,round,loss,class,accuracy,precision,recall,f1_score,cohen_kappa_score,roc_auc_score,confusion_matrix,TP,FP,FN,TN
15,76,1.0845426321029663,awake,0.4515375719115118,0.7644997190263524,0.47103040463586415,0.5829119097956308,-0.09874398155544917,0.4187258647408483,[[ 9210 15925][ 58056 51697]],9210,15925,58056,51697
15,76,1.0845426321029663,asleep,0.4515375719115118,0.1369190973151369,0.3664213248458325,0.1993484918994383,-0.09874398155544917,0.41872586474084833,[[ 51697 58056][ 15925 9210]],51697,58056,15925,9210
15,76,1.0845426321029663,avg,0.4515375719115118,0.4507094081707447,0.41872586474084833,0.3911302008475345,-0.09874398155544917,0.4187258647408483,,,,,
