client,round,loss,class,accuracy,precision,recall,f1_score,cohen_kappa_score,roc_auc_score,confusion_matrix,TP,FP,FN,TN
1,107,0.6840500235557556,awake,0.6944502105450447,0.8365777480946021,0.7760790137855001,0.8051935775089923,0.10171239228388074,0.5570468671473752,[[ 8496 16639][ 24576 85177]],8496,16639,24576,85177
1,107,0.6840500235557556,asleep,0.6944502105450447,0.25689404934687954,0.3380147205092501,0.29192365179445773,0.10171239228388074,0.5570468671473752,[[ 85177 24576][ 16639 8496]],85177,24576,16639,8496
1,107,0.6840500235557556,avg,0.6944502105450447,0.5467358987207408,0.5570468671473752,0.5485586146517251,0.10171239228388074,0.5570468671473752,,,,,
