client,round,loss,class,accuracy,precision,recall,f1_score,cohen_kappa_score,roc_auc_score,confusion_matrix,TP,FP,FN,TN
2,52,0.4831666946411133,awake,0.8352114346717276,0.8634608197333997,0.9472634005448598,0.9034228660311611,0.3504474890298729,0.6465976839605143,[[ 8695 16440][ 5788 103965]],8695,16440,5788,103965
2,52,0.4831666946411133,asleep,0.8352114346717276,0.6003590416350204,0.3459319673761687,0.43894189509818776,0.3504474890298729,0.6465976839605143,[[ 103965 5788][ 16440 8695]],103965,5788,16440,8695
2,52,0.4831666946411133,avg,0.8352114346717276,0.7319099306842101,0.6465976839605143,0.6711823805646744,0.3504474890298729,0.6465976839605143,,,,,
