client,round,loss,class,accuracy,precision,recall,f1_score,cohen_kappa_score,roc_auc_score,confusion_matrix,TP,FP,FN,TN
4,36,0.6610376238822937,awake,0.8259370737204199,0.8527031004709577,0.9502154838592112,0.8988222721141789,0.2891441611921024,0.6167429120111652,[[ 7120 18015][ 5464 104289]],7120,18015,5464,104289
4,36,0.6610376238822937,asleep,0.8259370737204199,0.5657978385251112,0.28327034016311914,0.37752856650494443,0.2891441611921024,0.6167429120111652,[[ 104289 5464][ 18015 7120]],104289,5464,18015,7120
4,36,0.6610376238822937,avg,0.8259370737204199,0.7092504694980344,0.6167429120111652,0.6381754193095617,0.2891441611921024,0.6167429120111652,,,,,
