client,round,loss,class,accuracy,precision,recall,f1_score,cohen_kappa_score,roc_auc_score,confusion_matrix,TP,FP,FN,TN
18,198,0.6426317691802979,awake,0.8248472807069569,0.849073886434564,0.9543793791513672,0.8986521847304798,0.2699826297054019,0.6068097412963918,[[ 6516 18619][ 5007 104746]],6516,18619,5007,104746
18,198,0.6426317691802979,asleep,0.8248472807069569,0.5654777401718303,0.25924010344141635,0.3555022096131813,0.2699826297054019,0.6068097412963918,[[ 104746 5007][ 18619 6516]],104746,5007,18619,6516
18,198,0.6426317691802979,avg,0.8248472807069569,0.7072758133031971,0.6068097412963918,0.6270771971718305,0.2699826297054019,0.6068097412963918,,,,,
