client,round,loss,class,accuracy,precision,recall,f1_score,cohen_kappa_score,roc_auc_score,confusion_matrix,TP,FP,FN,TN
8,62,0.6095076203346252,awake,0.7908487041100765,0.845304943635609,0.9093692199757638,0.8761675679471873,0.2094079202160153,0.5913466350525327,[[ 6870 18265][ 9947 99806]],6870,18265,9947,99806
8,62,0.6095076203346252,asleep,0.7908487041100765,0.4085151929595053,0.2733240501293018,0.3275171624713959,0.2094079202160153,0.5913466350525327,[[ 99806 9947][ 18265 6870]],99806,9947,18265,6870
8,62,0.6095076203346252,avg,0.7908487041100765,0.6269100682975571,0.5913466350525328,0.6018423652092916,0.2094079202160153,0.5913466350525327,,,,,
