client,round,loss,class,accuracy,precision,recall,f1_score,cohen_kappa_score,roc_auc_score,confusion_matrix,TP,FP,FN,TN
6,70,0.5624601244926453,awake,0.7783568590237827,0.8696763202725724,0.8558490428507649,0.8627072799996326,0.2881221492954741,0.6479165643933553,[[ 11059 14076][ 15821 93932]],11059,14076,15821,93932
6,70,0.5624601244926453,asleep,0.7783568590237827,0.411421130952381,0.4399840859359459,0.42522349322310876,0.2881221492954741,0.6479165643933554,[[ 93932 15821][ 14076 11059]],93932,15821,14076,11059
6,70,0.5624601244926453,avg,0.7783568590237827,0.6405487256124767,0.6479165643933554,0.6439653866113707,0.2881221492954741,0.6479165643933553,,,,,
