client,round,loss,class,accuracy,precision,recall,f1_score,cohen_kappa_score,roc_auc_score,confusion_matrix,TP,FP,FN,TN
18,32,0.5209212303161621,awake,0.8313637981139909,0.850107841874839,0.9624429400563083,0.9027943369699456,0.28479058843251237,0.6107221662684565,[[ 6510 18625][ 4122 105631]],6510,18625,4122,105631
18,32,0.5209212303161621,asleep,0.8313637981139909,0.6123024830699775,0.2590013924806047,0.3640227024911231,0.28479058843251237,0.6107221662684565,[[ 105631 4122][ 18625 6510]],105631,4122,18625,6510
18,32,0.5209212303161621,avg,0.8313637981139909,0.7312051624724083,0.6107221662684565,0.6334085197305344,0.28479058843251237,0.6107221662684565,,,,,
