client,round,loss,class,accuracy,precision,recall,f1_score,cohen_kappa_score,roc_auc_score,confusion_matrix,TP,FP,FN,TN
18,33,0.5765020847320557,awake,0.8275235751141687,0.8371063299033364,0.9784151686058695,0.9022614511433289,0.20543937770509613,0.5735322312096386,[[ 4239 20896][ 2369 107384]],4239,20896,2369,107384
18,33,0.5765020847320557,asleep,0.8275235751141687,0.6414951573849879,0.1686492938134076,0.2670825063793592,0.20543937770509613,0.5735322312096386,[[ 107384 2369][ 20896 4239]],107384,2369,20896,4239
18,33,0.5765020847320557,avg,0.8275235751141687,0.7393007436441621,0.5735322312096386,0.584671978761344,0.20543937770509613,0.5735322312096386,,,,,
