client,round,loss,class,accuracy,precision,recall,f1_score,cohen_kappa_score,roc_auc_score,confusion_matrix,TP,FP,FN,TN
18,64,0.6179403066635132,awake,0.8219115117727299,0.8304743695503011,0.9814765883392709,0.8996834570829609,0.15367492551026862,0.5533203510624145,[[ 3146 21989][ 2033 107720]],3146,21989,2033,107720
18,64,0.6179403066635132,asleep,0.8219115117727299,0.6074531762888589,0.12516411378555797,0.20756086296760573,0.15367492551026862,0.5533203510624144,[[ 107720 2033][ 21989 3146]],107720,2033,21989,3146
18,64,0.6179403066635132,avg,0.8219115117727299,0.7189637729195799,0.5533203510624144,0.5536221600252833,0.15367492551026862,0.5533203510624145,,,,,
