client,round,loss,class,accuracy,precision,recall,f1_score,cohen_kappa_score,roc_auc_score,confusion_matrix,TP,FP,FN,TN
12,34,0.6418840885162354,awake,0.8188274716802088,0.8271857766323815,0.9826246207392965,0.8982301253487694,0.12611701705556688,0.5431125888657692,[[ 2604 22531][ 1907 107846]],2604,22531,1907,107846
12,34,0.6418840885162354,asleep,0.8188274716802088,0.5772555974285081,0.1036005569922419,0.1756729407002631,0.12611701705556688,0.5431125888657691,[[ 107846 1907][ 22531 2604]],107846,1907,22531,2604
12,34,0.6418840885162354,avg,0.8188274716802088,0.7022206870304448,0.5431125888657692,0.5369515330245163,0.12611701705556688,0.5431125888657691,,,,,
