client,round,loss,class,accuracy,precision,recall,f1_score,cohen_kappa_score,roc_auc_score,confusion_matrix,TP,FP,FN,TN
15,174,1.0819214582443237,awake,0.5005782575173477,0.7928937658066032,0.5227465308465372,0.630084782990687,-0.0466943188254314,0.4632630605296939,[[ 10149 14986][ 52380 57373]],10149,14986,52380,57373
15,174,1.0819214582443237,asleep,0.5005782575173477,0.16230868876841145,0.4037795902128506,0.2315431648110969,-0.0466943188254314,0.4632630605296939,[[ 57373 52380][ 14986 10149]],57373,52380,14986,10149
15,174,1.0819214582443237,avg,0.5005782575173477,0.4776012272875073,0.4632630605296939,0.430813973900892,-0.0466943188254314,0.4632630605296939,,,,,
