client,round,loss,class,accuracy,precision,recall,f1_score,cohen_kappa_score,roc_auc_score,confusion_matrix,TP,FP,FN,TN
10,78,0.5777456164360046,awake,0.7819227803807604,0.8976646107849641,0.8261642050786767,0.8604315727543604,0.3658531860443859,0.7074525023801976,[[ 14798 10337][ 19079 90674]],14798,10337,19079,90674
10,78,0.5777456164360046,asleep,0.7819227803807604,0.4368155385659887,0.5887407996817188,0.50152511353623,0.3658531860443859,0.7074525023801976,[[ 90674 19079][ 10337 14798]],90674,19079,10337,14798
10,78,0.5777456164360046,avg,0.7819227803807604,0.6672400746754764,0.7074525023801977,0.6809783431452952,0.3658531860443859,0.7074525023801976,,,,,
