client,round,loss,class,accuracy,precision,recall,f1_score,cohen_kappa_score,roc_auc_score,confusion_matrix,TP,FP,FN,TN
12,35,0.6456866264343262,awake,0.822741830259178,0.8315809803391402,0.980784124351954,0.9000409702422261,0.1625073760921365,0.5567139241214712,[[ 3334 21801][ 2109 107644]],3334,21801,2109,107644
12,35,0.6456866264343262,asleep,0.822741830259178,0.6125298548594525,0.13264372389098866,0.21806527568840342,0.1625073760921365,0.5567139241214714,[[ 107644 2109][ 21801 3334]],107644,2109,21801,3334
12,35,0.6456866264343262,avg,0.822741830259178,0.7220554175992964,0.5567139241214714,0.5590531229653147,0.1625073760921365,0.5567139241214714,,,,,
