client,round,loss,class,accuracy,precision,recall,f1_score,cohen_kappa_score,roc_auc_score,confusion_matrix,TP,FP,FN,TN
8,124,0.6814490556716919,awake,0.7913454124903624,0.8404702701800644,0.917760790137855,0.8774167134874281,0.18588196656754563,0.5785541567558183,[[ 6016 19119][ 9026 100727]],6016,19119,9026,100727
8,124,0.6814490556716919,asleep,0.7913454124903624,0.3999468155830342,0.23934752337378157,0.2994748239042238,0.18588196656754563,0.5785541567558183,[[ 100727 9026][ 19119 6016]],100727,9026,19119,6016
8,124,0.6814490556716919,avg,0.7913454124903624,0.6202085428815493,0.5785541567558183,0.588445768695826,0.18588196656754563,0.5785541567558183,,,,,
