client,round,loss,class,accuracy,precision,recall,f1_score,cohen_kappa_score,roc_auc_score,confusion_matrix,TP,FP,FN,TN
2,81,0.5195266604423523,awake,0.8322756657375008,0.8666952854725891,0.9381611436589432,0.9010133183989919,0.3577370785433196,0.6540417812983397,[[ 9298 15837][ 6787 102966]],9298,15837,6787,102966
2,81,0.5195266604423523,asleep,0.8322756657375008,0.5780540876593099,0.3699224189377362,0.4511402231926249,0.3577370785433196,0.6540417812983396,[[ 102966 6787][ 15837 9298]],102966,6787,15837,9298
2,81,0.5195266604423523,avg,0.8322756657375008,0.7223746865659495,0.6540417812983397,0.6760767707958084,0.3577370785433196,0.6540417812983397,,,,,
