client,round,loss,class,accuracy,precision,recall,f1_score,cohen_kappa_score,roc_auc_score,confusion_matrix,TP,FP,FN,TN
8,73,0.6692908406257629,awake,0.7903001008243876,0.8350648602851056,0.9249678824269041,0.877720234132508,0.15539675496996896,0.5636178182773073,[[ 5084 20051][ 8235 101518]],5084,20051,8235,101518
8,73,0.6692908406257629,asleep,0.7903001008243876,0.38171033861401005,0.20226775412771036,0.26441982628595206,0.15539675496996896,0.5636178182773073,[[ 101518 8235][ 20051 5084]],101518,8235,20051,5084
8,73,0.6692908406257629,avg,0.7903001008243876,0.6083875994495578,0.5636178182773073,0.57107003020923,0.15539675496996896,0.5636178182773073,,,,,
