client,round,loss,class,accuracy,precision,recall,f1_score,cohen_kappa_score,roc_auc_score,confusion_matrix,TP,FP,FN,TN
2,147,0.481932133436203,awake,0.8406603997390427,0.8910362060715615,0.916211857534646,0.9034486786129817,0.44829450178354235,0.7134868716756182,[[ 12838 12297][ 9196 100557]],12838,12297,9196,100557
2,147,0.481932133436203,asleep,0.8406603997390427,0.5826450031769084,0.5107618858165904,0.5443405626576778,0.44829450178354235,0.7134868716756181,[[ 100557 9196][ 12297 12838]],100557,9196,12297,12838
2,147,0.481932133436203,avg,0.8406603997390427,0.736840604624235,0.7134868716756182,0.7238946206353298,0.44829450178354235,0.7134868716756182,,,,,
