client,round,loss,class,accuracy,precision,recall,f1_score,cohen_kappa_score,roc_auc_score,confusion_matrix,TP,FP,FN,TN
15,102,1.041818380355835,awake,0.4803911393155803,0.7782423256074976,0.5054075970588503,0.612829988565368,-0.07762736087893063,0.43828167798038997,[[ 9329 15806][ 54283 55470]],9329,15806,54283,55470
15,102,1.041818380355835,asleep,0.4803911393155803,0.14665471923536438,0.3711557589019296,0.2102380925552413,-0.07762736087893063,0.4382816779803899,[[ 55470 54283][ 15806 9329]],55470,54283,15806,9329
15,102,1.041818380355835,avg,0.4803911393155803,0.462448522421431,0.43828167798038997,0.4115340405603046,-0.07762736087893063,0.43828167798038997,,,,,
