client,round,loss,class,accuracy,precision,recall,f1_score,cohen_kappa_score,roc_auc_score,confusion_matrix,TP,FP,FN,TN
14,36,0.4546770453453064,awake,0.8351076448609217,0.8970445450668312,0.9007225315025558,0.898879775955191,0.4524426844746704,0.7246600523038937,[[ 13789 11346][ 10896 98857]],13789,11346,10896,98857
14,36,0.4546770453453064,asleep,0.8351076448609217,0.5585983390723112,0.5485975731052317,0.553552790044159,0.4524426844746704,0.7246600523038937,[[ 98857 10896][ 11346 13789]],98857,10896,11346,13789
14,36,0.4546770453453064,avg,0.8351076448609217,0.7278214420695712,0.7246600523038937,0.726216282999675,0.4524426844746704,0.7246600523038937,,,,,
