client,round,loss,class,accuracy,precision,recall,f1_score,cohen_kappa_score,roc_auc_score,confusion_matrix,TP,FP,FN,TN
13,92,0.59751957654953,awake,0.7549670838028587,0.8846319716770137,0.8036591254908749,0.8422037620548076,0.29981638227105445,0.6730052142274346,[[ 13632 11503][ 21549 88204]],13632,11503,21549,88204
13,92,0.59751957654953,asleep,0.7549670838028587,0.3874818794235525,0.5423513029639945,0.4520193646793554,0.29981638227105445,0.6730052142274346,[[ 88204 21549][ 11503 13632]],88204,21549,11503,13632
13,92,0.59751957654953,avg,0.7549670838028587,0.636056925550283,0.6730052142274348,0.6471115633670815,0.29981638227105445,0.6730052142274346,,,,,
