client,round,loss,class,accuracy,precision,recall,f1_score,cohen_kappa_score,roc_auc_score,confusion_matrix,TP,FP,FN,TN
1,7,0.561538815498352,awake,0.7703131486863175,0.8091071050173839,0.9393273987954771,0.8693679639077455,-0.03890752493457983,0.485816474412658,[[ 812 24323][ 6659 103094]],812,24323,6659,103094
1,7,0.561538815498352,asleep,0.7703131486863175,0.1086869227680364,0.03230555002983887,0.0498067840274796,-0.03890752493457983,0.48581647441265796,[[ 103094 6659][ 24323 812]],103094,6659,24323,812
1,7,0.561538815498352,avg,0.7703131486863175,0.45889701389271015,0.48581647441265796,0.45958737396761257,-0.03890752493457983,0.48581647441265796,,,,,
