client,round,loss,class,accuracy,precision,recall,f1_score,cohen_kappa_score,roc_auc_score,confusion_matrix,TP,FP,FN,TN
14,108,0.5112638473510742,awake,0.84086056580274,0.8793146412091737,0.932384536185799,0.9050723035422102,0.4158486959266814,0.6868009810429692,[[ 11090 14045][ 7421 102332]],11090,14045,7421,102332
14,108,0.5112638473510742,asleep,0.84086056580274,0.599103235913781,0.44121742590013924,0.5081794437061815,0.4158486959266814,0.686800981042969,[[ 102332 7421][ 14045 11090]],102332,7421,14045,11090
14,108,0.5112638473510742,avg,0.84086056580274,0.7392089385614773,0.6868009810429692,0.7066258736241959,0.4158486959266814,0.6868009810429692,,,,,
