client,round,loss,class,accuracy,precision,recall,f1_score,cohen_kappa_score,roc_auc_score,confusion_matrix,TP,FP,FN,TN
9,107,0.6514608860015869,awake,0.8330318486448016,0.8490384846229563,0.9666706149262435,0.9040441051160572,0.28190789480884293,0.6080816770672595,[[ 6271 18864][ 3658 106095]],6271,18864,3658,106095
9,107,0.6514608860015869,asleep,0.8330318486448016,0.6315842481619498,0.2494927392082753,0.35768879762719596,0.28190789480884293,0.6080816770672594,[[ 106095 3658][ 18864 6271]],106095,3658,18864,6271
9,107,0.6514608860015869,avg,0.8330318486448016,0.740311366392453,0.6080816770672595,0.6308664513716266,0.28190789480884293,0.6080816770672595,,,,,
