client,round,loss,class,accuracy,precision,recall,f1_score,cohen_kappa_score,roc_auc_score,confusion_matrix,TP,FP,FN,TN
2,171,0.49091050028800964,awake,0.846598659628729,0.87939951095245,0.940438985722486,0.908895581268382,0.42719160448897053,0.6886400220038729,[[ 10980 14155][ 6537 103216]],10980,14155,6537,103216
2,171,0.49091050028800964,asleep,0.846598659628729,0.6268196609008392,0.4368410582852596,0.5148644846666042,0.42719160448897053,0.6886400220038728,[[ 103216 6537][ 14155 10980]],103216,6537,14155,10980
2,171,0.49091050028800964,avg,0.846598659628729,0.7531095859266446,0.6886400220038728,0.711880032967493,0.42719160448897053,0.6886400220038729,,,,,
