client,round,loss,class,accuracy,precision,recall,f1_score,cohen_kappa_score,roc_auc_score,confusion_matrix,TP,FP,FN,TN
7,33,0.5415816903114319,awake,0.8215853152244825,0.8442599898755333,0.9573223510974643,0.8972434288056566,0.2403970993281126,0.5931031886778351,[[ 5753 19382][ 4684 105069]],5753,19382,4684,105069
7,33,0.5415816903114319,asleep,0.8215853152244825,0.5512120341094184,0.2288840262582057,0.3234566512987743,0.2403970993281126,0.5931031886778351,[[ 105069 4684][ 19382 5753]],105069,4684,19382,5753
7,33,0.5415816903114319,avg,0.8215853152244825,0.6977360119924758,0.5931031886778351,0.6103500400522155,0.2403970993281126,0.5931031886778351,,,,,
