client,round,loss,class,accuracy,precision,recall,f1_score,cohen_kappa_score,roc_auc_score,confusion_matrix,TP,FP,FN,TN
5,175,0.68366938829422,awake,0.7667546408872546,0.8329123612705702,0.8923491840769728,0.8616069464849695,0.12580120343525603,0.555345071449666,[[ 5488 19647][ 11815 97938]],5488,19647,11815,97938
5,175,0.68366938829422,asleep,0.7667546408872546,0.3171704328729122,0.21834095882235927,0.25863612799849195,0.12580120343525603,0.555345071449666,[[ 97938 11815][ 19647 5488]],97938,11815,19647,5488
5,175,0.68366938829422,avg,0.7667546408872546,0.5750413970717412,0.555345071449666,0.5601215372417307,0.12580120343525603,0.555345071449666,,,,,
