client,round,loss,class,accuracy,precision,recall,f1_score,cohen_kappa_score,roc_auc_score,confusion_matrix,TP,FP,FN,TN
16,47,0.59452885389328,awake,0.8184790344582172,0.8802600831267058,0.8992282671088717,0.8896430808893455,0.37885420051186935,0.6825562461464391,[[ 11710 13425][ 11060 98693]],11710,13425,11060,98693
16,47,0.59452885389328,asleep,0.8184790344582172,0.5142731664470795,0.46588422518400635,0.4888842500782799,0.37885420051186935,0.682556246146439,[[ 98693 11060][ 13425 11710]],98693,11060,13425,11710
16,47,0.59452885389328,avg,0.8184790344582172,0.6972666247868926,0.6825562461464391,0.6892636654838127,0.37885420051186935,0.682556246146439,,,,,
