client,round,loss,class,accuracy,precision,recall,f1_score,cohen_kappa_score,roc_auc_score,confusion_matrix,TP,FP,FN,TN
16,179,0.6978374123573303,awake,0.8201841527786015,0.8729172845752569,0.9117381757218481,0.891905502546939,0.35902430284951947,0.6660739814356207,[[ 10567 14568][ 9687 100066]],10567,14568,9687,100066
16,179,0.6978374123573303,asleep,0.8201841527786015,0.5217241038807149,0.42040978714939325,0.46561942320826627,0.35902430284951947,0.6660739814356207,[[ 100066 9687][ 14568 10567]],100066,9687,14568,10567
16,179,0.6978374123573303,avg,0.8201841527786015,0.6973206942279859,0.6660739814356207,0.6787624628776027,0.35902430284951947,0.6660739814356207,,,,,
