client,round,loss,class,accuracy,precision,recall,f1_score,cohen_kappa_score,roc_auc_score,confusion_matrix,TP,FP,FN,TN
2,107,0.4948541820049286,awake,0.8328242690231896,0.8866512366206426,0.9110001548932604,0.8986607945353227,0.42197206749485183,0.7012331190221226,[[ 12353 12782][ 9768 99985]],12353,12782,9768,99985
2,107,0.4948541820049286,asleep,0.8328242690231896,0.5584286424664346,0.49146608315098467,0.5228119180633147,0.42197206749485183,0.7012331190221225,[[ 99985 9768][ 12782 12353]],99985,9768,12782,12353
2,107,0.4948541820049286,avg,0.8328242690231896,0.7225399395435386,0.7012331190221225,0.7107363562993188,0.42197206749485183,0.7012331190221226,,,,,
