client,round,loss,class,accuracy,precision,recall,f1_score,cohen_kappa_score,roc_auc_score,confusion_matrix,TP,FP,FN,TN
12,103,0.7774019241333008,awake,0.8181676650257992,0.824784305356544,0.9859867156250854,0.8982100540760385,0.10635587533847213,0.535682834637687,[[ 2146 22989][ 1538 108215]],2146,22989,1538,108215
12,103,0.7774019241333008,asleep,0.8181676650257992,0.5825190010857764,0.08537895365028844,0.14892952566015474,0.10635587533847213,0.535682834637687,[[ 108215 1538][ 22989 2146]],108215,1538,22989,2146
12,103,0.7774019241333008,avg,0.8181676650257992,0.7036516532211602,0.535682834637687,0.5235697898680967,0.10635587533847213,0.535682834637687,,,,,
