client,round,loss,class,accuracy,precision,recall,f1_score,cohen_kappa_score,roc_auc_score,confusion_matrix,TP,FP,FN,TN
1,117,0.7235806584358215,awake,0.6628906945021055,0.8425287478818753,0.7203174400699753,0.7766447594628314,0.10645861763917952,0.5662259569556163,[[ 10359 14776][ 30696 79057]],10359,14776,30696,79057
1,117,0.7235806584358215,asleep,0.6628906945021055,0.25232005845816585,0.41213447384125723,0.31300800725185074,0.10645861763917952,0.5662259569556164,[[ 79057 30696][ 14776 10359]],79057,30696,14776,10359
1,117,0.7235806584358215,avg,0.6628906945021055,0.5474244031700206,0.5662259569556163,0.544826383357341,0.10645861763917952,0.5662259569556163,,,,,
