client,round,loss,class,accuracy,precision,recall,f1_score,cohen_kappa_score,roc_auc_score,confusion_matrix,TP,FP,FN,TN
4,108,0.7611265778541565,awake,0.8156470553347963,0.8447231201572424,0.9476187439067725,0.8932173913043479,0.23523926766397285,0.5935030262203447,[[ 6017 19118][ 5749 104004]],6017,19118,5749,104004
4,108,0.7611265778541565,asleep,0.8156470553347963,0.5113887472378038,0.23938730853391685,0.32611582341941947,0.23523926766397285,0.5935030262203447,[[ 104004 5749][ 19118 6017]],104004,5749,19118,6017
4,108,0.7611265778541565,avg,0.8156470553347963,0.6780559336975231,0.5935030262203447,0.6096666073618837,0.23523926766397285,0.5935030262203447,,,,,
