client,round,loss,class,accuracy,precision,recall,f1_score,cohen_kappa_score,roc_auc_score,confusion_matrix,TP,FP,FN,TN
1,188,0.7591530084609985,awake,0.6465067315105866,0.8413758208397039,0.6969467804980274,0.7623812703696691,0.09558575702717054,0.5616024930936526,[[ 10714 14421][ 33261 76492]],10714,14421,33261,76492
1,188,0.7591530084609985,asleep,0.6465067315105866,0.24363843092666287,0.4262582056892779,0.31005643177543046,0.09558575702717054,0.5616024930936526,[[ 76492 33261][ 14421 10714]],76492,33261,14421,10714
1,188,0.7591530084609985,avg,0.6465067315105866,0.5425071258831834,0.5616024930936526,0.5362188510725497,0.09558575702717054,0.5616024930936526,,,,,
