client,round,loss,class,accuracy,precision,recall,f1_score,cohen_kappa_score,roc_auc_score,confusion_matrix,TP,FP,FN,TN
5,94,0.6371873021125793,awake,0.7552932803511061,0.8540780452695782,0.8433391342377885,0.8486746192567598,0.2097375344759388,0.607088305929318,[[ 9321 15814][ 17194 92559]],9321,15814,17194,92559
5,94,0.6371873021125793,asleep,0.7552932803511061,0.35153686592494815,0.3708374776208474,0.36092933204259436,0.2097375344759388,0.607088305929318,[[ 92559 17194][ 15814 9321]],92559,17194,15814,9321
5,94,0.6371873021125793,avg,0.7552932803511061,0.6028074555972631,0.607088305929318,0.6048019756496771,0.2097375344759388,0.607088305929318,,,,,
