client,round,loss,class,accuracy,precision,recall,f1_score,cohen_kappa_score,roc_auc_score,confusion_matrix,TP,FP,FN,TN
1,198,0.7544710040092468,awake,0.6568412312436985,0.8406858271689768,0.7134565797745848,0.771863417711537,0.09809523526538455,0.56154229426366,[[ 10296 14839][ 31449 78304]],10296,14839,31449,78304
1,198,0.7544710040092468,asleep,0.6568412312436985,0.2466403162055336,0.40962800875273525,0.3078947368421053,0.09809523526538455,0.56154229426366,[[ 78304 31449][ 14839 10296]],78304,31449,14839,10296
1,198,0.7544710040092468,avg,0.6568412312436985,0.5436630716872551,0.56154229426366,0.5398790772768212,0.09809523526538455,0.56154229426366,,,,,
