client,round,loss,class,accuracy,precision,recall,f1_score,cohen_kappa_score,roc_auc_score,confusion_matrix,TP,FP,FN,TN
13,26,0.46797871589660645,awake,0.8027993594685962,0.8846790832801325,0.8712016983590426,0.8778886675174674,0.36593566797325083,0.6876597312165216,[[ 12671 12464][ 14136 95617]],12671,12464,14136,95617
13,26,0.46797871589660645,asleep,0.8027993594685962,0.4726750475622039,0.5041177640740004,0.4878903392245197,0.36593566797325083,0.6876597312165216,[[ 95617 14136][ 12464 12671]],95617,14136,12464,12671
13,26,0.46797871589660645,avg,0.8027993594685962,0.6786770654211682,0.6876597312165216,0.6828895033709935,0.36593566797325083,0.6876597312165216,,,,,
