client,round,loss,class,accuracy,precision,recall,f1_score,cohen_kappa_score,roc_auc_score,confusion_matrix,TP,FP,FN,TN
13,121,0.5924949645996094,awake,0.8104501512365815,0.8867765025866268,0.8793108161052545,0.8830278796973219,0.3836413789716768,0.6945390364592317,[[ 12813 12322][ 13246 96507]],12813,12322,13246,96507
13,121,0.5924949645996094,asleep,0.8104501512365815,0.49169192985149085,0.5097672568132087,0.5005664726335117,0.3836413789716768,0.6945390364592315,[[ 96507 13246][ 12322 12813]],96507,13246,12322,12813
13,121,0.5924949645996094,avg,0.8104501512365815,0.6892342162190588,0.6945390364592317,0.6917971761654168,0.3836413789716768,0.6945390364592317,,,,,
