client,round,loss,class,accuracy,precision,recall,f1_score,cohen_kappa_score,roc_auc_score,confusion_matrix,TP,FP,FN,TN
4,170,0.660868227481842,awake,0.8260779313207994,0.8736048213218803,0.9192459431632848,0.8958444326052212,0.37114073017948435,0.6692509803343776,[[ 10538 14597][ 8863 100890]],10538,14597,8863,100890
4,170,0.660868227481842,asleep,0.8260779313207994,0.5431678779444359,0.4192560175054705,0.4732351356206215,0.37114073017948435,0.6692509803343777,[[ 100890 8863][ 14597 10538]],100890,8863,14597,10538
4,170,0.660868227481842,avg,0.8260779313207994,0.7083863496331582,0.6692509803343776,0.6845397841129214,0.37114073017948435,0.6692509803343776,,,,,
