client,round,loss,class,accuracy,precision,recall,f1_score,cohen_kappa_score,roc_auc_score,confusion_matrix,TP,FP,FN,TN
13,35,0.49114155769348145,awake,0.8249065891702746,0.8942718775461628,0.8900348965404135,0.8921483565159417,0.4271494855881923,0.7152780410690929,[[ 13586 11549][ 12069 97684]],13586,11549,12069,97684
13,35,0.49114155769348145,asleep,0.8249065891702746,0.529565386864159,0.5405211855977721,0.5349872022051585,0.4271494855881923,0.7152780410690928,[[ 97684 12069][ 11549 13586]],97684,12069,11549,13586
13,35,0.49114155769348145,avg,0.8249065891702746,0.7119186322051609,0.7152780410690928,0.7135677793605502,0.4271494855881923,0.7152780410690929,,,,,
