client,round,loss,class,accuracy,precision,recall,f1_score,cohen_kappa_score,roc_auc_score,confusion_matrix,TP,FP,FN,TN
15,80,1.074921727180481,awake,0.4814364509815551,0.7756846231629105,0.5102275108653066,0.6155562639464457,-0.08505634222943459,0.4329733138173758,[[ 8941 16194][ 53754 55999]],8941,16194,53754,55999
15,80,1.074921727180481,asleep,0.4814364509815551,0.14261105351303932,0.355719116769445,0.20359785950130935,-0.08505634222943459,0.4329733138173758,[[ 55999 53754][ 16194 8941]],55999,53754,16194,8941
15,80,1.074921727180481,avg,0.4814364509815551,0.4591478383379749,0.4329733138173758,0.40957706172387753,-0.08505634222943459,0.4329733138173758,,,,,
