client,round,loss,class,accuracy,precision,recall,f1_score,cohen_kappa_score,roc_auc_score,confusion_matrix,TP,FP,FN,TN
0,140,0.6298815608024597,awake,0.7816262380641718,0.8810276267213317,0.8458356491394313,0.8630730469222118,0.3252219491624585,0.6735444408418462,[[ 12599 12536][ 16920 92833]],12599,12536,16920,92833
0,140,0.6298815608024597,asleep,0.7816262380641718,0.426809851282225,0.501253232544261,0.46104585208767884,0.3252219491624585,0.673544440841846,[[ 92833 16920][ 12536 12599]],92833,16920,12536,12599
0,140,0.6298815608024597,avg,0.7816262380641718,0.6539187390017783,0.6735444408418462,0.6620594495049453,0.3252219491624585,0.6735444408418461,,,,,
