client,round,loss,class,accuracy,precision,recall,f1_score,cohen_kappa_score,roc_auc_score,confusion_matrix,TP,FP,FN,TN
4,93,0.6425065398216248,awake,0.8215185932032502,0.8670488038933443,0.9220249104808069,0.8936921820148809,0.3410820872584488,0.6523392903309146,[[ 9618 15517][ 8558 101195]],9618,15517,8558,101195
4,93,0.6425065398216248,asleep,0.8215185932032502,0.5291593309859155,0.3826536701810225,0.4441365934750987,0.3410820872584488,0.6523392903309148,[[ 101195 8558][ 15517 9618]],101195,8558,15517,9618
4,93,0.6425065398216248,avg,0.8215185932032502,0.6981040674396299,0.6523392903309146,0.6689143877449898,0.3410820872584488,0.6523392903309146,,,,,
