client,round,loss,class,accuracy,precision,recall,f1_score,cohen_kappa_score,roc_auc_score,confusion_matrix,TP,FP,FN,TN
10,82,0.6105075478553772,awake,0.7778082557380939,0.894960396039604,0.8235856878627463,0.8577908736767685,0.3539846602900546,0.7007524619938359,[[ 14526 10609][ 19362 90391]],14526,10609,19362,90391
10,82,0.6105075478553772,asleep,0.7778082557380939,0.4286473087818697,0.5779192361249254,0.49221489927655315,0.3539846602900546,0.7007524619938359,[[ 90391 19362][ 10609 14526]],90391,19362,10609,14526
10,82,0.6105075478553772,avg,0.7778082557380939,0.6618038524107368,0.7007524619938359,0.6750028864766608,0.3539846602900546,0.7007524619938359,,,,,
