client,round,loss,class,accuracy,precision,recall,f1_score,cohen_kappa_score,roc_auc_score,confusion_matrix,TP,FP,FN,TN
12,131,0.7397012710571289,awake,0.819546586797936,0.8376288659793815,0.9653494665293887,0.8969653870411993,0.19942749844394358,0.5741209238356114,[[ 4597 20538][ 3803 105950]],4597,20538,3803,105950
12,131,0.7397012710571289,asleep,0.819546586797936,0.5472619047619047,0.1828923811418341,0.2741613239898613,0.19942749844394358,0.5741209238356114,[[ 105950 3803][ 20538 4597]],105950,3803,20538,4597
12,131,0.7397012710571289,avg,0.819546586797936,0.6924453853706432,0.5741209238356114,0.5855633555155303,0.19942749844394358,0.5741209238356114,,,,,
