client,round,loss,class,accuracy,precision,recall,f1_score,cohen_kappa_score,roc_auc_score,confusion_matrix,TP,FP,FN,TN
12,105,0.7651938796043396,awake,0.8121700966727952,0.833840848512651,0.9605659981959491,0.8927286121954731,0.16764661447243911,0.5623796770371032,[[ 4127 21008][ 4328 105425]],4127,21008,4328,105425
12,105,0.7651938796043396,asleep,0.8121700966727952,0.48811354228267295,0.1641933558782574,0.2457278952069068,0.16764661447243911,0.5623796770371032,[[ 105425 4328][ 21008 4127]],105425,4328,21008,4127
12,105,0.7651938796043396,avg,0.8121700966727952,0.660977195397662,0.5623796770371032,0.5692282537011899,0.16764661447243911,0.5623796770371032,,,,,
