client,round,loss,class,accuracy,precision,recall,f1_score,cohen_kappa_score,roc_auc_score,confusion_matrix,TP,FP,FN,TN
6,16,0.7361105680465698,awake,0.6468403416167487,0.9111572983134316,0.6271081428298088,0.7429071028814136,0.23617608506405052,0.6800549665810074,[[ 18424 6711][ 40926 68827]],18424,6711,40926,68827
6,16,0.7361105680465698,asleep,0.6468403416167487,0.3104296545914069,0.7330017903322061,0.4361484287151565,0.23617608506405052,0.6800549665810074,[[ 68827 40926][ 6711 18424]],68827,40926,6711,18424
6,16,0.7361105680465698,avg,0.6468403416167487,0.6107934764524192,0.6800549665810074,0.589527765798285,0.23617608506405052,0.6800549665810074,,,,,
