client,round,loss,class,accuracy,precision,recall,f1_score,cohen_kappa_score,roc_auc_score,confusion_matrix,TP,FP,FN,TN
14,93,0.5004996657371521,awake,0.8425063756598067,0.8907716624429355,0.9191457181124889,0.9047362803921041,0.45119538587980756,0.7135016436196023,[[ 12765 12370][ 8874 100879]],12765,12370,8874,100879
14,93,0.5004996657371521,asleep,0.8425063756598067,0.5899071121586025,0.5078575691267158,0.5458160516526276,0.45119538587980756,0.7135016436196023,[[ 100879 8874][ 12370 12765]],100879,8874,12370,12765
14,93,0.5004996657371521,avg,0.8425063756598067,0.740339387300769,0.7135016436196023,0.7252761660223659,0.45119538587980756,0.7135016436196023,,,,,
