client,round,loss,class,accuracy,precision,recall,f1_score,cohen_kappa_score,roc_auc_score,confusion_matrix,TP,FP,FN,TN
13,152,0.6180433630943298,awake,0.7989368957950299,0.8958229545890017,0.8519675999744881,0.8733450705869716,0.3874184927945735,0.7096718843317835,[[ 14261 10874][ 16247 93506]],14261,10874,16247,93506
13,152,0.6180433630943298,asleep,0.7989368957950299,0.46745116035138323,0.5673761686890789,0.5125891846234027,0.3874184927945735,0.7096718843317836,[[ 93506 16247][ 10874 14261]],93506,16247,10874,14261
13,152,0.6180433630943298,avg,0.7989368957950299,0.6816370574701924,0.7096718843317835,0.6929671276051872,0.3874184927945735,0.7096718843317835,,,,,
