client,round,loss,class,accuracy,precision,recall,f1_score,cohen_kappa_score,roc_auc_score,confusion_matrix,TP,FP,FN,TN
8,112,0.6364037394523621,awake,0.781722614317063,0.8452767889387608,0.8956839448579993,0.8697506314946627,0.19985079274864492,0.5898948866919795,[[ 7141 17994][ 11449 98304]],7141,17994,11449,98304
8,112,0.6364037394523621,asleep,0.781722614317063,0.3841312533620226,0.28410582852595984,0.32663236134934254,0.19985079274864492,0.5898948866919795,[[ 98304 11449][ 17994 7141]],98304,11449,17994,7141
8,112,0.6364037394523621,avg,0.781722614317063,0.6147040211503917,0.5898948866919795,0.5981914964220026,0.19985079274864492,0.5898948866919795,,,,,
