client,round,loss,class,accuracy,precision,recall,f1_score,cohen_kappa_score,roc_auc_score,confusion_matrix,TP,FP,FN,TN
3,146,0.6319802403450012,awake,0.8202286341260898,0.8572849287135001,0.9346532668810875,0.8942988784321589,0.3009617793135503,0.6276210436255447,[[ 8058 17077][ 7172 102581]],8058,17077,7172,102581
3,146,0.6319802403450012,asleep,0.8202286341260898,0.5290873276428102,0.32058882037000197,0.39925678186547753,0.3009617793135503,0.6276210436255447,[[ 102581 7172][ 17077 8058]],102581,7172,17077,8058
3,146,0.6319802403450012,avg,0.8202286341260898,0.6931861281781552,0.6276210436255447,0.6467778301488183,0.3009617793135503,0.6276210436255447,,,,,
