client,round,loss,class,accuracy,precision,recall,f1_score,cohen_kappa_score,roc_auc_score,confusion_matrix,TP,FP,FN,TN
17,53,0.5309953093528748,awake,0.8130523100646462,0.8303942719569771,0.9679370951135732,0.8939057996928708,0.1451470596567247,0.5523393452492473,[[ 3437 21698][ 3519 106234]],3437,21698,3519,106234
17,53,0.5309953093528748,asleep,0.8130523100646462,0.49410580793559516,0.13674159538492142,0.21420335919728273,0.1451470596567247,0.5523393452492472,[[ 106234 3519][ 21698 3437]],106234,3519,21698,3437
17,53,0.5309953093528748,avg,0.8130523100646462,0.6622500399462862,0.5523393452492473,0.5540545794450767,0.1451470596567247,0.5523393452492473,,,,,
