client,round,loss,class,accuracy,precision,recall,f1_score,cohen_kappa_score,roc_auc_score,confusion_matrix,TP,FP,FN,TN
3,67,0.5802618861198425,awake,0.8261965482474349,0.8649274872098431,0.9319289677730905,0.897179046349251,0.340890821300175,0.6482203024662151,[[ 9162 15973][ 7471 102282]],9162,15973,7471,102282
3,67,0.5802618861198425,asleep,0.8261965482474349,0.5508326820176757,0.36451163715933954,0.4387090595671327,0.340890821300175,0.6482203024662151,[[ 102282 7471][ 15973 9162]],102282,7471,15973,9162
3,67,0.5802618861198425,avg,0.8261965482474349,0.7078800846137594,0.648220302466215,0.6679440529581919,0.340890821300175,0.6482203024662151,,,,,
