client,round,loss,class,accuracy,precision,recall,f1_score,cohen_kappa_score,roc_auc_score,confusion_matrix,TP,FP,FN,TN
8,158,0.7095688581466675,awake,0.7896328806120634,0.8377115443672551,0.9196103978934517,0.876752549557845,0.1696016371065746,0.5708455808842631,[[ 5582 19553][ 8823 100930]],5582,19553,8823,100930
8,158,0.7095688581466675,asleep,0.7896328806120634,0.38750433877126,0.2220807638750746,0.282346990389479,0.1696016371065746,0.5708455808842632,[[ 100930 8823][ 19553 5582]],100930,8823,19553,5582
8,158,0.7095688581466675,avg,0.7896328806120634,0.6126079415692576,0.5708455808842632,0.579549769973662,0.1696016371065746,0.5708455808842632,,,,,
