client,round,loss,class,accuracy,precision,recall,f1_score,cohen_kappa_score,roc_auc_score,confusion_matrix,TP,FP,FN,TN
5,66,0.6081804037094116,awake,0.7927391613783287,0.843219201074186,0.9154920594425665,0.8778706320741942,0.2012627103131619,0.5861128488977305,[[ 6453 18682][ 9275 100478]],6453,18682,9275,100478
5,66,0.6081804037094116,asleep,0.7927391613783287,0.41028738555442523,0.25673363835289437,0.3158358417149989,0.2012627103131619,0.5861128488977304,[[ 100478 9275][ 18682 6453]],100478,9275,18682,6453
5,66,0.6081804037094116,avg,0.7927391613783287,0.6267532933143056,0.5861128488977304,0.5968532368945966,0.2012627103131619,0.5861128488977305,,,,,
