client,round,loss,class,accuracy,precision,recall,f1_score,cohen_kappa_score,roc_auc_score,confusion_matrix,TP,FP,FN,TN
2,140,0.4913202226161957,awake,0.8377172172469012,0.888502728181183,0.9154282798647873,0.9017645580527033,0.4360606601146986,0.7069084904396544,[[ 12527 12608][ 9282 100471]],12527,12608,9282,100471
2,140,0.4913202226161957,asleep,0.8377172172469012,0.5743958916043835,0.4983887010145216,0.5336997273346967,0.4360606601146986,0.7069084904396543,[[ 100471 9282][ 12608 12527]],100471,9282,12608,12527
2,140,0.4913202226161957,avg,0.8377172172469012,0.7314493098927832,0.7069084904396544,0.7177321426937,0.4360606601146986,0.7069084904396543,,,,,
