client,round,loss,class,accuracy,precision,recall,f1_score,cohen_kappa_score,roc_auc_score,confusion_matrix,TP,FP,FN,TN
5,191,0.6996826529502869,awake,0.767577545815788,0.8327137546468402,0.8939345621531986,0.8622388223662529,0.1252718784400424,0.5548845279435178,[[ 5425 19710][ 11641 98112]],5425,19710,11641,98112
5,191,0.6996826529502869,asleep,0.767577545815788,0.31788351107465135,0.21583449373383728,0.2571029122532641,0.1252718784400424,0.5548845279435178,[[ 98112 11641][ 19710 5425]],98112,11641,19710,5425
5,191,0.6996826529502869,avg,0.767577545815788,0.5752986328607458,0.554884527943518,0.5596708673097586,0.1252718784400424,0.5548845279435178,,,,,
