client,round,loss,class,accuracy,precision,recall,f1_score,cohen_kappa_score,roc_auc_score,confusion_matrix,TP,FP,FN,TN
13,71,0.6029309630393982,awake,0.7581549137061858,0.889129930277377,0.8028846591892704,0.8438092502154553,0.3143923994101844,0.6828626598114643,[[ 14147 10988][ 21634 88119]],14147,10988,21634,88119
13,71,0.6029309630393982,asleep,0.7581549137061858,0.39537743495151056,0.5628406604336582,0.46447567141637663,0.3143923994101844,0.6828626598114643,[[ 88119 21634][ 10988 14147]],88119,21634,10988,14147
13,71,0.6029309630393982,avg,0.7581549137061858,0.6422536826144438,0.6828626598114643,0.654142460815916,0.3143923994101844,0.6828626598114643,,,,,
