client,round,loss,class,accuracy,precision,recall,f1_score,cohen_kappa_score,roc_auc_score,confusion_matrix,TP,FP,FN,TN
10,140,0.6243516802787781,awake,0.7634778482889508,0.907445594715962,0.7898736253223146,0.8445875510263728,0.3596556920545597,0.7190466197031307,[[ 16293 8842][ 23062 86691]],16293,8842,23062,86691
10,140,0.6243516802787781,asleep,0.7634778482889508,0.4140007622919578,0.6482196140839467,0.5052876414948053,0.3596556920545597,0.7190466197031307,[[ 86691 23062][ 8842 16293]],86691,23062,8842,16293
10,140,0.6243516802787781,avg,0.7634778482889508,0.6607231785039599,0.7190466197031307,0.674937596260589,0.3596556920545597,0.7190466197031307,,,,,
