client,round,loss,class,accuracy,precision,recall,f1_score,cohen_kappa_score,roc_auc_score,confusion_matrix,TP,FP,FN,TN
0,178,0.6032531261444092,awake,0.7933619002431647,0.8791723780239321,0.8649057428954106,0.8719807096107476,0.3366723350108566,0.672934271885342,[[ 12089 13046][ 14827 94926]],12089,13046,14827,94926
0,178,0.6032531261444092,asleep,0.7933619002431647,0.4491380591469758,0.48096280087527354,0.46450596530326027,0.3366723350108566,0.672934271885342,[[ 94926 14827][ 13046 12089]],94926,14827,13046,12089
0,178,0.6032531261444092,avg,0.7933619002431647,0.664155218585454,0.672934271885342,0.6682433374570039,0.3366723350108566,0.672934271885342,,,,,
