client,round,loss,class,accuracy,precision,recall,f1_score,cohen_kappa_score,roc_auc_score,confusion_matrix,TP,FP,FN,TN
2,176,0.486415296792984,awake,0.8461241919221872,0.8879453893969643,0.9279928566872887,0.9075275332359126,0.4508626170202499,0.7083170967343346,[[ 12282 12853][ 7903 101850]],12282,12853,7903,101850
2,176,0.486415296792984,asleep,0.8461241919221872,0.6084716373544712,0.48864133678138055,0.5420123565754634,0.4508626170202499,0.7083170967343345,[[ 101850 7903][ 12853 12282]],101850,7903,12853,12282
2,176,0.486415296792984,avg,0.8461241919221872,0.7482085133757177,0.7083170967343346,0.724769944905688,0.4508626170202499,0.7083170967343346,,,,,
