client,round,loss,class,accuracy,precision,recall,f1_score,cohen_kappa_score,roc_auc_score,confusion_matrix,TP,FP,FN,TN
11,128,0.6185278296470642,awake,0.8315862048514323,0.8644052184689588,0.9405574335097902,0.90087487727719,0.34790854483228495,0.6481581677196853,[[ 8942 16193][ 6524 103229]],8942,16193,6524,103229
11,128,0.6185278296470642,asleep,0.8315862048514323,0.578171472908315,0.35575890192958026,0.4404817615329672,0.34790854483228495,0.6481581677196852,[[ 103229 6524][ 16193 8942]],103229,6524,16193,8942
11,128,0.6185278296470642,avg,0.8315862048514323,0.721288345688637,0.6481581677196853,0.6706783194050786,0.34790854483228495,0.6481581677196853,,,,,
