client,round,loss,class,accuracy,precision,recall,f1_score,cohen_kappa_score,roc_auc_score,confusion_matrix,TP,FP,FN,TN
8,25,0.5656996369361877,awake,0.7943849712353953,0.8489533696392103,0.9090320993503594,0.8779661464406242,0.23023125335200922,0.6014028608945949,[[ 7384 17751][ 9984 99769]],7384,17751,9984,99769
8,25,0.5656996369361877,asleep,0.7943849712353953,0.4251497005988024,0.2937736224388303,0.3474578265063643,0.23023125335200922,0.6014028608945948,[[ 99769 9984][ 17751 7384]],99769,9984,17751,7384
8,25,0.5656996369361877,avg,0.7943849712353953,0.6370515351190064,0.6014028608945949,0.6127119864734942,0.23023125335200922,0.6014028608945949,,,,,
