client,round,loss,class,accuracy,precision,recall,f1_score,cohen_kappa_score,roc_auc_score,confusion_matrix,TP,FP,FN,TN
15,163,1.092362880706787,awake,0.5025650910384912,0.7859642536302812,0.5340901843229798,0.6359976998274871,-0.06560894134762418,0.4494998365418361,[[ 9172 15963][ 51135 58618]],9172,15963,51135,58618
15,163,1.092362880706787,asleep,0.5025650910384912,0.152088480607558,0.36490948876069224,0.2146953488916458,-0.06560894134762418,0.449499836541836,[[ 58618 51135][ 15963 9172]],58618,51135,15963,9172
15,163,1.092362880706787,avg,0.5025650910384912,0.4690263671189196,0.449499836541836,0.42534652435956644,-0.06560894134762418,0.44949983654183606,,,,,
