client,round,loss,class,accuracy,precision,recall,f1_score,cohen_kappa_score,roc_auc_score,confusion_matrix,TP,FP,FN,TN
5,65,0.6015389561653137,awake,0.7873346776585018,0.8430942687128092,0.9075287235884213,0.8741256900137784,0.19513445437713917,0.5850156050804649,[[ 6598 18537][ 10149 99604]],6598,18537,10149,99604
5,65,0.6015389561653137,asleep,0.7873346776585018,0.39398101152445214,0.26250248657250846,0.31507568884007453,0.19513445437713917,0.5850156050804649,[[ 99604 10149][ 18537 6598]],99604,10149,18537,6598
5,65,0.6015389561653137,avg,0.7873346776585018,0.6185376401186307,0.5850156050804649,0.5946006894269265,0.19513445437713917,0.5850156050804649,,,,,
