client,round,loss,class,accuracy,precision,recall,f1_score,cohen_kappa_score,roc_auc_score,confusion_matrix,TP,FP,FN,TN
15,36,0.7513726949691772,awake,0.5796067848882035,0.8032816877251158,0.6400827312237479,0.7124558841426312,-0.0330713528559774,0.47780941812828537,[[ 7931 17204][ 39502 70251]],7931,17204,39502,70251
15,36,0.7513726949691772,asleep,0.5796067848882035,0.16720426707144814,0.31553610503282276,0.21858119281225885,-0.0330713528559774,0.47780941812828526,[[ 70251 39502][ 17204 7931]],70251,39502,17204,7931
15,36,0.7513726949691772,avg,0.5796067848882035,0.4852429773982819,0.47780941812828537,0.465518538477445,-0.0330713528559774,0.4778094181282853,,,,,
