client,round,loss,class,accuracy,precision,recall,f1_score,cohen_kappa_score,roc_auc_score,confusion_matrix,TP,FP,FN,TN
7,111,0.6226959228515625,awake,0.8237649012514086,0.8439157460220955,0.9611764598689785,0.8987374124623012,0.2413852271540624,0.5924641002348672,[[ 5624 19511][ 4261 105492]],5624,19511,4261,105492
7,111,0.6226959228515625,asleep,0.8237649012514086,0.5689428426909459,0.22375174060075592,0.32118789263278125,0.2413852271540624,0.5924641002348672,[[ 105492 4261][ 19511 5624]],105492,4261,19511,5624
7,111,0.6226959228515625,avg,0.8237649012514086,0.7064292943565207,0.5924641002348672,0.6099626525475412,0.2413852271540624,0.5924641002348672,,,,,
