client,round,loss,class,accuracy,precision,recall,f1_score,cohen_kappa_score,roc_auc_score,confusion_matrix,TP,FP,FN,TN
9,44,0.5489597916603088,awake,0.8424841349860626,0.8713559236695031,0.9460880340400718,0.9071855110322865,0.392903517545922,0.6680907645831948,[[ 9805 15330][ 5917 103836]],9805,15330,5917,103836
9,44,0.5489597916603088,asleep,0.8424841349860626,0.6236483907899758,0.39009349512631786,0.47996671317032574,0.392903517545922,0.6680907645831948,[[ 103836 5917][ 15330 9805]],103836,5917,15330,9805
9,44,0.5489597916603088,avg,0.8424841349860626,0.7475021572297395,0.6680907645831948,0.6935761121013061,0.392903517545922,0.6680907645831948,,,,,
