client,round,loss,class,accuracy,precision,recall,f1_score,cohen_kappa_score,roc_auc_score,confusion_matrix,TP,FP,FN,TN
5,50,0.5792840123176575,awake,0.772715141450685,0.8498385598655402,0.875329148178182,0.8623955331735473,0.21060953250783765,0.5999880274409908,[[ 8160 16975][ 13683 96070]],8160,16975,13683,96070
5,50,0.5792840123176575,asleep,0.772715141450685,0.3735750583711029,0.3246469067037995,0.3473966537528204,0.21060953250783765,0.5999880274409908,[[ 96070 13683][ 16975 8160]],96070,13683,16975,8160
5,50,0.5792840123176575,avg,0.772715141450685,0.6117068091183215,0.5999880274409908,0.6048960934631838,0.21060953250783765,0.5999880274409908,,,,,
