client,round,loss,class,accuracy,precision,recall,f1_score,cohen_kappa_score,roc_auc_score,confusion_matrix,TP,FP,FN,TN
13,169,0.5833213925361633,awake,0.8164180653579266,0.8917745325810377,0.8813335398576805,0.8865232951915717,0.40628844833442257,0.7071477725148757,[[ 13396 11739][ 13024 96729]],13396,11739,13024,96729
13,169,0.5833213925361633,asleep,0.8164180653579266,0.5070401211203633,0.5329620051720708,0.5196780137717002,0.40628844833442257,0.7071477725148756,[[ 96729 13024][ 11739 13396]],96729,13024,11739,13396
13,169,0.5833213925361633,avg,0.8164180653579266,0.6994073268507005,0.7071477725148756,0.703100654481636,0.40628844833442257,0.7071477725148756,,,,,
