client,round,loss,class,accuracy,precision,recall,f1_score,cohen_kappa_score,roc_auc_score,confusion_matrix,TP,FP,FN,TN
11,196,0.5921050906181335,awake,0.8340178518474586,0.8645817684076986,0.9438375260812917,0.9024729164034901,0.3527549885679967,0.6491616514432716,[[ 8910 16225][ 6164 103589]],8910,16225,6164,103589
11,196,0.5921050906181335,asleep,0.8340178518474586,0.5910839856706912,0.3544857768052516,0.44318436171006487,0.3527549885679967,0.6491616514432716,[[ 103589 6164][ 16225 8910]],103589,6164,16225,8910
11,196,0.5921050906181335,avg,0.8340178518474586,0.7278328770391949,0.6491616514432716,0.6728286390567775,0.3527549885679967,0.6491616514432716,,,,,
