client,round,loss,class,accuracy,precision,recall,f1_score,cohen_kappa_score,roc_auc_score,confusion_matrix,TP,FP,FN,TN
12,150,0.7715325951576233,awake,0.823001304786193,0.834833125389894,0.975453973923264,0.8996819234179156,0.18530446381949284,0.5663822485490599,[[ 3954 21181][ 2694 107059]],3954,21181,2694,107059
12,150,0.7715325951576233,asleep,0.823001304786193,0.5947653429602888,0.15731052317485578,0.24881225812541297,0.18530446381949284,0.5663822485490599,[[ 107059 2694][ 21181 3954]],107059,2694,21181,3954
12,150,0.7715325951576233,avg,0.823001304786193,0.7147992341750914,0.5663822485490599,0.5742470907716644,0.18530446381949284,0.5663822485490599,,,,,
