client,round,loss,class,accuracy,precision,recall,f1_score,cohen_kappa_score,roc_auc_score,confusion_matrix,TP,FP,FN,TN
5,147,0.6897283792495728,awake,0.7624473637388055,0.836144995241803,0.8806137417656009,0.8578034374265009,0.13957803884934694,0.5635414044017979,[[ 6195 18940][ 13103 96650]],6195,18940,13103,96650
5,147,0.6897283792495728,asleep,0.7624473637388055,0.3210177220437351,0.24646906703799482,0.27884680305178583,0.13957803884934694,0.5635414044017978,[[ 96650 13103][ 18940 6195]],96650,13103,18940,6195
5,147,0.6897283792495728,avg,0.7624473637388055,0.578581358642769,0.5635414044017979,0.5683251202391434,0.13957803884934694,0.5635414044017979,,,,,
