client,round,loss,class,accuracy,precision,recall,f1_score,cohen_kappa_score,roc_auc_score,confusion_matrix,TP,FP,FN,TN
3,180,0.7077007293701172,awake,0.8254032975505604,0.8548341950143248,0.9460789226718176,0.8981450646783813,0.298108945798529,0.6222735970033049,[[ 7502 17633][ 5918 103835]],7502,17633,5918,103835
3,180,0.7077007293701172,asleep,0.8254032975505604,0.559016393442623,0.29846827133479215,0.3891583452211127,0.298108945798529,0.6222735970033049,[[ 103835 5918][ 17633 7502]],103835,5918,17633,7502
3,180,0.7077007293701172,avg,0.8254032975505604,0.7069252942284738,0.6222735970033049,0.643651704949747,0.298108945798529,0.6222735970033049,,,,,
