client,round,loss,class,accuracy,precision,recall,f1_score,cohen_kappa_score,roc_auc_score,confusion_matrix,TP,FP,FN,TN
12,21,0.6695411801338196,awake,0.8178266413617223,0.8300373510221162,0.9759459878089892,0.8970975590350043,0.14676508678643752,0.5516690352810611,[[ 3202 21933][ 2640 107113]],3202,21933,2640,107113
12,21,0.6695411801338196,asleep,0.8178266413617223,0.548099965765149,0.12739208275313307,0.2067340284727378,0.14676508678643752,0.5516690352810611,[[ 107113 2640][ 21933 3202]],107113,2640,21933,3202
12,21,0.6695411801338196,avg,0.8178266413617223,0.6890686583936325,0.5516690352810611,0.551915793753871,0.14676508678643752,0.5516690352810611,,,,,
