client,round,loss,class,accuracy,precision,recall,f1_score,cohen_kappa_score,roc_auc_score,confusion_matrix,TP,FP,FN,TN
6,193,0.7358739972114563,awake,0.6974675286163335,0.8971257416047462,0.7095478027935455,0.7923869799245007,0.2620407838113519,0.6771331613927942,[[ 16205 8930][ 31878 77875]],16205,8930,31878,77875
6,193,0.7358739972114563,asleep,0.6974675286163335,0.3370214004949774,0.644718519992043,0.44265071430522546,0.2620407838113519,0.6771331613927942,[[ 77875 31878][ 8930 16205]],77875,31878,8930,16205
6,193,0.7358739972114563,avg,0.6974675286163335,0.6170735710498618,0.6771331613927942,0.617518847114863,0.2620407838113519,0.6771331613927942,,,,,
