client,round,loss,class,accuracy,precision,recall,f1_score,cohen_kappa_score,roc_auc_score,confusion_matrix,TP,FP,FN,TN
11,134,0.5885001420974731,awake,0.8321273945792065,0.863569204571066,0.9425983799987244,0.9013548246569375,0.34558493313614447,0.6461748613739394,[[ 8791 16344][ 6300 103453]],8791,16344,6300,103453
11,134,0.5885001420974731,asleep,0.8321273945792065,0.5825326353455702,0.3497513427491546,0.4370804952021081,0.34558493313614447,0.6461748613739395,[[ 103453 6300][ 16344 8791]],103453,6300,16344,8791
11,134,0.5885001420974731,avg,0.8321273945792065,0.7230509199583182,0.6461748613739395,0.6692176599295228,0.34558493313614447,0.6461748613739395,,,,,
