client,round,loss,class,accuracy,precision,recall,f1_score,cohen_kappa_score,roc_auc_score,confusion_matrix,TP,FP,FN,TN
3,127,0.6377633810043335,awake,0.8162178992942293,0.8585995863757228,0.9267537106047216,0.8913757898150014,0.3004582309552851,0.6301562465894107,[[ 8384 16751][ 8039 101714]],8384,16751,8039,101714
3,127,0.6377633810043335,asleep,0.8162178992942293,0.5105035620775741,0.3335587825740999,0.4034842870205496,0.3004582309552851,0.6301562465894106,[[ 101714 8039][ 16751 8384]],101714,8039,16751,8384
3,127,0.6377633810043335,avg,0.8162178992942293,0.6845515742266484,0.6301562465894107,0.6474300384177756,0.3004582309552851,0.6301562465894106,,,,,
