client,round,loss,class,accuracy,precision,recall,f1_score,cohen_kappa_score,roc_auc_score,confusion_matrix,TP,FP,FN,TN
0,193,0.6058498024940491,awake,0.8146313979004804,0.8819621593848872,0.8914927154610808,0.8867018287930691,0.3773702416078737,0.685253021744863,[[ 12040 13095][ 11909 97844]],12040,13095,11909,97844
0,193,0.6058498024940491,asleep,0.8146313979004804,0.5027349784959706,0.4790133280286453,0.49058756417569876,0.3773702416078737,0.685253021744863,[[ 97844 11909][ 13095 12040]],97844,11909,13095,12040
0,193,0.6058498024940491,avg,0.8146313979004804,0.692348568940429,0.685253021744863,0.688644696484384,0.3773702416078737,0.685253021744863,,,,,
