client,round,loss,class,accuracy,precision,recall,f1_score,cohen_kappa_score,roc_auc_score,confusion_matrix,TP,FP,FN,TN
9,166,0.6091528534889221,awake,0.8433663483779136,0.8670836267241022,0.9536869151640501,0.9083256677716647,0.37906330022087276,0.6576670103968252,[[ 9090 16045][ 5083 104670]],9090,16045,5083,104670
9,166,0.6091528534889221,asleep,0.8433663483779136,0.6413603330275877,0.3616471056296002,0.46250127200569857,0.37906330022087276,0.6576670103968252,[[ 104670 5083][ 16045 9090]],104670,5083,16045,9090
9,166,0.6091528534889221,avg,0.8433663483779136,0.7542219798758449,0.6576670103968252,0.6854134698886816,0.37906330022087276,0.6576670103968252,,,,,
