client,round,loss,class,accuracy,precision,recall,f1_score,cohen_kappa_score,roc_auc_score,confusion_matrix,TP,FP,FN,TN
1,133,0.7525467276573181,awake,0.6385593974260126,0.8500820697650394,0.6747879329038842,0.7523593770635025,0.11517587650245709,0.5775769781885643,[[ 12074 13061][ 35693 74060]],12074,13061,35693,74060
1,133,0.7525467276573181,asleep,0.6385593974260126,0.25276864781125047,0.4803660234732445,0.3312391978272201,0.11517587650245709,0.5775769781885643,[[ 74060 35693][ 13061 12074]],74060,35693,13061,12074
1,133,0.7525467276573181,avg,0.6385593974260126,0.5514253587881449,0.5775769781885643,0.5417992874453613,0.11517587650245709,0.5775769781885643,,,,,
