client,round,loss,class,accuracy,precision,recall,f1_score,cohen_kappa_score,roc_auc_score,confusion_matrix,TP,FP,FN,TN
5,47,0.5746877193450928,awake,0.7912786904691299,0.8369158608388316,0.923418949823695,0.8780420186268139,0.1667055442222496,0.5688509111561284,[[ 5386 19749][ 8405 101348]],5386,19749,8405,101348
5,47,0.5746877193450928,asleep,0.7912786904691299,0.39054455804510185,0.21428287248856176,0.2767302060319581,0.1667055442222496,0.5688509111561284,[[ 101348 8405][ 19749 5386]],101348,8405,19749,5386
5,47,0.5746877193450928,avg,0.7912786904691299,0.6137302094419668,0.5688509111561284,0.577386112329386,0.1667055442222496,0.5688509111561284,,,,,
