client,round,loss,class,accuracy,precision,recall,f1_score,cohen_kappa_score,roc_auc_score,confusion_matrix,TP,FP,FN,TN
0,163,0.5940409898757935,awake,0.8072326671015954,0.9092161710527602,0.8477308137362988,0.8773976348993796,0.4292634302241277,0.7390633380398223,[[ 15845 9290][ 16712 93041]],15845,9290,16712,93041
0,163,0.5940409898757935,asleep,0.8072326671015954,0.4866848911140461,0.6303958623433459,0.5492962629134021,0.4292634302241277,0.7390633380398224,[[ 93041 16712][ 9290 15845]],93041,16712,9290,15845
0,163,0.5940409898757935,avg,0.8072326671015954,0.6979505310834031,0.7390633380398224,0.7133469489063908,0.4292634302241277,0.7390633380398224,,,,,
