client,round,loss,class,accuracy,precision,recall,f1_score,cohen_kappa_score,roc_auc_score,confusion_matrix,TP,FP,FN,TN
15,146,1.04273521900177,awake,0.510045370974438,0.7885845714587849,0.5435660073073173,0.6435425150346539,-0.06090455117042981,0.4536210780519081,[[ 9141 15994][ 50095 59658]],9141,15994,50095,59658
15,146,1.04273521900177,asleep,0.510045370974438,0.15431494361536904,0.3636761487964989,0.21668582806888625,-0.06090455117042981,0.45362107805190816,[[ 59658 50095][ 15994 9141]],59658,50095,15994,9141
15,146,1.04273521900177,avg,0.510045370974438,0.47144975753707696,0.4536210780519081,0.43011417155177006,-0.06090455117042981,0.4536210780519081,,,,,
