client,round,loss,class,accuracy,precision,recall,f1_score,cohen_kappa_score,roc_auc_score,confusion_matrix,TP,FP,FN,TN
15,167,1.1295355558395386,awake,0.48050975624221576,0.7818582184969456,0.5014441518682861,0.611014582859173,-0.06825251384962505,0.4452715089956111,[[ 9780 15355][ 54718 55035]],9780,15355,54718,55035
15,167,1.1295355558395386,asleep,0.48050975624221576,0.15163260876306242,0.38909886612293615,0.21822319904499457,-0.06825251384962505,0.44527150899561113,[[ 55035 54718][ 15355 9780]],55035,54718,15355,9780
15,167,1.1295355558395386,avg,0.48050975624221576,0.466745413630004,0.4452715089956111,0.41461889095208376,-0.06825251384962505,0.4452715089956111,,,,,
