client,round,loss,class,accuracy,precision,recall,f1_score,cohen_kappa_score,roc_auc_score,confusion_matrix,TP,FP,FN,TN
6,38,0.4893285930156708,awake,0.7861188541604887,0.9061844179578066,0.8222645394658916,0.8621872342864786,0.38978972486321917,0.7252758941610341,[[ 15792 9343][ 19507 90246]],15792,9343,19507,90246
6,38,0.4893285930156708,asleep,0.7861188541604887,0.4473781126944106,0.6282872488561766,0.5226197173776351,0.38978972486321917,0.7252758941610341,[[ 90246 19507][ 9343 15792]],90246,19507,9343,15792
6,38,0.4893285930156708,avg,0.7861188541604887,0.6767812653261086,0.7252758941610341,0.6924034758320569,0.38978972486321917,0.7252758941610341,,,,,
