client,round,loss,class,accuracy,precision,recall,f1_score,cohen_kappa_score,roc_auc_score,confusion_matrix,TP,FP,FN,TN
18,113,0.735230565071106,awake,0.827701500504122,0.8422151898734177,0.9699598188659991,0.9015849893924701,0.23699172648218225,0.5882422925640917,[[ 5191 19944][ 3297 106456]],5191,19944,3297,106456
18,113,0.735230565071106,asleep,0.827701500504122,0.611569274269557,0.20652476626218422,0.3087767302144366,0.23699172648218225,0.5882422925640917,[[ 106456 3297][ 19944 5191]],106456,3297,19944,5191
18,113,0.735230565071106,avg,0.827701500504122,0.7268922320714873,0.5882422925640917,0.6051808598034534,0.23699172648218225,0.5882422925640917,,,,,
