client,round,loss,class,accuracy,precision,recall,f1_score,cohen_kappa_score,roc_auc_score,confusion_matrix,TP,FP,FN,TN
11,102,0.6094716191291809,awake,0.8284132020639345,0.8725716252258453,0.9240658569697412,0.897580791475465,0.3717349087160918,0.667403925103132,[[ 10324 14811][ 8334 101419]],10324,14811,8334,101419
11,102,0.6094716191291809,asleep,0.8284132020639345,0.5533283310108265,0.4107419932365228,0.471490877537506,0.3717349087160918,0.667403925103132,[[ 101419 8334][ 14811 10324]],101419,8334,14811,10324
11,102,0.6094716191291809,avg,0.8284132020639345,0.7129499781183359,0.667403925103132,0.6845358345064855,0.3717349087160918,0.667403925103132,,,,,
