client,round,loss,class,accuracy,precision,recall,f1_score,cohen_kappa_score,roc_auc_score,confusion_matrix,TP,FP,FN,TN
11,94,0.6507498025894165,awake,0.8318234387047032,0.8557513156604452,0.9541424835767587,0.9022724824986538,0.312295313114048,0.6259274184344903,[[ 7483 17652][ 5033 104720]],7483,17652,5033,104720
11,94,0.6507498025894165,asleep,0.8318234387047032,0.5978747203579419,0.297712353292222,0.39749276247642823,0.312295313114048,0.6259274184344903,[[ 104720 5033][ 17652 7483]],104720,5033,17652,7483
11,94,0.6507498025894165,avg,0.8318234387047032,0.7268130180091935,0.6259274184344903,0.649882622487541,0.312295313114048,0.6259274184344903,,,,,
