client,round,loss,class,accuracy,precision,recall,f1_score,cohen_kappa_score,roc_auc_score,confusion_matrix,TP,FP,FN,TN
2,90,0.5933824181556702,awake,0.8411274538876697,0.8741136704421271,0.9401383105700983,0.9059245992027956,0.39975709415296756,0.6744654154799964,[[ 10275 14860][ 6570 103183]],10275,14860,6570,103183
2,90,0.5933824181556702,asleep,0.8411274538876697,0.609973285841496,0.40879252038989455,0.4895188184849928,0.39975709415296756,0.6744654154799965,[[ 103183 6570][ 14860 10275]],103183,6570,14860,10275
2,90,0.5933824181556702,avg,0.8411274538876697,0.7420434781418115,0.6744654154799965,0.6977217088438942,0.39975709415296756,0.6744654154799965,,,,,
