client,round,loss,class,accuracy,precision,recall,f1_score,cohen_kappa_score,roc_auc_score,confusion_matrix,TP,FP,FN,TN
0,99,0.5905791521072388,awake,0.8275828835774865,0.8806037138079732,0.9117108416170856,0.8958873325185891,0.39546008366016794,0.6859727870309418,[[ 11568 13567][ 9690 100063]],11568,13567,9690,100063
0,99,0.5905791521072388,asleep,0.8275828835774865,0.5441716059836297,0.46023473244479807,0.4986959239540448,0.39546008366016794,0.6859727870309418,[[ 100063 9690][ 13567 11568]],100063,9690,13567,11568
0,99,0.5905791521072388,avg,0.8275828835774865,0.7123876598958014,0.6859727870309418,0.697291628236317,0.39546008366016794,0.6859727870309418,,,,,
