client,round,loss,class,accuracy,precision,recall,f1_score,cohen_kappa_score,roc_auc_score,confusion_matrix,TP,FP,FN,TN
10,27,0.530106246471405,awake,0.7961642251349268,0.9068391793776089,0.8352937960693557,0.8695973857821074,0.4065998152676893,0.7302985789576937,[[ 15717 9418][ 18077 91676]],15717,9418,18077,91676
10,27,0.530106246471405,asleep,0.7961642251349268,0.4650825590341481,0.6253033618460314,0.5334215751158172,0.4065998152676893,0.7302985789576936,[[ 91676 18077][ 9418 15717]],91676,18077,9418,15717
10,27,0.530106246471405,avg,0.7961642251349268,0.6859608692058785,0.7302985789576936,0.7015094804489623,0.4065998152676893,0.7302985789576937,,,,,
