client,round,loss,class,accuracy,precision,recall,f1_score,cohen_kappa_score,roc_auc_score,confusion_matrix,TP,FP,FN,TN
11,131,0.7961634993553162,awake,0.8277311547357808,0.8544575549000327,0.9501152588084153,0.8997510709986928,0.29998099527801747,0.6217256222428789,[[ 7373 17762][ 5475 104278]],7373,17762,5475,104278
11,131,0.7961634993553162,asleep,0.8277311547357808,0.5738636363636364,0.29333598567734237,0.38822631177105543,0.29998099527801747,0.6217256222428789,[[ 104278 5475][ 17762 7373]],104278,5475,17762,7373
11,131,0.7961634993553162,avg,0.8277311547357808,0.7141605956318345,0.6217256222428789,0.6439886913848741,0.29998099527801747,0.6217256222428789,,,,,
