client,round,loss,class,accuracy,precision,recall,f1_score,cohen_kappa_score,roc_auc_score,confusion_matrix,TP,FP,FN,TN
10,1,0.5576290488243103,awake,0.6589096139019038,0.9001707555935012,0.6532395469827704,0.757078970849899,0.23048278895133856,0.6684538693736211,[[ 17184 7951][ 38058 71695]],17184,7951,38058,71695
10,1,0.5576290488243103,asleep,0.6589096139019038,0.3110676659063756,0.6836681917644718,0.42758500566082336,0.23048278895133856,0.6684538693736212,[[ 71695 38058][ 7951 17184]],71695,38058,7951,17184
10,1,0.5576290488243103,avg,0.6589096139019038,0.6056192107499384,0.6684538693736211,0.5923319882553612,0.23048278895133856,0.6684538693736211,,,,,
