client,round,loss,class,accuracy,precision,recall,f1_score,cohen_kappa_score,roc_auc_score,confusion_matrix,TP,FP,FN,TN
15,132,0.9885658621788025,awake,0.5253173002787498,0.7816766053915529,0.5780616475176077,0.6646238941529565,-0.08824076785042956,0.4365343049603157,[[ 7415 17720][ 46309 63444]],7415,17720,46309,63444
15,132,0.9885658621788025,asleep,0.5253173002787498,0.1380202516566153,0.29500696240302365,0.18805716532038194,-0.08824076785042956,0.43653430496031564,[[ 63444 46309][ 17720 7415]],63444,46309,17720,7415
15,132,0.9885658621788025,avg,0.5253173002787498,0.45984842852408414,0.43653430496031564,0.42634052973666925,-0.08824076785042956,0.43653430496031564,,,,,
