client,round,loss,class,accuracy,precision,recall,f1_score,cohen_kappa_score,roc_auc_score,confusion_matrix,TP,FP,FN,TN
16,77,0.7368040680885315,awake,0.811006168080185,0.8832926962407657,0.8846045210609277,0.8839481219471113,0.375178400596211,0.687120243422845,[[ 12307 12828][ 12665 97088]],12307,12828,12665,97088
16,77,0.7368040680885315,asleep,0.811006168080185,0.4928319718084254,0.48963596578476226,0.491228770431277,0.375178400596211,0.687120243422845,[[ 97088 12665][ 12828 12307]],97088,12665,12828,12307
16,77,0.7368040680885315,avg,0.811006168080185,0.6880623340245955,0.687120243422845,0.6875884461891941,0.375178400596211,0.687120243422845,,,,,
