client,round,loss,class,accuracy,precision,recall,f1_score,cohen_kappa_score,roc_auc_score,confusion_matrix,TP,FP,FN,TN
9,114,0.7390602231025696,awake,0.8357674515153313,0.8807702338520386,0.9231182746713074,0.9014471734962164,0.41070424813995576,0.6887324017080427,[[ 11420 13715][ 8438 101315]],11420,13715,8438,101315
9,114,0.7390602231025696,asleep,0.8357674515153313,0.5750830899385638,0.4543465287447782,0.5076345209254773,0.41070424813995576,0.6887324017080428,[[ 101315 8438][ 13715 11420]],101315,8438,13715,11420
9,114,0.7390602231025696,avg,0.8357674515153313,0.7279266618953012,0.6887324017080427,0.7045408472108469,0.41070424813995576,0.6887324017080427,,,,,
