client,round,loss,class,accuracy,precision,recall,f1_score,cohen_kappa_score,roc_auc_score,confusion_matrix,TP,FP,FN,TN
15,140,1.0488760471343994,awake,0.49252713362196787,0.7801473281510724,0.523967454192596,0.6268954465677564,-0.07779197831124285,0.4396045745202089,[[ 8929 16206][ 52246 57507]],8929,16206,52246,57507
15,140,1.0488760471343994,asleep,0.49252713362196787,0.14595831630568043,0.35524169484782175,0.20690534121191054,-0.07779197831124285,0.43960457452020896,[[ 57507 52246][ 16206 8929]],57507,52246,16206,8929
15,140,1.0488760471343994,avg,0.49252713362196787,0.4630528222283764,0.4396045745202089,0.41690039388983346,-0.07779197831124285,0.43960457452020896,,,,,
