client,round,loss,class,accuracy,precision,recall,f1_score,cohen_kappa_score,roc_auc_score,confusion_matrix,TP,FP,FN,TN
1,82,0.7041996121406555,awake,0.7016413617223177,0.8728409895509258,0.7413100325275847,0.8017165352003035,0.21515976557793892,0.6348682647221173,[[ 13282 11853][ 28392 81361]],13282,11853,28392,81361
1,82,0.7041996121406555,asleep,0.7016413617223177,0.31871190670442,0.5284264969166501,0.39761110030085767,0.21515976557793892,0.6348682647221174,[[ 81361 28392][ 11853 13282]],81361,28392,11853,13282
1,82,0.7041996121406555,avg,0.7016413617223177,0.5957764481276729,0.6348682647221173,0.5996638177505806,0.21515976557793892,0.6348682647221173,,,,,
