client,round,loss,class,accuracy,precision,recall,f1_score,cohen_kappa_score,roc_auc_score,confusion_matrix,TP,FP,FN,TN
1,155,0.8944295644760132,awake,0.7039247375600498,0.8226724839162908,0.8109117746211949,0.816749794665431,0.046553029581609895,0.523836631293092,[[ 5951 19184][ 20753 89000]],5951,19184,20753,89000
1,155,0.8944295644760132,asleep,0.7039247375600498,0.2228505092869982,0.23676148796498905,0.22959547830783775,0.046553029581609895,0.523836631293092,[[ 89000 20753][ 19184 5951]],89000,20753,19184,5951
1,155,0.8944295644760132,avg,0.7039247375600498,0.5227614966016445,0.523836631293092,0.5231726364866344,0.046553029581609895,0.523836631293092,,,,,
