client,round,loss,class,accuracy,precision,recall,f1_score,cohen_kappa_score,roc_auc_score,confusion_matrix,TP,FP,FN,TN
17,72,0.569275438785553,awake,0.8019542138663187,0.8398418635868808,0.9348810510874418,0.8848167087777998,0.19320788045615322,0.5782024113603113,[[ 5568 19567][ 7147 102606]],5568,19567,7147,102606
17,72,0.569275438785553,asleep,0.8019542138663187,0.4379079826976013,0.22152377163318082,0.2942140026420079,0.19320788045615322,0.5782024113603114,[[ 102606 7147][ 19567 5568]],102606,7147,19567,5568
17,72,0.569275438785553,avg,0.8019542138663187,0.638874923142241,0.5782024113603113,0.5895153557099039,0.19320788045615322,0.5782024113603113,,,,,
