client,round,loss,class,accuracy,precision,recall,f1_score,cohen_kappa_score,roc_auc_score,confusion_matrix,TP,FP,FN,TN
18,73,0.744350254535675,awake,0.8262929245003262,0.8414582047752409,0.9691033502501071,0.900781266541043,0.2307222887393624,0.5859043705696527,[[ 5095 20040][ 3391 106362]],5095,20040,3391,106362
18,73,0.744350254535675,asleep,0.8262929245003262,0.6004006599104407,0.20270539088919834,0.30308438178519376,0.2307222887393624,0.5859043705696526,[[ 106362 3391][ 20040 5095]],106362,3391,20040,5095
18,73,0.744350254535675,avg,0.8262929245003262,0.7209294323428408,0.5859043705696527,0.6019328241631183,0.2307222887393624,0.5859043705696527,,,,,
