client,round,loss,class,accuracy,precision,recall,f1_score,cohen_kappa_score,roc_auc_score,confusion_matrix,TP,FP,FN,TN
4,87,0.8152293562889099,awake,0.8176116481821956,0.8651008035124729,0.9191730522172514,0.8913176006997519,0.3278010044000472,0.6466563490646631,[[ 9404 15731][ 8871 100882]],9404,15731,8871,100882
4,87,0.8152293562889099,asleep,0.8176116481821956,0.5145827633378933,0.37413964591207477,0.43326422483298777,0.3278010044000472,0.6466563490646631,[[ 100882 8871][ 15731 9404]],100882,8871,15731,9404
4,87,0.8152293562889099,avg,0.8176116481821956,0.6898417834251831,0.6466563490646631,0.6622909127663699,0.3278010044000472,0.6466563490646631,,,,,
