client,round,loss,class,accuracy,precision,recall,f1_score,cohen_kappa_score,roc_auc_score,confusion_matrix,TP,FP,FN,TN
18,56,0.6411697864532471,awake,0.8272344463554949,0.8433867982236628,0.9672901879675271,0.9010991809192377,0.24307642250989447,0.5914827705304117,[[ 5421 19714][ 3590 106163]],5421,19714,3590,106163
18,56,0.6411697864532471,asleep,0.8272344463554949,0.6015980468316502,0.2156753530932962,0.317518889474609,0.24307642250989447,0.5914827705304117,[[ 106163 3590][ 19714 5421]],106163,3590,19714,5421
18,56,0.6411697864532471,avg,0.8272344463554949,0.7224924225276566,0.5914827705304117,0.6093090351969234,0.24307642250989447,0.5914827705304117,,,,,
