client,round,loss,class,accuracy,precision,recall,f1_score,cohen_kappa_score,roc_auc_score,confusion_matrix,TP,FP,FN,TN
6,75,0.6762147545814514,awake,0.7246604590475061,0.8761902788283201,0.7704755223091851,0.8199394950160959,0.24527039157826236,0.6475413219264248,[[ 13186 11949][ 25191 84562]],13186,11949,25191,84562
6,75,0.6762147545814514,asleep,0.7246604590475061,0.343591213487245,0.5246071215436642,0.41522861821388085,0.24527039157826236,0.6475413219264247,[[ 84562 25191][ 11949 13186]],84562,25191,11949,13186
6,75,0.6762147545814514,avg,0.7246604590475061,0.6098907461577825,0.6475413219264247,0.6175840566149884,0.24527039157826236,0.6475413219264248,,,,,
