client,round,loss,class,accuracy,precision,recall,f1_score,cohen_kappa_score,roc_auc_score,confusion_matrix,TP,FP,FN,TN
4,43,0.6369227766990662,awake,0.823156989502402,0.865854593466502,0.9261432489316921,0.8949847676404811,0.3393838857013479,0.6498032735607336,[[ 9387 15748][ 8106 101647]],9387,15748,8106,101647
4,43,0.6369227766990662,asleep,0.823156989502402,0.5366146458583433,0.3734632981897752,0.4404147508679741,0.3393838857013479,0.6498032735607336,[[ 101647 8106][ 15748 9387]],101647,8106,15748,9387
4,43,0.6369227766990662,avg,0.823156989502402,0.7012346196624226,0.6498032735607336,0.6676997592542275,0.3393838857013479,0.6498032735607336,,,,,
