client,round,loss,class,accuracy,precision,recall,f1_score,cohen_kappa_score,roc_auc_score,confusion_matrix,TP,FP,FN,TN
14,64,0.5381933450698853,awake,0.8233497420081846,0.858214866385959,0.9378331344017932,0.8962592734492006,0.3096399451168236,0.6306432431507674,[[ 8130 17005][ 6823 102930]],8130,17005,6823,102930
14,64,0.5381933450698853,asleep,0.8233497420081846,0.5437036046278338,0.3234533518997414,0.4056076631410896,0.3096399451168236,0.6306432431507673,[[ 102930 6823][ 17005 8130]],102930,6823,17005,8130
14,64,0.5381933450698853,avg,0.8233497420081846,0.7009592355068964,0.6306432431507673,0.6509334682951451,0.3096399451168236,0.6306432431507674,,,,,
