client,round,loss,class,accuracy,precision,recall,f1_score,cohen_kappa_score,roc_auc_score,confusion_matrix,TP,FP,FN,TN
4,3,0.511285126209259,awake,0.7970538520846925,0.84915400786654,0.9127130921250444,0.8797871079083616,0.23424992460411465,0.6023680837589613,[[ 7340 17795][ 9580 100173]],7340,17795,9580,100173
4,3,0.511285126209259,asleep,0.7970538520846925,0.43380614657210403,0.2920230753928785,0.3490666983711807,0.23424992460411465,0.6023680837589614,[[ 100173 9580][ 17795 7340]],100173,9580,17795,7340
4,3,0.511285126209259,avg,0.7970538520846925,0.6414800772193221,0.6023680837589614,0.6144269031397711,0.23424992460411465,0.6023680837589613,,,,,
