client,round,loss,class,accuracy,precision,recall,f1_score,cohen_kappa_score,roc_auc_score,confusion_matrix,TP,FP,FN,TN
17,2,0.47639429569244385,awake,0.8087598600320266,0.8179972577627282,0.9838728781901178,0.8933000223360164,0.042502252919220496,0.5139973103900659,[[ 1109 24026][ 1770 107983]],1109,24026,1770,107983
17,2,0.47639429569244385,asleep,0.8087598600320266,0.38520319555401183,0.044121742590013925,0.07917469836510316,0.042502252919220496,0.5139973103900659,[[ 107983 1770][ 24026 1109]],107983,1770,24026,1109
17,2,0.47639429569244385,avg,0.8087598600320266,0.60160022665837,0.5139973103900659,0.48623736035055976,0.042502252919220496,0.5139973103900659,,,,,
