client,round,loss,class,accuracy,precision,recall,f1_score,cohen_kappa_score,roc_auc_score,confusion_matrix,TP,FP,FN,TN
2,126,0.6404034495353699,awake,0.8336990688571259,0.8716135127543855,0.9330496660683535,0.9012858538474402,0.37774877782984284,0.6664651552939738,[[ 10051 15084][ 7348 102405]],10051,15084,7348,102405
2,126,0.6404034495353699,asleep,0.8336990688571259,0.5776768779814931,0.3998806445195942,0.47261014717637656,0.37774877782984284,0.6664651552939739,[[ 102405 7348][ 15084 10051]],102405,7348,15084,10051
2,126,0.6404034495353699,avg,0.8336990688571259,0.7246451953679394,0.6664651552939739,0.6869480005119084,0.37774877782984284,0.6664651552939738,,,,,
