client,round,loss,class,accuracy,precision,recall,f1_score,cohen_kappa_score,roc_auc_score,confusion_matrix,TP,FP,FN,TN
14,124,0.5593529343605042,awake,0.8232904335448669,0.859578635461919,0.9356737401255547,0.8960134716562984,0.3152080845613682,0.6341189468481364,[[ 8359 16776][ 7060 102693]],8359,16776,7060,102693
14,124,0.5593529343605042,asleep,0.8232904335448669,0.5421233543031325,0.3325641535707181,0.4122404694974601,0.3152080845613682,0.6341189468481363,[[ 102693 7060][ 16776 8359]],102693,7060,16776,8359
14,124,0.5593529343605042,avg,0.8232904335448669,0.7008509948825258,0.6341189468481364,0.6541269705768793,0.3152080845613682,0.6341189468481363,,,,,
