client,round,loss,class,accuracy,precision,recall,f1_score,cohen_kappa_score,roc_auc_score,confusion_matrix,TP,FP,FN,TN
2,3,0.430813193321228,awake,0.8221635727418303,0.8812692824055551,0.9031097099851485,0.8920558350508041,0.38800482950805926,0.6859093407693795,[[ 11781 13354][ 10634 99119]],11781,13354,10634,99119
2,3,0.430813193321228,asleep,0.8221635727418303,0.5255855453937096,0.4687089715536105,0.49552050473186127,0.38800482950805926,0.6859093407693795,[[ 99119 10634][ 13354 11781]],99119,10634,13354,11781
2,3,0.430813193321228,avg,0.8221635727418303,0.7034274138996324,0.6859093407693795,0.6937881698913326,0.38800482950805926,0.6859093407693795,,,,,
