client,round,loss,class,accuracy,precision,recall,f1_score,cohen_kappa_score,roc_auc_score,confusion_matrix,TP,FP,FN,TN
5,1,0.5152357220649719,awake,0.7808700551568709,0.8377115039626726,0.9062531320328374,0.8706353999807428,0.16193550097568032,0.5698164406931643,[[ 5866 19269][ 10289 99464]],5866,19269,10289,99464
5,1,0.5152357220649719,asleep,0.7808700551568709,0.363107397090684,0.23337974935349115,0.284136594817147,0.16193550097568032,0.5698164406931643,[[ 99464 10289][ 19269 5866]],99464,10289,19269,5866
5,1,0.5152357220649719,avg,0.7808700551568709,0.6004094505266783,0.5698164406931643,0.5773859973989449,0.16193550097568032,0.5698164406931643,,,,,
