client,round,loss,class,accuracy,precision,recall,f1_score,cohen_kappa_score,roc_auc_score,confusion_matrix,TP,FP,FN,TN
16,24,0.5573224425315857,awake,0.8110728901014175,0.8660272949189057,0.9083214126265341,0.8866702836355873,0.32115550620608313,0.6473773365102036,[[ 9713 15422][ 10062 99691]],9713,15422,10062,99691
16,24,0.5573224425315857,asleep,0.8110728901014175,0.4911757269279393,0.3864332603938731,0.4325539968826542,0.32115550620608313,0.6473773365102036,[[ 99691 10062][ 15422 9713]],99691,10062,15422,9713
16,24,0.5573224425315857,avg,0.8110728901014175,0.6786015109234225,0.6473773365102036,0.6596121402591207,0.32115550620608313,0.6473773365102036,,,,,
