client,round,loss,class,accuracy,precision,recall,f1_score,cohen_kappa_score,roc_auc_score,confusion_matrix,TP,FP,FN,TN
16,132,0.8233242630958557,awake,0.8150243164699602,0.8672672152446946,0.9122848578170984,0.8892066269099436,0.3315894595509833,0.6513085319521139,[[ 9811 15324][ 9627 100126]],9811,15324,9627,100126
16,132,0.8233242630958557,asleep,0.8150243164699602,0.5047329972219364,0.3903322060871295,0.4402216588517712,0.3315894595509833,0.6513085319521139,[[ 100126 9627][ 15324 9811]],100126,9627,15324,9811
16,132,0.8233242630958557,avg,0.8150243164699602,0.6860001062333155,0.6513085319521139,0.6647141428808574,0.3315894595509833,0.6513085319521139,,,,,
