client,round,loss,class,accuracy,precision,recall,f1_score,cohen_kappa_score,roc_auc_score,confusion_matrix,TP,FP,FN,TN
7,49,0.5507187843322754,awake,0.8253810568768163,0.8693345901709585,0.9243209752808579,0.8959849501872394,0.355529643762747,0.658838426769134,[[ 9887 15248][ 8306 101447]],9887,15248,8306,101447
7,49,0.5507187843322754,asleep,0.8253810568768163,0.5434507777716704,0.39335587825741,0.45637924667651397,0.355529643762747,0.658838426769134,[[ 101447 8306][ 15248 9887]],101447,8306,15248,9887
7,49,0.5507187843322754,avg,0.8253810568768163,0.7063926839713144,0.658838426769134,0.6761820984318767,0.355529643762747,0.658838426769134,,,,,
