client,round,loss,class,accuracy,precision,recall,f1_score,cohen_kappa_score,roc_auc_score,confusion_matrix,TP,FP,FN,TN
0,96,0.6009853482246399,awake,0.8236018029772849,0.8546192625351694,0.9437464123987499,0.8969742630503307,0.29441536274482805,0.6213659454076503,[[ 7515 17620][ 6174 103579]],7515,17620,6174,103579
0,96,0.6009853482246399,asleep,0.8236018029772849,0.5489809335963182,0.29898547841655065,0.387131671131259,0.29441536274482805,0.6213659454076503,[[ 103579 6174][ 17620 7515]],103579,6174,17620,7515
0,96,0.6009853482246399,avg,0.8236018029772849,0.7018000980657437,0.6213659454076503,0.6420529670907948,0.29441536274482805,0.6213659454076503,,,,,
