client,round,loss,class,accuracy,precision,recall,f1_score,cohen_kappa_score,roc_auc_score,confusion_matrix,TP,FP,FN,TN
9,65,0.6361940503120422,awake,0.8399857659688037,0.8762792444455825,0.9354095104461837,0.9048794246227612,0.4046903933942002,0.6793618071427259,[[ 10640 14495][ 7089 102664]],10640,14495,7089,102664
9,65,0.6361940503120422,asleep,0.8399857659688037,0.6001466523774607,0.42331410383926793,0.49645390070921985,0.4046903933942002,0.6793618071427258,[[ 102664 7089][ 14495 10640]],102664,7089,14495,10640
9,65,0.6361940503120422,avg,0.8399857659688037,0.7382129484115216,0.6793618071427259,0.7006666626659905,0.4046903933942002,0.6793618071427259,,,,,
