client,round,loss,class,accuracy,precision,recall,f1_score,cohen_kappa_score,roc_auc_score,confusion_matrix,TP,FP,FN,TN
2,36,0.46415334939956665,awake,0.8371315461716387,0.8825811062880253,0.9225715925760571,0.9021333844145778,0.4185485595492012,0.6933128501969206,[[ 11664 13471][ 8498 101255]],11664,13471,8498,101255
2,36,0.46415334939956665,asleep,0.8371315461716387,0.578514036305922,0.46405410781778395,0.5150009934432743,0.4185485595492012,0.6933128501969206,[[ 101255 8498][ 13471 11664]],101255,8498,13471,11664
2,36,0.46415334939956665,avg,0.8371315461716387,0.7305475712969737,0.6933128501969206,0.708567188928926,0.4185485595492012,0.6933128501969206,,,,,
