client,round,loss,class,accuracy,precision,recall,f1_score,cohen_kappa_score,roc_auc_score,confusion_matrix,TP,FP,FN,TN
13,6,0.46799811720848083,awake,0.8130152422750726,0.8831277137703164,0.887665940794329,0.8853910119507429,0.37798544882182983,0.6873579355851493,[[ 12242 12893][ 12329 97424]],12242,12893,12329,97424
13,6,0.46799811720848083,asleep,0.8130152422750726,0.49822962028407475,0.4870499303759698,0.49257634893171853,0.37798544882182983,0.6873579355851495,[[ 97424 12329][ 12893 12242]],97424,12329,12893,12242
13,6,0.46799811720848083,avg,0.8130152422750726,0.6906786670271956,0.6873579355851493,0.6889836804412307,0.37798544882182983,0.6873579355851493,,,,,
