client,round,loss,class,accuracy,precision,recall,f1_score,cohen_kappa_score,roc_auc_score,confusion_matrix,TP,FP,FN,TN
12,158,1.347278356552124,awake,0.8065876875630152,0.8263230154767848,0.9651490164277969,0.8903570152766395,0.11066910464629542,0.5396861055880778,[[ 2871 22264][ 3825 105928]],2871,22264,3825,105928
12,158,1.347278356552124,asleep,0.8065876875630152,0.42876344086021506,0.11422319474835886,0.18039018566805942,0.11066910464629542,0.539686105588078,[[ 105928 3825][ 22264 2871]],105928,3825,22264,2871
12,158,1.347278356552124,avg,0.8065876875630152,0.6275432281685,0.539686105588078,0.5353736004723495,0.11066910464629542,0.539686105588078,,,,,
