client,round,loss,class,accuracy,precision,recall,f1_score,cohen_kappa_score,roc_auc_score,confusion_matrix,TP,FP,FN,TN
18,6,0.5227766036987305,awake,0.8213332542553823,0.8250711601958328,0.990396617860104,0.9002062128878913,0.11091987171582274,0.536753908691341,[[ 2089 23046][ 1054 108699]],2089,23046,1054,108699
18,6,0.5227766036987305,asleep,0.8213332542553823,0.6646516067451479,0.08311119952257807,0.14774736544310066,0.11091987171582274,0.5367539086913411,[[ 108699 1054][ 23046 2089]],108699,1054,23046,2089
18,6,0.5227766036987305,avg,0.8213332542553823,0.7448613834704904,0.5367539086913411,0.523976789165496,0.11091987171582274,0.5367539086913411,,,,,
