client,round,loss,class,accuracy,precision,recall,f1_score,cohen_kappa_score,roc_auc_score,confusion_matrix,TP,FP,FN,TN
9,101,0.8091930747032166,awake,0.8392295830615029,0.8756964293332196,0.9351543921350669,0.904449281364834,0.40140070035594866,0.6777621970621625,[[ 10566 14569][ 7117 102636]],10566,14569,7117,102636
9,101,0.8091930747032166,asleep,0.8392295830615029,0.5975230447322287,0.420370001989258,0.49353075809239116,0.40140070035594866,0.6777621970621625,[[ 102636 7117][ 14569 10566]],102636,7117,14569,10566
9,101,0.8091930747032166,avg,0.8392295830615029,0.7366097370327241,0.6777621970621625,0.6989900197286126,0.40140070035594866,0.6777621970621625,,,,,
