client,round,loss,class,accuracy,precision,recall,f1_score,cohen_kappa_score,roc_auc_score,confusion_matrix,TP,FP,FN,TN
0,159,0.7916184663772583,awake,0.8111915070280529,0.8779765908785148,0.8919118384007726,0.8848893549320219,0.360259748613311,0.6753173673802152,[[ 11530 13605][ 11863 97890]],11530,13605,11863,97890
0,159,0.7916184663772583,asleep,0.8111915070280529,0.49288248621382463,0.45872289635965785,0.47518958127266736,0.360259748613311,0.6753173673802153,[[ 97890 11863][ 13605 11530]],97890,11863,13605,11530
0,159,0.7916184663772583,avg,0.8111915070280529,0.6854295385461697,0.6753173673802152,0.6800394681023446,0.360259748613311,0.6753173673802153,,,,,
