client,round,loss,class,accuracy,precision,recall,f1_score,cohen_kappa_score,roc_auc_score,confusion_matrix,TP,FP,FN,TN
9,11,0.5632447004318237,awake,0.840652986181128,0.8692876091013314,0.9464798228750011,0.9062429117303229,0.38215808525417916,0.6625178107810454,[[ 9515 15620][ 5874 103879]],9515,15620,5874,103879
9,11,0.5632447004318237,asleep,0.840652986181128,0.6182987848463188,0.3785557986870897,0.46959826275787186,0.38215808525417916,0.6625178107810454,[[ 103879 5874][ 15620 9515]],103879,5874,15620,9515
9,11,0.5632447004318237,avg,0.840652986181128,0.7437931969738252,0.6625178107810454,0.6879205872440974,0.38215808525417916,0.6625178107810454,,,,,
