client,round,loss,class,accuracy,precision,recall,f1_score,cohen_kappa_score,roc_auc_score,confusion_matrix,TP,FP,FN,TN
10,11,0.5547339916229248,awake,0.7766443271454837,0.9154535683352638,0.7993130028336355,0.8534502047844655,0.39303964923035517,0.7384868177088408,[[ 17033 8102][ 22026 87727]],17033,8102,22026,87727
10,11,0.5547339916229248,asleep,0.7766443271454837,0.4360838731150311,0.6776606325840462,0.5306726485341309,0.39303964923035517,0.7384868177088408,[[ 87727 22026][ 8102 17033]],87727,22026,8102,17033
10,11,0.5547339916229248,avg,0.7766443271454837,0.6757687207251475,0.7384868177088408,0.6920614266592982,0.39303964923035517,0.7384868177088408,,,,,
