client,round,loss,class,accuracy,precision,recall,f1_score,cohen_kappa_score,roc_auc_score,confusion_matrix,TP,FP,FN,TN
6,159,0.992182731628418,awake,0.7101595397663246,0.8776147161623395,0.7481071132451961,0.807702523240372,0.2343542784257785,0.6462835148481798,[[ 13685 11450][ 27646 82107]],13685,11450,27646,82107
6,159,0.992182731628418,asleep,0.7101595397663246,0.3311074012242627,0.5444599164511638,0.41178948635392537,0.2343542784257785,0.6462835148481798,[[ 82107 27646][ 11450 13685]],82107,27646,11450,13685
6,159,0.992182731628418,avg,0.7101595397663246,0.6043610586933011,0.6462835148481799,0.6097460047971487,0.2343542784257785,0.6462835148481798,,,,,
