client,round,loss,class,accuracy,precision,recall,f1_score,cohen_kappa_score,roc_auc_score,confusion_matrix,TP,FP,FN,TN
8,74,0.7004539370536804,awake,0.7964533538936006,0.8545175714445717,0.9036928375534155,0.8784175146797036,0.25675159454404384,0.6159403117546269,[[ 8249 16886][ 10570 99183]],8249,16886,10570,99183
8,74,0.7004539370536804,asleep,0.7964533538936006,0.4383335990222647,0.3281877859558385,0.37534695363334397,0.25675159454404384,0.615940311754627,[[ 99183 10570][ 16886 8249]],99183,10570,16886,8249
8,74,0.7004539370536804,avg,0.7964533538936006,0.6464255852334182,0.6159403117546269,0.6268822341565238,0.25675159454404384,0.6159403117546269,,,,,
