client,round,loss,class,accuracy,precision,recall,f1_score,cohen_kappa_score,roc_auc_score,confusion_matrix,TP,FP,FN,TN
7,22,0.5261780023574829,awake,0.8231273352707431,0.8431599721940345,0.961468023653112,0.898435970132734,0.23634763794348868,0.5902625576789531,[[ 5506 19629][ 4229 105524]],5506,19629,4229,105524
7,22,0.5261780023574829,asleep,0.8231273352707431,0.565588084232152,0.21905709170479412,0.3158015486091196,0.23634763794348868,0.5902625576789531,[[ 105524 4229][ 19629 5506]],105524,4229,19629,5506
7,22,0.5261780023574829,avg,0.8231273352707431,0.7043740282130933,0.5902625576789531,0.6071187593709269,0.23634763794348868,0.5902625576789531,,,,,
