client,round,loss,class,accuracy,precision,recall,f1_score,cohen_kappa_score,roc_auc_score,confusion_matrix,TP,FP,FN,TN
17,127,0.6989919543266296,awake,0.8077071348081372,0.8443140831299861,0.9363206472716008,0.8879403454503038,0.22341193773348123,0.5912158239341891,[[ 6186 18949][ 6989 102764]],6186,18949,6989,102764
17,127,0.6989919543266296,asleep,0.8077071348081372,0.46952561669829224,0.2461110005967774,0.3229444009397024,0.22341193773348123,0.5912158239341891,[[ 102764 6989][ 18949 6186]],102764,6989,18949,6186
17,127,0.6989919543266296,avg,0.8077071348081372,0.6569198499141392,0.5912158239341891,0.605442373195003,0.22341193773348123,0.5912158239341891,,,,,
