client,round,loss,class,accuracy,precision,recall,f1_score,cohen_kappa_score,roc_auc_score,confusion_matrix,TP,FP,FN,TN
17,46,0.5585877299308777,awake,0.8116956289662535,0.8307156691314269,0.9652765755833553,0.8929552772205458,0.14622412672855434,0.5531773767115106,[[ 3546 21589][ 3811 105942]],3546,21589,3811,105942
17,46,0.5585877299308777,asleep,0.8116956289662535,0.48198994155226316,0.1410781778396658,0.2182691123968977,0.14622412672855434,0.5531773767115107,[[ 105942 3811][ 21589 3546]],105942,3811,21589,3546
17,46,0.5585877299308777,avg,0.8116956289662535,0.656352805341845,0.5531773767115106,0.5556121948087217,0.14622412672855434,0.5531773767115107,,,,,
