client,round,loss,class,accuracy,precision,recall,f1_score,cohen_kappa_score,roc_auc_score,confusion_matrix,TP,FP,FN,TN
6,110,0.8253322839736938,awake,0.6971042642785126,0.8317411402157164,0.7869306533762175,0.8087156414301967,0.0841711049669095,0.545902167746394,[[ 7663 17472][ 23385 86368]],7663,17472,23385,86368
6,110,0.8253322839736938,asleep,0.6971042642785126,0.24681138881731512,0.3048736821165705,0.27278714201804816,0.0841711049669095,0.545902167746394,[[ 86368 23385][ 17472 7663]],86368,23385,17472,7663
6,110,0.8253322839736938,avg,0.6971042642785126,0.5392762645165158,0.545902167746394,0.5407513917241225,0.0841711049669095,0.545902167746394,,,,,
