client,round,loss,class,accuracy,precision,recall,f1_score,cohen_kappa_score,roc_auc_score,confusion_matrix,TP,FP,FN,TN
7,20,0.5449765920639038,awake,0.8248621078227864,0.8492405258334752,0.9541333722085046,0.8986364143446809,0.2708359180443155,0.6072636226469219,[[ 6545 18590][ 5034 104719]],6545,18590,5034,104719
7,20,0.5449765920639038,asleep,0.8248621078227864,0.5652474306934968,0.2603938730853392,0.3565397396088686,0.2708359180443155,0.6072636226469219,[[ 104719 5034][ 18590 6545]],104719,5034,18590,6545
7,20,0.5449765920639038,avg,0.8248621078227864,0.7072439782634861,0.6072636226469219,0.6275880769767748,0.2708359180443155,0.6072636226469219,,,,,
