client,round,loss,class,accuracy,precision,recall,f1_score,cohen_kappa_score,roc_auc_score,confusion_matrix,TP,FP,FN,TN
7,32,0.5243461728096008,awake,0.825440365340134,0.8472644070800738,0.9581970424498647,0.8993227180215156,0.26160553242849616,0.6019749883027123,[[ 6177 18958][ 4588 105165]],6177,18958,4588,105165
7,32,0.5243461728096008,asleep,0.825440365340134,0.5738039944263817,0.24575293415556,0.3441225626740947,0.26160553242849616,0.6019749883027123,[[ 105165 4588][ 18958 6177]],105165,4588,18958,6177
7,32,0.5243461728096008,avg,0.825440365340134,0.7105342007532278,0.6019749883027123,0.6217226403478051,0.26160553242849616,0.6019749883027123,,,,,
