client,round,loss,class,accuracy,precision,recall,f1_score,cohen_kappa_score,roc_auc_score,confusion_matrix,TP,FP,FN,TN
14,132,0.5921271443367004,awake,0.8266561888381472,0.8494905597772868,0.9564112142720472,0.8997857020401167,0.2746820006420898,0.608243403038152,[[ 6537 18598][ 4784 104969]],6537,18598,4784,104969
14,132,0.5921271443367004,asleep,0.8266561888381472,0.5774224891794011,0.260075591804257,0.35862409479921,0.2746820006420898,0.608243403038152,[[ 104969 4784][ 18598 6537]],104969,4784,18598,6537
14,132,0.5921271443367004,avg,0.8266561888381472,0.713456524478344,0.608243403038152,0.6292048984196633,0.2746820006420898,0.608243403038152,,,,,
