client,round,loss,class,accuracy,precision,recall,f1_score,cohen_kappa_score,roc_auc_score,confusion_matrix,TP,FP,FN,TN
15,109,0.9264309406280518,awake,0.5432210426427851,0.8028257614835876,0.5814055196668884,0.6744065611194487,-0.028757092084624736,0.47894624501347205,[[ 9463 15672][ 45942 63811]],9463,15672,45942,63811
15,109,0.9264309406280518,asleep,0.5432210426427851,0.17079685948921577,0.3764869703600557,0.23498882542835856,-0.028757092084624736,0.47894624501347205,[[ 63811 45942][ 15672 9463]],63811,45942,15672,9463
15,109,0.9264309406280518,avg,0.5432210426427851,0.4868113104864017,0.47894624501347205,0.45469769327390364,-0.028757092084624736,0.47894624501347205,,,,,
