client,round,loss,class,accuracy,precision,recall,f1_score,cohen_kappa_score,roc_auc_score,confusion_matrix,TP,FP,FN,TN
2,72,0.5534452199935913,awake,0.8385104679437756,0.8773139808190505,0.9318378540905488,0.9037543024031601,0.4052219660871701,0.6814152469179618,[[ 10833 14302][ 7481 102272]],10833,14302,7481,102272
2,72,0.5534452199935913,asleep,0.8385104679437756,0.5915146882166649,0.430992639745375,0.4986535938686737,0.4052219660871701,0.6814152469179618,[[ 102272 7481][ 14302 10833]],102272,7481,14302,10833
2,72,0.5534452199935913,avg,0.8385104679437756,0.7344143345178578,0.6814152469179618,0.7012039481359169,0.4052219660871701,0.6814152469179618,,,,,
