client,round,loss,class,accuracy,precision,recall,f1_score,cohen_kappa_score,roc_auc_score,confusion_matrix,TP,FP,FN,TN
16,65,0.6553622484207153,awake,0.8105020461419845,0.8661668000417522,0.9072918280138128,0.8862524864607483,0.3207955127169413,0.6475786770862778,[[ 9749 15386][ 10175 99578]],9749,15386,10175,99578
16,65,0.6553622484207153,asleep,0.8105020461419845,0.4893093756273841,0.3878655261587428,0.4327215428660201,0.3207955127169413,0.6475786770862779,[[ 99578 10175][ 15386 9749]],99578,10175,15386,9749
16,65,0.6553622484207153,avg,0.8105020461419845,0.6777380878345681,0.6475786770862778,0.6594870146633842,0.3207955127169413,0.6475786770862779,,,,,
