client,round,loss,class,accuracy,precision,recall,f1_score,cohen_kappa_score,roc_auc_score,confusion_matrix,TP,FP,FN,TN
17,75,0.5895937085151672,awake,0.8105687681632169,0.8282254983744844,0.9679370951135732,0.8926476766658263,0.12757533176197722,0.5456753309265896,[[ 3102 22033][ 3519 106234]],3102,22033,3519,106234
17,75,0.5895937085151672,asleep,0.8105687681632169,0.4685092886270956,0.12341356673960613,0.19536465549817358,0.12757533176197722,0.5456753309265896,[[ 106234 3519][ 22033 3102]],106234,3519,22033,3102
17,75,0.5895937085151672,avg,0.8105687681632169,0.6483673935007901,0.5456753309265896,0.5440061660819999,0.12757533176197722,0.5456753309265896,,,,,
