client,round,loss,class,accuracy,precision,recall,f1_score,cohen_kappa_score,roc_auc_score,confusion_matrix,TP,FP,FN,TN
14,13,0.47261250019073486,awake,0.8271380701026037,0.8529613537617197,0.9515913004655909,0.8995809592716529,0.29216677886252684,0.617649638695099,[[ 7131 18004][ 5313 104440]],7131,18004,5313,104440
14,13,0.47261250019073486,asleep,0.8271380701026037,0.5730472516875603,0.28370797692460714,0.37952047686207724,0.29216677886252684,0.617649638695099,[[ 104440 5313][ 18004 7131]],104440,5313,18004,7131
14,13,0.47261250019073486,avg,0.8271380701026037,0.71300430272464,0.617649638695099,0.6395507180668651,0.29216677886252684,0.617649638695099,,,,,
