client,round,loss,class,accuracy,precision,recall,f1_score,cohen_kappa_score,roc_auc_score,confusion_matrix,TP,FP,FN,TN
8,141,0.6920483708381653,awake,0.7878091453650435,0.8547330680774781,0.8905724672674096,0.8722847912613562,0.24710193963422022,0.614830693550156,[[ 8523 16612][ 12010 97743]],8523,16612,12010,97743
8,141,0.6920483708381653,asleep,0.7878091453650435,0.4150879072712219,0.33908891983290235,0.37325917491460103,0.24710193963422022,0.614830693550156,[[ 97743 12010][ 16612 8523]],97743,12010,16612,8523
8,141,0.6920483708381653,avg,0.7878091453650435,0.63491048767435,0.614830693550156,0.6227719830879785,0.24710193963422022,0.614830693550156,,,,,
