client,round,loss,class,accuracy,precision,recall,f1_score,cohen_kappa_score,roc_auc_score,confusion_matrix,TP,FP,FN,TN
2,127,0.59173583984375,awake,0.8339214755945673,0.8724512855498231,0.9321658633476989,0.9013206001286242,0.3809938105517854,0.6685496116022362,[[ 10178 14957][ 7445 102308]],10178,14957,7445,102308
2,127,0.59173583984375,asleep,0.8339214755945673,0.5775407138398684,0.4049333598567734,0.4760746526965714,0.3809938105517854,0.6685496116022362,[[ 102308 7445][ 14957 10178]],102308,7445,14957,10178
2,127,0.59173583984375,avg,0.8339214755945673,0.7249959996948457,0.6685496116022361,0.6886976264125978,0.3809938105517854,0.6685496116022362,,,,,
