client,round,loss,class,accuracy,precision,recall,f1_score,cohen_kappa_score,roc_auc_score,confusion_matrix,TP,FP,FN,TN
5,49,0.65140300989151,awake,0.76272166538165,0.8387108016973225,0.877042085409966,0.8574482678757538,0.15229502242884585,0.5702894930729957,[[ 6624 18511][ 13495 96258]],6624,18511,13495,96258
5,49,0.65140300989151,asleep,0.76272166538165,0.32924101595506733,0.2635369007360255,0.29274760242188536,0.15229502242884585,0.5702894930729958,[[ 96258 13495][ 18511 6624]],96258,13495,18511,6624
5,49,0.65140300989151,avg,0.76272166538165,0.5839759088261949,0.5702894930729957,0.5750979351488196,0.15229502242884585,0.5702894930729958,,,,,
