client,round,loss,class,accuracy,precision,recall,f1_score,cohen_kappa_score,roc_auc_score,confusion_matrix,TP,FP,FN,TN
13,37,0.5450332760810852,awake,0.8162327264100587,0.8852554162019026,0.8894335462356382,0.8873395629567684,0.38912330988677246,0.6930159575220363,[[ 12482 12653][ 12135 97618]],12482,12653,12135,97618
13,37,0.5450332760810852,asleep,0.8162327264100587,0.5070479749766421,0.49659836880843444,0.5017687731146485,0.38912330988677246,0.6930159575220364,[[ 97618 12135][ 12653 12482]],97618,12135,12653,12482
13,37,0.5450332760810852,avg,0.8162327264100587,0.6961516955892724,0.6930159575220363,0.6945541680357085,0.38912330988677246,0.6930159575220363,,,,,
