client,round,loss,class,accuracy,precision,recall,f1_score,cohen_kappa_score,roc_auc_score,confusion_matrix,TP,FP,FN,TN
18,45,0.5580052137374878,awake,0.8257591483304667,0.834183159493514,0.9808205698249706,0.9015783148170637,0.18391811479028364,0.5647488566252364,[[ 3737 21398][ 2105 107648]],3737,21398,2105,107648
18,45,0.5580052137374878,asleep,0.8257591483304667,0.639678192399863,0.14867714342550228,0.2412757852600316,0.18391811479028364,0.5647488566252364,[[ 107648 2105][ 21398 3737]],107648,2105,21398,3737
18,45,0.5580052137374878,avg,0.8257591483304667,0.7369306759466885,0.5647488566252364,0.5714270500385477,0.18391811479028364,0.5647488566252364,,,,,
