client,round,loss,class,accuracy,precision,recall,f1_score,cohen_kappa_score,roc_auc_score,confusion_matrix,TP,FP,FN,TN
17,34,0.5405332446098328,awake,0.8076700670185636,0.8380416895227647,0.9465527138210345,0.8889982329056081,0.18897327593746982,0.5738930268926139,[[ 5058 20077][ 5866 103887]],5058,20077,5866,103887
17,34,0.5405332446098328,asleep,0.8076700670185636,0.4630172098132552,0.20123333996419335,0.28054022574114645,0.18897327593746982,0.573893026892614,[[ 103887 5866][ 20077 5058]],103887,5866,20077,5058
17,34,0.5405332446098328,avg,0.8076700670185636,0.65052944966801,0.5738930268926139,0.5847692293233773,0.18897327593746982,0.5738930268926139,,,,,
