client,round,loss,class,accuracy,precision,recall,f1_score,cohen_kappa_score,roc_auc_score,confusion_matrix,TP,FP,FN,TN
14,86,0.6862168312072754,awake,0.8224230472688453,0.847740094676091,0.9529033374941915,0.8972507839276598,0.25983564902377976,0.6027894447566442,[[ 6351 18784][ 5169 104584]],6351,18784,5169,104584
14,86,0.6862168312072754,asleep,0.8224230472688453,0.5513020833333333,0.25267555201909686,0.34652844086754875,0.25983564902377976,0.6027894447566442,[[ 104584 5169][ 18784 6351]],104584,5169,18784,6351
14,86,0.6862168312072754,avg,0.8224230472688453,0.6995210890047121,0.6027894447566442,0.6218896123976043,0.25983564902377976,0.6027894447566442,,,,,
