client,round,loss,class,accuracy,precision,recall,f1_score,cohen_kappa_score,roc_auc_score,confusion_matrix,TP,FP,FN,TN
18,64,0.6682555675506592,awake,0.8310969100290612,0.8486106880020523,0.9644747751769883,0.9028406207487708,0.2767830225120025,0.6065859055912791,[[ 6251 18884][ 3899 105854]],6251,18884,3899,105854
18,64,0.6682555675506592,asleep,0.8310969100290612,0.6158620689655172,0.24869703600556992,0.3543148646733739,0.2767830225120025,0.6065859055912792,[[ 105854 3899][ 18884 6251]],105854,3899,18884,6251
18,64,0.6682555675506592,avg,0.8310969100290612,0.7322363784837848,0.6065859055912791,0.6285777427110724,0.2767830225120025,0.6065859055912792,,,,,
