client,round,loss,class,accuracy,precision,recall,f1_score,cohen_kappa_score,roc_auc_score,confusion_matrix,TP,FP,FN,TN
4,66,0.6780193448066711,awake,0.8157656722614317,0.8681722780177273,0.9120661849789983,0.8895781031303459,0.3359200359832937,0.6536658754614506,[[ 9935 15200][ 9651 100102]],9935,15200,9651,100102
4,66,0.6780193448066711,asleep,0.8157656722614317,0.5072500765853161,0.39526556594390294,0.4443102792871358,0.3359200359832937,0.6536658754614506,[[ 100102 9651][ 15200 9935]],100102,9651,15200,9935
4,66,0.6780193448066711,avg,0.8157656722614317,0.6877111773015216,0.6536658754614506,0.6669441912087408,0.3359200359832937,0.6536658754614506,,,,,
