client,round,loss,class,accuracy,precision,recall,f1_score,cohen_kappa_score,roc_auc_score,confusion_matrix,TP,FP,FN,TN
9,72,0.6629915833473206,awake,0.8408457386869106,0.8774960448112199,0.9349174965604585,0.9052971485036703,0.41017576903357633,0.6824975388113612,[[ 10810 14325][ 7143 102610]],10810,14325,7143,102610
9,72,0.6629915833473206,asleep,0.8408457386869106,0.6021277780872277,0.4300775810622638,0.5017638321574451,0.41017576903357633,0.6824975388113612,[[ 102610 7143][ 14325 10810]],102610,7143,14325,10810
9,72,0.6629915833473206,avg,0.8408457386869106,0.7398119114492239,0.6824975388113612,0.7035304903305577,0.41017576903357633,0.6824975388113612,,,,,
