client,round,loss,class,accuracy,precision,recall,f1_score,cohen_kappa_score,roc_auc_score,confusion_matrix,TP,FP,FN,TN
7,92,0.7288362383842468,awake,0.8252105450447779,0.839966230610216,0.9699871529707617,0.9003065603923973,0.22047011898626734,0.5815123749735448,[[ 4852 20283][ 3294 106459]],4852,20283,3294,106459
7,92,0.7288362383842468,asleep,0.8252105450447779,0.5956297569359195,0.19303759697632783,0.29157777711006283,0.22047011898626734,0.5815123749735447,[[ 106459 3294][ 20283 4852]],106459,3294,20283,4852
7,92,0.7288362383842468,avg,0.8252105450447779,0.7177979937730677,0.5815123749735447,0.5959421687512301,0.22047011898626734,0.5815123749735447,,,,,
