client,round,loss,class,accuracy,precision,recall,f1_score,cohen_kappa_score,roc_auc_score,confusion_matrix,TP,FP,FN,TN
14,37,0.4615073800086975,awake,0.8329725401814839,0.8591581773411185,0.9505434931163613,0.9025434726187387,0.3290521418479396,0.6350688422414907,[[ 8033 17102][ 5428 104325]],8033,17102,5428,104325
14,37,0.4615073800086975,asleep,0.8329725401814839,0.5967610132976747,0.31959419136662026,0.4162607524095761,0.3290521418479396,0.6350688422414907,[[ 104325 5428][ 17102 8033]],104325,5428,17102,8033
14,37,0.4615073800086975,avg,0.8329725401814839,0.7279595953193967,0.6350688422414907,0.6594021125141574,0.3290521418479396,0.6350688422414907,,,,,
