client,round,loss,class,accuracy,precision,recall,f1_score,cohen_kappa_score,roc_auc_score,confusion_matrix,TP,FP,FN,TN
9,86,0.6990147829055786,awake,0.8395483660518356,0.8787136373014236,0.9313549515730777,0.9042688240055554,0.41152427220373855,0.6850130636122798,[[ 11026 14109][ 7534 102219]],11026,14109,7534,102219
9,86,0.6990147829055786,asleep,0.8395483660518356,0.5940732758620689,0.438671175651482,0.5046801693557615,0.41152427220373855,0.6850130636122799,[[ 102219 7534][ 14109 11026]],102219,7534,14109,11026
9,86,0.6990147829055786,avg,0.8395483660518356,0.7363934565817463,0.6850130636122799,0.7044744966806584,0.41152427220373855,0.6850130636122798,,,,,
