client,round,loss,class,accuracy,precision,recall,f1_score,cohen_kappa_score,roc_auc_score,confusion_matrix,TP,FP,FN,TN
8,43,0.6263393759727478,awake,0.8059649486981793,0.8480875591390684,0.9277012929031553,0.8861097694172115,0.240027781629229,0.6010497711780547,[[ 6897 18238][ 7935 101818]],6897,18238,7935,101818
8,43,0.6263393759727478,asleep,0.8059649486981793,0.46500809061488674,0.27439824945295405,0.3451347361573298,0.240027781629229,0.6010497711780546,[[ 101818 7935][ 18238 6897]],101818,7935,18238,6897
8,43,0.6263393759727478,avg,0.8059649486981793,0.6565478248769776,0.6010497711780547,0.6156222527872707,0.240027781629229,0.6010497711780547,,,,,
