client,round,loss,class,accuracy,precision,recall,f1_score,cohen_kappa_score,roc_auc_score,confusion_matrix,TP,FP,FN,TN
16,123,0.865722119808197,awake,0.8195688274716803,0.8643393989029082,0.9231364974078158,0.8927709144740321,0.3280345658599372,0.6452364404683797,[[ 9233 15902][ 8436 101317]],9233,15902,8436,101317
16,123,0.865722119808197,asleep,0.8195688274716803,0.5225536249929255,0.3673363835289437,0.43140827960003736,0.3280345658599372,0.6452364404683797,[[ 101317 8436][ 15902 9233]],101317,8436,15902,9233
16,123,0.865722119808197,avg,0.8195688274716803,0.6934465119479168,0.6452364404683797,0.6620895970370347,0.3280345658599372,0.6452364404683797,,,,,
