client,round,loss,class,accuracy,precision,recall,f1_score,cohen_kappa_score,roc_auc_score,confusion_matrix,TP,FP,FN,TN
6,74,0.6419095993041992,awake,0.752676294407212,0.8747056976926699,0.8124060390148788,0.8424056044480347,0.27169666403185644,0.6521349868836082,[[ 12363 12772][ 20589 89164]],12363,12772,20589,89164
6,74,0.6419095993041992,asleep,0.752676294407212,0.3751820830298616,0.49186393475233736,0.42567183707197825,0.27169666403185644,0.652134986883608,[[ 89164 20589][ 12772 12363]],89164,20589,12772,12363
6,74,0.6419095993041992,avg,0.752676294407212,0.6249438903612657,0.6521349868836082,0.6340387207600064,0.27169666403185644,0.6521349868836082,,,,,
