client,round,loss,class,accuracy,precision,recall,f1_score,cohen_kappa_score,roc_auc_score,confusion_matrix,TP,FP,FN,TN
12,108,0.9637890458106995,awake,0.8124221576418955,0.8431265795012229,0.9453591245797381,0.8913209686702689,0.22277593679667518,0.5886533040841798,[[ 5830 19305][ 5997 103756]],5830,19305,5997,103756
12,108,0.9637890458106995,asleep,0.8124221576418955,0.49293988331783206,0.23194748358862144,0.31545912017747957,0.22277593679667518,0.5886533040841798,[[ 103756 5997][ 19305 5830]],103756,5997,19305,5830
12,108,0.9637890458106995,avg,0.8124221576418955,0.6680332314095275,0.5886533040841798,0.6033900444238742,0.22277593679667518,0.5886533040841798,,,,,
