client,round,loss,class,accuracy,precision,recall,f1_score,cohen_kappa_score,roc_auc_score,confusion_matrix,TP,FP,FN,TN
18,76,0.6463128924369812,awake,0.827204792123836,0.842891482154332,0.9680737656373858,0.9011560350457579,0.24022185244114125,0.5900842271592539,[[ 5331 19804][ 3504 106249]],5331,19804,3504,106249
18,76,0.6463128924369812,asleep,0.827204792123836,0.6033955857385399,0.21209468868112194,0.31386517515454815,0.24022185244114125,0.5900842271592538,[[ 106249 3504][ 19804 5331]],106249,3504,19804,5331
18,76,0.6463128924369812,avg,0.827204792123836,0.7231435339464359,0.5900842271592539,0.6075106051001531,0.24022185244114125,0.5900842271592539,,,,,
