client,round,loss,class,accuracy,precision,recall,f1_score,cohen_kappa_score,roc_auc_score,confusion_matrix,TP,FP,FN,TN
9,15,0.5289541482925415,awake,0.8411941759089022,0.8769587928032502,0.9361748653795341,0.9055998448772018,0.4091349900177239,0.6813159984347441,[[ 10719 14416][ 7005 102748]],10719,14416,7005,102748
9,15,0.5289541482925415,asleep,0.8411941759089022,0.6047731888964116,0.42645713148995423,0.5001983247392614,0.4091349900177239,0.6813159984347441,[[ 102748 7005][ 14416 10719]],102748,7005,14416,10719
9,15,0.5289541482925415,avg,0.8411941759089022,0.740865990849831,0.6813159984347441,0.7028990848082316,0.4091349900177239,0.6813159984347441,,,,,
