client,round,loss,class,accuracy,precision,recall,f1_score,cohen_kappa_score,roc_auc_score,confusion_matrix,TP,FP,FN,TN
1,119,0.7913331389427185,awake,0.6721872961271573,0.8489059255709951,0.7264038340637613,0.7828917650293615,0.130220984748606,0.5809262058721432,[[ 10945 14190][ 30028 79725]],10945,14190,30028,79725
1,119,0.7913331389427185,asleep,0.6721872961271573,0.26712713250189146,0.43544857768052514,0.3311248260422339,0.130220984748606,0.5809262058721433,[[ 79725 30028][ 14190 10945]],79725,30028,14190,10945
1,119,0.7913331389427185,avg,0.6721872961271573,0.5580165290364433,0.5809262058721432,0.5570082955357978,0.130220984748606,0.5809262058721432,,,,,
