client,round,loss,class,accuracy,precision,recall,f1_score,cohen_kappa_score,roc_auc_score,confusion_matrix,TP,FP,FN,TN
0,90,0.5864373445510864,awake,0.8218151355198386,0.874235968006706,0.9122393009758275,0.8928334158206147,0.36599429508009995,0.6696068197737701,[[ 10732 14403][ 9632 100121]],10732,14403,9632,100121
0,90,0.5864373445510864,asleep,0.8218151355198386,0.527008446277745,0.42697433857171274,0.47174663179410536,0.36599429508009995,0.6696068197737702,[[ 100121 9632][ 14403 10732]],100121,9632,14403,10732
0,90,0.5864373445510864,avg,0.8218151355198386,0.7006222071422255,0.6696068197737701,0.68229002380736,0.36599429508009995,0.6696068197737701,,,,,
