client,round,loss,class,accuracy,precision,recall,f1_score,cohen_kappa_score,roc_auc_score,confusion_matrix,TP,FP,FN,TN
11,68,0.5482334494590759,awake,0.8293473103611886,0.8733577836320746,0.9242936411760954,0.8981040870800816,0.3759627519551395,0.6695269677931401,[[ 10425 14710][ 8309 101444]],10425,14710,8309,101444
11,68,0.5482334494590759,asleep,0.8293473103611886,0.5564748585459592,0.414760294410185,0.4752786705874308,0.3759627519551395,0.6695269677931401,[[ 101444 8309][ 14710 10425]],101444,8309,14710,10425
11,68,0.5482334494590759,avg,0.8293473103611886,0.7149163210890169,0.6695269677931401,0.6866913788337562,0.3759627519551395,0.6695269677931401,,,,,
