client,round,loss,class,accuracy,precision,recall,f1_score,cohen_kappa_score,roc_auc_score,confusion_matrix,TP,FP,FN,TN
4,129,0.803520917892456,awake,0.8124666389893838,0.869301337157949,0.9056882272010788,0.8871218206157966,0.3346797762329238,0.6555495044897377,[[ 10190 14945][ 10351 99402]],10190,14945,10351,99402
4,129,0.803520917892456,asleep,0.8124666389893838,0.49608100871427874,0.4054107817783967,0.446186180926526,0.3346797762329238,0.6555495044897377,[[ 99402 10351][ 14945 10190]],99402,10351,14945,10190
4,129,0.803520917892456,avg,0.8124666389893838,0.6826911729361138,0.6555495044897377,0.6666540007711613,0.3346797762329238,0.6555495044897377,,,,,
