client,round,loss,class,accuracy,precision,recall,f1_score,cohen_kappa_score,roc_auc_score,confusion_matrix,TP,FP,FN,TN
17,35,0.5656245350837708,awake,0.811473222228812,0.8296622958254165,0.9667890627135477,0.8929920974895432,0.13864077964604082,0.5500346745833503,[[ 3350 21785][ 3645 106108]],3350,21785,3645,106108
17,35,0.5656245350837708,asleep,0.811473222228812,0.4789135096497498,0.13328028645315299,0.20852785558667913,0.13864077964604082,0.5500346745833503,[[ 106108 3645][ 21785 3350]],106108,3645,21785,3350
17,35,0.5656245350837708,avg,0.811473222228812,0.6542879027375832,0.5500346745833503,0.5507599765381112,0.13864077964604082,0.5500346745833503,,,,,
