client,round,loss,class,accuracy,precision,recall,f1_score,cohen_kappa_score,roc_auc_score,confusion_matrix,TP,FP,FN,TN
17,141,0.7816495299339294,awake,0.8034962339125793,0.8306207553913976,0.9527848897068872,0.8875186719174363,0.1387582654168461,0.5522030674911997,[[ 3811 21324][ 5182 104571]],3811,21324,5182,104571
17,141,0.7816495299339294,asleep,0.8034962339125793,0.423774046480596,0.15162124527551224,0.2233356774496015,0.1387582654168461,0.5522030674911997,[[ 104571 5182][ 21324 3811]],104571,5182,21324,3811
17,141,0.7816495299339294,avg,0.8034962339125793,0.6271974009359969,0.5522030674911997,0.5554271746835189,0.1387582654168461,0.5522030674911997,,,,,
