client,round,loss,class,accuracy,precision,recall,f1_score,cohen_kappa_score,roc_auc_score,confusion_matrix,TP,FP,FN,TN
11,70,0.5658668279647827,awake,0.8292361069924679,0.8624436809856977,0.940065419624065,0.8995832316116207,0.33631125998023903,0.6426804122190346,[[ 8679 16456][ 6578 103175]],8679,16456,6578,103175
11,70,0.5658668279647827,asleep,0.8292361069924679,0.5688536409516943,0.3452954048140044,0.4297385620915033,0.33631125998023903,0.6426804122190347,[[ 103175 6578][ 16456 8679]],103175,6578,16456,8679
11,70,0.5658668279647827,avg,0.8292361069924679,0.7156486609686961,0.6426804122190347,0.6646608968515619,0.33631125998023903,0.6426804122190346,,,,,
