client,round,loss,class,accuracy,precision,recall,f1_score,cohen_kappa_score,roc_auc_score,confusion_matrix,TP,FP,FN,TN
4,44,0.6586551070213318,awake,0.8242616096316945,0.8608729932395027,0.9351452807668128,0.8964734141281799,0.3219898235082569,0.6376144148015485,[[ 8548 16587][ 7118 102635]],8548,16587,7118,102635
4,44,0.6586551070213318,asleep,0.8242616096316945,0.5456402400102132,0.34008354883628406,0.4190093380064214,0.3219898235082569,0.6376144148015485,[[ 102635 7118][ 16587 8548]],102635,7118,16587,8548
4,44,0.6586551070213318,avg,0.8242616096316945,0.7032566166248579,0.6376144148015485,0.6577413760673007,0.3219898235082569,0.6376144148015485,,,,,
