client,round,loss,class,accuracy,precision,recall,f1_score,cohen_kappa_score,roc_auc_score,confusion_matrix,TP,FP,FN,TN
1,135,0.8367660641670227,awake,0.6532901370025502,0.8605298104221998,0.6848924402977595,0.7627305243398189,0.1489993489552187,0.6000949171848854,[[ 12952 12183][ 34584 75169]],12952,12183,34584,75169
1,135,0.8367660641670227,asleep,0.6532901370025502,0.2724671827667452,0.5152973940720111,0.3564558076811933,0.1489993489552187,0.6000949171848853,[[ 75169 34584][ 12183 12952]],75169,34584,12183,12952
1,135,0.8367660641670227,avg,0.6532901370025502,0.5664984965944725,0.6000949171848853,0.5595931660105061,0.1489993489552187,0.6000949171848853,,,,,
