client,round,loss,class,accuracy,precision,recall,f1_score,cohen_kappa_score,roc_auc_score,confusion_matrix,TP,FP,FN,TN
5,80,0.7102624773979187,awake,0.7690380167249866,0.832193604557788,0.8970233159913624,0.8633932016697654,0.12338827877656233,0.5536041584929957,[[ 5283 19852][ 11302 98451]],5283,19852,11302,98451
5,80,0.7102624773979187,asleep,0.7690380167249866,0.31854085016581246,0.210185000994629,0.25325982742090125,0.12338827877656233,0.5536041584929956,[[ 98451 11302][ 19852 5283]],98451,11302,19852,5283
5,80,0.7102624773979187,avg,0.7690380167249866,0.5753672273618002,0.5536041584929957,0.5583265145453333,0.12338827877656233,0.5536041584929956,,,,,
