client,round,loss,class,accuracy,precision,recall,f1_score,cohen_kappa_score,roc_auc_score,confusion_matrix,TP,FP,FN,TN
1,125,0.8369874358177185,awake,0.6496204258347666,0.8498270206119776,0.691589295964575,0.762586025016326,0.12025883965025475,0.5789754715351023,[[ 11722 13413][ 33849 75904]],11722,13413,33849,75904
1,125,0.8369874358177185,asleep,0.6496204258347666,0.2572249895767045,0.4663616471056296,0.3315701637767658,0.12025883965025475,0.5789754715351023,[[ 75904 33849][ 13413 11722]],75904,33849,13413,11722
1,125,0.8369874358177185,avg,0.6496204258347666,0.553526005094341,0.5789754715351023,0.5470780943965459,0.12025883965025475,0.5789754715351023,,,,,
