client,round,loss,class,accuracy,precision,recall,f1_score,cohen_kappa_score,roc_auc_score,confusion_matrix,TP,FP,FN,TN
8,131,0.7406362295150757,awake,0.7956156218492378,0.8690743501769387,0.8816251036418139,0.8753047387727225,0.3091929905948356,0.6508384121749948,[[ 10558 14577][ 12992 96761]],10558,14577,12992,96761
8,131,0.7406362295150757,asleep,0.7956156218492378,0.4483227176220807,0.42005172070817587,0.4337270206429085,0.3091929905948356,0.6508384121749948,[[ 96761 12992][ 14577 10558]],96761,12992,14577,10558
8,131,0.7406362295150757,avg,0.7956156218492378,0.6586985338995097,0.6508384121749948,0.6545158797078156,0.3091929905948356,0.6508384121749948,,,,,
