client,round,loss,class,accuracy,precision,recall,f1_score,cohen_kappa_score,roc_auc_score,confusion_matrix,TP,FP,FN,TN
11,134,0.738387405872345,awake,0.8285763003380583,0.8664985700505982,0.933077000173116,0.8985561926655815,0.35070562100056124,0.6526733717794166,[[ 9357 15778][ 7345 102408]],9357,15778,7345,102408
11,134,0.738387405872345,asleep,0.8285763003380583,0.5602323075080828,0.3722697433857171,0.44730740731888036,0.35070562100056124,0.6526733717794165,[[ 102408 7345][ 15778 9357]],102408,7345,15778,9357
11,134,0.738387405872345,avg,0.8285763003380583,0.7133654387793404,0.6526733717794165,0.672931799992231,0.35070562100056124,0.6526733717794166,,,,,
