client,round,loss,class,accuracy,precision,recall,f1_score,cohen_kappa_score,roc_auc_score,confusion_matrix,TP,FP,FN,TN
9,51,0.6178045868873596,awake,0.8412534843722199,0.8729314420803782,0.9420243637987117,0.90616276572901,0.3960201014680347,0.6716288518814524,[[ 10085 15050][ 6363 103390]],10085,15050,6363,103390
9,51,0.6178045868873596,asleep,0.8412534843722199,0.6131444552529183,0.40123333996419336,0.48505398840872477,0.3960201014680347,0.6716288518814526,[[ 103390 6363][ 15050 10085]],103390,6363,15050,10085
9,51,0.6178045868873596,avg,0.8412534843722199,0.7430379486666483,0.6716288518814525,0.6956083770688674,0.3960201014680347,0.6716288518814525,,,,,
