client,round,loss,class,accuracy,precision,recall,f1_score,cohen_kappa_score,roc_auc_score,confusion_matrix,TP,FP,FN,TN
0,7,0.4937081038951874,awake,0.7895142636854279,0.8506184012066365,0.8992282671088717,0.8742481552675637,0.23198744231336432,0.60483593582219,[[ 7803 17332][ 11060 98693]],7803,17332,11060,98693
0,7,0.4937081038951874,asleep,0.7895142636854279,0.41366696707840744,0.31044360453550823,0.3546979408154916,0.23198744231336432,0.6048359358221899,[[ 98693 11060][ 17332 7803]],98693,11060,17332,7803
0,7,0.4937081038951874,avg,0.7895142636854279,0.632142684142522,0.60483593582219,0.6144730480415277,0.23198744231336432,0.60483593582219,,,,,
