client,round,loss,class,accuracy,precision,recall,f1_score,cohen_kappa_score,roc_auc_score,confusion_matrix,TP,FP,FN,TN
16,18,0.5877565145492554,awake,0.8123999169681514,0.8561523668139951,0.9248221005348373,0.8891633706949791,0.28477343957204837,0.6231629897939752,[[ 8081 17054][ 8251 101502]],8081,17054,8251,101502
16,18,0.5877565145492554,asleep,0.8123999169681514,0.4947954935096743,0.3215038790531132,0.3897557093592495,0.28477343957204837,0.6231629897939753,[[ 101502 8251][ 17054 8081]],101502,8251,17054,8081
16,18,0.5877565145492554,avg,0.8123999169681514,0.6754739301618347,0.6231629897939752,0.6394595400271144,0.28477343957204837,0.6231629897939752,,,,,
