client,round,loss,class,accuracy,precision,recall,f1_score,cohen_kappa_score,roc_auc_score,confusion_matrix,TP,FP,FN,TN
6,79,0.7497950792312622,awake,0.6894682996263567,0.873259267407326,0.7233333029621059,0.7912569831010201,0.20553149716230545,0.6324643439417651,[[ 13613 11522][ 30365 79388]],13613,11522,30365,79388
6,79,0.7497950792312622,asleep,0.6894682996263567,0.30954113420346535,0.5415953849214243,0.39393457092008743,0.20553149716230545,0.6324643439417651,[[ 79388 30365][ 11522 13613]],79388,30365,11522,13613
6,79,0.7497950792312622,avg,0.6894682996263567,0.5914002008053957,0.6324643439417651,0.5925957770105538,0.20553149716230545,0.6324643439417651,,,,,
