client,round,loss,class,accuracy,precision,recall,f1_score,cohen_kappa_score,roc_auc_score,confusion_matrix,TP,FP,FN,TN
1,62,0.7243028283119202,awake,0.6716090386098096,0.8608553755912544,0.711388299180888,0.779017211274632,0.16196399814650908,0.6046497891368932,[[ 12515 12620][ 31676 78077]],12515,12620,31676,78077
1,62,0.7243028283119202,asleep,0.6716090386098096,0.28320246203978183,0.49791127909289834,0.36104780313302365,0.16196399814650908,0.6046497891368932,[[ 78077 31676][ 12620 12515]],78077,31676,12620,12515
1,62,0.7243028283119202,avg,0.6716090386098096,0.5720289188155181,0.6046497891368932,0.5700325072038278,0.16196399814650908,0.6046497891368932,,,,,
