client,round,loss,class,accuracy,precision,recall,f1_score,cohen_kappa_score,roc_auc_score,confusion_matrix,TP,FP,FN,TN
9,5,0.5282495021820068,awake,0.8411422810034992,0.8713100212717657,0.9442202035479668,0.9063011063011063,0.39023467831291925,0.6676342712587655,[[ 9829 15306][ 6122 103631]],9829,15306,6122,103631
9,5,0.5282495021820068,asleep,0.8411422810034992,0.6161996113096357,0.39104833896956437,0.47845981599571624,0.39023467831291925,0.6676342712587656,[[ 103631 6122][ 15306 9829]],103631,6122,15306,9829
9,5,0.5282495021820068,avg,0.8411422810034992,0.7437548162907007,0.6676342712587655,0.6923804611484112,0.39023467831291925,0.6676342712587655,,,,,
