client,round,loss,class,accuracy,precision,recall,f1_score,cohen_kappa_score,roc_auc_score,confusion_matrix,TP,FP,FN,TN
4,85,0.8150681257247925,awake,0.8141569301939386,0.8675149505698142,0.9106721456361102,0.8885698283296143,0.331119201780642,0.6516957306656779,[[ 9871 15264][ 9804 99949]],9871,15264,9804,99949
4,85,0.8150681257247925,asleep,0.8141569301939386,0.5017026683608641,0.39271931569524565,0.44057130104887304,0.331119201780642,0.6516957306656779,[[ 99949 9804][ 15264 9871]],99949,9804,15264,9871
4,85,0.8150681257247925,avg,0.8141569301939386,0.6846088094653391,0.6516957306656779,0.6645705646892437,0.331119201780642,0.6516957306656779,,,,,
