client,round,loss,class,accuracy,precision,recall,f1_score,cohen_kappa_score,roc_auc_score,confusion_matrix,TP,FP,FN,TN
14,130,0.6068957448005676,awake,0.8259296601625052,0.8504838434475979,0.9537324720053211,0.8991538891036379,0.27852148732658477,0.6108029775980455,[[ 6733 18402][ 5078 104675]],6733,18402,5078,104675
14,130,0.6068957448005676,asleep,0.8259296601625052,0.5700618067902803,0.26787348319076987,0.3644778866453744,0.27852148732658477,0.6108029775980455,[[ 104675 5078][ 18402 6733]],104675,5078,18402,6733
14,130,0.6068957448005676,avg,0.8259296601625052,0.7102728251189391,0.6108029775980455,0.6318158878745062,0.27852148732658477,0.6108029775980455,,,,,
