client,round,loss,class,accuracy,precision,recall,f1_score,cohen_kappa_score,roc_auc_score,confusion_matrix,TP,FP,FN,TN
14,57,0.505289614200592,awake,0.8256182907300872,0.8589100050778746,0.9401109764653358,0.8976779391165903,0.31609413781330187,0.6328961486663262,[[ 8186 16949][ 6573 103180]],8186,16949,6573,103180
14,57,0.505289614200592,asleep,0.8256182907300872,0.5546446236194864,0.3256813208673165,0.41038752694640795,0.31609413781330187,0.6328961486663262,[[ 103180 6573][ 16949 8186]],103180,6573,16949,8186
14,57,0.505289614200592,avg,0.8256182907300872,0.7067773143486805,0.6328961486663262,0.6540327330314991,0.31609413781330187,0.6328961486663262,,,,,
