client,round,loss,class,accuracy,precision,recall,f1_score,cohen_kappa_score,roc_auc_score,confusion_matrix,TP,FP,FN,TN
9,68,0.6486534476280212,awake,0.8415500266888085,0.8799852098990489,0.9324300930270699,0.9054488668285798,0.41920242905535177,0.6885743065095564,[[ 11178 13957][ 7416 102337]],11178,13957,7416,102337
9,68,0.6486534476280212,asleep,0.8415500266888085,0.601161665053243,0.444718519992043,0.5112396807610511,0.41920242905535177,0.6885743065095564,[[ 102337 7416][ 13957 11178]],102337,7416,13957,11178
9,68,0.6486534476280212,avg,0.8415500266888085,0.7405734374761459,0.6885743065095564,0.7083442737948155,0.41920242905535177,0.6885743065095564,,,,,
