client,round,loss,class,accuracy,precision,recall,f1_score,cohen_kappa_score,roc_auc_score,confusion_matrix,TP,FP,FN,TN
7,78,0.5956530570983887,awake,0.8259889686258229,0.8644947066924643,0.9322660883984948,0.8971022752180965,0.3389143743610672,0.6470958450745209,[[ 9097 16038][ 7434 102319]],9097,16038,7434,102319
7,78,0.5956530570983887,asleep,0.8259889686258229,0.5502994374206037,0.36192560175054705,0.4366629866077857,0.3389143743610672,0.6470958450745209,[[ 102319 7434][ 16038 9097]],102319,7434,16038,9097
7,78,0.5956530570983887,avg,0.8259889686258229,0.707397072056534,0.6470958450745209,0.6668826309129411,0.3389143743610672,0.6470958450745209,,,,,
