client,round,loss,class,accuracy,precision,recall,f1_score,cohen_kappa_score,roc_auc_score,confusion_matrix,TP,FP,FN,TN
17,142,0.753675103187561,awake,0.809449320918095,0.8457311153890452,0.9366668792652593,0.8888792816473345,0.23273918684688888,0.5953077782043423,[[ 6383 18752][ 6951 102802]],6383,18752,6951,102802
17,142,0.753675103187561,asleep,0.809449320918095,0.4787010649467527,0.2539486771434255,0.3318516207855676,0.23273918684688888,0.5953077782043424,[[ 102802 6951][ 18752 6383]],102802,6951,18752,6383
17,142,0.753675103187561,avg,0.809449320918095,0.662216090167899,0.5953077782043423,0.6103654512164511,0.23273918684688888,0.5953077782043423,,,,,
