client,round,loss,class,accuracy,precision,recall,f1_score,cohen_kappa_score,roc_auc_score,confusion_matrix,TP,FP,FN,TN
10,124,0.717032253742218,awake,0.7728559990510646,0.9217344023199283,0.7877233424143304,0.8494760475364653,0.3982069557039821,0.7478302409306583,[[ 17794 7341][ 23298 86455]],17794,7341,23298,86455
10,124,0.717032253742218,asleep,0.7728559990510646,0.4330283266815925,0.7079371394469862,0.5373639150195539,0.3982069557039821,0.7478302409306583,[[ 86455 23298][ 7341 17794]],86455,23298,7341,17794
10,124,0.717032253742218,avg,0.7728559990510646,0.6773813645007605,0.7478302409306583,0.6934199812780096,0.3982069557039821,0.7478302409306583,,,,,
