client,round,loss,class,accuracy,precision,recall,f1_score,cohen_kappa_score,roc_auc_score,confusion_matrix,TP,FP,FN,TN
15,107,0.9014869928359985,awake,0.5402852737085582,0.8072383747120223,0.5714650169015881,0.6691917844758603,-0.01635604705500615,0.487801336777828,[[ 10158 14977][ 47033 62720]],10158,14977,47033,62720
15,107,0.9014869928359985,asleep,0.5402852737085582,0.17761535905999196,0.40413765665406803,0.2467750163982217,-0.01635604705500615,0.48780133677782805,[[ 62720 47033][ 14977 10158]],62720,47033,14977,10158
15,107,0.9014869928359985,avg,0.5402852737085582,0.4924268668860071,0.4878013367778281,0.457983400437041,-0.01635604705500615,0.487801336777828,,,,,
