client,round,loss,class,accuracy,precision,recall,f1_score,cohen_kappa_score,roc_auc_score,confusion_matrix,TP,FP,FN,TN
6,45,0.5650225877761841,awake,0.7439060553941047,0.84939003428444,0.8329521744280338,0.8410907986861839,0.18210263214505296,0.5940173643176572,[[ 8925 16210][ 18334 91419]],8925,16210,18334,91419
6,45,0.5650225877761841,asleep,0.7439060553941047,0.32741479878205365,0.3550825542072807,0.34068786502271253,0.18210263214505296,0.5940173643176573,[[ 91419 18334][ 16210 8925]],91419,18334,16210,8925
6,45,0.5650225877761841,avg,0.7439060553941047,0.5884024165332469,0.5940173643176573,0.5908893318544481,0.18210263214505296,0.5940173643176572,,,,,
