client,round,loss,class,accuracy,precision,recall,f1_score,cohen_kappa_score,roc_auc_score,confusion_matrix,TP,FP,FN,TN
4,38,0.6479533314704895,awake,0.8207772374117787,0.8573015130765891,0.9354368445509462,0.8946664400960311,0.3018577390005267,0.6277741214996625,[[ 8046 17089][ 7086 102667]],8046,17089,7086,102667
4,38,0.6479533314704895,asleep,0.8207772374117787,0.5317208564631245,0.32011139844837877,0.3996324533737304,0.3018577390005267,0.6277741214996625,[[ 102667 7086][ 17089 8046]],102667,7086,17089,8046
4,38,0.6479533314704895,avg,0.8207772374117787,0.6945111847698568,0.6277741214996625,0.6471494467348807,0.3018577390005267,0.6277741214996625,,,,,
