client,round,loss,class,accuracy,precision,recall,f1_score,cohen_kappa_score,roc_auc_score,confusion_matrix,TP,FP,FN,TN
4,92,0.7565732598304749,awake,0.8193093529446652,0.8765280742295684,0.9054786657312328,0.8907682034320645,0.3690436512773009,0.6742631044987972,[[ 11136 13999][ 10374 99379]],11136,13999,10374,99379
4,92,0.7565732598304749,asleep,0.8193093529446652,0.5177126917712692,0.44304754326636164,0.4774788294565334,0.3690436512773009,0.6742631044987972,[[ 99379 10374][ 13999 11136]],99379,10374,13999,11136
4,92,0.7565732598304749,avg,0.8193093529446652,0.6971203830004188,0.6742631044987972,0.6841235164442989,0.3690436512773009,0.6742631044987972,,,,,
