client,round,loss,class,accuracy,precision,recall,f1_score,cohen_kappa_score,roc_auc_score,confusion_matrix,TP,FP,FN,TN
11,40,0.5035903453826904,awake,0.8335137299092581,0.8627056672760511,0.9459240294114967,0.9024003337780809,0.3445366156143985,0.6442968068282866,[[ 8613 16522][ 5935 103818]],8613,16522,5935,103818
11,40,0.5035903453826904,asleep,0.8335137299092581,0.5920401429749794,0.3426695842450766,0.4340901645540912,0.3445366156143985,0.6442968068282867,[[ 103818 5935][ 16522 8613]],103818,5935,16522,8613
11,40,0.5035903453826904,avg,0.8335137299092581,0.7273729051255153,0.6442968068282866,0.6682452491660861,0.3445366156143985,0.6442968068282866,,,,,
