client,round,loss,class,accuracy,precision,recall,f1_score,cohen_kappa_score,roc_auc_score,confusion_matrix,TP,FP,FN,TN
3,80,0.780500590801239,awake,0.8266191210485736,0.8540693002738557,0.9490765628274398,0.8990699782059858,0.29649921615985175,0.6204901413699562,[[ 7337 17798][ 5589 104164]],7337,17798,5589,104164
3,80,0.780500590801239,asleep,0.8266191210485736,0.5676156583629893,0.29190371991247266,0.3855390031791072,0.29649921615985175,0.6204901413699563,[[ 104164 5589][ 17798 7337]],104164,5589,17798,7337
3,80,0.780500590801239,avg,0.8266191210485736,0.7108424793184225,0.6204901413699562,0.6423044906925465,0.29649921615985175,0.6204901413699562,,,,,
