client,round,loss,class,accuracy,precision,recall,f1_score,cohen_kappa_score,roc_auc_score,confusion_matrix,TP,FP,FN,TN
12,129,1.1636157035827637,awake,0.8171223533598244,0.8303732983358054,0.9742603846819677,0.8965806375878318,0.14856660700299007,0.5526165659236375,[[ 3292 21843][ 2825 106928]],3292,21843,2825,106928
12,129,1.1636157035827637,asleep,0.8171223533598244,0.5381723066862841,0.13097274716530735,0.2106745168309228,0.14856660700299007,0.5526165659236375,[[ 106928 2825][ 21843 3292]],106928,2825,21843,3292
12,129,1.1636157035827637,avg,0.8171223533598244,0.6842728025110447,0.5526165659236375,0.5536275772093773,0.14856660700299007,0.5526165659236375,,,,,
