client,round,loss,class,accuracy,precision,recall,f1_score,cohen_kappa_score,roc_auc_score,confusion_matrix,TP,FP,FN,TN
10,122,0.7336693406105042,awake,0.7570428800189787,0.9126649727145048,0.7756234453727916,0.8385822505491908,0.36043328181096757,0.7257667654554428,[[ 16989 8146][ 24626 85127]],16989,8146,24626,85127
10,122,0.7336693406105042,asleep,0.7570428800189787,0.40824222035323804,0.6759100855380943,0.5090337078651685,0.36043328181096757,0.7257667654554429,[[ 85127 24626][ 8146 16989]],85127,24626,8146,16989
10,122,0.7336693406105042,avg,0.7570428800189787,0.6604535965338714,0.7257667654554429,0.6738079792071796,0.36043328181096757,0.7257667654554429,,,,,
