client,round,loss,class,accuracy,precision,recall,f1_score,cohen_kappa_score,roc_auc_score,confusion_matrix,TP,FP,FN,TN
13,9,0.4794333279132843,awake,0.8190869462072238,0.8888949641861228,0.8887410822483213,0.8888180165567892,0.4035628112631203,0.7018402049395573,[[ 12943 12192][ 12211 97542]],12943,12192,12211,97542
13,9,0.4794333279132843,asleep,0.8190869462072238,0.5145503697225093,0.5149393276307938,0.5147447751993479,0.4035628112631203,0.7018402049395575,[[ 97542 12211][ 12192 12943]],97542,12211,12192,12943
13,9,0.4794333279132843,avg,0.8190869462072238,0.7017226669543161,0.7018402049395576,0.7017813958780685,0.4035628112631203,0.7018402049395573,,,,,
