client,round,loss,class,accuracy,precision,recall,f1_score,cohen_kappa_score,roc_auc_score,confusion_matrix,TP,FP,FN,TN
3,10,0.5293656587600708,awake,0.8305631338592017,0.864309431177891,0.9392089510081729,0.9002039149932101,0.34580852314227606,0.647682852269553,[[ 8952 16183][ 6672 103081]],8952,16183,6672,103081
3,10,0.5293656587600708,asleep,0.8305631338592017,0.5729646697388633,0.35615675353093296,0.4392649476189308,0.34580852314227606,0.6476828522695529,[[ 103081 6672][ 16183 8952]],103081,6672,16183,8952
3,10,0.5293656587600708,avg,0.8305631338592017,0.7186370504583772,0.6476828522695529,0.6697344313060705,0.34580852314227606,0.647682852269553,,,,,
