client,round,loss,class,accuracy,precision,recall,f1_score,cohen_kappa_score,roc_auc_score,confusion_matrix,TP,FP,FN,TN
16,76,0.7377838492393494,awake,0.8149353537749837,0.8644624404669796,0.9162027461663919,0.889580891297136,0.32132253671303557,0.6444749557368661,[[ 9369 15766][ 9197 100556]],9369,15766,9197,100556
16,76,0.7377838492393494,asleep,0.8149353537749837,0.5046321232360228,0.37274716530734037,0.4287773735154802,0.32132253671303557,0.6444749557368661,[[ 100556 9197][ 15766 9369]],100556,9197,15766,9369
16,76,0.7377838492393494,avg,0.8149353537749837,0.6845472818515013,0.6444749557368661,0.6591791324063081,0.32132253671303557,0.6444749557368661,,,,,
