client,round,loss,class,accuracy,precision,recall,f1_score,cohen_kappa_score,roc_auc_score,confusion_matrix,TP,FP,FN,TN
5,53,0.7504697442054749,awake,0.7559011921001126,0.8305951202719566,0.8793472615782713,0.8542762051445466,0.10676453590688129,0.5481080847378127,[[ 5451 19684][ 13242 96511]],5451,19684,13242,96511
5,53,0.7504697442054749,asleep,0.7559011921001126,0.29160648371047987,0.21686890789735427,0.24874509446016244,0.10676453590688129,0.5481080847378127,[[ 96511 13242][ 19684 5451]],96511,13242,19684,5451
5,53,0.7504697442054749,avg,0.7559011921001126,0.5611008019912183,0.5481080847378128,0.5515106498023545,0.10676453590688129,0.5481080847378127,,,,,
