client,round,loss,class,accuracy,precision,recall,f1_score,cohen_kappa_score,roc_auc_score,confusion_matrix,TP,FP,FN,TN
3,125,0.754610002040863,awake,0.8242319554000356,0.877253595229744,0.9115195028837481,0.8940583485631812,0.3795628100926287,0.6773034156551225,[[ 11137 13998][ 9711 100042]],11137,13998,9711,100042
3,125,0.754610002040863,asleep,0.8242319554000356,0.5341999232540292,0.4430873284264969,0.4843964073679403,0.3795628100926287,0.6773034156551224,[[ 100042 9711][ 13998 11137]],100042,9711,13998,11137
3,125,0.754610002040863,avg,0.8242319554000356,0.7057267592418865,0.6773034156551225,0.6892273779655608,0.3795628100926287,0.6773034156551225,,,,,
