client,round,loss,class,accuracy,precision,recall,f1_score,cohen_kappa_score,roc_auc_score,confusion_matrix,TP,FP,FN,TN
16,121,0.8409954309463501,awake,0.815550679081905,0.869311704247783,0.9101345749091141,0.8892548740318704,0.3395185296486203,0.6563404125788856,[[ 10118 15017][ 9863 99890]],10118,15017,9863,99890
16,121,0.8409954309463501,asleep,0.815550679081905,0.5063810620089084,0.40254625024865726,0.44853267133611135,0.3395185296486203,0.6563404125788856,[[ 99890 9863][ 15017 10118]],99890,9863,15017,10118
16,121,0.8409954309463501,avg,0.815550679081905,0.6878463831283457,0.6563404125788856,0.6688937726839909,0.3395185296486203,0.6563404125788856,,,,,
