client,round,loss,class,accuracy,precision,recall,f1_score,cohen_kappa_score,roc_auc_score,confusion_matrix,TP,FP,FN,TN
10,46,0.6288696527481079,awake,0.7694531759682106,0.9179730261130182,0.7869762102174883,0.8474421616530288,0.38696326630982936,0.7399571721467391,[[ 17417 7718][ 23380 86373]],17417,7718,23380,86373
10,46,0.6288696527481079,asleep,0.7694531759682106,0.42691864597887097,0.6929381340759897,0.5283322210762604,0.38696326630982936,0.7399571721467391,[[ 86373 23380][ 7718 17417]],86373,23380,7718,17417
10,46,0.6288696527481079,avg,0.7694531759682106,0.6724458360459447,0.7399571721467391,0.6878871913646446,0.38696326630982936,0.7399571721467391,,,,,
