client,round,loss,class,accuracy,precision,recall,f1_score,cohen_kappa_score,roc_auc_score,confusion_matrix,TP,FP,FN,TN
0,39,0.4737498164176941,awake,0.8365088073068027,0.886132685229214,0.9168860987854546,0.9012471173006739,0.42739166021992847,0.7012120965381421,[[ 12204 12931][ 9122 100631]],12204,12931,9122,100631
0,39,0.4737498164176941,asleep,0.8365088073068027,0.5722592141048486,0.4855380942908295,0.52534383676632,0.42739166021992847,0.701212096538142,[[ 100631 9122][ 12931 12204]],100631,9122,12931,12204
0,39,0.4737498164176941,avg,0.8365088073068027,0.7291959496670313,0.7012120965381421,0.7132954770334969,0.42739166021992847,0.7012120965381421,,,,,
