client,round,loss,class,accuracy,precision,recall,f1_score,cohen_kappa_score,roc_auc_score,confusion_matrix,TP,FP,FN,TN
1,123,0.9254160523414612,awake,0.5879766917739161,0.8523871471315208,0.5970041821180286,0.702196406659415,0.09676243441395482,0.5727809850315626,[[ 13788 11347][ 44230 65523]],13788,11347,44230,65523
1,123,0.9254160523414612,asleep,0.5879766917739161,0.2376503843634734,0.5485577879450965,0.3316296465551454,0.09676243441395482,0.5727809850315626,[[ 65523 44230][ 11347 13788]],65523,44230,11347,13788
1,123,0.9254160523414612,avg,0.5879766917739161,0.5450187657474971,0.5727809850315626,0.5169130266072801,0.09676243441395482,0.5727809850315626,,,,,
