client,round,loss,class,accuracy,precision,recall,f1_score,cohen_kappa_score,roc_auc_score,confusion_matrix,TP,FP,FN,TN
1,65,0.6762180924415588,awake,0.7044511001719945,0.8750147565438564,0.7428771878673021,0.8035499576212722,0.22288360240004446,0.6397696064659765,[[ 13489 11646][ 28220 81533]],13489,11646,28220,81533
1,65,0.6762180924415588,asleep,0.7044511001719945,0.32340741806324774,0.5366620250646509,0.40359643348692475,0.22288360240004446,0.6397696064659765,[[ 81533 28220][ 11646 13489]],81533,28220,11646,13489
1,65,0.6762180924415588,avg,0.7044511001719945,0.5992110873035521,0.6397696064659765,0.6035731955540985,0.22288360240004446,0.6397696064659765,,,,,
