client,round,loss,class,accuracy,precision,recall,f1_score,cohen_kappa_score,roc_auc_score,confusion_matrix,TP,FP,FN,TN
10,112,0.7242543697357178,awake,0.7665915426131309,0.9194615046571701,0.7816005029475276,0.8449445949273579,0.3853888466011345,0.741327404845556,[[ 17621 7514][ 23970 85783]],17621,7514,23970,85783
10,112,0.7242543697357178,asleep,0.7665915426131309,0.4236733908778341,0.7010543067435846,0.5281599376554866,0.3853888466011345,0.7413274048455561,[[ 85783 23970][ 7514 17621]],85783,23970,7514,17621
10,112,0.7242543697357178,avg,0.7665915426131309,0.6715674477675021,0.741327404845556,0.6865522662914223,0.3853888466011345,0.741327404845556,,,,,
