client,round,loss,class,accuracy,precision,recall,f1_score,cohen_kappa_score,roc_auc_score,confusion_matrix,TP,FP,FN,TN
5,57,0.6455805897712708,awake,0.7625437399916968,0.8390848726517578,0.8761947281623281,0.8572383669103227,0.15393666506586046,0.5712384024738436,[[ 6693 18442][ 13588 96165]],6693,18442,13588,96165
5,57,0.6455805897712708,asleep,0.7625437399916968,0.33001331295301023,0.26628207678535903,0.29474194116610886,0.15393666506586046,0.5712384024738436,[[ 96165 13588][ 18442 6693]],96165,13588,18442,6693
5,57,0.6455805897712708,avg,0.7625437399916968,0.584549092802384,0.5712384024738436,0.5759901540382157,0.15393666506586046,0.5712384024738436,,,,,
