client,round,loss,class,accuracy,precision,recall,f1_score,cohen_kappa_score,roc_auc_score,confusion_matrix,TP,FP,FN,TN
3,61,0.6295390129089355,awake,0.8246397010853449,0.8611626131530156,0.935263728554117,0.8966848656911989,0.323751866472195,0.6384295567377707,[[ 8586 16549][ 7105 102648]],8586,16549,7105,102648
3,61,0.6295390129089355,asleep,0.8246397010853449,0.5471926582117137,0.3415953849214243,0.4206143144074854,0.323751866472195,0.6384295567377707,[[ 102648 7105][ 16549 8586]],102648,7105,16549,8586
3,61,0.6295390129089355,avg,0.8246397010853449,0.7041776356823646,0.6384295567377707,0.6586495900493421,0.323751866472195,0.6384295567377707,,,,,
