client,round,loss,class,accuracy,precision,recall,f1_score,cohen_kappa_score,roc_auc_score,confusion_matrix,TP,FP,FN,TN
12,65,0.9150431752204895,awake,0.81477225550086,0.8199806731190264,0.9896130401902453,0.8968461382843884,0.06280671692202744,0.5204679483823715,[[ 1290 23845][ 1140 108613]],1290,23845,1140,108613
12,65,0.9150431752204895,asleep,0.81477225550086,0.5308641975308642,0.05132285657449771,0.09359695265735535,0.06280671692202744,0.5204679483823714,[[ 108613 1140][ 23845 1290]],108613,1140,23845,1290
12,65,0.9150431752204895,avg,0.81477225550086,0.6754224353249454,0.5204679483823715,0.4952215454708719,0.06280671692202744,0.5204679483823715,,,,,
