client,round,loss,class,accuracy,precision,recall,f1_score,cohen_kappa_score,roc_auc_score,confusion_matrix,TP,FP,FN,TN
2,46,0.4760343134403229,awake,0.8363679497064231,0.8813709712496194,0.9231456087760699,0.901774747672535,0.41359286639163717,0.6902976900056996,[[ 11498 13637][ 8435 101318]],11498,13637,8435,101318
2,46,0.4760343134403229,asleep,0.8363679497064231,0.57683238850148,0.4574497712353292,0.51025117600071,0.41359286639163717,0.6902976900056995,[[ 101318 8435][ 13637 11498]],101318,8435,13637,11498
2,46,0.4760343134403229,avg,0.8363679497064231,0.7291016798755496,0.6902976900056995,0.7060129618366224,0.41359286639163717,0.6902976900056996,,,,,
