client,round,loss,class,accuracy,precision,recall,f1_score,cohen_kappa_score,roc_auc_score,confusion_matrix,TP,FP,FN,TN
3,144,0.8125323057174683,awake,0.8289247375600498,0.8644984398523117,0.9365393201097009,0.8990780749785702,0.343783554131432,0.6477803025851866,[[ 9024 16111][ 6965 102788]],9024,16111,6965,102788
3,144,0.8125323057174683,asleep,0.8289247375600498,0.5643880167615235,0.3590212850606724,0.4388678144149402,0.343783554131432,0.6477803025851867,[[ 102788 6965][ 16111 9024]],102788,6965,16111,9024
3,144,0.8125323057174683,avg,0.8289247375600498,0.7144432283069175,0.6477803025851866,0.6689729446967552,0.343783554131432,0.6477803025851867,,,,,
