client,round,loss,class,accuracy,precision,recall,f1_score,cohen_kappa_score,roc_auc_score,confusion_matrix,TP,FP,FN,TN
0,70,0.5491451025009155,awake,0.8199839867149042,0.8847722545850703,0.8953650469691034,0.8900371343175437,0.39413749486690963,0.6930972837789618,[[ 12337 12798][ 11484 98269]],12337,12798,11484,98269
0,70,0.5491451025009155,asleep,0.8199839867149042,0.5179043700936149,0.49082952058882034,0.5040035950649563,0.39413749486690963,0.6930972837789617,[[ 98269 11484][ 12798 12337]],98269,11484,12798,12337
0,70,0.5491451025009155,avg,0.8199839867149042,0.7013383123393426,0.6930972837789618,0.6970203646912501,0.39413749486690963,0.6930972837789617,,,,,
