client,round,loss,class,accuracy,precision,recall,f1_score,cohen_kappa_score,roc_auc_score,confusion_matrix,TP,FP,FN,TN
16,4,0.5136415362358093,awake,0.817989739635846,0.8686674628312304,0.9145809226171494,0.8910331236934493,0.3411535349820304,0.6554006662021494,[[ 9959 15176][ 9375 100378]],9959,15176,9375,100378
16,4,0.5136415362358093,asleep,0.817989739635846,0.5151029274852591,0.3962204097871494,0.4479075310890733,0.3411535349820304,0.6554006662021494,[[ 100378 9375][ 15176 9959]],100378,9375,15176,9959
16,4,0.5136415362358093,avg,0.817989739635846,0.6918851951582448,0.6554006662021494,0.6694703273912613,0.3411535349820304,0.6554006662021494,,,,,
