client,round,loss,class,accuracy,precision,recall,f1_score,cohen_kappa_score,roc_auc_score,confusion_matrix,TP,FP,FN,TN
1,134,0.8574836254119873,awake,0.627439060553941,0.8453501735486343,0.6634989476369666,0.7434659206926124,0.09799621264309466,0.5667405221574529,[[ 11813 13322][ 36932 72821]],11813,13322,36932,72821
1,134,0.8574836254119873,asleep,0.627439060553941,0.24234280439019387,0.4699820966779391,0.31978884677855984,0.09799621264309466,0.5667405221574529,[[ 72821 36932][ 13322 11813]],72821,36932,13322,11813
1,134,0.8574836254119873,avg,0.627439060553941,0.5438464889694141,0.5667405221574529,0.5316273837355862,0.09799621264309466,0.5667405221574529,,,,,
