client,round,loss,class,accuracy,precision,recall,f1_score,cohen_kappa_score,roc_auc_score,confusion_matrix,TP,FP,FN,TN
3,6,0.489341676235199,awake,0.8340994009845205,0.8656683936956467,0.9423341503193534,0.9023758212419184,0.357049073278759,0.6519110576542062,[[ 9086 16049][ 6329 103424]],9086,16049,6329,103424
3,6,0.489341676235199,asleep,0.8340994009845205,0.5894258838793383,0.3614879649890591,0.44813810110974106,0.357049073278759,0.6519110576542063,[[ 103424 6329][ 16049 9086]],103424,6329,16049,9086
3,6,0.489341676235199,avg,0.8340994009845205,0.7275471387874926,0.6519110576542062,0.6752569611758297,0.357049073278759,0.6519110576542062,,,,,
