client,round,loss,class,accuracy,precision,recall,f1_score,cohen_kappa_score,roc_auc_score,confusion_matrix,TP,FP,FN,TN
9,10,0.5832334756851196,awake,0.841564853804638,0.8662986356326984,0.9522473189798912,0.9072419106317411,0.37276587722617105,0.6552563429989968,[[ 9005 16130][ 5241 104512]],9005,16130,5241,104512
9,10,0.5832334756851196,asleep,0.841564853804638,0.632107258177734,0.35826536701810224,0.4573271374520708,0.37276587722617105,0.6552563429989967,[[ 104512 5241][ 16130 9005]],104512,5241,16130,9005
9,10,0.5832334756851196,avg,0.841564853804638,0.7492029469052162,0.6552563429989967,0.682284524041906,0.37276587722617105,0.6552563429989968,,,,,
