client,round,loss,class,accuracy,precision,recall,f1_score,cohen_kappa_score,roc_auc_score,confusion_matrix,TP,FP,FN,TN
5,81,0.6929941177368164,awake,0.7777118794852025,0.8386097173759859,0.9000118447787304,0.8682265252129276,0.16389564573377502,0.5718479753036282,[[ 6125 19010][ 10974 98779]],6125,19010,10974,98779
5,81,0.6929941177368164,asleep,0.7777118794852025,0.3582080823439967,0.24368410582852595,0.2900506700762419,0.16389564573377502,0.5718479753036282,[[ 98779 10974][ 19010 6125]],98779,10974,19010,6125
5,81,0.6929941177368164,avg,0.7777118794852025,0.5984088998599912,0.5718479753036282,0.5791385976445848,0.16389564573377502,0.5718479753036282,,,,,
