client,round,loss,class,accuracy,precision,recall,f1_score,cohen_kappa_score,roc_auc_score,confusion_matrix,TP,FP,FN,TN
13,77,0.6038930416107178,awake,0.8247805586857244,0.9102185469580626,0.8705183457399798,0.8899259031571496,0.46168699006080105,0.7477914983125997,[[ 15711 9424][ 14211 95542]],15711,9424,14211,95542
13,77,0.6038930416107178,asleep,0.8247805586857244,0.5250651694405454,0.6250646508852198,0.5707176199211725,0.46168699006080105,0.7477914983125998,[[ 95542 14211][ 9424 15711]],95542,14211,9424,15711
13,77,0.6038930416107178,avg,0.8247805586857244,0.717641858199304,0.7477914983125997,0.7303217615391611,0.46168699006080105,0.7477914983125997,,,,,
