client,round,loss,class,accuracy,precision,recall,f1_score,cohen_kappa_score,roc_auc_score,confusion_matrix,TP,FP,FN,TN
18,99,0.6403182148933411,awake,0.8343514619536208,0.8599596425482848,0.9513361821544741,0.9033430232558141,0.33474039703190994,0.6374345521872431,[[ 8132 17003][ 5341 104412]],8132,17003,5341,104412
18,99,0.6403182148933411,asleep,0.8343514619536208,0.6035775254212128,0.32353292222001195,0.42125984251968507,0.33474039703190994,0.6374345521872431,[[ 104412 5341][ 17003 8132]],104412,5341,17003,8132
18,99,0.6403182148933411,avg,0.8343514619536208,0.7317685839847488,0.6374345521872431,0.6623014328877496,0.33474039703190994,0.6374345521872431,,,,,
