client,round,loss,class,accuracy,precision,recall,f1_score,cohen_kappa_score,roc_auc_score,confusion_matrix,TP,FP,FN,TN
10,10,0.530008852481842,awake,0.7777489472747761,0.9033145260773726,0.8139731943545963,0.856319883441728,0.3716709654510246,0.7167737465705745,[[ 15573 9562][ 20417 89336]],15573,9562,20417,89336
10,10,0.530008852481842,asleep,0.7777489472747761,0.43270352875798834,0.6195742987865526,0.5095460122699386,0.3716709654510246,0.7167737465705745,[[ 89336 20417][ 9562 15573]],89336,20417,9562,15573
10,10,0.530008852481842,avg,0.7777489472747761,0.6680090274176804,0.7167737465705744,0.6829329478558333,0.3716709654510246,0.7167737465705745,,,,,
