client,round,loss,class,accuracy,precision,recall,f1_score,cohen_kappa_score,roc_auc_score,confusion_matrix,TP,FP,FN,TN
4,98,0.7530372142791748,awake,0.8132079947808553,0.883885847112128,0.8869461427022496,0.8854133505543782,0.3803904381477504,0.6890867574462114,[[ 12347 12788][ 12408 97345]],12347,12788,12408,97345
4,98,0.7530372142791748,asleep,0.8132079947808553,0.4987679256715815,0.49122737219017304,0.4949689316496292,0.3803904381477504,0.6890867574462113,[[ 97345 12408][ 12788 12347]],97345,12408,12788,12347
4,98,0.7530372142791748,avg,0.8132079947808553,0.6913268863918548,0.6890867574462113,0.6901911411020036,0.3803904381477504,0.6890867574462114,,,,,
