client,round,loss,class,accuracy,precision,recall,f1_score,cohen_kappa_score,roc_auc_score,confusion_matrix,TP,FP,FN,TN
1,108,0.8776010870933533,awake,0.6242808848822727,0.8649319841358093,0.6378413346332219,0.7342283287010332,0.14071933589837093,0.6014549820172276,[[ 14203 10932][ 39748 70005]],14203,10932,39748,70005
1,108,0.8776010870933533,asleep,0.6242808848822727,0.26325740023354527,0.5650686294012334,0.3591786156841919,0.14071933589837093,0.6014549820172277,[[ 70005 39748][ 10932 14203]],70005,39748,10932,14203
1,108,0.8776010870933533,avg,0.6242808848822727,0.5640946921846772,0.6014549820172277,0.5467034721926125,0.14071933589837093,0.6014549820172277,,,,,
