client,round,loss,class,accuracy,precision,recall,f1_score,cohen_kappa_score,roc_auc_score,confusion_matrix,TP,FP,FN,TN
1,96,0.7781475186347961,awake,0.6724912520016606,0.8603868982193889,0.7132196841999763,0.7799215873822442,0.16139873066340304,0.6039342900808913,[[ 12433 12702][ 31475 78278]],12433,12702,31475,78278
1,96,0.7781475186347961,asleep,0.6724912520016606,0.28316024414685254,0.4946488959618062,0.3601523688136379,0.16139873066340304,0.6039342900808913,[[ 78278 31475][ 12702 12433]],78278,31475,12702,12433
1,96,0.7781475186347961,avg,0.6724912520016606,0.5717735711831207,0.6039342900808913,0.5700369780979411,0.16139873066340304,0.6039342900808913,,,,,
