client,round,loss,class,accuracy,precision,recall,f1_score,cohen_kappa_score,roc_auc_score,confusion_matrix,TP,FP,FN,TN
18,55,0.6920474767684937,awake,0.8180490480991638,0.8206517648829683,0.9935035944347763,0.8988430610453254,0.07037375078759378,0.5227116142056516,[[ 1305 23830][ 713 109040]],1305,23830,713,109040
18,55,0.6920474767684937,asleep,0.8180490480991638,0.6466798810703667,0.051919633976526755,0.0961219754723235,0.07037375078759378,0.5227116142056515,[[ 109040 713][ 23830 1305]],109040,713,23830,1305
18,55,0.6920474767684937,avg,0.8180490480991638,0.7336658229766675,0.5227116142056515,0.49748251825882445,0.07037375078759378,0.5227116142056516,,,,,
