client,round,loss,class,accuracy,precision,recall,f1_score,cohen_kappa_score,roc_auc_score,confusion_matrix,TP,FP,FN,TN
0,106,0.6164502501487732,awake,0.8247212502224067,0.8614786580246498,0.9349083851922043,0.8966927523693421,0.3251435373796804,0.6392465140601962,[[ 8636 16499][ 7144 102609]],8636,16499,7144,102609
0,106,0.6164502501487732,asleep,0.8247212502224067,0.547275031685678,0.3435846429281878,0.4221434681657094,0.3251435373796804,0.6392465140601961,[[ 102609 7144][ 16499 8636]],102609,7144,16499,8636
0,106,0.6164502501487732,avg,0.8247212502224067,0.7043768448551639,0.6392465140601961,0.6594181102675257,0.3251435373796804,0.6392465140601962,,,,,
