client,round,loss,class,accuracy,precision,recall,f1_score,cohen_kappa_score,roc_auc_score,confusion_matrix,TP,FP,FN,TN
5,131,0.7789908647537231,awake,0.7697274776110551,0.8428606284529183,0.8812970943846637,0.8616504313819813,0.1774744468155457,0.581925650832674,[[ 7102 18033][ 13028 96725]],7102,18033,13028,96725
5,131,0.7789908647537231,asleep,0.7697274776110551,0.3528067560854446,0.2825542072806843,0.3137965315365072,0.1774744468155457,0.5819256508326741,[[ 96725 13028][ 18033 7102]],96725,13028,18033,7102
5,131,0.7789908647537231,avg,0.7697274776110551,0.5978336922691815,0.581925650832674,0.5877234814592442,0.1774744468155457,0.581925650832674,,,,,
