client,round,loss,class,accuracy,precision,recall,f1_score,cohen_kappa_score,roc_auc_score,confusion_matrix,TP,FP,FN,TN
13,24,0.48767611384391785,awake,0.8284132020639345,0.8891724782514918,0.901478775067652,0.8952833389888021,0.42064790728235735,0.7054240901397539,[[ 12803 12332][ 10813 98940]],12803,12332,10813,98940
13,24,0.48767611384391785,asleep,0.8284132020639345,0.5421324525745257,0.509369405211856,0.5252405078870177,0.42064790728235735,0.7054240901397539,[[ 98940 10813][ 12332 12803]],98940,10813,12332,12803
13,24,0.48767611384391785,avg,0.8284132020639345,0.7156524654130088,0.7054240901397539,0.71026192343791,0.42064790728235735,0.7054240901397539,,,,,
