client,round,loss,class,accuracy,precision,recall,f1_score,cohen_kappa_score,roc_auc_score,confusion_matrix,TP,FP,FN,TN
11,6,0.4659620523452759,awake,0.8385401221754344,0.8675261522007954,0.9460242544622927,0.9050763390386033,0.37187038407783934,0.657615270258797,[[ 9280 15855][ 5924 103829]],9280,15855,5924,103829
11,6,0.4659620523452759,asleep,0.8385401221754344,0.6103656932386214,0.36920628605530137,0.46010064701653486,0.37187038407783934,0.657615270258797,[[ 103829 5924][ 15855 9280]],103829,5924,15855,9280
11,6,0.4659620523452759,avg,0.8385401221754344,0.7389459227197084,0.657615270258797,0.6825884930275691,0.37187038407783934,0.657615270258797,,,,,
