client,round,loss,class,accuracy,precision,recall,f1_score,cohen_kappa_score,roc_auc_score,confusion_matrix,TP,FP,FN,TN
18,110,0.7065693140029907,awake,0.8243876401162445,0.8372849472900419,0.9733219137517881,0.9001929737336626,0.2028622977681609,0.5736909946717962,[[ 4375 20760][ 2928 106825]],4375,20760,2928,106825
18,110,0.7065693140029907,asleep,0.8243876401162445,0.5990688758044639,0.17406007559180425,0.26974536037980146,0.2028622977681609,0.5736909946717962,[[ 106825 2928][ 20760 4375]],106825,2928,20760,4375
18,110,0.7065693140029907,avg,0.8243876401162445,0.7181769115472529,0.5736909946717962,0.5849691670567321,0.2028622977681609,0.5736909946717962,,,,,
