client,round,loss,class,accuracy,precision,recall,f1_score,cohen_kappa_score,roc_auc_score,confusion_matrix,TP,FP,FN,TN
12,21,0.7606476545333862,awake,0.815239309649487,0.8211616654930377,0.9881278871648156,0.8969407249960714,0.07364924611201829,0.5242210949649421,[[ 1516 23619][ 1303 108450]],1516,23619,1303,108450
12,21,0.7606476545333862,asleep,0.815239309649487,0.5377793543809861,0.06031430276506863,0.10846390498676396,0.07364924611201829,0.5242210949649421,[[ 108450 1303][ 23619 1516]],108450,1303,23619,1516
12,21,0.7606476545333862,avg,0.815239309649487,0.679470509937012,0.5242210949649421,0.5027023149914177,0.07364924611201829,0.5242210949649421,,,,,
