client,round,loss,class,accuracy,precision,recall,f1_score,cohen_kappa_score,roc_auc_score,confusion_matrix,TP,FP,FN,TN
15,31,0.7999568581581116,awake,0.5248428325722081,0.7895517844912868,0.5672100079268904,0.6601625671398046,-0.06305566779379612,0.4535274229011814,[[ 8542 16593][ 47500 62253]],8542,16593,47500,62253
15,31,0.7999568581581116,asleep,0.5248428325722081,0.15242139823703652,0.3398448378754724,0.21045369993963806,-0.06305566779379612,0.4535274229011814,[[ 62253 47500][ 16593 8542]],62253,47500,16593,8542
15,31,0.7999568581581116,avg,0.5248428325722081,0.47098659136416166,0.4535274229011814,0.4353081335397213,-0.06305566779379612,0.4535274229011814,,,,,
