client,round,loss,class,accuracy,precision,recall,f1_score,cohen_kappa_score,roc_auc_score,confusion_matrix,TP,FP,FN,TN
4,84,0.8284105658531189,awake,0.8160918688096791,0.8676297476023959,0.9133144424298197,0.8898861442173248,0.33453002768093143,0.6524399942405713,[[ 9842 15293][ 9514 100239]],9842,15293,9514,100239
4,84,0.8284105658531189,asleep,0.8160918688096791,0.5084728249638355,0.3915655460513229,0.4424265581803062,0.33453002768093143,0.6524399942405712,[[ 100239 9514][ 15293 9842]],100239,9514,15293,9842
4,84,0.8284105658531189,avg,0.8160918688096791,0.6880512862831156,0.6524399942405713,0.6661563511988156,0.33453002768093143,0.6524399942405712,,,,,
