client,round,loss,class,accuracy,precision,recall,f1_score,cohen_kappa_score,roc_auc_score,confusion_matrix,TP,FP,FN,TN
7,79,0.6309648156166077,awake,0.8295474764248858,0.8708971366523884,0.9280930817380846,0.898585883536085,0.3680213108842473,0.6636685818477572,[[ 10035 15100][ 7892 101861]],10035,15100,7892,101861
7,79,0.6309648156166077,asleep,0.8295474764248858,0.5597701790595192,0.3992440819574299,0.46607217500348336,0.3680213108842473,0.6636685818477572,[[ 101861 7892][ 15100 10035]],101861,7892,15100,10035
7,79,0.6309648156166077,avg,0.8295474764248858,0.7153336578559538,0.6636685818477572,0.6823290292697842,0.3680213108842473,0.6636685818477572,,,,,
