client,round,loss,class,accuracy,precision,recall,f1_score,cohen_kappa_score,roc_auc_score,confusion_matrix,TP,FP,FN,TN
4,32,0.6618794798851013,awake,0.8182714548366052,0.842604501607717,0.9550536204021758,0.8953120395638748,0.2270688129245403,0.588030092476799,[[ 5555 19580][ 4933 104820]],5555,19580,4933,104820
4,32,0.6618794798851013,asleep,0.8182714548366052,0.5296529366895499,0.2210065645514223,0.3118771580158886,0.2270688129245403,0.588030092476799,[[ 104820 4933][ 19580 5555]],104820,4933,19580,5555
4,32,0.6618794798851013,avg,0.8182714548366052,0.6861287191486335,0.588030092476799,0.6035945987898818,0.2270688129245403,0.588030092476799,,,,,
