client,round,loss,class,accuracy,precision,recall,f1_score,cohen_kappa_score,roc_auc_score,confusion_matrix,TP,FP,FN,TN
18,33,0.517070472240448,awake,0.8285614732222288,0.844840214639428,0.9668710650278353,0.9017458435836317,0.2530151142333824,0.5957490395757836,[[ 5646 19489][ 3636 106117]],5646,19489,3636,106117
18,33,0.517070472240448,asleep,0.8285614732222288,0.6082740788623141,0.22462701412373184,0.32809367463753375,0.2530151142333824,0.5957490395757835,[[ 106117 3636][ 19489 5646]],106117,3636,19489,5646
18,33,0.517070472240448,avg,0.8285614732222288,0.7265571467508711,0.5957490395757835,0.6149197591105827,0.2530151142333824,0.5957490395757836,,,,,
