client,round,loss,class,accuracy,precision,recall,f1_score,cohen_kappa_score,roc_auc_score,confusion_matrix,TP,FP,FN,TN
2,74,0.5571267604827881,awake,0.8382806476484195,0.8686582431310734,0.9439741966051042,0.9047515085886946,0.37554958608702915,0.6603698315430534,[[ 9470 15665][ 6149 103604]],9470,15665,6149,103604
2,74,0.5571267604827881,asleep,0.8382806476484195,0.6063128241244637,0.37676546648100256,0.46473965745693674,0.37554958608702915,0.6603698315430534,[[ 103604 6149][ 15665 9470]],103604,6149,15665,9470
2,74,0.5571267604827881,avg,0.8382806476484195,0.7374855336277686,0.6603698315430534,0.6847455830228156,0.37554958608702915,0.6603698315430534,,,,,
