client,round,loss,class,accuracy,precision,recall,f1_score,cohen_kappa_score,roc_auc_score,confusion_matrix,TP,FP,FN,TN
16,55,0.6418387293815613,awake,0.8186866140798292,0.8659516045992792,0.9195010614744016,0.8919233029744622,0.33259790936390066,0.6489886449206104,[[ 9513 15622][ 8835 100918]],9513,15622,8835,100918
16,55,0.6418387293815613,asleep,0.8186866140798292,0.5184761281883584,0.37847622836681916,0.4375503070165352,0.33259790936390066,0.6489886449206105,[[ 100918 8835][ 15622 9513]],100918,8835,15622,9513
16,55,0.6418387293815613,avg,0.8186866140798292,0.6922138663938189,0.6489886449206104,0.6647368049954987,0.33259790936390066,0.6489886449206104,,,,,
