client,round,loss,class,accuracy,precision,recall,f1_score,cohen_kappa_score,roc_auc_score,confusion_matrix,TP,FP,FN,TN
2,158,0.8154826760292053,awake,0.8326166894015776,0.8668950598058939,0.9383615937605351,0.9012137175459629,0.35906578103426734,0.6546194282707588,[[ 9322 15813][ 6765 102988]],9322,15813,6765,102988
2,158,0.8154826760292053,asleep,0.8326166894015776,0.5794741095294337,0.3708772627809827,0.45228276163213815,0.35906578103426734,0.6546194282707588,[[ 102988 6765][ 15813 9322]],102988,6765,15813,9322
2,158,0.8154826760292053,avg,0.8326166894015776,0.7231845846676638,0.6546194282707589,0.6767482395890505,0.35906578103426734,0.6546194282707588,,,,,
