client,round,loss,class,accuracy,precision,recall,f1_score,cohen_kappa_score,roc_auc_score,confusion_matrix,TP,FP,FN,TN
8,130,0.7449520230293274,awake,0.8000859972718107,0.8625760960014015,0.8972511001977167,0.87957198617351,0.2928798430196784,0.6365308614177364,[[ 9446 15689][ 11277 98476]],9446,15689,11277,98476
8,130,0.7449520230293274,asleep,0.8000859972718107,0.4558220334893596,0.3758106226377561,0.4119673775568058,0.2928798430196784,0.6365308614177364,[[ 98476 11277][ 15689 9446]],98476,11277,15689,9446
8,130,0.7449520230293274,avg,0.8000859972718107,0.6591990647453806,0.6365308614177364,0.6457696818651579,0.2928798430196784,0.6365308614177364,,,,,
