client,round,loss,class,accuracy,precision,recall,f1_score,cohen_kappa_score,roc_auc_score,confusion_matrix,TP,FP,FN,TN
11,19,0.46340057253837585,awake,0.8360046853686021,0.8728703940090206,0.9345621531985459,0.9026634339949751,0.3861514252404462,0.6701058229688771,[[ 10196 14939][ 7182 102571]],10196,14939,7182,102571
11,19,0.46340057253837585,asleep,0.8360046853686021,0.586718839912533,0.40564949273920825,0.479665043633712,0.3861514252404462,0.670105822968877,[[ 102571 7182][ 14939 10196]],102571,7182,14939,10196
11,19,0.46340057253837585,avg,0.8360046853686021,0.7297946169607767,0.670105822968877,0.6911642388143435,0.3861514252404462,0.670105822968877,,,,,
