client,round,loss,class,accuracy,precision,recall,f1_score,cohen_kappa_score,roc_auc_score,confusion_matrix,TP,FP,FN,TN
14,40,0.4622288942337036,awake,0.8354857363145721,0.8696595629707183,0.938461818811331,0.902751666381815,0.3741199564646206,0.6621491509015875,[[ 9698 15437][ 6754 102999]],9698,15437,6754,102999
14,40,0.4622288942337036,asleep,0.8354857363145721,0.5894724045708728,0.38583648299184403,0.4663957486714598,0.3741199564646206,0.6621491509015875,[[ 102999 6754][ 15437 9698]],102999,6754,15437,9698
14,40,0.4622288942337036,avg,0.8354857363145721,0.7295659837707955,0.6621491509015875,0.6845737075266374,0.3741199564646206,0.6621491509015875,,,,,
