client,round,loss,class,accuracy,precision,recall,f1_score,cohen_kappa_score,roc_auc_score,confusion_matrix,TP,FP,FN,TN
15,91,0.9285905361175537,awake,0.5056046497835242,0.7871804105149441,0.5377711770976648,0.6390013641383193,-0.06331378493630879,0.45145968840958434,[[ 9178 15957][ 50731 59022]],9178,15957,50731,59022
15,91,0.9285905361175537,asleep,0.5056046497835242,0.15319901851140896,0.36514819972150386,0.2158412116081087,-0.06331378493630879,0.4514596884095843,[[ 59022 50731][ 15957 9178]],59022,50731,15957,9178
15,91,0.9285905361175537,avg,0.5056046497835242,0.47018971451317654,0.4514596884095843,0.427421287873214,-0.06331378493630879,0.4514596884095843,,,,,
