client,round,loss,class,accuracy,precision,recall,f1_score,cohen_kappa_score,roc_auc_score,confusion_matrix,TP,FP,FN,TN
5,100,0.7354727983474731,awake,0.7486729731332661,0.8372579010084124,0.8578626552349367,0.8474350493008772,0.13536179603547815,0.5648772197996843,[[ 6834 18301][ 15600 94153]],6834,18301,15600,94153
5,100,0.7354727983474731,asleep,0.7486729731332661,0.3046269055897299,0.27189178436443207,0.28732998381298747,0.13536179603547815,0.5648772197996844,[[ 94153 15600][ 18301 6834]],94153,15600,18301,6834
5,100,0.7354727983474731,avg,0.7486729731332661,0.5709424032990711,0.5648772197996843,0.5673825165569324,0.13536179603547815,0.5648772197996843,,,,,
