client,round,loss,class,accuracy,precision,recall,f1_score,cohen_kappa_score,roc_auc_score,confusion_matrix,TP,FP,FN,TN
13,23,0.49968990683555603,awake,0.8173818278868394,0.8939281747500926,0.879975945987809,0.886897191369787,0.4131828290985923,0.71201900541881,[[ 13675 11460][ 13173 96580]],13675,11460,13173,96580
13,23,0.49968990683555603,asleep,0.8173818278868394,0.5093489272943981,0.544062064849811,0.5261335436585038,0.4131828290985923,0.71201900541881,[[ 96580 13173][ 11460 13675]],96580,13173,11460,13675
13,23,0.49968990683555603,avg,0.8173818278868394,0.7016385510222454,0.71201900541881,0.7065153675141453,0.4131828290985923,0.71201900541881,,,,,
