client,round,loss,class,accuracy,precision,recall,f1_score,cohen_kappa_score,roc_auc_score,confusion_matrix,TP,FP,FN,TN
5,158,0.9649872779846191,awake,0.7463673566217899,0.8393606411558056,0.8511840223046295,0.8452309863742468,0.14326200693161917,0.5699325721230728,[[ 7256 17879][ 16333 93420]],7256,17879,16333,93420
5,158,0.9649872779846191,asleep,0.7463673566217899,0.30760100046631905,0.2886811219415158,0.2978408997619243,0.14326200693161917,0.5699325721230726,[[ 93420 16333][ 17879 7256]],93420,16333,17879,7256
5,158,0.9649872779846191,avg,0.7463673566217899,0.5734808208110623,0.5699325721230727,0.5715359430680855,0.14326200693161917,0.5699325721230727,,,,,
