client,round,loss,class,accuracy,precision,recall,f1_score,cohen_kappa_score,roc_auc_score,confusion_matrix,TP,FP,FN,TN
14,72,0.5800228714942932,awake,0.8260779313207994,0.8655027234914907,0.9309084945286233,0.8970149253731344,0.3428516867061445,0.6496197535304744,[[ 9258 15877][ 7583 102170]],9258,15877,7583,102170
14,72,0.5800228714942932,asleep,0.8260779313207994,0.5497298260198326,0.3683310125323254,0.4411092052601486,0.3428516867061445,0.6496197535304743,[[ 102170 7583][ 15877 9258]],102170,7583,15877,9258
14,72,0.5800228714942932,avg,0.8260779313207994,0.7076162747556616,0.6496197535304744,0.6690620653166415,0.3428516867061445,0.6496197535304744,,,,,
