client,round,loss,class,accuracy,precision,recall,f1_score,cohen_kappa_score,roc_auc_score,confusion_matrix,TP,FP,FN,TN
1,110,0.8017425537109375,awake,0.6448238538639464,0.8542038946162658,0.6794529534500195,0.7568725165310856,0.1287359949735416,0.5865337176241544,[[ 12407 12728][ 35181 74572]],12407,12728,35181,74572
1,110,0.8017425537109375,asleep,0.6448238538639464,0.2607169874758342,0.49361448179828926,0.3412125462370914,0.1287359949735416,0.5865337176241544,[[ 74572 35181][ 12728 12407]],74572,35181,12728,12407
1,110,0.8017425537109375,avg,0.6448238538639464,0.55746044104605,0.5865337176241544,0.5490425313840885,0.1287359949735416,0.5865337176241544,,,,,
