client,round,loss,class,accuracy,precision,recall,f1_score,cohen_kappa_score,roc_auc_score,confusion_matrix,TP,FP,FN,TN
12,13,0.7454130053520203,awake,0.8170185635490185,0.8255110083950012,0.9828615163139048,0.8973405538502492,0.11149207365025204,0.537860040034812,[[ 2334 22801][ 1881 107872]],2334,22801,1881,107872
12,13,0.7454130053520203,asleep,0.8170185635490185,0.5537366548042705,0.09285856375571912,0.15904599659284496,0.11149207365025204,0.5378600400348119,[[ 107872 1881][ 22801 2334]],107872,1881,22801,2334
12,13,0.7454130053520203,avg,0.8170185635490185,0.6896238315996359,0.537860040034812,0.5281932752215471,0.11149207365025204,0.5378600400348119,,,,,
