client,round,loss,class,accuracy,precision,recall,f1_score,cohen_kappa_score,roc_auc_score,confusion_matrix,TP,FP,FN,TN
13,108,0.6561794281005859,awake,0.8345812822489769,0.89207245986907,0.9063533570836333,0.8991562077708429,0.4393788646818253,0.7137694774278321,[[ 13100 12035][ 10278 99475]],13100,12035,10278,99475
13,108,0.6561794281005859,asleep,0.8345812822489769,0.5603558901531355,0.521185597772031,0.5400614268340445,0.4393788646818253,0.7137694774278321,[[ 99475 10278][ 12035 13100]],99475,10278,12035,13100
13,108,0.6561794281005859,avg,0.8345812822489769,0.7262141750111027,0.7137694774278321,0.7196088173024437,0.4393788646818253,0.7137694774278321,,,,,
