client,round,loss,class,accuracy,precision,recall,f1_score,cohen_kappa_score,roc_auc_score,confusion_matrix,TP,FP,FN,TN
0,23,0.4730611741542816,awake,0.8124592254314691,0.8870435547734272,0.8817982196386431,0.8844131099302285,0.38762759844405825,0.6957429530657906,[[ 12811 12324][ 12973 96780]],12811,12324,12973,96780
0,23,0.4730611741542816,asleep,0.8124592254314691,0.49685851690971145,0.5096876864929382,0.5031913431135725,0.38762759844405825,0.6957429530657906,[[ 96780 12973][ 12324 12811]],96780,12973,12324,12811
0,23,0.4730611741542816,avg,0.8124592254314691,0.6919510358415694,0.6957429530657906,0.6938022265219005,0.38762759844405825,0.6957429530657906,,,,,
