client,round,loss,class,accuracy,precision,recall,f1_score,cohen_kappa_score,roc_auc_score,confusion_matrix,TP,FP,FN,TN
16,47,0.6156547665596008,awake,0.8112508154913706,0.8643086205257198,0.9110548231027853,0.887066296431011,0.31520344213939266,0.643253689649662,[[ 9437 15698][ 9762 99991]],9437,15698,9762,99991
16,47,0.6156547665596008,asleep,0.8112508154913706,0.4915360175009115,0.37545255619653867,0.42572292145982765,0.31520344213939266,0.643253689649662,[[ 99991 9762][ 15698 9437]],99991,9762,15698,9437
16,47,0.6156547665596008,avg,0.8112508154913706,0.6779223190133157,0.643253689649662,0.6563946089454193,0.31520344213939266,0.643253689649662,,,,,
