client,round,loss,class,accuracy,precision,recall,f1_score,cohen_kappa_score,roc_auc_score,confusion_matrix,TP,FP,FN,TN
15,137,1.1391364336013794,awake,0.456956882747168,0.7641584530994456,0.48106202108370616,0.5904297552083916,-0.10300403416279558,0.4163814183397445,[[ 8840 16295][ 56955 52798]],8840,16295,56955,52798
15,137,1.1391364336013794,asleep,0.456956882747168,0.13435671403602098,0.35170081559578276,0.1944352798856263,-0.10300403416279558,0.41638141833974446,[[ 52798 56955][ 16295 8840]],52798,56955,16295,8840
15,137,1.1391364336013794,avg,0.456956882747168,0.4492575835677333,0.41638141833974446,0.3924325175470089,-0.10300403416279558,0.4163814183397445,,,,,
