client,round,loss,class,accuracy,precision,recall,f1_score,cohen_kappa_score,roc_auc_score,confusion_matrix,TP,FP,FN,TN
14,44,0.4414821267127991,awake,0.8328465096969337,0.8723951216179284,0.9306989330587775,0.9006043880956264,0.3788928335950803,0.6681344277388577,[[ 10194 14941][ 7606 102147]],10194,14941,7606,102147
14,44,0.4414821267127991,asleep,0.8328465096969337,0.5726966292134832,0.40556992241893774,0.4748573424944684,0.3788928335950803,0.6681344277388576,[[ 102147 7606][ 14941 10194]],102147,7606,14941,10194
14,44,0.4414821267127991,avg,0.8328465096969337,0.7225458754157058,0.6681344277388577,0.6877308652950473,0.3788928335950803,0.6681344277388577,,,,,
