client,round,loss,class,accuracy,precision,recall,f1_score,cohen_kappa_score,roc_auc_score,confusion_matrix,TP,FP,FN,TN
7,157,0.8822680115699768,awake,0.8224971828479924,0.8605098645514738,0.9331043342778785,0.8953380106222543,0.31775322075945267,0.6363154454361344,[[ 8534 16601][ 7342 102411]],8534,16601,7342,102411
7,157,0.8822680115699768,asleep,0.8224971828479924,0.5375409423028471,0.3395265565943903,0.4161810246031553,0.31775322075945267,0.6363154454361344,[[ 102411 7342][ 16601 8534]],102411,7342,16601,8534
7,157,0.8822680115699768,avg,0.8224971828479924,0.6990254034271605,0.6363154454361344,0.6557595176127048,0.31775322075945267,0.6363154454361344,,,,,
