client,round,loss,class,accuracy,precision,recall,f1_score,cohen_kappa_score,roc_auc_score,confusion_matrix,TP,FP,FN,TN
6,23,0.567671537399292,awake,0.7441358756894609,0.8675263774912075,0.8090895009703607,0.8372895579243138,0.24214675686210807,0.6348013647680528,[[ 11575 13560][ 20953 88800]],11575,13560,20953,88800
6,23,0.567671537399292,asleep,0.7441358756894609,0.3558472700442695,0.460513228565745,0.4014706137384457,0.24214675686210807,0.6348013647680528,[[ 88800 20953][ 13560 11575]],88800,20953,13560,11575
6,23,0.567671537399292,avg,0.7441358756894609,0.6116868237677385,0.6348013647680528,0.6193800858313798,0.24214675686210807,0.6348013647680528,,,,,
