client,round,loss,class,accuracy,precision,recall,f1_score,cohen_kappa_score,roc_auc_score,confusion_matrix,TP,FP,FN,TN
18,47,0.5970625281333923,awake,0.8239428266413618,0.8291049630735086,0.9870800798155859,0.9012220382833233,0.14526882100316652,0.5493387269975085,[[ 2805 22330][ 1418 108335]],2805,22330,1418,108335
18,47,0.5970625281333923,asleep,0.8239428266413618,0.6642197489936065,0.11159737417943107,0.19108931126098508,0.14526882100316652,0.5493387269975085,[[ 108335 1418][ 22330 2805]],108335,1418,22330,2805
18,47,0.5970625281333923,avg,0.8239428266413618,0.7466623560335575,0.5493387269975085,0.5461556747721542,0.14526882100316652,0.5493387269975085,,,,,
