client,round,loss,class,accuracy,precision,recall,f1_score,cohen_kappa_score,roc_auc_score,confusion_matrix,TP,FP,FN,TN
15,25,0.7963329553604126,awake,0.498702627364925,0.7792994643898817,0.5355753373484096,0.6348491475907355,-0.08302213669346292,0.43663588828828875,[[ 8488 16647][ 50972 58781]],8488,16647,50972,58781
15,25,0.7963329553604126,asleep,0.498702627364925,0.14275142953245878,0.3376964392281679,0.2006737986878657,-0.08302213669346292,0.4366358882882887,[[ 58781 50972][ 16647 8488]],58781,50972,16647,8488
15,25,0.7963329553604126,avg,0.498702627364925,0.46102544696117026,0.4366358882882887,0.4177614731393006,-0.08302213669346292,0.4366358882882887,,,,,
