client,round,loss,class,accuracy,precision,recall,f1_score,cohen_kappa_score,roc_auc_score,confusion_matrix,TP,FP,FN,TN
9,16,0.5554628968238831,awake,0.8388218373761935,0.8648014590068805,0.9505070476433446,0.9056310578471501,0.3620474086946639,0.6508254354986168,[[ 8826 16309][ 5432 104321]],8826,16309,5432,104321
9,16,0.5554628968238831,asleep,0.8388218373761935,0.6190209005470613,0.351143823353889,0.44809991622877154,0.3620474086946639,0.6508254354986168,[[ 104321 5432][ 16309 8826]],104321,5432,16309,8826
9,16,0.5554628968238831,avg,0.8388218373761935,0.7419111797769709,0.6508254354986168,0.6768654870379609,0.3620474086946639,0.6508254354986168,,,,,
