client,round,loss,class,accuracy,precision,recall,f1_score,cohen_kappa_score,roc_auc_score,confusion_matrix,TP,FP,FN,TN
7,69,0.6219915151596069,awake,0.8238983452938734,0.8475690094168048,0.9553907410275801,0.8982558637586308,0.2610141215243317,0.6025610955983336,[[ 6277 18858][ 4896 104857]],6277,18858,4896,104857
7,69,0.6219915151596069,asleep,0.8238983452938734,0.5618007697127002,0.24973145016908693,0.34576401894899195,0.2610141215243317,0.6025610955983336,[[ 104857 4896][ 18858 6277]],104857,4896,18858,6277
7,69,0.6219915151596069,avg,0.8238983452938734,0.7046848895647525,0.6025610955983336,0.6220099413538114,0.2610141215243317,0.6025610955983336,,,,,
