client,round,loss,class,accuracy,precision,recall,f1_score,cohen_kappa_score,roc_auc_score,confusion_matrix,TP,FP,FN,TN
0,91,0.5868968367576599,awake,0.8275235751141687,0.8721770862021482,0.9233460588776616,0.8970324636526589,0.3688859215354978,0.6662284302743191,[[ 10283 14852][ 8413 101340]],10283,14852,8413,101340
0,91,0.5868968367576599,asleep,0.8275235751141687,0.5500106974753958,0.40911080167097674,0.46921128881385316,0.3688859215354978,0.6662284302743192,[[ 101340 8413][ 14852 10283]],101340,8413,14852,10283
0,91,0.5868968367576599,avg,0.8275235751141687,0.7110938918387719,0.6662284302743192,0.683121876233256,0.3688859215354978,0.6662284302743191,,,,,
