client,round,loss,class,accuracy,precision,recall,f1_score,cohen_kappa_score,roc_auc_score,confusion_matrix,TP,FP,FN,TN
17,125,0.6946638822555542,awake,0.8140012454777297,0.8407879695374262,0.9516004118338451,0.8927687619405824,0.2117444177242095,0.5823846499193097,[[ 5358 19777][ 5312 104441]],5358,19777,5312,104441
17,125,0.6946638822555542,asleep,0.8140012454777297,0.5021555763823805,0.2131688880047742,0.29928780896522833,0.2117444177242095,0.5823846499193096,[[ 104441 5312][ 19777 5358]],104441,5312,19777,5358
17,125,0.6946638822555542,avg,0.8140012454777297,0.6714717729599033,0.5823846499193097,0.5960282854529053,0.2117444177242095,0.5823846499193097,,,,,
