client,round,loss,class,accuracy,precision,recall,f1_score,cohen_kappa_score,roc_auc_score,confusion_matrix,TP,FP,FN,TN
0,34,0.486429363489151,awake,0.8316232726410059,0.8637225978454364,0.9416325749637823,0.9009964865783807,0.34532885343270714,0.6464478768990385,[[ 8829 16306][ 6406 103347]],8829,16306,6406,103347
0,34,0.486429363489151,asleep,0.8316232726410059,0.5795208401706596,0.3512631788342948,0.4374040128808521,0.34532885343270714,0.6464478768990386,[[ 103347 6406][ 16306 8829]],103347,6406,16306,8829
0,34,0.486429363489151,avg,0.8316232726410059,0.7216217190080481,0.6464478768990385,0.6692002497296164,0.34532885343270714,0.6464478768990385,,,,,
