client,round,loss,class,accuracy,precision,recall,f1_score,cohen_kappa_score,roc_auc_score,confusion_matrix,TP,FP,FN,TN
2,7,0.42537567019462585,awake,0.8357452108415871,0.9041906220872823,0.8927227501753938,0.8984200922453395,0.46964674840475673,0.7398366088255127,[[ 14753 10382][ 11774 97979]],14753,10382,11774,97979
2,7,0.42537567019462585,asleep,0.8357452108415871,0.5561503373920911,0.5869504674756316,0.571135457396152,0.46964674840475673,0.7398366088255126,[[ 97979 11774][ 10382 14753]],97979,11774,10382,14753
2,7,0.42537567019462585,avg,0.8357452108415871,0.7301704797396866,0.7398366088255127,0.7347777748207458,0.46964674840475673,0.7398366088255126,,,,,
