client,round,loss,class,accuracy,precision,recall,f1_score,cohen_kappa_score,roc_auc_score,confusion_matrix,TP,FP,FN,TN
17,63,0.6057104468345642,awake,0.7988775873317122,0.8270372540016783,0.9518919756179786,0.8850831303611141,0.11077610699954599,0.5413130059112371,[[ 3286 21849][ 5280 104473]],3286,21849,5280,104473
17,63,0.6057104468345642,asleep,0.7988775873317122,0.38360961942563626,0.13073403620449572,0.19500905017655265,0.11077610699954599,0.5413130059112372,[[ 104473 5280][ 21849 3286]],104473,5280,21849,3286
17,63,0.6057104468345642,avg,0.7988775873317122,0.6053234367136573,0.5413130059112371,0.5400460902688333,0.11077610699954599,0.5413130059112372,,,,,
