client,round,loss,class,accuracy,precision,recall,f1_score,cohen_kappa_score,roc_auc_score,confusion_matrix,TP,FP,FN,TN
1,53,0.640226423740387,awake,0.729464444576241,0.863798428825393,0.7924612539064991,0.8265935507170622,0.21672046974296977,0.6234237839057064,[[ 11421 13714][ 22778 86975]],11421,13714,22778,86975
1,53,0.640226423740387,asleep,0.729464444576241,0.3339571332495102,0.45438631390491346,0.38497320254828593,0.21672046974296977,0.6234237839057063,[[ 86975 22778][ 13714 11421]],86975,22778,13714,11421
1,53,0.640226423740387,avg,0.729464444576241,0.5988777810374516,0.6234237839057063,0.6057833766326741,0.21672046974296977,0.6234237839057064,,,,,
