client,round,loss,class,accuracy,precision,recall,f1_score,cohen_kappa_score,roc_auc_score,confusion_matrix,TP,FP,FN,TN
11,156,0.8008305430412292,awake,0.833098570666034,0.8790933741222277,0.9216331216458775,0.8998607756530866,0.4007878492535949,0.6840709869220039,[[ 11223 13912][ 8601 101152]],11223,13912,8601,101152
11,156,0.8008305430412292,asleep,0.833098570666034,0.5661319612590799,0.4465088521981301,0.49925487666540624,0.4007878492535949,0.6840709869220037,[[ 101152 8601][ 13912 11223]],101152,8601,13912,11223
11,156,0.8008305430412292,avg,0.833098570666034,0.7226126676906538,0.6840709869220039,0.6995578261592464,0.4007878492535949,0.6840709869220039,,,,,
