client,round,loss,class,accuracy,precision,recall,f1_score,cohen_kappa_score,roc_auc_score,confusion_matrix,TP,FP,FN,TN
11,128,0.6321630477905273,awake,0.8264337821007057,0.8753336405289561,0.917332555829909,0.8958411190005873,0.3773276722492739,0.6734265723251396,[[ 10796 14339][ 9073 100680]],10796,14339,9073,100680
11,128,0.6321630477905273,asleep,0.8264337821007057,0.5433590014595601,0.42952058882037,0.4797795751488756,0.3773276722492739,0.6734265723251395,[[ 100680 9073][ 14339 10796]],100680,9073,14339,10796
11,128,0.6321630477905273,avg,0.8264337821007057,0.7093463209942581,0.6734265723251395,0.6878103470747314,0.3773276722492739,0.6734265723251396,,,,,
