client,round,loss,class,accuracy,precision,recall,f1_score,cohen_kappa_score,roc_auc_score,confusion_matrix,TP,FP,FN,TN
13,53,0.5651175379753113,awake,0.8203991459581282,0.9116109843781584,0.8629376873525098,0.8866068168840043,0.4565577909525109,0.7487952809151646,[[ 15952 9183][ 15043 94710]],15952,9183,15043,94710
13,53,0.5651175379753113,asleep,0.8203991459581282,0.5146636554282948,0.6346528744778198,0.5683947977908427,0.4565577909525109,0.7487952809151648,[[ 94710 15043][ 9183 15952]],94710,15043,9183,15952
13,53,0.5651175379753113,avg,0.8203991459581282,0.7131373199032266,0.7487952809151648,0.7275008073374235,0.4565577909525109,0.7487952809151647,,,,,
