client,round,loss,class,accuracy,precision,recall,f1_score,cohen_kappa_score,roc_auc_score,confusion_matrix,TP,FP,FN,TN
18,81,0.697760283946991,awake,0.8249658976335923,0.8359685181862856,0.9764835585359853,0.9007791421871454,0.19501919216971642,0.569920713025701,[[ 4106 21029][ 2581 107172]],4106,21029,2581,107172
18,81,0.697760283946991,asleep,0.8249658976335923,0.6140272169881861,0.16335786751541675,0.2580604613160707,0.19501919216971642,0.569920713025701,[[ 107172 2581][ 21029 4106]],107172,2581,21029,4106
18,81,0.697760283946991,avg,0.8249658976335923,0.7249978675872358,0.569920713025701,0.579419801751608,0.19501919216971642,0.569920713025701,,,,,
