client,round,loss,class,accuracy,precision,recall,f1_score,cohen_kappa_score,roc_auc_score,confusion_matrix,TP,FP,FN,TN
6,77,0.7089579105377197,awake,0.7107674515153313,0.8882193464827072,0.7373192532322579,0.8057652095987256,0.25828497351579105,0.6660735912073364,[[ 14951 10184][ 28830 80923]],14951,10184,28830,80923
6,77,0.7089579105377197,asleep,0.7107674515153313,0.341495169137297,0.594827929182415,0.43389053340298334,0.25828497351579105,0.6660735912073364,[[ 80923 28830][ 10184 14951]],80923,28830,10184,14951
6,77,0.7089579105377197,avg,0.7107674515153313,0.6148572578100021,0.6660735912073364,0.6198278715008545,0.25828497351579105,0.6660735912073364,,,,,
