client,round,loss,class,accuracy,precision,recall,f1_score,cohen_kappa_score,roc_auc_score,confusion_matrix,TP,FP,FN,TN
9,132,0.8308354020118713,awake,0.8385549492912638,0.8684766037293303,0.9446393264876587,0.9049582989643479,0.37538613654887565,0.6599862636018958,[[ 9434 15701][ 6076 103677]],9434,15701,6076,103677
9,132,0.8308354020118713,asleep,0.8385549492912638,0.6082527401676338,0.3753332007161329,0.46421454053389105,0.37538613654887565,0.6599862636018958,[[ 103677 6076][ 15701 9434]],103677,6076,15701,9434
9,132,0.8308354020118713,avg,0.8385549492912638,0.738364671948482,0.6599862636018958,0.6845864197491195,0.37538613654887565,0.6599862636018958,,,,,
