client,round,loss,class,accuracy,precision,recall,f1_score,cohen_kappa_score,roc_auc_score,confusion_matrix,TP,FP,FN,TN
16,136,0.8449661731719971,awake,0.8129633473696697,0.8740264797507789,0.8998205060453929,0.8867359536689937,0.3509525266742124,0.6667592683399831,[[ 10901 14234][ 10995 98758]],10901,14234,10995,98758
16,136,0.8449661731719971,asleep,0.8129633473696697,0.4978534892217757,0.4336980306345733,0.46356658374263787,0.3509525266742124,0.6667592683399831,[[ 98758 10995][ 14234 10901]],98758,10995,14234,10901
16,136,0.8449661731719971,avg,0.8129633473696697,0.6859399844862772,0.6667592683399831,0.6751512687058158,0.3509525266742124,0.6667592683399831,,,,,
