client,round,loss,class,accuracy,precision,recall,f1_score,cohen_kappa_score,roc_auc_score,confusion_matrix,TP,FP,FN,TN
3,60,0.6692748665809631,awake,0.8214741118557618,0.8607302859837639,0.9312729492587902,0.8946131526776688,0.31704387949196833,0.6366529854708513,[[ 8597 16538][ 7543 102210]],8597,16538,7543,102210
3,60,0.6692748665809631,asleep,0.8214741118557618,0.5326517967781909,0.3420330216829123,0.4165717746820109,0.31704387949196833,0.6366529854708511,[[ 102210 7543][ 16538 8597]],102210,7543,16538,8597
3,60,0.6692748665809631,avg,0.8214741118557618,0.6966910413809774,0.6366529854708513,0.6555924636798398,0.31704387949196833,0.6366529854708511,,,,,
