client,round,loss,class,accuracy,precision,recall,f1_score,cohen_kappa_score,roc_auc_score,confusion_matrix,TP,FP,FN,TN
6,78,0.8082672357559204,awake,0.6481896091572268,0.8834194977843427,0.653913788233579,0.7515353965852152,0.19279785736052546,0.6385542682962206,[[ 15664 9471][ 37984 71769]],15664,9471,37984,71769
6,78,0.8082672357559204,asleep,0.6481896091572268,0.29197733373098717,0.6231947483588621,0.39764923904903343,0.19279785736052546,0.6385542682962206,[[ 71769 37984][ 9471 15664]],71769,37984,9471,15664
6,78,0.8082672357559204,avg,0.6481896091572268,0.5876984157576649,0.6385542682962206,0.5745923178171243,0.19279785736052546,0.6385542682962206,,,,,
