client,round,loss,class,accuracy,precision,recall,f1_score,cohen_kappa_score,roc_auc_score,confusion_matrix,TP,FP,FN,TN
3,103,0.8079705834388733,awake,0.8232904335448669,0.8598979583287953,0.9351908376080836,0.8959653625237872,0.316513805296491,0.6349318023329855,[[ 8412 16723][ 7113 102640]],8412,16723,7113,102640
3,103,0.8079705834388733,asleep,0.8232904335448669,0.5418357487922705,0.3346727670578874,0.41377274963108707,0.316513805296491,0.6349318023329855,[[ 102640 7113][ 16723 8412]],102640,7113,16723,8412
3,103,0.8079705834388733,avg,0.8232904335448669,0.7008668535605329,0.6349318023329855,0.6548690560774372,0.316513805296491,0.6349318023329855,,,,,
