client,round,loss,class,accuracy,precision,recall,f1_score,cohen_kappa_score,roc_auc_score,confusion_matrix,TP,FP,FN,TN
6,87,0.7583094835281372,awake,0.6916182314216238,0.8626476535064382,0.7385948447878418,0.7958158872586797,0.18122101915154964,0.6125438914609589,[[ 12228 12907][ 28690 81063]],12228,12907,28690,81063
6,87,0.7583094835281372,asleep,0.6916182314216238,0.2988415856102449,0.486492938134076,0.3702481340741526,0.18122101915154964,0.6125438914609588,[[ 81063 28690][ 12907 12228]],81063,28690,12907,12228
6,87,0.7583094835281372,avg,0.6916182314216238,0.5807446195583416,0.6125438914609589,0.5830320106664162,0.18122101915154964,0.6125438914609589,,,,,
