client,round,loss,class,accuracy,precision,recall,f1_score,cohen_kappa_score,roc_auc_score,confusion_matrix,TP,FP,FN,TN
1,93,0.8102112412452698,awake,0.6330066425478916,0.86362648770007,0.6519001758494073,0.7429737433735378,0.14328007024517664,0.6012037183205661,[[ 13837 11298][ 38205 71548]],13837,11298,38205,71548
1,93,0.8102112412452698,asleep,0.6330066425478916,0.26588140348180317,0.5505072607917247,0.35857833292302116,0.14328007024517664,0.6012037183205661,[[ 71548 38205][ 11298 13837]],71548,38205,11298,13837
1,93,0.8102112412452698,avg,0.6330066425478916,0.5647539455909366,0.6012037183205661,0.5507760381482795,0.14328007024517664,0.6012037183205661,,,,,
