client,round,loss,class,accuracy,precision,recall,f1_score,cohen_kappa_score,roc_auc_score,confusion_matrix,TP,FP,FN,TN
13,87,0.6084356904029846,awake,0.8289543917917087,0.9125819871105315,0.8734522063178227,0.892588454376164,0.4739010664583676,0.7540525403978212,[[ 15952 9183][ 13889 95864]],15952,9183,13889,95864
13,87,0.6084356904029846,asleep,0.8289543917917087,0.5345665359739955,0.6346528744778198,0.5803259604190921,0.4739010664583676,0.7540525403978213,[[ 95864 13889][ 9183 15952]],95864,13889,9183,15952
13,87,0.6084356904029846,avg,0.8289543917917087,0.7235742615422636,0.7540525403978213,0.7364572073976281,0.4739010664583676,0.7540525403978213,,,,,
