client,round,loss,class,accuracy,precision,recall,f1_score,cohen_kappa_score,roc_auc_score,confusion_matrix,TP,FP,FN,TN
18,100,0.6779631972312927,awake,0.8248991756123599,0.8377486040529519,0.9733036910152798,0.9004530798895749,0.20640722173009807,0.5750942564883441,[[ 4446 20689][ 2930 106823]],4446,20689,2930,106823
18,100,0.6779631972312927,asleep,0.8248991756123599,0.6027657266811279,0.1768848219614084,0.27350742825505214,0.20640722173009807,0.575094256488344,[[ 106823 2930][ 20689 4446]],106823,2930,20689,4446
18,100,0.6779631972312927,avg,0.8248991756123599,0.72025716536704,0.5750942564883441,0.5869802540723135,0.20640722173009807,0.5750942564883441,,,,,
