client,round,loss,class,accuracy,precision,recall,f1_score,cohen_kappa_score,roc_auc_score,confusion_matrix,TP,FP,FN,TN
5,43,0.6353684067726135,awake,0.7646269497657315,0.8492299426934098,0.8641403879620603,0.8566202869490999,0.2001532298863533,0.5971189308021958,[[ 8297 16838][ 14911 94842]],8297,16838,14911,94842
5,43,0.6353684067726135,asleep,0.7646269497657315,0.3575060324026198,0.3300974736423314,0.3432554868336677,0.2001532298863533,0.5971189308021958,[[ 94842 14911][ 16838 8297]],94842,14911,16838,8297
5,43,0.6353684067726135,avg,0.7646269497657315,0.6033679875480148,0.5971189308021958,0.5999378868913838,0.2001532298863533,0.5971189308021958,,,,,
