client,round,loss,class,accuracy,precision,recall,f1_score,cohen_kappa_score,roc_auc_score,confusion_matrix,TP,FP,FN,TN
5,12,0.6098724007606506,awake,0.7728856532827234,0.8373901918976546,0.8945905806674989,0.8650458363986379,0.15372175374185926,0.5680233587642249,[[ 6069 19066][ 11569 98184]],6069,19066,11569,98184
5,12,0.6098724007606506,asleep,0.7728856532827234,0.34408663113731713,0.24145613686095085,0.2837771491361373,0.15372175374185926,0.5680233587642248,[[ 98184 11569][ 19066 6069]],98184,11569,19066,6069
5,12,0.6098724007606506,avg,0.7728856532827234,0.5907384115174859,0.5680233587642248,0.5744114927673876,0.15372175374185926,0.5680233587642249,,,,,
