client,round,loss,class,accuracy,precision,recall,f1_score,cohen_kappa_score,roc_auc_score,confusion_matrix,TP,FP,FN,TN
14,1,0.4270250201225281,awake,0.8157879129351758,0.8167931525965062,0.9972939236285113,0.8980636691828028,0.03268764093289944,0.5102642285737544,[[ 584 24551][ 297 109456]],584,24551,297,109456
14,1,0.4270250201225281,asleep,0.8157879129351758,0.662883087400681,0.023234533518997413,0.04489544895448955,0.03268764093289944,0.5102642285737543,[[ 109456 297][ 24551 584]],109456,297,24551,584
14,1,0.4270250201225281,avg,0.8157879129351758,0.7398381199985936,0.5102642285737544,0.47147955906864614,0.03268764093289944,0.5102642285737544,,,,,
