client,round,loss,class,accuracy,precision,recall,f1_score,cohen_kappa_score,roc_auc_score,confusion_matrix,TP,FP,FN,TN
1,8,0.5729324817657471,awake,0.7210500563430402,0.8412342454865448,0.8100461946370486,0.8253456927083092,0.13412105690667253,0.5712454963636804,[[ 8356 16779][ 20848 88905]],8356,16779,20848,88905
1,8,0.5729324817657471,asleep,0.7210500563430402,0.2861251883303657,0.3324447980903123,0.3075507462411896,0.13412105690667253,0.5712454963636804,[[ 88905 20848][ 16779 8356]],88905,20848,16779,8356
1,8,0.5729324817657471,avg,0.7210500563430402,0.5636797169084553,0.5712454963636805,0.5664482194747493,0.13412105690667253,0.5712454963636804,,,,,
