client,round,loss,class,accuracy,precision,recall,f1_score,cohen_kappa_score,roc_auc_score,confusion_matrix,TP,FP,FN,TN
0,52,0.5161261558532715,awake,0.8283613071585315,0.9072466494239361,0.878909915902071,0.8928535066040967,0.46224613205562814,0.7432743333240214,[[ 15273 9862][ 13290 96463]],15273,9862,13290,96463
0,52,0.5161261558532715,asleep,0.8283613071585315,0.5347127402583762,0.6076387507459717,0.5688480017877761,0.46224613205562814,0.7432743333240214,[[ 96463 13290][ 9862 15273]],96463,13290,9862,15273
0,52,0.5161261558532715,avg,0.8283613071585315,0.7209796948411562,0.7432743333240214,0.7308507541959364,0.46224613205562814,0.7432743333240214,,,,,
