client,round,loss,class,accuracy,precision,recall,f1_score,cohen_kappa_score,roc_auc_score,confusion_matrix,TP,FP,FN,TN
14,21,0.4897165894508362,awake,0.8256479449617461,0.8429945349974942,0.9655499166309804,0.9001197645479951,0.2387315161597965,0.5901551055205827,[[ 5398 19737][ 3781 105972]],5398,19737,3781,105972
14,21,0.4897165894508362,asleep,0.8256479449617461,0.5880814903584268,0.214760294410185,0.31462376872413594,0.2387315161597965,0.5901551055205827,[[ 105972 3781][ 19737 5398]],105972,3781,19737,5398
14,21,0.4897165894508362,avg,0.8256479449617461,0.7155380126779605,0.5901551055205827,0.6073717666360655,0.2387315161597965,0.5901551055205827,,,,,
