client,round,loss,class,accuracy,precision,recall,f1_score,cohen_kappa_score,roc_auc_score,confusion_matrix,TP,FP,FN,TN
5,73,0.7215061187744141,awake,0.7697200640531404,0.8342891613352704,0.8946908057182947,0.8634349225331059,0.13519710462934997,0.5593605212199988,[[ 5631 19504][ 11558 98195]],5631,19504,11558,98195
5,73,0.7215061187744141,asleep,0.7697200640531404,0.3275932282273547,0.2240302367217028,0.2660901616104338,0.13519710462934997,0.5593605212199988,[[ 98195 11558][ 19504 5631]],98195,11558,19504,5631
5,73,0.7215061187744141,avg,0.7697200640531404,0.5809411947813126,0.5593605212199988,0.5647625420717699,0.13519710462934997,0.5593605212199988,,,,,
