client,round,loss,class,accuracy,precision,recall,f1_score,cohen_kappa_score,roc_auc_score,confusion_matrix,TP,FP,FN,TN
2,112,0.6049403548240662,awake,0.8361751972006405,0.8821421409202277,0.921815349010961,0.9015424920469431,0.41549340259970713,0.6920196697312613,[[ 11618 13517][ 8581 101172]],11618,13517,8581,101172
2,112,0.6049403548240662,asleep,0.8361751972006405,0.5751769889598495,0.4622239904515616,0.5125512860104999,0.41549340259970713,0.6920196697312612,[[ 101172 8581][ 13517 11618]],101172,8581,13517,11618
2,112,0.6049403548240662,avg,0.8361751972006405,0.7286595649400386,0.6920196697312613,0.7070468890287216,0.41549340259970713,0.6920196697312613,,,,,
