client,round,loss,class,accuracy,precision,recall,f1_score,cohen_kappa_score,roc_auc_score,confusion_matrix,TP,FP,FN,TN
4,49,0.6174733638763428,awake,0.8182047328153728,0.8749021298308276,0.9061346842455331,0.8902445574334,0.3621513677038267,0.6701948535610001,[[ 10915 14220][ 10302 99451]],10915,14220,10302,99451
4,49,0.6174733638763428,asleep,0.8182047328153728,0.5144459631427629,0.43425502287646706,0.4709613393165344,0.3621513677038267,0.6701948535610001,[[ 99451 10302][ 14220 10915]],99451,10302,14220,10915
4,49,0.6174733638763428,avg,0.8182047328153728,0.6946740464867953,0.6701948535610001,0.6806029483749672,0.3621513677038267,0.6701948535610001,,,,,
