client,round,loss,class,accuracy,precision,recall,f1_score,cohen_kappa_score,roc_auc_score,confusion_matrix,TP,FP,FN,TN
5,126,0.7901679277420044,awake,0.7651310717039321,0.8258811547259279,0.9013785500168561,0.8619798814144873,0.08459680494854172,0.5357897325377696,[[ 4278 20857][ 10824 98929]],4278,20857,10824,98929
5,126,0.7901679277420044,asleep,0.7651310717039321,0.28327373857767185,0.17020091505868312,0.2126401073638691,0.08459680494854172,0.5357897325377696,[[ 98929 10824][ 20857 4278]],98929,10824,20857,4278
5,126,0.7901679277420044,avg,0.7651310717039321,0.5545774466517999,0.5357897325377696,0.5373099943891783,0.08459680494854172,0.5357897325377696,,,,,
