client,round,loss,class,accuracy,precision,recall,f1_score,cohen_kappa_score,roc_auc_score,confusion_matrix,TP,FP,FN,TN
5,67,0.6609176397323608,awake,0.7858964474230473,0.8453307143772151,0.9018796752708355,0.8726900832275356,0.20434004192787725,0.5906653200304843,[[ 7024 18111][ 10769 98984]],7024,18111,10769,98984
5,67,0.6609176397323608,asleep,0.7858964474230473,0.3947619850503007,0.27945096479013326,0.3272456205739844,0.20434004192787725,0.5906653200304843,[[ 98984 10769][ 18111 7024]],98984,10769,18111,7024
5,67,0.6609176397323608,avg,0.7858964474230473,0.6200463497137578,0.5906653200304843,0.59996785190076,0.20434004192787725,0.5906653200304843,,,,,
