client,round,loss,class,accuracy,precision,recall,f1_score,cohen_kappa_score,roc_auc_score,confusion_matrix,TP,FP,FN,TN
11,79,0.5692085027694702,awake,0.8298069509519008,0.8741271401231056,0.9238654068681494,0.89830831314147,0.37929029689624083,0.6714811418665394,[[ 10534 14601][ 8356 101397]],10534,14601,8356,101397
11,79,0.5692085027694702,asleep,0.8298069509519008,0.557649550026469,0.41909687686492936,0.4785462805224304,0.37929029689624083,0.6714811418665393,[[ 101397 8356][ 14601 10534]],101397,8356,14601,10534
11,79,0.5692085027694702,avg,0.8298069509519008,0.7158883450747873,0.6714811418665394,0.6884272968319503,0.37929029689624083,0.6714811418665394,,,,,
