client,round,loss,class,accuracy,precision,recall,f1_score,cohen_kappa_score,roc_auc_score,confusion_matrix,TP,FP,FN,TN
5,9,0.593234658241272,awake,0.7795504418480517,0.8426646796337692,0.8964401884230955,0.8687210277691934,0.1855147169869149,0.5827933983690969,[[ 6765 18370][ 11366 98387]],6765,18370,11366,98387
5,9,0.593234658241272,asleep,0.7795504418480517,0.37311786443108486,0.26914660831509846,0.3127166828456525,0.1855147169869149,0.5827933983690969,[[ 98387 11366][ 18370 6765]],98387,11366,18370,6765
5,9,0.593234658241272,avg,0.7795504418480517,0.607891272032427,0.5827933983690969,0.590718855307423,0.1855147169869149,0.5827933983690969,,,,,
