client,round,loss,class,accuracy,precision,recall,f1_score,cohen_kappa_score,roc_auc_score,confusion_matrix,TP,FP,FN,TN
8,62,0.638762354850769,awake,0.8031033153430994,0.8479173636667782,0.923683179503066,0.8841801380645667,0.23572471726252908,0.60013480638173,[[ 6952 18183][ 8376 101377]],6952,18183,8376,101377
8,62,0.638762354850769,asleep,0.8031033153430994,0.4535490605427975,0.2765864332603939,0.3436225687665274,0.23572471726252908,0.6001348063817299,[[ 101377 8376][ 18183 6952]],101377,8376,18183,6952
8,62,0.638762354850769,avg,0.8031033153430994,0.6507332121047879,0.60013480638173,0.6139013534155471,0.23572471726252908,0.60013480638173,,,,,
