client,round,loss,class,accuracy,precision,recall,f1_score,cohen_kappa_score,roc_auc_score,confusion_matrix,TP,FP,FN,TN
10,54,0.5693657994270325,awake,0.7851180238420022,0.9130679377288627,0.8133445099450585,0.8603260424346686,0.4014132657577323,0.7376052169777013,[[ 16636 8499][ 20486 89267]],16636,8499,20486,89267
10,54,0.5693657994270325,asleep,0.7851180238420022,0.4481439577608965,0.6618659240103442,0.5344298633085436,0.4014132657577323,0.7376052169777013,[[ 89267 20486][ 8499 16636]],89267,20486,8499,16636
10,54,0.5693657994270325,avg,0.7851180238420022,0.6806059477448796,0.7376052169777013,0.6973779528716061,0.4014132657577323,0.7376052169777013,,,,,
