client,round,loss,class,accuracy,precision,recall,f1_score,cohen_kappa_score,roc_auc_score,confusion_matrix,TP,FP,FN,TN
18,148,0.8259503245353699,awake,0.8263077516161557,0.8505286923189371,0.9542244858910462,0.8993975619077064,0.2792967271080148,0.6109893068007051,[[ 6730 18405][ 5024 104729]],6730,18405,5024,104729
18,148,0.8259503245353699,asleep,0.8263077516161557,0.5725710396460779,0.26775412771036405,0.3648784190409065,0.2792967271080148,0.6109893068007052,[[ 104729 5024][ 18405 6730]],104729,5024,18405,6730
18,148,0.8259503245353699,avg,0.8263077516161557,0.7115498659825075,0.6109893068007052,0.6321379904743064,0.2792967271080148,0.6109893068007051,,,,,
