client,round,loss,class,accuracy,precision,recall,f1_score,cohen_kappa_score,roc_auc_score,confusion_matrix,TP,FP,FN,TN
8,34,0.6002412438392639,awake,0.8072771484490837,0.8438272263774518,0.9364573177954133,0.8877324511776951,0.22038684550132737,0.5898320008511581,[[ 6113 19022][ 6974 102779]],6113,19022,6974,102779
8,34,0.6002412438392639,asleep,0.8072771484490837,0.4671047604493008,0.24320668390690273,0.31986813876824866,0.22038684550132737,0.589832000851158,[[ 102779 6974][ 19022 6113]],102779,6974,19022,6113
8,34,0.6002412438392639,avg,0.8072771484490837,0.6554659934133763,0.5898320008511581,0.6038002949729718,0.22038684550132737,0.589832000851158,,,,,
