client,round,loss,class,accuracy,precision,recall,f1_score,cohen_kappa_score,roc_auc_score,confusion_matrix,TP,FP,FN,TN
10,97,0.6764987707138062,awake,0.7734268430104976,0.9071223665134643,0.8038413528559584,0.8523646200666635,0.3729803689649548,0.7222310006770343,[[ 16102 9033][ 21529 88224]],16102,9033,21529,88224
10,97,0.6764987707138062,asleep,0.7734268430104976,0.427891897637586,0.6406206484981102,0.5130803301150304,0.3729803689649548,0.7222310006770343,[[ 88224 21529][ 9033 16102]],88224,21529,9033,16102
10,97,0.6764987707138062,avg,0.7734268430104976,0.6675071320755251,0.7222310006770343,0.6827224750908469,0.3729803689649548,0.7222310006770343,,,,,
