client,round,loss,class,accuracy,precision,recall,f1_score,cohen_kappa_score,roc_auc_score,confusion_matrix,TP,FP,FN,TN
12,96,0.9291073679924011,awake,0.8153505130182077,0.8233558949967987,0.9842191101837763,0.8966295772134353,0.09267643660827884,0.5310990120244523,[[ 1960 23175][ 1732 108021]],1960,23175,1732,108021
12,96,0.9291073679924011,asleep,0.8153505130182077,0.5308775731310943,0.07797891386512831,0.13598362646130366,0.09267643660827884,0.5310990120244523,[[ 108021 1732][ 23175 1960]],108021,1732,23175,1960
12,96,0.9291073679924011,avg,0.8153505130182077,0.6771167340639466,0.5310990120244523,0.5163066018373694,0.09267643660827884,0.5310990120244523,,,,,
