client,round,loss,class,accuracy,precision,recall,f1_score,cohen_kappa_score,roc_auc_score,confusion_matrix,TP,FP,FN,TN
3,59,0.6414868831634521,awake,0.8235054267243935,0.8541302699673666,0.9443659854400336,0.8969844353767401,0.2920676356907691,0.6200644329428138,[[ 7434 17701][ 6106 103647]],7434,17701,6106,103647
3,59,0.6414868831634521,asleep,0.8235054267243935,0.54903988183161,0.2957628804455938,0.38443438914027145,0.2920676356907691,0.6200644329428137,[[ 103647 6106][ 17701 7434]],103647,6106,17701,7434
3,59,0.6414868831634521,avg,0.8235054267243935,0.7015850758994884,0.6200644329428137,0.6407094122585058,0.2920676356907691,0.6200644329428138,,,,,
