client,round,loss,class,accuracy,precision,recall,f1_score,cohen_kappa_score,roc_auc_score,confusion_matrix,TP,FP,FN,TN
13,119,0.6324793100357056,awake,0.8265598125852559,0.8984552350368197,0.8871010359625705,0.8927420353109999,0.43994647164924583,0.7246525669170323,[[ 14131 11004][ 12391 97362]],14131,11004,12391,97362
13,119,0.6324793100357056,asleep,0.8265598125852559,0.532802956036498,0.562204097871494,0.5471088139071182,0.43994647164924583,0.7246525669170322,[[ 97362 12391][ 11004 14131]],97362,12391,11004,14131
13,119,0.6324793100357056,avg,0.8265598125852559,0.7156290955366589,0.7246525669170323,0.7199254246090591,0.43994647164924583,0.7246525669170323,,,,,
