client,round,loss,class,accuracy,precision,recall,f1_score,cohen_kappa_score,roc_auc_score,confusion_matrix,TP,FP,FN,TN
9,105,0.7726250886917114,awake,0.8387477017970464,0.8754351535836178,0.934835494246171,0.9041607733759854,0.39965848083566735,0.6770059707156855,[[ 10536 14599][ 7152 102601]],10536,14599,7152,102601
9,105,0.7726250886917114,asleep,0.8387477017970464,0.5956580732700135,0.4191764471851999,0.4920720173738412,0.39965848083566735,0.6770059707156855,[[ 102601 7152][ 14599 10536]],102601,7152,14599,10536
9,105,0.7726250886917114,avg,0.8387477017970464,0.7355466134268156,0.6770059707156855,0.6981163953749133,0.39965848083566735,0.6770059707156855,,,,,
