client,round,loss,class,accuracy,precision,recall,f1_score,cohen_kappa_score,roc_auc_score,confusion_matrix,TP,FP,FN,TN
17,38,0.6262916326522827,awake,0.814201411541427,0.8281452206594598,0.9737137025867174,0.8950493722727996,0.12980476044954703,0.5456991031334224,[[ 2958 22177][ 2885 106868]],2958,22177,2885,106868
17,38,0.6262916326522827,asleep,0.814201411541427,0.5062467910320041,0.11768450368012731,0.19097423978307188,0.12980476044954703,0.5456991031334224,[[ 106868 2885][ 22177 2958]],106868,2885,22177,2958
17,38,0.6262916326522827,avg,0.814201411541427,0.667196005845732,0.5456991031334224,0.5430118060279358,0.12980476044954703,0.5456991031334224,,,,,
