client,round,loss,class,accuracy,precision,recall,f1_score,cohen_kappa_score,roc_auc_score,confusion_matrix,TP,FP,FN,TN
7,120,0.7276971936225891,awake,0.8197393393037187,0.8479766055195335,0.9485025466274271,0.8954270010364833,0.25734484252253587,0.6029960515114458,[[ 6472 18663][ 5652 104101]],6472,18663,5652,104101
7,120,0.7276971936225891,asleep,0.8197393393037187,0.533817222038931,0.2574895563954645,0.34740599586677046,0.25734484252253587,0.6029960515114458,[[ 104101 5652][ 18663 6472]],104101,5652,18663,6472
7,120,0.7276971936225891,avg,0.8197393393037187,0.6908969137792322,0.6029960515114458,0.6214164984516268,0.25734484252253587,0.6029960515114458,,,,,
