client,round,loss,class,accuracy,precision,recall,f1_score,cohen_kappa_score,roc_auc_score,confusion_matrix,TP,FP,FN,TN
2,60,0.5147337913513184,awake,0.8428177450922246,0.8753337911039902,0.940812551820907,0.9068927962901158,0.40697684953854885,0.6778659934358164,[[ 10429 14706][ 6496 103257]],10429,14706,6496,103257
2,60,0.5147337913513184,asleep,0.8428177450922246,0.6161890694239291,0.4149194350507261,0.49591060389919167,0.40697684953854885,0.6778659934358165,[[ 103257 6496][ 14706 10429]],103257,6496,14706,10429
2,60,0.5147337913513184,avg,0.8428177450922246,0.7457614302639597,0.6778659934358165,0.7014017000946537,0.40697684953854885,0.6778659934358164,,,,,
