client,round,loss,class,accuracy,precision,recall,f1_score,cohen_kappa_score,roc_auc_score,confusion_matrix,TP,FP,FN,TN
7,109,0.679949939250946,awake,0.8184048988790701,0.8519218703563055,0.9402476469891483,0.8939082227082746,0.27453218554768677,0.6133106148214093,[[ 7198 17937][ 6558 103195]],7198,17937,6558,103195
7,109,0.679949939250946,asleep,0.8184048988790701,0.5232625763303286,0.2863735826536702,0.3701627625928878,0.27453218554768677,0.6133106148214093,[[ 103195 6558][ 17937 7198]],103195,6558,17937,7198
7,109,0.679949939250946,avg,0.8184048988790701,0.687592223343317,0.6133106148214093,0.6320354926505812,0.27453218554768677,0.6133106148214093,,,,,
