client,round,loss,class,accuracy,precision,recall,f1_score,cohen_kappa_score,roc_auc_score,confusion_matrix,TP,FP,FN,TN
12,87,0.9978510141372681,awake,0.8189535021647589,0.8216967759447478,0.992956912339526,0.899245402898742,0.08028338563925763,0.5260587227303358,[[ 1487 23648][ 773 108980]],1487,23648,773,108980
12,87,0.9978510141372681,asleep,0.8189535021647589,0.6579646017699115,0.05916053312114581,0.1085599561963862,0.08028338563925763,0.5260587227303358,[[ 108980 773][ 23648 1487]],108980,773,23648,1487
12,87,0.9978510141372681,avg,0.8189535021647589,0.7398306888573296,0.5260587227303359,0.5039026795475641,0.08028338563925763,0.5260587227303358,,,,,
