client,round,loss,class,accuracy,precision,recall,f1_score,cohen_kappa_score,roc_auc_score,confusion_matrix,TP,FP,FN,TN
17,47,0.5466903448104858,awake,0.8066766502579918,0.8388734995383195,0.9436552987162082,0.8881847222519993,0.19273160360725328,0.5761045540726456,[[ 5242 19893][ 6184 103569]],5242,19893,6184,103569
17,47,0.5466903448104858,asleep,0.8066766502579918,0.45877822510064764,0.20855380942908294,0.28675364459396624,0.19273160360725328,0.5761045540726455,[[ 103569 6184][ 19893 5242]],103569,6184,19893,5242
17,47,0.5466903448104858,avg,0.8066766502579918,0.6488258623194836,0.5761045540726456,0.5874691834229828,0.19273160360725328,0.5761045540726455,,,,,
