client,round,loss,class,accuracy,precision,recall,f1_score,cohen_kappa_score,roc_auc_score,confusion_matrix,TP,FP,FN,TN
3,34,0.5553098320960999,awake,0.8331430520135223,0.8616444488658973,0.9469900594972347,0.9023036153782712,0.33964337788489884,0.6415077609998606,[[ 8446 16689][ 5818 103935]],8446,16689,5818,103935
3,34,0.5553098320960999,asleep,0.8331430520135223,0.5921200224340998,0.33602546250248655,0.42874184623975226,0.33964337788489884,0.6415077609998606,[[ 103935 5818][ 16689 8446]],103935,5818,16689,8446
3,34,0.5553098320960999,avg,0.8331430520135223,0.7268822356499985,0.6415077609998606,0.6655227308090117,0.33964337788489884,0.6415077609998606,,,,,
