client,round,loss,class,accuracy,precision,recall,f1_score,cohen_kappa_score,roc_auc_score,confusion_matrix,TP,FP,FN,TN
4,70,0.7675072550773621,awake,0.8184864480161319,0.8586317409846822,0.9300429145444772,0.892911815390537,0.30396750006484774,0.6307067566555686,[[ 8329 16806][ 7678 102075]],8329,16806,7678,102075
4,70,0.7675072550773621,asleep,0.8184864480161319,0.520334853501593,0.33137059876666003,0.40489037966068736,0.30396750006484774,0.6307067566555686,[[ 102075 7678][ 16806 8329]],102075,7678,16806,8329
4,70,0.7675072550773621,avg,0.8184864480161319,0.6894832972431376,0.6307067566555686,0.6489010975256122,0.30396750006484774,0.6307067566555686,,,,,
