client,round,loss,class,accuracy,precision,recall,f1_score,cohen_kappa_score,roc_auc_score,confusion_matrix,TP,FP,FN,TN
15,159,1.3231680393218994,awake,0.4526496055987189,0.7712158733993718,0.46534491084526164,0.5804508543730146,-0.08241788888999313,0.43127997481789637,[[ 9984 15151][ 58680 51073]],9984,15151,58680,51073
15,159,1.3231680393218994,asleep,0.4526496055987189,0.14540370499825236,0.3972150387905311,0.21288073433618696,-0.08241788888999313,0.43127997481789637,[[ 51073 58680][ 15151 9984]],51073,58680,15151,9984
15,159,1.3231680393218994,avg,0.4526496055987189,0.4583097891988121,0.43127997481789637,0.39666579435460075,-0.08241788888999313,0.43127997481789637,,,,,
