client,round,loss,class,accuracy,precision,recall,f1_score,cohen_kappa_score,roc_auc_score,confusion_matrix,TP,FP,FN,TN
8,91,0.6757436394691467,awake,0.8003751260304846,0.8417985837143659,0.9293048937158893,0.8833899919883941,0.202058944767322,0.5833514721215214,[[ 5967 19168][ 7759 101994]],5967,19168,7759,101994
8,91,0.6757436394691467,asleep,0.8003751260304846,0.43472242459565785,0.23739805052715338,0.3070945163531561,0.202058944767322,0.5833514721215214,[[ 101994 7759][ 19168 5967]],101994,7759,19168,5967
8,91,0.6757436394691467,avg,0.8003751260304846,0.6382605041550119,0.5833514721215214,0.5952422541707751,0.202058944767322,0.5833514721215214,,,,,
