client,round,loss,class,accuracy,precision,recall,f1_score,cohen_kappa_score,roc_auc_score,confusion_matrix,TP,FP,FN,TN
2,89,0.60514235496521,awake,0.8392073423877587,0.8661095867631163,0.9491038969322023,0.9057094290570943,0.3677629393721893,0.6542217316369785,[[ 9032 16103][ 5586 104167]],9032,16103,5586,104167
2,89,0.60514235496521,asleep,0.8392073423877587,0.6178683814475304,0.3593395663417545,0.45440595678313583,0.3677629393721893,0.6542217316369784,[[ 104167 5586][ 16103 9032]],104167,5586,16103,9032
2,89,0.60514235496521,avg,0.8392073423877587,0.7419889841053233,0.6542217316369784,0.6800576929201151,0.3677629393721893,0.6542217316369785,,,,,
