client,round,loss,class,accuracy,precision,recall,f1_score,cohen_kappa_score,roc_auc_score,confusion_matrix,TP,FP,FN,TN
6,67,0.6813358664512634,awake,0.712072237708321,0.8916181619376857,0.7355425364226946,0.8060950402907726,0.2665817852497,0.6725653800076473,[[ 15322 9813][ 29025 80728]],15322,9813,29025,80728
6,67,0.6813358664512634,asleep,0.712072237708321,0.3455025142625206,0.6095882235926,0.4410350882242884,0.2665817852497,0.6725653800076473,[[ 80728 29025][ 9813 15322]],80728,29025,9813,15322
6,67,0.6813358664512634,avg,0.712072237708321,0.6185603381001031,0.6725653800076473,0.6235650642575306,0.2665817852497,0.6725653800076473,,,,,
