client,round,loss,class,accuracy,precision,recall,f1_score,cohen_kappa_score,roc_auc_score,confusion_matrix,TP,FP,FN,TN
14,61,0.520915150642395,awake,0.8282501037898108,0.8648737484408185,0.934999498874746,0.8985705216610844,0.34408591741509276,0.6485620132129846,[[ 9102 16033][ 7134 102619]],9102,16033,7134,102619
14,61,0.520915150642395,asleep,0.8282501037898108,0.5606060606060606,0.3621245275512234,0.44001837035604646,0.34408591741509276,0.6485620132129846,[[ 102619 7134][ 16033 9102]],102619,7134,16033,9102
14,61,0.520915150642395,avg,0.8282501037898108,0.7127399045234395,0.6485620132129847,0.6692944460085655,0.34408591741509276,0.6485620132129846,,,,,
