client,round,loss,class,accuracy,precision,recall,f1_score,cohen_kappa_score,roc_auc_score,confusion_matrix,TP,FP,FN,TN
15,45,0.8649166822433472,awake,0.5010823794555483,0.8027094474153298,0.5128789190272703,0.6258686443033611,-0.02335455909669526,0.4812256142779081,[[ 11300 13835][ 53463 56290]],11300,13835,53463,56290
15,45,0.8649166822433472,asleep,0.5010823794555483,0.1744823433133116,0.4495723095285459,0.2513960266079334,-0.02335455909669526,0.48122561427790805,[[ 56290 53463][ 13835 11300]],56290,53463,13835,11300
15,45,0.8649166822433472,avg,0.5010823794555483,0.4885958953643207,0.4812256142779081,0.4386323354556473,-0.02335455909669526,0.4812256142779081,,,,,
