client,round,loss,class,accuracy,precision,recall,f1_score,cohen_kappa_score,roc_auc_score,confusion_matrix,TP,FP,FN,TN
9,107,0.7248551249504089,awake,0.8359898582527727,0.8798176112623312,0.9247492095888039,0.9017240383632964,0.4082634211367805,0.6865838747367135,[[ 11271 13864][ 8259 101494]],11271,13864,8259,101494
9,107,0.7248551249504089,asleep,0.8359898582527727,0.5771121351766513,0.44841853988462305,0.5046904735251315,0.4082634211367805,0.6865838747367135,[[ 101494 8259][ 13864 11271]],101494,8259,13864,11271
9,107,0.7248551249504089,avg,0.8359898582527727,0.7284648732194912,0.6865838747367135,0.703207255944214,0.4082634211367805,0.6865838747367135,,,,,
