client,round,loss,class,accuracy,precision,recall,f1_score,cohen_kappa_score,roc_auc_score,confusion_matrix,TP,FP,FN,TN
14,108,0.5476706624031067,awake,0.8228307929541545,0.8631553122911503,0.9296420143412937,0.8951658185646605,0.32869527481347827,0.6430386319965868,[[ 8959 16176][ 7722 102031]],8959,16176,7722,102031
14,108,0.5476706624031067,asleep,0.8228307929541545,0.5370781128229722,0.35643524965187984,0.4284962693705758,0.32869527481347827,0.6430386319965867,[[ 102031 7722][ 16176 8959]],102031,7722,16176,8959
14,108,0.5476706624031067,avg,0.8228307929541545,0.7001167125570613,0.6430386319965867,0.6618310439676182,0.32869527481347827,0.6430386319965868,,,,,
