client,round,loss,class,accuracy,precision,recall,f1_score,cohen_kappa_score,roc_auc_score,confusion_matrix,TP,FP,FN,TN
14,29,0.46685755252838135,awake,0.8288061206334144,0.8556723878943091,0.9498054722877735,0.9002849987045513,0.30713812812161256,0.6251315008146645,[[ 7552 17583][ 5509 104244]],7552,17583,5509,104244
14,29,0.46685755252838135,asleep,0.8288061206334144,0.5782099379833091,0.3004575293415556,0.3954340768666877,0.30713812812161256,0.6251315008146645,[[ 104244 5509][ 17583 7552]],104244,5509,17583,7552
14,29,0.46685755252838135,avg,0.8288061206334144,0.7169411629388092,0.6251315008146645,0.6478595377856194,0.30713812812161256,0.6251315008146645,,,,,
