client,round,loss,class,accuracy,precision,recall,f1_score,cohen_kappa_score,roc_auc_score,confusion_matrix,TP,FP,FN,TN
2,77,0.5505872368812561,awake,0.8369758614554297,0.8760229307877531,0.9314642879921278,0.9028933283874727,0.39828155696348455,0.677926295577524,[[ 10667 14468][ 7522 102231]],10667,14468,7522,102231
2,77,0.5505872368812561,asleep,0.8369758614554297,0.5864533509263841,0.42438830316292026,0.4924291385836949,0.39828155696348455,0.677926295577524,[[ 102231 7522][ 14468 10667]],102231,7522,14468,10667
2,77,0.5505872368812561,avg,0.8369758614554297,0.7312381408570685,0.677926295577524,0.6976612334855838,0.39828155696348455,0.677926295577524,,,,,
