client,round,loss,class,accuracy,precision,recall,f1_score,cohen_kappa_score,roc_auc_score,confusion_matrix,TP,FP,FN,TN
14,26,0.4747699201107025,awake,0.8294585137299093,0.8530256785903227,0.9549351726148716,0.9011082547352312,0.2960245026679459,0.6182473754460871,[[ 7077 18058][ 4946 104807]],7077,18058,4946,104807
14,26,0.4747699201107025,asleep,0.8294585137299093,0.5886218082009482,0.28155957827730255,0.38091393508800253,0.2960245026679459,0.6182473754460871,[[ 104807 4946][ 18058 7077]],104807,4946,18058,7077
14,26,0.4747699201107025,avg,0.8294585137299093,0.7208237433956355,0.6182473754460871,0.6410110949116168,0.2960245026679459,0.6182473754460871,,,,,
