client,round,loss,class,accuracy,precision,recall,f1_score,cohen_kappa_score,roc_auc_score,confusion_matrix,TP,FP,FN,TN
17,81,0.5981943011283875,awake,0.8009163157582587,0.8330480896709654,0.9446393264876587,0.8853412351414127,0.15233142192822013,0.558991634598514,[[ 4357 20778][ 6076 103677]],4357,20778,6076,103677
17,81,0.5981943011283875,asleep,0.8009163157582587,0.4176171762676124,0.1733439427093694,0.24499550157444897,0.15233142192822013,0.5589916345985141,[[ 103677 6076][ 20778 4357]],103677,6076,20778,4357
17,81,0.5981943011283875,avg,0.8009163157582587,0.625332632969289,0.5589916345985141,0.5651683683579308,0.15233142192822013,0.558991634598514,,,,,
