client,round,loss,class,accuracy,precision,recall,f1_score,cohen_kappa_score,roc_auc_score,confusion_matrix,TP,FP,FN,TN
10,47,0.5833513736724854,awake,0.7845842476721429,0.9158901624474314,0.8095997375925943,0.8594711973264851,0.40570078722174097,0.7424764154443975,[[ 16975 8160][ 20897 88856]],16975,8160,20897,88856
10,47,0.5833513736724854,asleep,0.7845842476721429,0.4482203210815378,0.6753530932962005,0.5388290189978892,0.40570078722174097,0.7424764154443974,[[ 88856 20897][ 8160 16975]],88856,20897,8160,16975
10,47,0.5833513736724854,avg,0.7845842476721429,0.6820552417644846,0.7424764154443975,0.6991501081621871,0.40570078722174097,0.7424764154443975,,,,,
