client,round,loss,class,accuracy,precision,recall,f1_score,cohen_kappa_score,roc_auc_score,confusion_matrix,TP,FP,FN,TN
13,56,0.5457310080528259,awake,0.8215037660874207,0.9012701862190415,0.8766594079432909,0.8887944612002272,0.4372268300404921,0.7286619100587749,[[ 14595 10540][ 13537 96216]],14595,10540,13537,96216
13,56,0.5457310080528259,asleep,0.8215037660874207,0.5188042087302716,0.580664412174259,0.5479940676216044,0.4372268300404921,0.7286619100587749,[[ 96216 13537][ 10540 14595]],96216,13537,10540,14595
13,56,0.5457310080528259,avg,0.8215037660874207,0.7100371974746565,0.728661910058775,0.7183942644109158,0.4372268300404921,0.7286619100587749,,,,,
