client,round,loss,class,accuracy,precision,recall,f1_score,cohen_kappa_score,roc_auc_score,confusion_matrix,TP,FP,FN,TN
3,36,0.5449191331863403,awake,0.8320458454421445,0.8649337154541036,0.940438985722486,0.9011074395317062,0.3507171320568625,0.6495908873311057,[[ 9017 16118][ 6537 103216]],9017,16118,6537,103216
3,36,0.5449191331863403,asleep,0.8320458454421445,0.5797222579400797,0.3587427889397255,0.44321561109882274,0.3507171320568625,0.6495908873311057,[[ 103216 6537][ 16118 9017]],103216,6537,16118,9017
3,36,0.5449191331863403,avg,0.8320458454421445,0.7223279866970916,0.6495908873311057,0.6721615253152645,0.3507171320568625,0.6495908873311057,,,,,
