client,round,loss,class,accuracy,precision,recall,f1_score,cohen_kappa_score,roc_auc_score,confusion_matrix,TP,FP,FN,TN
18,30,0.6009430885314941,awake,0.8221116778364272,0.8331183965195774,0.9770940202090148,0.8993806426723361,0.17270923063366572,0.5612344976716448,[[ 3654 21481][ 2514 107239]],3654,21481,2514,107239
18,30,0.6009430885314941,asleep,0.8221116778364272,0.5924124513618677,0.14537497513427491,0.23346005175222823,0.17270923063366572,0.5612344976716449,[[ 107239 2514][ 21481 3654]],107239,2514,21481,3654
18,30,0.6009430885314941,avg,0.8221116778364272,0.7127654239407226,0.5612344976716449,0.5664203472122822,0.17270923063366572,0.5612344976716448,,,,,
