client,round,loss,class,accuracy,precision,recall,f1_score,cohen_kappa_score,roc_auc_score,confusion_matrix,TP,FP,FN,TN
14,35,0.45323777198791504,awake,0.8343959433011091,0.8674844665663335,0.9400745309923191,0.9023219205037386,0.36433928710817576,0.6565103110501679,[[ 9374 15761][ 6577 103176]],9374,15761,6577,103176
14,35,0.45323777198791504,asleep,0.8343959433011091,0.5876747539339227,0.3729460911080167,0.4563111522173003,0.36433928710817576,0.6565103110501679,[[ 103176 6577][ 15761 9374]],103176,6577,15761,9374
14,35,0.45323777198791504,avg,0.8343959433011091,0.7275796102501281,0.6565103110501679,0.6793165363605195,0.36433928710817576,0.6565103110501679,,,,,
