client,round,loss,class,accuracy,precision,recall,f1_score,cohen_kappa_score,roc_auc_score,confusion_matrix,TP,FP,FN,TN
1,61,0.6285945773124695,awake,0.7358697586145543,0.8593799998060682,0.8075132342623892,0.8326396783194445,0.2092870372746568,0.6152744209903551,[[ 10633 14502][ 21126 88627]],10633,14502,21126,88627
1,61,0.6285945773124695,asleep,0.7358697586145543,0.33480273308353536,0.42303560771832105,0.3737828241993883,0.2092870372746568,0.6152744209903551,[[ 88627 21126][ 14502 10633]],88627,21126,14502,10633
1,61,0.6285945773124695,avg,0.7358697586145543,0.5970913664448018,0.6152744209903551,0.6032112512594164,0.2092870372746568,0.6152744209903551,,,,,
