client,round,loss,class,accuracy,precision,recall,f1_score,cohen_kappa_score,roc_auc_score,confusion_matrix,TP,FP,FN,TN
15,98,0.9926338195800781,awake,0.47132435798588457,0.791612932590918,0.47539475002961196,0.5940431733309045,-0.042486496219994674,0.46447278778584233,[[ 11400 13735][ 57577 52176]],11400,13735,57577,52176
15,98,0.9926338195800781,asleep,0.47132435798588457,0.16527248213172507,0.4535508255420728,0.24226453587215235,-0.042486496219994674,0.4644727877858424,[[ 52176 57577][ 13735 11400]],52176,57577,13735,11400
15,98,0.9926338195800781,avg,0.47132435798588457,0.47844270736132155,0.4644727877858424,0.41815385460152843,-0.042486496219994674,0.46447278778584233,,,,,
