client,round,loss,class,accuracy,precision,recall,f1_score,cohen_kappa_score,roc_auc_score,confusion_matrix,TP,FP,FN,TN
10,5,0.5223763585090637,awake,0.7715289721843307,0.9174908763949859,0.7902745255254982,0.8491443452380952,0.38912882244961355,0.7399751382351979,[[ 17335 7800][ 23018 86735]],17335,7800,23018,86735
10,5,0.5223763585090637,asleep,0.7715289721843307,0.4295839218893267,0.6896757509448975,0.5294099682384559,0.38912882244961355,0.7399751382351979,[[ 86735 23018][ 7800 17335]],86735,23018,7800,17335
10,5,0.5223763585090637,avg,0.7715289721843307,0.6735373991421563,0.7399751382351978,0.6892771567382756,0.38912882244961355,0.7399751382351979,,,,,
