client,round,loss,class,accuracy,precision,recall,f1_score,cohen_kappa_score,roc_auc_score,confusion_matrix,TP,FP,FN,TN
4,23,0.6186593770980835,awake,0.8126668050530811,0.8441359533352886,0.9440835330241543,0.8913165964877571,0.22844326980877994,0.5914569246580887,[[ 6003 19132][ 6137 103616]],6003,19132,6137,103616
4,23,0.6186593770980835,asleep,0.8126668050530811,0.49448105436573314,0.2388303162920231,0.322092555331992,0.22844326980877994,0.5914569246580887,[[ 103616 6137][ 19132 6003]],103616,6137,19132,6003
4,23,0.6186593770980835,avg,0.8126668050530811,0.6693085038505109,0.5914569246580886,0.6067045759098746,0.22844326980877994,0.5914569246580887,,,,,
