client,round,loss,class,accuracy,precision,recall,f1_score,cohen_kappa_score,roc_auc_score,confusion_matrix,TP,FP,FN,TN
12,149,1.2346659898757935,awake,0.819212976691774,0.8260198742772469,0.9853489198472934,0.8986770596154166,0.1171633992971266,0.539561271143062,[[ 2357 22778][ 1608 108145]],2357,22778,1608,108145
12,149,1.2346659898757935,asleep,0.819212976691774,0.5944514501891551,0.09377362243883032,0.1619931271477663,0.1171633992971266,0.5395612711430618,[[ 108145 1608][ 22778 2357]],108145,1608,22778,2357
12,149,1.2346659898757935,avg,0.819212976691774,0.710235662233201,0.5395612711430618,0.5303350933815915,0.1171633992971266,0.539561271143062,,,,,
