client,round,loss,class,accuracy,precision,recall,f1_score,cohen_kappa_score,roc_auc_score,confusion_matrix,TP,FP,FN,TN
1,129,0.9619179964065552,awake,0.5734387047031612,0.8561586838192161,0.5718203602635008,0.6856808845380649,0.09770539743678042,0.5761628158986094,[[ 14591 10544][ 46994 62759]],14591,10544,46994,62759
1,129,0.9619179964065552,asleep,0.5734387047031612,0.23692457578955914,0.5805052715337179,0.3365083025830258,0.09770539743678042,0.5761628158986093,[[ 62759 46994][ 10544 14591]],62759,46994,10544,14591
1,129,0.9619179964065552,avg,0.5734387047031612,0.5465416298043876,0.5761628158986094,0.5110945935605453,0.09770539743678042,0.5761628158986094,,,,,
