client,round,loss,class,accuracy,precision,recall,f1_score,cohen_kappa_score,roc_auc_score,confusion_matrix,TP,FP,FN,TN
5,118,0.7715705037117004,awake,0.7437133028883222,0.8314917857867214,0.8591291354222663,0.8450845604380831,0.10473428874015023,0.5494372551987003,[[ 6026 19109][ 15461 94292]],6026,19109,15461,94292
5,118,0.7715705037117004,asleep,0.7437133028883222,0.28044864336575603,0.23974537497513426,0.25850456865857324,0.10473428874015023,0.5494372551987002,[[ 94292 15461][ 19109 6026]],94292,15461,19109,6026
5,118,0.7715705037117004,avg,0.7437133028883222,0.5559702145762387,0.5494372551987003,0.5517945645483282,0.10473428874015023,0.5494372551987003,,,,,
