client,round,loss,class,accuracy,precision,recall,f1_score,cohen_kappa_score,roc_auc_score,confusion_matrix,TP,FP,FN,TN
0,116,0.6046909689903259,awake,0.8313044896506732,0.8736770668682565,0.9266534855539257,0.8993858357541752,0.38044344280439824,0.6708063528823935,[[ 10430 14705][ 8050 101703]],10430,14705,8050,101703
0,116,0.6046909689903259,asleep,0.8313044896506732,0.5643939393939394,0.41495922021086135,0.47827582253811757,0.38044344280439824,0.6708063528823935,[[ 101703 8050][ 14705 10430]],101703,8050,14705,10430
0,116,0.6046909689903259,avg,0.8313044896506732,0.719035503131098,0.6708063528823935,0.6888308291461464,0.38044344280439824,0.6708063528823935,,,,,
