client,round,loss,class,accuracy,precision,recall,f1_score,cohen_kappa_score,roc_auc_score,confusion_matrix,TP,FP,FN,TN
10,107,0.757652223110199,awake,0.7453072178399858,0.9208792926360916,0.7515512104452726,0.8276432961244199,0.35860160144229614,0.7347968902833086,[[ 18048 7087][ 27268 82485]],18048,7087,27268,82485
10,107,0.757652223110199,asleep,0.7453072178399858,0.3982699267366934,0.7180425701213448,0.5123561056620913,0.35860160144229614,0.7347968902833087,[[ 82485 27268][ 7087 18048]],82485,27268,7087,18048
10,107,0.757652223110199,avg,0.7453072178399858,0.6595746096863925,0.7347968902833086,0.6699997008932557,0.35860160144229614,0.7347968902833086,,,,,
