client,round,loss,class,accuracy,precision,recall,f1_score,cohen_kappa_score,roc_auc_score,confusion_matrix,TP,FP,FN,TN
1,90,0.7688846588134766,awake,0.6529935946859616,0.8650567193263276,0.6795258443960529,0.7611485607270612,0.15919388145700974,0.6083326456911635,[[ 13501 11634][ 35173 74580]],13501,11634,35173,74580
1,90,0.7688846588134766,asleep,0.6529935946859616,0.27737601183383326,0.5371394469862741,0.3658361446436072,0.15919388145700974,0.6083326456911635,[[ 74580 35173][ 11634 13501]],74580,35173,11634,13501
1,90,0.7688846588134766,avg,0.6529935946859616,0.5712163655800804,0.6083326456911635,0.5634923526853342,0.15919388145700974,0.6083326456911635,,,,,
