client,round,loss,class,accuracy,precision,recall,f1_score,cohen_kappa_score,roc_auc_score,confusion_matrix,TP,FP,FN,TN
0,0,0.479602575302124,awake,0.8145498487634185,0.8151236128878707,0.998560403815841,0.8975655699105259,0.015487397210031784,0.5048103391667229,[[ 278 24857][ 158 109595]],278,24857,158,109595
0,0,0.479602575302124,asleep,0.8145498487634185,0.6376146788990825,0.011060274517604933,0.021743381173986158,0.015487397210031784,0.5048103391667229,[[ 109595 158][ 24857 278]],109595,158,24857,278
0,0,0.479602575302124,avg,0.8145498487634185,0.7263691458934767,0.5048103391667229,0.459654475542256,0.015487397210031784,0.5048103391667229,,,,,
