client,round,loss,class,accuracy,precision,recall,f1_score,cohen_kappa_score,roc_auc_score,confusion_matrix,TP,FP,FN,TN
9,87,0.683294951915741,awake,0.8367163869284147,0.8813663948251578,0.9236467340300493,0.90201138047168,0.41422649894301,0.6903891119921481,[[ 11490 13645][ 8380 101373]],11490,13645,8380,101373
9,87,0.683294951915741,asleep,0.8367163869284147,0.5782586814292904,0.45713148995424707,0.5106099322297524,0.41422649894301,0.6903891119921481,[[ 101373 8380][ 13645 11490]],101373,8380,13645,11490
9,87,0.683294951915741,avg,0.8367163869284147,0.729812538127224,0.6903891119921481,0.7063106563507162,0.41422649894301,0.6903891119921481,,,,,
