client,round,loss,class,accuracy,precision,recall,f1_score,cohen_kappa_score,roc_auc_score,confusion_matrix,TP,FP,FN,TN
3,132,0.9083757400512695,awake,0.8321941166004388,0.8637616287809197,0.9424070412653868,0.9013721192684935,0.34644931564629866,0.6466759694092998,[[ 8821 16314][ 6321 103432]],8821,16314,6321,103432
3,132,0.9083757400512695,asleep,0.8321941166004388,0.5825518425571259,0.3509448975532127,0.43801673411624503,0.34644931564629866,0.6466759694092998,[[ 103432 6321][ 16314 8821]],103432,6321,16314,8821
3,132,0.9083757400512695,avg,0.8321941166004388,0.7231567356690227,0.6466759694092997,0.6696944266923692,0.34644931564629866,0.6466759694092998,,,,,
