client,round,loss,class,accuracy,precision,recall,f1_score,cohen_kappa_score,roc_auc_score,confusion_matrix,TP,FP,FN,TN
14,68,0.5584456920623779,awake,0.8296512662356919,0.8834003446295232,0.9108634843694478,0.8969217380382024,0.40720724332411085,0.692949148192283,[[ 11940 13195][ 9783 99970]],11940,13195,9783,99970
14,68,0.5584456920623779,asleep,0.8296512662356919,0.5496478386963126,0.4750348120151184,0.5096248239361475,0.40720724332411085,0.692949148192283,[[ 99970 9783][ 13195 11940]],99970,9783,13195,11940
14,68,0.5584456920623779,avg,0.8296512662356919,0.7165240916629179,0.692949148192283,0.7032732809871749,0.40720724332411085,0.692949148192283,,,,,
