client,round,loss,class,accuracy,precision,recall,f1_score,cohen_kappa_score,roc_auc_score,confusion_matrix,TP,FP,FN,TN
17,50,0.551095724105835,awake,0.8100275784354427,0.8304735866251847,0.9631262926753711,0.8918945143585179,0.14312402440975003,0.5523210536382624,[[ 3557 21578][ 4047 105706]],3557,21578,4047,105706
17,50,0.551095724105835,asleep,0.8100275784354427,0.4677801157285639,0.14151581460115378,0.21729435841045847,0.14312402440975003,0.5523210536382623,[[ 105706 4047][ 21578 3557]],105706,4047,21578,3557
17,50,0.551095724105835,avg,0.8100275784354427,0.6491268511768743,0.5523210536382624,0.5545944363844881,0.14312402440975003,0.5523210536382623,,,,,
