client,round,loss,class,accuracy,precision,recall,f1_score,cohen_kappa_score,roc_auc_score,confusion_matrix,TP,FP,FN,TN
15,74,0.8592245578765869,awake,0.5482993298143645,0.7992033337418801,0.5941249897497107,0.681571836962941,-0.04027792412868392,0.47116235562679487,[[ 8752 16383][ 44546 65207]],8752,16383,44546,65207
15,74,0.8592245578765869,asleep,0.5482993298143645,0.1642087883222635,0.34819972150387907,0.22317136919408917,-0.04027792412868392,0.47116235562679487,[[ 65207 44546][ 16383 8752]],65207,44546,16383,8752
15,74,0.8592245578765869,avg,0.5482993298143645,0.4817060610320718,0.47116235562679487,0.4523716030785151,-0.04027792412868392,0.47116235562679487,,,,,
