client,round,loss,class,accuracy,precision,recall,f1_score,cohen_kappa_score,roc_auc_score,confusion_matrix,TP,FP,FN,TN
15,67,0.871060848236084,awake,0.5363783286875037,0.7965456600929531,0.5777791951017284,0.6697506904727957,-0.04555907893984479,0.46668947819538376,[[ 8938 16197][ 46340 63413]],8938,16197,46340,63413
15,67,0.871060848236084,asleep,0.5363783286875037,0.16169181229422194,0.3555997612890392,0.22230236404561451,-0.04555907893984479,0.46668947819538376,[[ 63413 46340][ 16197 8938]],63413,46340,16197,8938
15,67,0.871060848236084,avg,0.5363783286875037,0.4791187361935875,0.46668947819538376,0.4460265272592051,-0.04555907893984479,0.46668947819538376,,,,,
