client,round,loss,class,accuracy,precision,recall,f1_score,cohen_kappa_score,roc_auc_score,confusion_matrix,TP,FP,FN,TN
16,6,0.5125925540924072,awake,0.8123850898523219,0.8652129536726292,0.9114010550964439,0.887706609278282,0.320201885360598,0.6457144523542693,[[ 9552 15583][ 9724 100029]],9552,15583,9724,100029
16,6,0.5125925540924072,asleep,0.8123850898523219,0.49553849346337414,0.3800278496120947,0.43016369818288264,0.320201885360598,0.6457144523542692,[[ 100029 9724][ 15583 9552]],100029,9724,15583,9552
16,6,0.5125925540924072,avg,0.8123850898523219,0.6803757235680017,0.6457144523542693,0.6589351537305823,0.320201885360598,0.6457144523542693,,,,,
