client,round,loss,class,accuracy,precision,recall,f1_score,cohen_kappa_score,roc_auc_score,confusion_matrix,TP,FP,FN,TN
16,57,0.6900280714035034,awake,0.8154098214815254,0.8551089758612609,0.9308629376873525,0.8913793629950836,0.28457856865462705,0.6210710152928507,[[ 7824 17311][ 7588 102165]],7824,17311,7588,102165
16,57,0.6900280714035034,asleep,0.8154098214815254,0.507656371658448,0.31127909289834893,0.3859225096801243,0.28457856865462705,0.6210710152928507,[[ 102165 7588][ 17311 7824]],102165,7588,17311,7824
16,57,0.6900280714035034,avg,0.8154098214815254,0.6813826737598545,0.6210710152928507,0.638650936337604,0.28457856865462705,0.6210710152928507,,,,,
