client,round,loss,class,accuracy,precision,recall,f1_score,cohen_kappa_score,roc_auc_score,confusion_matrix,TP,FP,FN,TN
6,46,0.5552628040313721,awake,0.7562718699958484,0.8511487690129265,0.848915291609341,0.8500305631836801,0.19977348766994152,0.6003279461826295,[[ 8841 16294][ 16582 93171]],8841,16294,16582,93171
6,46,0.5552628040313721,asleep,0.7562718699958484,0.3477559690044448,0.35174060075591806,0.349736935796511,0.19977348766994152,0.6003279461826295,[[ 93171 16582][ 16294 8841]],93171,16582,16294,8841
6,46,0.5552628040313721,avg,0.7562718699958484,0.5994523690086856,0.6003279461826295,0.5998837494900955,0.19977348766994152,0.6003279461826295,,,,,
