client,round,loss,class,accuracy,precision,recall,f1_score,cohen_kappa_score,roc_auc_score,confusion_matrix,TP,FP,FN,TN
18,123,0.7423200011253357,awake,0.8247731451278097,0.8405907152970583,0.9682651043707233,0.8999220919991872,0.22365602611098145,0.5832373860823181,[[ 4982 20153][ 3483 106270]],4982,20153,3483,106270
18,123,0.7423200011253357,asleep,0.8247731451278097,0.5885410513880686,0.19820966779391286,0.29654761904761906,0.22365602611098145,0.5832373860823181,[[ 106270 3483][ 20153 4982]],106270,3483,20153,4982
18,123,0.7423200011253357,avg,0.8247731451278097,0.7145658833425634,0.5832373860823181,0.5982348555234032,0.22365602611098145,0.5832373860823181,,,,,
