client,round,loss,class,accuracy,precision,recall,f1_score,cohen_kappa_score,roc_auc_score,confusion_matrix,TP,FP,FN,TN
0,62,0.5372099280357361,awake,0.8305631338592017,0.8970193168734809,0.8944447987754321,0.8957302079008719,0.44392140548440984,0.7230330220254723,[[ 13865 11270][ 11585 98168]],13865,11270,11585,98168
0,62,0.5372099280357361,asleep,0.8305631338592017,0.5447937131630648,0.5516212452755123,0.5481862212118216,0.44392140548440984,0.7230330220254723,[[ 98168 11585][ 11270 13865]],98168,11585,11270,13865
0,62,0.5372099280357361,avg,0.8305631338592017,0.7209065150182729,0.7230330220254721,0.7219582145563468,0.44392140548440984,0.7230330220254723,,,,,
