client,round,loss,class,accuracy,precision,recall,f1_score,cohen_kappa_score,roc_auc_score,confusion_matrix,TP,FP,FN,TN
7,9,0.5484874844551086,awake,0.82450625704288,0.8467344982317069,0.9576594717228686,0.8987874330864873,0.2575373666458447,0.6003734000746828,[[ 6110 19025][ 4647 105106]],6110,19025,4647,105106
7,9,0.5484874844551086,asleep,0.82450625704288,0.5680022311053268,0.2430873284264969,0.34046584197035545,0.2575373666458447,0.6003734000746828,[[ 105106 4647][ 19025 6110]],105106,4647,19025,6110
7,9,0.5484874844551086,avg,0.82450625704288,0.7073683646685168,0.6003734000746828,0.6196266375284214,0.2575373666458447,0.6003734000746828,,,,,
