client,round,loss,class,accuracy,precision,recall,f1_score,cohen_kappa_score,roc_auc_score,confusion_matrix,TP,FP,FN,TN
0,103,0.6081348061561584,awake,0.8259667279520788,0.8741911420293877,0.9182619153918344,0.8956847479770175,0.37285835697192726,0.6706089763949425,[[ 10631 14504][ 8971 100782]],10631,14504,8971,100782
0,103,0.6081348061561584,asleep,0.8259667279520788,0.5423426181001939,0.42295603739805054,0.4752665578827369,0.37285835697192726,0.6706089763949425,[[ 100782 8971][ 14504 10631]],100782,8971,14504,10631
0,103,0.6081348061561584,avg,0.8259667279520788,0.7082668800647909,0.6706089763949425,0.6854756529298772,0.37285835697192726,0.6706089763949425,,,,,
