client,round,loss,class,accuracy,precision,recall,f1_score,cohen_kappa_score,roc_auc_score,confusion_matrix,TP,FP,FN,TN
18,103,0.6818928718566895,awake,0.8324387640116244,0.856035165984427,0.9546071633577214,0.9026380177820663,0.3145638207994641,0.6267963208871361,[[ 7515 17620][ 4982 104771]],7515,17620,4982,104771
18,103,0.6818928718566895,asleep,0.8324387640116244,0.601344322637433,0.29898547841655065,0.39939413265306123,0.3145638207994641,0.6267963208871361,[[ 104771 4982][ 17620 7515]],104771,4982,17620,7515
18,103,0.6818928718566895,avg,0.8324387640116244,0.7286897443109299,0.6267963208871361,0.6510160752175638,0.3145638207994641,0.6267963208871361,,,,,
