client,round,loss,class,accuracy,precision,recall,f1_score,cohen_kappa_score,roc_auc_score,confusion_matrix,TP,FP,FN,TN
13,61,0.5558485984802246,awake,0.8283316529268727,0.8894345358553016,0.9010232066549434,0.8951913676358764,0.4211814848577239,0.7059721165560375,[[ 12842 12293][ 10863 98890]],12842,12293,10863,98890
13,61,0.5558485984802246,asleep,0.8283316529268727,0.5417422484707868,0.5109210264571314,0.5258804258804259,0.4211814848577239,0.7059721165560374,[[ 98890 10863][ 12293 12842]],98890,10863,12293,12842
13,61,0.5558485984802246,avg,0.8283316529268727,0.7155883921630442,0.7059721165560374,0.7105358967581512,0.4211814848577239,0.7059721165560375,,,,,
