client,round,loss,class,accuracy,precision,recall,f1_score,cohen_kappa_score,roc_auc_score,confusion_matrix,TP,FP,FN,TN
17,5,0.44487786293029785,awake,0.8201544985469427,0.8241699907481838,0.9902235018632748,0.8995981276306912,0.1025410360836414,0.5338823894834576,[[ 1949 23186][ 1073 108680]],1949,23186,1073,108680
17,5,0.44487786293029785,asleep,0.8201544985469427,0.6449371277299801,0.07754127710364034,0.13843804382569166,0.1025410360836414,0.5338823894834576,[[ 108680 1073][ 23186 1949]],108680,1073,23186,1949
17,5,0.44487786293029785,avg,0.8201544985469427,0.7345535592390819,0.5338823894834576,0.5190180857281914,0.1025410360836414,0.5338823894834576,,,,,
