client,round,loss,class,accuracy,precision,recall,f1_score,cohen_kappa_score,roc_auc_score,confusion_matrix,TP,FP,FN,TN
2,52,0.495872437953949,awake,0.8365607022122057,0.8841036690578168,0.9196924002077392,0.9015469534306283,0.4218382487338215,0.6966275806489264,[[ 11903 13232][ 8814 100939]],11903,13232,8814,100939
2,52,0.495872437953949,asleep,0.8365607022122057,0.5745523000434426,0.47356276109011336,0.5191921835470644,0.4218382487338215,0.6966275806489264,[[ 100939 8814][ 13232 11903]],100939,8814,13232,11903
2,52,0.495872437953949,avg,0.8365607022122057,0.7293279845506297,0.6966275806489263,0.7103695684888464,0.4218382487338215,0.6966275806489264,,,,,
