client,round,loss,class,accuracy,precision,recall,f1_score,cohen_kappa_score,roc_auc_score,confusion_matrix,TP,FP,FN,TN
11,95,0.6048705577850342,awake,0.8288209477492439,0.8663684864677483,0.9336236822683662,0.8987396174120496,0.35063710012343896,0.6524096131652155,[[ 9330 15805][ 7285 102468]],9330,15805,7285,102468
11,95,0.6048705577850342,asleep,0.8288209477492439,0.5615407764068613,0.37119554406206484,0.44694610778443117,0.35063710012343896,0.6524096131652155,[[ 102468 7285][ 15805 9330]],102468,7285,15805,9330
11,95,0.6048705577850342,avg,0.8288209477492439,0.7139546314373049,0.6524096131652155,0.6728428625982403,0.35063710012343896,0.6524096131652155,,,,,
