client,round,loss,class,accuracy,precision,recall,f1_score,cohen_kappa_score,roc_auc_score,confusion_matrix,TP,FP,FN,TN
11,62,0.618003785610199,awake,0.8272492734713244,0.850847787797375,0.955117399979955,0.8999725270008069,0.2822477073235966,0.6120126486671209,[[ 6759 18376][ 4926 104827]],6759,18376,4926,104827
11,62,0.618003785610199,asleep,0.8272492734713244,0.5784338896020539,0.26890789735428683,0.36713742531233023,0.2822477073235966,0.6120126486671209,[[ 104827 4926][ 18376 6759]],104827,4926,18376,6759
11,62,0.618003785610199,avg,0.8272492734713244,0.7146408386997145,0.6120126486671209,0.6335549761565685,0.2822477073235966,0.6120126486671209,,,,,
