client,round,loss,class,accuracy,precision,recall,f1_score,cohen_kappa_score,roc_auc_score,confusion_matrix,TP,FP,FN,TN
1,87,0.7073853611946106,awake,0.7078539232548484,0.8541809320497845,0.7728900348965404,0.8115047761179751,0.1695933194373448,0.5983805654888511,[[ 10654 14481][ 24926 84827]],10654,14481,24926,84827
1,87,0.7073853611946106,asleep,0.7078539232548484,0.2994378864530635,0.42387109608116175,0.3509511652804085,0.1695933194373448,0.5983805654888511,[[ 84827 24926][ 14481 10654]],84827,24926,14481,10654
1,87,0.7073853611946106,avg,0.7078539232548484,0.576809409251424,0.5983805654888511,0.5812279706991919,0.1695933194373448,0.5983805654888511,,,,,
