client,round,loss,class,accuracy,precision,recall,f1_score,cohen_kappa_score,roc_auc_score,confusion_matrix,TP,FP,FN,TN
10,75,0.6460356712341309,awake,0.7694605895261254,0.9031656210275967,0.8027297659289495,0.8499910757786985,0.35960569803631914,0.7134595716455966,[[ 15689 9446][ 21651 88102]],15689,9446,21651,88102
10,75,0.6460356712341309,asleep,0.7694605895261254,0.4201660417782539,0.6241893773622439,0.502248899559824,0.35960569803631914,0.7134595716455967,[[ 88102 21651][ 9446 15689]],88102,21651,9446,15689
10,75,0.6460356712341309,avg,0.7694605895261254,0.6616658314029253,0.7134595716455967,0.6761199876692612,0.35960569803631914,0.7134595716455967,,,,,
