client,round,loss,class,accuracy,precision,recall,f1_score,cohen_kappa_score,roc_auc_score,confusion_matrix,TP,FP,FN,TN
9,159,1.0346564054489136,awake,0.8382213391851017,0.8758923762215401,0.9334323435350287,0.9037474196792463,0.4001602918158703,0.677955479505728,[[ 10619 14516][ 7306 102447]],10619,14516,7306,102447
9,159,1.0346564054489136,asleep,0.8382213391851017,0.5924128312412831,0.4224786154764273,0.4932187645146307,0.4001602918158703,0.677955479505728,[[ 102447 7306][ 14516 10619]],102447,7306,14516,10619
9,159,1.0346564054489136,avg,0.8382213391851017,0.7341526037314117,0.677955479505728,0.6984830920969385,0.4001602918158703,0.677955479505728,,,,,
