client,round,loss,class,accuracy,precision,recall,f1_score,cohen_kappa_score,roc_auc_score,confusion_matrix,TP,FP,FN,TN
1,146,0.8921743631362915,awake,0.6503247138366645,0.8601201436199595,0.6809927746849744,0.7601462504258857,0.14616516196286022,0.5987020766203865,[[ 12980 12155][ 35012 74741]],12980,12155,35012,74741
1,146,0.8921743631362915,asleep,0.6503247138366645,0.2704617436239373,0.5164113785557987,0.35499883763862866,0.14616516196286022,0.5987020766203865,[[ 74741 35012][ 12155 12980]],74741,35012,12155,12980
1,146,0.8921743631362915,avg,0.6503247138366645,0.5652909436219484,0.5987020766203865,0.5575725440322572,0.14616516196286022,0.5987020766203865,,,,,
