client,round,loss,class,accuracy,precision,recall,f1_score,cohen_kappa_score,roc_auc_score,confusion_matrix,TP,FP,FN,TN
3,113,0.8039827346801758,awake,0.82645602277445,0.8547644873944056,0.9477463030623309,0.8988571798915509,0.2994069515871196,0.6222916914157886,[[ 7461 17674][ 5735 104018]],7461,17674,5735,104018
3,113,0.8039827346801758,asleep,0.82645602277445,0.5653986056380721,0.29683707976924606,0.3892932613289505,0.2994069515871196,0.6222916914157884,[[ 104018 5735][ 17674 7461]],104018,5735,17674,7461
3,113,0.8039827346801758,avg,0.82645602277445,0.7100815465162389,0.6222916914157884,0.6440752206102507,0.2994069515871196,0.6222916914157886,,,,,
