client,round,loss,class,accuracy,precision,recall,f1_score,cohen_kappa_score,roc_auc_score,confusion_matrix,TP,FP,FN,TN
14,3,0.4285515546798706,awake,0.8250919281181425,0.8442049249748318,0.9626980583674251,0.8995662186955911,0.2447539945138847,0.593463610444902,[[ 5636 19499][ 4094 105659]],5636,19499,4094,105659
14,3,0.4285515546798706,asleep,0.8250919281181425,0.5792394655704008,0.22422916252237915,0.3233041732396386,0.2447539945138847,0.5934636104449021,[[ 105659 4094][ 19499 5636]],105659,4094,19499,5636
14,3,0.4285515546798706,avg,0.8250919281181425,0.7117221952726163,0.5934636104449021,0.6114351959676149,0.2447539945138847,0.593463610444902,,,,,
