client,round,loss,class,accuracy,precision,recall,f1_score,cohen_kappa_score,roc_auc_score,confusion_matrix,TP,FP,FN,TN
4,107,0.8306679129600525,awake,0.8107244528794258,0.8785598705501618,0.8904631308483595,0.8844714538469545,0.3612439184762135,0.6765027012905016,[[ 11626 13509][ 12022 97731]],11626,13509,12022,97731
4,107,0.8306679129600525,asleep,0.8107244528794258,0.49162719891745604,0.46254227173264373,0.4766414529651723,0.3612439184762135,0.6765027012905016,[[ 97731 12022][ 13509 11626]],97731,12022,13509,11626
4,107,0.8306679129600525,avg,0.8107244528794258,0.685093534733809,0.6765027012905016,0.6805564534060634,0.3612439184762135,0.6765027012905016,,,,,
