client,round,loss,class,accuracy,precision,recall,f1_score,cohen_kappa_score,roc_auc_score,confusion_matrix,TP,FP,FN,TN
12,2,0.701798677444458,awake,0.8127631813059724,0.8139588457794259,0.9979863876158283,0.8966273739358219,0.0031721143494840565,0.5009824518146776,[[ 100 25035][ 221 109532]],100,25035,221,109532
12,2,0.701798677444458,asleep,0.8127631813059724,0.3115264797507788,0.003978516013526954,0.00785669390320553,0.0031721143494840565,0.5009824518146776,[[ 109532 221][ 25035 100]],109532,221,25035,100
12,2,0.701798677444458,avg,0.8127631813059724,0.5627426627651023,0.5009824518146776,0.45224203391951373,0.0031721143494840565,0.5009824518146776,,,,,
