client,round,loss,class,accuracy,precision,recall,f1_score,cohen_kappa_score,roc_auc_score,confusion_matrix,TP,FP,FN,TN
17,23,0.5124637484550476,awake,0.8121700966727952,0.8375248894468745,0.9542791541005713,0.8920981576279994,0.19066457172164142,0.5729621352360823,[[ 4817 20318][ 5018 104735]],4817,20318,5018,104735
17,23,0.5124637484550476,asleep,0.8121700966727952,0.48978139298423995,0.1916451163715934,0.2754932799542465,0.19066457172164142,0.5729621352360823,[[ 104735 5018][ 20318 4817]],104735,5018,20318,4817
17,23,0.5124637484550476,avg,0.8121700966727952,0.6636531412155573,0.5729621352360823,0.5837957187911229,0.19066457172164142,0.5729621352360823,,,,,
