client,round,loss,class,accuracy,precision,recall,f1_score,cohen_kappa_score,roc_auc_score,confusion_matrix,TP,FP,FN,TN
6,51,0.5984256863594055,awake,0.7397173951722911,0.8733245308686433,0.795495339535138,0.832595064966027,0.2536117304512603,0.6458280357910422,[[ 12471 12664][ 22445 87308]],12471,12664,22445,87308
6,51,0.5984256863594055,asleep,0.7397173951722911,0.3571714973078245,0.4961607320469465,0.41534695508817504,0.2536117304512603,0.6458280357910423,[[ 87308 22445][ 12664 12471]],87308,22445,12664,12471
6,51,0.5984256863594055,avg,0.7397173951722911,0.6152480140882339,0.6458280357910422,0.623971010027101,0.2536117304512603,0.6458280357910422,,,,,
