client,round,loss,class,accuracy,precision,recall,f1_score,cohen_kappa_score,roc_auc_score,confusion_matrix,TP,FP,FN,TN
5,35,0.6033876538276672,awake,0.7828494751200996,0.8371859128015153,0.9101163521726058,0.8721291150624053,0.16083387788874148,0.5686249156924298,[[ 5709 19426][ 9865 99888]],5709,19426,9865,99888
5,35,0.6033876538276672,asleep,0.7828494751200996,0.3665724926158983,0.22713347921225382,0.2804785182637746,0.16083387788874148,0.5686249156924298,[[ 99888 9865][ 19426 5709]],99888,9865,19426,5709
5,35,0.6033876538276672,avg,0.7828494751200996,0.6018792027087068,0.5686249156924298,0.5763038166630899,0.16083387788874148,0.5686249156924298,,,,,
