client,round,loss,class,accuracy,precision,recall,f1_score,cohen_kappa_score,roc_auc_score,confusion_matrix,TP,FP,FN,TN
14,100,0.5299489498138428,awake,0.8280202834944547,0.8594327478094763,0.942844386941587,0.8992083699024148,0.32210189178131154,0.634740275826075,[[ 8210 16925][ 6273 103480]],8210,16925,6273,103480
14,100,0.5299489498138428,asleep,0.8280202834944547,0.5668715045225436,0.32663616471056295,0.41445807461254985,0.32210189178131154,0.634740275826075,[[ 103480 6273][ 16925 8210]],103480,6273,16925,8210
14,100,0.5299489498138428,avg,0.8280202834944547,0.71315212616601,0.634740275826075,0.6568332222574823,0.32210189178131154,0.634740275826075,,,,,
