client,round,loss,class,accuracy,precision,recall,f1_score,cohen_kappa_score,roc_auc_score,confusion_matrix,TP,FP,FN,TN
9,118,0.762931227684021,awake,0.8381768578376134,0.875334033416148,0.9341612529953623,0.9037913981717368,0.3982729500539287,0.6766091723500782,[[ 10533 14602][ 7226 102527]],10533,14602,7226,102527
9,118,0.762931227684021,asleep,0.8381768578376134,0.5931077200292809,0.4190570917047941,0.4911176388306057,0.3982729500539287,0.6766091723500782,[[ 102527 7226][ 14602 10533]],102527,7226,14602,10533
9,118,0.762931227684021,avg,0.8381768578376134,0.7342208767227145,0.6766091723500782,0.6974545185011712,0.3982729500539287,0.6766091723500782,,,,,
