client,round,loss,class,accuracy,precision,recall,f1_score,cohen_kappa_score,roc_auc_score,confusion_matrix,TP,FP,FN,TN
15,113,0.9763175249099731,awake,0.4906663305853745,0.7860228539576366,0.5139267263764999,0.6214981847030241,-0.061271708478167985,0.4515127962497181,[[ 9780 15355][ 53348 56405]],9780,15355,53348,56405
15,113,0.9763175249099731,asleep,0.4906663305853745,0.15492333037637815,0.38909886612293615,0.22161041432990042,-0.061271708478167985,0.4515127962497181,[[ 56405 53348][ 15355 9780]],56405,53348,15355,9780
15,113,0.9763175249099731,avg,0.4906663305853745,0.4704730921670074,0.4515127962497181,0.4215542995164623,-0.061271708478167985,0.4515127962497181,,,,,
