client,round,loss,class,accuracy,precision,recall,f1_score,cohen_kappa_score,roc_auc_score,confusion_matrix,TP,FP,FN,TN
12,106,0.942758321762085,awake,0.8138826285510943,0.836246345493835,0.959062622434011,0.8934535809018568,0.184662261243554,0.5695054508629175,[[ 4523 20612][ 4493 105260]],4523,20612,4493,105260
12,106,0.942758321762085,asleep,0.8138826285510943,0.5016637089618456,0.17994827929182414,0.2648824338965184,0.184662261243554,0.5695054508629175,[[ 105260 4493][ 20612 4523]],105260,4493,20612,4523
12,106,0.942758321762085,avg,0.8138826285510943,0.6689550272278404,0.5695054508629176,0.5791680073991876,0.184662261243554,0.5695054508629175,,,,,
