client,round,loss,class,accuracy,precision,recall,f1_score,cohen_kappa_score,roc_auc_score,confusion_matrix,TP,FP,FN,TN
11,110,0.6771149039268494,awake,0.8316010319672618,0.8553499689714864,0.9544431587291463,0.9021836957036615,0.3101263651027103,0.6248245234664231,[[ 7420 17715][ 5000 104753]],7420,17715,5000,104753
11,110,0.6771149039268494,asleep,0.8316010319672618,0.5974235104669887,0.29520588820370003,0.39515377446411926,0.3101263651027103,0.6248245234664231,[[ 104753 5000][ 17715 7420]],104753,5000,17715,7420
11,110,0.6771149039268494,avg,0.8316010319672618,0.7263867397192376,0.6248245234664231,0.6486687350838904,0.3101263651027103,0.6248245234664231,,,,,
