client,round,loss,class,accuracy,precision,recall,f1_score,cohen_kappa_score,roc_auc_score,confusion_matrix,TP,FP,FN,TN
14,107,0.5604652166366577,awake,0.8247286637803215,0.8546610762856366,0.9453500132114839,0.8977209801342839,0.29630465664869843,0.621690323892394,[[ 7491 17644][ 5998 103755]],7491,17644,5998,103755
14,107,0.5604652166366577,asleep,0.8247286637803215,0.5553413892801542,0.29803063457330414,0.3878935376967688,0.29630465664869843,0.621690323892394,[[ 103755 5998][ 17644 7491]],103755,5998,17644,7491
14,107,0.5604652166366577,avg,0.8247286637803215,0.7050012327828954,0.6216903238923941,0.6428072589155264,0.29630465664869843,0.621690323892394,,,,,
