client,round,loss,class,accuracy,precision,recall,f1_score,cohen_kappa_score,roc_auc_score,confusion_matrix,TP,FP,FN,TN
13,4,0.463497132062912,awake,0.8196429630508274,0.8698468225860919,0.9152916093409748,0.8919907654057895,0.34787347330803475,0.6586404336738692,[[ 10104 15031][ 9297 100456]],10104,15031,9297,100456
13,4,0.463497132062912,asleep,0.8196429630508274,0.5207978970156177,0.4019892580067635,0.45374528471349024,0.34787347330803475,0.6586404336738692,[[ 100456 9297][ 15031 10104]],100456,9297,15031,10104
13,4,0.463497132062912,avg,0.8196429630508274,0.6953223598008549,0.6586404336738692,0.6728680250596398,0.34787347330803475,0.6586404336738692,,,,,
