client,round,loss,class,accuracy,precision,recall,f1_score,cohen_kappa_score,roc_auc_score,confusion_matrix,TP,FP,FN,TN
1,157,0.9289352893829346,awake,0.6559441907360181,0.8226568867155665,0.7357612092607947,0.7767864443300804,0.03666252195497022,0.5215905708130113,[[ 7727 17408][ 29001 80752]],7727,17408,29001,80752
1,157,0.9289352893829346,asleep,0.6559441907360181,0.21038444783271618,0.30741993236522774,0.24981006417406204,0.03666252195497022,0.5215905708130112,[[ 80752 29001][ 17408 7727]],80752,29001,17408,7727
1,157,0.9289352893829346,avg,0.6559441907360181,0.5165206672741414,0.5215905708130112,0.5132982542520712,0.03666252195497022,0.5215905708130113,,,,,
