client,round,loss,class,accuracy,precision,recall,f1_score,cohen_kappa_score,roc_auc_score,confusion_matrix,TP,FP,FN,TN
9,89,0.6966532468795776,awake,0.8416093351521262,0.8797322610025605,0.93286743870327,0.9055210383178189,0.41854756461792086,0.6879972761449511,[[ 11138 13997][ 7368 102385]],11138,13997,7368,102385
9,89,0.6966532468795776,asleep,0.8416093351521262,0.6018588565870528,0.4431271135866322,0.5104374326894434,0.41854756461792086,0.6879972761449511,[[ 102385 7368][ 13997 11138]],102385,7368,13997,11138
9,89,0.6966532468795776,avg,0.8416093351521262,0.7407955587948067,0.6879972761449511,0.7079792355036312,0.41854756461792086,0.6879972761449511,,,,,
