client,round,loss,class,accuracy,precision,recall,f1_score,cohen_kappa_score,roc_auc_score,confusion_matrix,TP,FP,FN,TN
2,131,0.6521140933036804,awake,0.8385475357333492,0.8713247397877782,0.9404572084589943,0.9045720245033171,0.3854964913629483,0.6670060062585403,[[ 9892 15243][ 6535 103218]],9892,15243,6535,103218
2,131,0.6521140933036804,asleep,0.8385475357333492,0.6021793388932855,0.39355480405808635,0.47601174149463454,0.3854964913629483,0.6670060062585402,[[ 103218 6535][ 15243 9892]],103218,6535,15243,9892
2,131,0.6521140933036804,avg,0.8385475357333492,0.7367520393405318,0.6670060062585403,0.6902918829989758,0.3854964913629483,0.6670060062585403,,,,,
