client,round,loss,class,accuracy,precision,recall,f1_score,cohen_kappa_score,roc_auc_score,confusion_matrix,TP,FP,FN,TN
18,67,0.6095598340034485,awake,0.8329502995077398,0.8576642335766423,0.952821335179904,0.9027421088297373,0.3225973100560512,0.6311749405161505,[[ 7780 17355][ 5178 104575]],7780,17355,5178,104575
18,67,0.6095598340034485,asleep,0.8329502995077398,0.6004012964963729,0.30952854585239703,0.4084739978473735,0.3225973100560512,0.6311749405161505,[[ 104575 5178][ 17355 7780]],104575,5178,17355,7780
18,67,0.6095598340034485,avg,0.8329502995077398,0.7290327650365076,0.6311749405161505,0.6556080533385553,0.3225973100560512,0.6311749405161505,,,,,
