client,round,loss,class,accuracy,precision,recall,f1_score,cohen_kappa_score,roc_auc_score,confusion_matrix,TP,FP,FN,TN
15,112,1.074994683265686,awake,0.4565268963881146,0.7674862385321101,0.47638788916931657,0.5878748355614523,-0.09387505390194795,0.42309547631332345,[[ 9295 15840][ 57468 52285]],9295,15840,57468,52285
15,112,1.074994683265686,asleep,0.4565268963881146,0.13922382157782004,0.36980306345733044,0.20228949487475245,-0.09387505390194795,0.42309547631332345,[[ 52285 57468][ 15840 9295]],52285,57468,15840,9295
15,112,1.074994683265686,avg,0.4565268963881146,0.453355030054965,0.4230954763133235,0.39508216521810235,-0.09387505390194795,0.42309547631332345,,,,,
