client,round,loss,class,accuracy,precision,recall,f1_score,cohen_kappa_score,roc_auc_score,confusion_matrix,TP,FP,FN,TN
9,94,0.7424229383468628,awake,0.8400154202004626,0.8788899679434843,0.9317740745127696,0.9045597275662288,0.4129468634670519,0.6855607989432756,[[ 11043 14092][ 7488 102265]],11043,14092,7488,102265
9,94,0.7424229383468628,asleep,0.8400154202004626,0.5959203496843127,0.4393475233737816,0.505793981587505,0.4129468634670519,0.6855607989432756,[[ 102265 7488][ 14092 11043]],102265,7488,14092,11043
9,94,0.7424229383468628,avg,0.8400154202004626,0.7374051588138986,0.6855607989432756,0.7051768545768669,0.4129468634670519,0.6855607989432756,,,,,
