client,round,loss,class,accuracy,precision,recall,f1_score,cohen_kappa_score,roc_auc_score,confusion_matrix,TP,FP,FN,TN
8,36,0.5840767025947571,awake,0.8022655832987368,0.8522142427145776,0.9157927345949541,0.8828603300921412,0.25426798682833973,0.611168696718603,[[ 7705 17430][ 9242 100511]],7705,17430,9242,100511
8,36,0.5840767025947571,asleep,0.8022655832987368,0.45465274089809404,0.30654465884225185,0.3661898198754812,0.25426798682833973,0.611168696718603,[[ 100511 9242][ 17430 7705]],100511,9242,17430,7705
8,36,0.5840767025947571,avg,0.8022655832987368,0.6534334918063358,0.611168696718603,0.6245250749838112,0.25426798682833973,0.611168696718603,,,,,
