client,round,loss,class,accuracy,precision,recall,f1_score,cohen_kappa_score,roc_auc_score,confusion_matrix,TP,FP,FN,TN
0,4,0.4756051003932953,awake,0.7966386928414685,0.8435580261752137,0.9208404326077647,0.8805067062785056,0.20708177154273688,0.5875735880962039,[[ 6392 18743][ 8688 101065]],6392,18743,8688,101065
0,4,0.4756051003932953,asleep,0.7966386928414685,0.42387267904509285,0.25430674358464295,0.3178913340793237,0.20708177154273688,0.5875735880962037,[[ 101065 8688][ 18743 6392]],101065,8688,18743,6392
0,4,0.4756051003932953,avg,0.7966386928414685,0.6337153526101533,0.5875735880962039,0.5991990201789146,0.20708177154273688,0.5875735880962039,,,,,
