client,round,loss,class,accuracy,precision,recall,f1_score,cohen_kappa_score,roc_auc_score,confusion_matrix,TP,FP,FN,TN
4,90,0.7878332138061523,awake,0.8171445940335685,0.8868269353166882,0.888677302670542,0.8877511548001001,0.39485821542055133,0.696735707233421,[[ 12688 12447][ 12218 97535]],12688,12447,12218,97535
4,90,0.7878332138061523,asleep,0.8171445940335685,0.5094354773950052,0.5047941117963,0.507104174576847,0.39485821542055133,0.696735707233421,[[ 97535 12218][ 12447 12688]],97535,12218,12447,12688
4,90,0.7878332138061523,avg,0.8171445940335685,0.6981312063558467,0.696735707233421,0.6974276646884736,0.39485821542055133,0.696735707233421,,,,,
