client,round,loss,class,accuracy,precision,recall,f1_score,cohen_kappa_score,roc_auc_score,confusion_matrix,TP,FP,FN,TN
12,128,1.2378883361816406,awake,0.8153134452286341,0.8192223468059329,0.9918999936220422,0.8973293768545995,0.05601565683470455,0.5180705458462309,[[ 1112 24023][ 889 108864]],1112,24023,889,108864
12,128,1.2378883361816406,asleep,0.8153134452286341,0.5557221389305347,0.04424109807041973,0.08195754716981131,0.05601565683470455,0.518070545846231,[[ 108864 889][ 24023 1112]],108864,889,24023,1112
12,128,1.2378883361816406,avg,0.8153134452286341,0.6874722428682338,0.5180705458462309,0.4896434620122054,0.05601565683470455,0.5180705458462309,,,,,
