client,round,loss,class,accuracy,precision,recall,f1_score,cohen_kappa_score,roc_auc_score,confusion_matrix,TP,FP,FN,TN
8,105,0.8289459347724915,awake,0.7932803511061028,0.8583170665522886,0.8934152141627109,0.8755145227104298,0.26789216259728,0.6247263061066191,[[ 8949 16186][ 11698 98055]],8949,16186,11698,98055
8,105,0.8289459347724915,asleep,0.7932803511061028,0.4334285852666247,0.35603739805052714,0.3909396706129047,0.26789216259728,0.6247263061066191,[[ 98055 11698][ 16186 8949]],98055,11698,16186,8949
8,105,0.8289459347724915,avg,0.7932803511061028,0.6458728259094566,0.6247263061066191,0.6332270966616673,0.26789216259728,0.6247263061066191,,,,,
