client,round,loss,class,accuracy,precision,recall,f1_score,cohen_kappa_score,roc_auc_score,confusion_matrix,TP,FP,FN,TN
11,81,0.5864183306694031,awake,0.8326241029594923,0.8699604474698264,0.9338879119477372,0.9007914013648488,0.3701204346583493,0.6621697367576362,[[ 9814 15321][ 7256 102497]],9814,15321,7256,102497
11,81,0.5864183306694031,asleep,0.8326241029594923,0.5749267721148213,0.3904515615675353,0.4650633811159815,0.3701204346583493,0.6621697367576362,[[ 102497 7256][ 15321 9814]],102497,7256,15321,9814
11,81,0.5864183306694031,avg,0.8326241029594923,0.7224436097923239,0.6621697367576362,0.6829273912404151,0.3701204346583493,0.6621697367576362,,,,,
