client,round,loss,class,accuracy,precision,recall,f1_score,cohen_kappa_score,roc_auc_score,confusion_matrix,TP,FP,FN,TN
6,94,0.7075715661048889,awake,0.7115310479805468,0.8431735389862037,0.7929532677922243,0.8172926576168362,0.13537822671461575,0.5744754403413082,[[ 8948 16187][ 22724 87029]],8948,16187,22724,87029
6,94,0.7075715661048889,asleep,0.7115310479805468,0.28252083859560495,0.3559976128903919,0.3150315982185294,0.13537822671461575,0.5744754403413082,[[ 87029 22724][ 16187 8948]],87029,22724,16187,8948
6,94,0.7075715661048889,avg,0.7115310479805468,0.5628471887909043,0.5744754403413082,0.5661621279176828,0.13537822671461575,0.5744754403413082,,,,,
