client,round,loss,class,accuracy,precision,recall,f1_score,cohen_kappa_score,roc_auc_score,confusion_matrix,TP,FP,FN,TN
3,19,0.4921087920665741,awake,0.8326389300753217,0.8594554030874786,0.9495959108179275,0.9022799187938549,0.3297530164379108,0.6357687133162644,[[ 8092 17043][ 5532 104221]],8092,17043,5532,104221
3,19,0.4921087920665741,asleep,0.8326389300753217,0.5939518496770405,0.3219415158146012,0.417554632472458,0.3297530164379108,0.6357687133162643,[[ 104221 5532][ 17043 8092]],104221,5532,17043,8092
3,19,0.4921087920665741,avg,0.8326389300753217,0.7267036263822595,0.6357687133162644,0.6599172756331565,0.3297530164379108,0.6357687133162644,,,,,
