client,round,loss,class,accuracy,precision,recall,f1_score,cohen_kappa_score,roc_auc_score,confusion_matrix,TP,FP,FN,TN
11,150,0.7194430232048035,awake,0.8309560524286815,0.867108007464514,0.935637294652538,0.900070120080638,0.35698956417634986,0.654749222221833,[[ 9397 15738][ 7064 102689]],9397,15738,7064,102689
11,150,0.7194430232048035,asleep,0.8309560524286815,0.5708644675293117,0.3738611497911279,0.4518222906048658,0.35698956417634986,0.654749222221833,[[ 102689 7064][ 15738 9397]],102689,7064,15738,9397
11,150,0.7194430232048035,avg,0.8309560524286815,0.7189862374969129,0.654749222221833,0.6759462053427518,0.35698956417634986,0.654749222221833,,,,,
