client,round,loss,class,accuracy,precision,recall,f1_score,cohen_kappa_score,roc_auc_score,confusion_matrix,TP,FP,FN,TN
15,124,1.0500261783599854,awake,0.4833565624814661,0.7835546244656456,0.5043597897096207,0.6136951978669505,-0.06500587243138933,0.44800245304060704,[[ 9844 15291][ 54398 55355]],9844,15291,54398,55355
15,124,1.0500261783599854,asleep,0.4833565624814661,0.15323308738831296,0.3916451163715934,0.2202803853340345,-0.06500587243138933,0.44800245304060704,[[ 55355 54398][ 15291 9844]],55355,54398,15291,9844
15,124,1.0500261783599854,avg,0.4833565624814661,0.4683938559269793,0.44800245304060704,0.4169877916004925,-0.06500587243138933,0.44800245304060704,,,,,
