client,round,loss,class,accuracy,precision,recall,f1_score,cohen_kappa_score,roc_auc_score,confusion_matrix,TP,FP,FN,TN
1,64,0.6882492899894714,awake,0.7011743075736908,0.8823095471411426,0.7301303836797172,0.7990387683471601,0.23627088559574738,0.6524334034969106,[[ 14446 10689][ 29619 80134]],14446,10689,29619,80134
1,64,0.6882492899894714,asleep,0.7011743075736908,0.3278338817655736,0.5747364233141038,0.417514450867052,0.23627088559574738,0.6524334034969106,[[ 80134 29619][ 10689 14446]],80134,29619,10689,14446
1,64,0.6882492899894714,avg,0.7011743075736908,0.6050717144533582,0.6524334034969105,0.6082766096071061,0.23627088559574738,0.6524334034969106,,,,,
