client,round,loss,class,accuracy,precision,recall,f1_score,cohen_kappa_score,roc_auc_score,confusion_matrix,TP,FP,FN,TN
10,137,0.7194323539733887,awake,0.7968536860209952,0.9255557737424682,0.8159594726340055,0.8673090891482254,0.44140655932380357,0.7646934820898296,[[ 17932 7203][ 20199 89554]],17932,7203,20199,89554
10,137,0.7194323539733887,asleep,0.7968536860209952,0.47027353072303374,0.7134274915456534,0.5668763632914994,0.44140655932380357,0.7646934820898295,[[ 89554 20199][ 7203 17932]],89554,20199,7203,17932
10,137,0.7194323539733887,avg,0.7968536860209952,0.697914652232751,0.7646934820898295,0.7170927262198623,0.44140655932380357,0.7646934820898295,,,,,
