client,round,loss,class,accuracy,precision,recall,f1_score,cohen_kappa_score,roc_auc_score,confusion_matrix,TP,FP,FN,TN
3,78,0.742499053478241,awake,0.8238686910622146,0.8515653745206577,0.9489398923036272,0.8976195401110078,0.2807107516257712,0.6133400476039719,[[ 6981 18154][ 5604 104149]],6981,18154,5604,104149
3,78,0.742499053478241,asleep,0.8238686910622146,0.5547079856972587,0.27774020290431667,0.37014846235418875,0.2807107516257712,0.6133400476039719,[[ 104149 5604][ 18154 6981]],104149,5604,18154,6981
3,78,0.742499053478241,avg,0.8238686910622146,0.7031366801089582,0.6133400476039719,0.6338840012325982,0.2807107516257712,0.6133400476039719,,,,,
