client,round,loss,class,accuracy,precision,recall,f1_score,cohen_kappa_score,roc_auc_score,confusion_matrix,TP,FP,FN,TN
3,117,0.8303936719894409,awake,0.8282501037898108,0.8653541047799082,0.9342888121509207,0.8985011982527853,0.34589824420756743,0.6497582910963475,[[ 9180 15955][ 7212 102541]],9180,15955,7212,102541
3,117,0.8303936719894409,asleep,0.8282501037898108,0.5600292825768668,0.3652277700417744,0.44212199292026877,0.34589824420756743,0.6497582910963475,[[ 102541 7212][ 15955 9180]],102541,7212,15955,9180
3,117,0.8303936719894409,avg,0.8282501037898108,0.7126916936783875,0.6497582910963475,0.6703115955865271,0.34589824420756743,0.6497582910963475,,,,,
