client,round,loss,class,accuracy,precision,recall,f1_score,cohen_kappa_score,roc_auc_score,confusion_matrix,TP,FP,FN,TN
5,69,0.7241361737251282,awake,0.7700314334855584,0.8364859436034634,0.89166583145791,0.8631949405943214,0.1468857876412476,0.5652878590351018,[[ 6005 19130][ 11890 97863]],6005,19130,11890,97863
5,69,0.7241361737251282,asleep,0.7700314334855584,0.33556859457949145,0.23890988661229362,0.27910759934929114,0.1468857876412476,0.5652878590351018,[[ 97863 11890][ 19130 6005]],97863,11890,19130,6005
5,69,0.7241361737251282,avg,0.7700314334855584,0.5860272690914774,0.5652878590351018,0.5711512699718063,0.1468857876412476,0.5652878590351018,,,,,
