client,round,loss,class,accuracy,precision,recall,f1_score,cohen_kappa_score,roc_auc_score,confusion_matrix,TP,FP,FN,TN
11,56,0.5508397817611694,awake,0.8298217780677303,0.8672466024675478,0.9337876868969414,0.8992879299073826,0.35555928812971715,0.6548190473474164,[[ 9447 15688][ 7267 102486]],9447,15688,7267,102486
11,56,0.5508397817611694,asleep,0.8298217780677303,0.5652147899964102,0.37585040779789136,0.45148032211044464,0.35555928812971715,0.6548190473474164,[[ 102486 7267][ 15688 9447]],102486,7267,15688,9447
11,56,0.5508397817611694,avg,0.8298217780677303,0.716230696231979,0.6548190473474164,0.6753841260089136,0.35555928812971715,0.6548190473474164,,,,,
