client,round,loss,class,accuracy,precision,recall,f1_score,cohen_kappa_score,roc_auc_score,confusion_matrix,TP,FP,FN,TN
0,1,0.4677705466747284,awake,0.8091824328331653,0.8318822488386057,0.9593632975863986,0.8910864275891253,0.15197771776746238,0.556387437533999,[[ 3856 21279][ 4460 105293]],3856,21279,4460,105293
0,1,0.4677705466747284,asleep,0.8091824328331653,0.4636844636844637,0.15341157748159936,0.23054617201279484,0.15197771776746238,0.556387437533999,[[ 105293 4460][ 21279 3856]],105293,4460,21279,3856
0,1,0.4677705466747284,avg,0.8091824328331653,0.6477833562615347,0.556387437533999,0.56081629980096,0.15197771776746238,0.556387437533999,,,,,
