client,round,loss,class,accuracy,precision,recall,f1_score,cohen_kappa_score,roc_auc_score,confusion_matrix,TP,FP,FN,TN
1,45,0.6135770082473755,awake,0.7449736077338236,0.8588203921867411,0.8216358550563538,0.8398167205267424,0.21611032019846055,0.6159303206055591,[[ 10311 14824][ 19576 90177]],10311,14824,19576,90177
1,45,0.6135770082473755,asleep,0.7449736077338236,0.34499949810954594,0.41022478615476426,0.3747955363309222,0.21611032019846055,0.6159303206055591,[[ 90177 19576][ 14824 10311]],90177,19576,14824,10311
1,45,0.6135770082473755,avg,0.7449736077338236,0.6019099451481436,0.6159303206055591,0.6073061284288324,0.21611032019846055,0.6159303206055591,,,,,
