client,round,loss,class,accuracy,precision,recall,f1_score,cohen_kappa_score,roc_auc_score,confusion_matrix,TP,FP,FN,TN
2,19,0.4953666925430298,awake,0.8376282545519246,0.8784560375651574,0.9289768844587392,0.9030103888972534,0.407141576206663,0.6838638152152459,[[ 11028 14107][ 7795 101958]],11028,14107,7795,101958
2,19,0.4953666925430298,asleep,0.8376282545519246,0.585878977846252,0.4387507459717525,0.5017516720505938,0.407141576206663,0.6838638152152459,[[ 101958 7795][ 14107 11028]],101958,7795,14107,11028
2,19,0.4953666925430298,avg,0.8376282545519246,0.7321675077057047,0.6838638152152459,0.7023810304739235,0.407141576206663,0.6838638152152459,,,,,
