client,round,loss,class,accuracy,precision,recall,f1_score,cohen_kappa_score,roc_auc_score,confusion_matrix,TP,FP,FN,TN
18,109,0.7720917463302612,awake,0.8229864776703636,0.8279762905024519,0.9876449846473445,0.9007898749745504,0.13568866791539402,0.5458216966204695,[[ 2614 22521][ 1356 108397]],2614,22521,1356,108397
18,109,0.7720917463302612,asleep,0.8229864776703636,0.6584382871536524,0.10399840859359459,0.17962549390139154,0.13568866791539402,0.5458216966204695,[[ 108397 1356][ 22521 2614]],108397,1356,22521,2614
18,109,0.7720917463302612,avg,0.8229864776703636,0.7432072888280521,0.5458216966204695,0.540207684437971,0.13568866791539402,0.5458216966204695,,,,,
