client,round,loss,class,accuracy,precision,recall,f1_score,cohen_kappa_score,roc_auc_score,confusion_matrix,TP,FP,FN,TN
7,89,0.6462060213088989,awake,0.8278497716624162,0.8591195072959379,0.9430721711479413,0.8991404285261325,0.32052048941097155,0.6338993240860056,[[ 8162 16973][ 6248 103505]],8162,16973,6248,103505
7,89,0.6462060213088989,asleep,0.8278497716624162,0.566412213740458,0.32472647702407004,0.4127955493741308,0.32052048941097155,0.6338993240860057,[[ 103505 6248][ 16973 8162]],103505,6248,16973,8162
7,89,0.6462060213088989,avg,0.8278497716624162,0.7127658605181979,0.6338993240860057,0.6559679889501316,0.32052048941097155,0.6338993240860056,,,,,
