client,round,loss,class,accuracy,precision,recall,f1_score,cohen_kappa_score,roc_auc_score,confusion_matrix,TP,FP,FN,TN
13,30,0.5202038884162903,awake,0.8214518711820177,0.9079204243526622,0.8686596266161289,0.8878562115850251,0.4511389981744889,0.7419884566341038,[[ 15466 9669][ 14415 95338]],15466,9669,14415,95338
13,30,0.5202038884162903,asleep,0.8214518711820177,0.5175864261570898,0.6153172866520787,0.562236440308274,0.4511389981744889,0.7419884566341038,[[ 95338 14415][ 9669 15466]],95338,14415,9669,15466
13,30,0.5202038884162903,avg,0.8214518711820177,0.712753425254876,0.7419884566341038,0.7250463259466495,0.4511389981744889,0.7419884566341038,,,,,
