client,round,loss,class,accuracy,precision,recall,f1_score,cohen_kappa_score,roc_auc_score,confusion_matrix,TP,FP,FN,TN
13,121,0.6301549077033997,awake,0.8236685249985173,0.8859844471184066,0.8989731487977549,0.8924315401487913,0.4037852045278998,0.6969104852801187,[[ 12438 12697][ 11088 98665]],12438,12697,11088,98665
13,121,0.6301549077033997,asleep,0.8236685249985173,0.5286916602907421,0.4948478217624826,0.5112102094079447,0.4037852045278998,0.6969104852801187,[[ 98665 11088][ 12697 12438]],98665,11088,12697,12438
13,121,0.6301549077033997,avg,0.8236685249985173,0.7073380537045744,0.6969104852801188,0.7018208747783681,0.4037852045278998,0.6969104852801187,,,,,
