client,round,loss,class,accuracy,precision,recall,f1_score,cohen_kappa_score,roc_auc_score,confusion_matrix,TP,FP,FN,TN
15,126,1.019055962562561,awake,0.5037957416523338,0.7777734532103426,0.5462265268375351,0.6417530187548172,-0.090101847242954,0.4323732594402516,[[ 8006 17129][ 49803 59950]],8006,17129,49803,59950
15,126,1.019055962562561,asleep,0.5037957416523338,0.1384905464547043,0.318519992042968,0.1930459104938272,-0.090101847242954,0.4323732594402516,[[ 59950 49803][ 17129 8006]],59950,49803,17129,8006
15,126,1.019055962562561,avg,0.5037957416523338,0.45813199983252345,0.43237325944025157,0.4173994646243222,-0.090101847242954,0.4323732594402516,,,,,
