client,round,loss,class,accuracy,precision,recall,f1_score,cohen_kappa_score,roc_auc_score,confusion_matrix,TP,FP,FN,TN
3,90,0.7933141589164734,awake,0.8290581816025147,0.852055195042517,0.9558827549133053,0.9009876331157678,0.29080491623196203,0.6155781389446177,[[ 6919 18216][ 4842 104911]],6919,18216,4842,104911
3,90,0.7933141589164734,asleep,0.8290581816025147,0.5883003145990987,0.27527352297593,0.3750542064180399,0.29080491623196203,0.6155781389446177,[[ 104911 4842][ 18216 6919]],104911,4842,18216,6919
3,90,0.7933141589164734,avg,0.8290581816025147,0.7201777548208079,0.6155781389446177,0.6380209197669038,0.29080491623196203,0.6155781389446177,,,,,
