client,round,loss,class,accuracy,precision,recall,f1_score,cohen_kappa_score,roc_auc_score,confusion_matrix,TP,FP,FN,TN
14,49,0.4763846695423126,awake,0.8243728130004152,0.8567614846995034,0.9415687953860031,0.8971654295264141,0.3050236328766789,0.6271002918644756,[[ 7858 17277][ 6413 103340]],7858,17277,6413,103340
14,49,0.4763846695423126,asleep,0.8243728130004152,0.5506271459603391,0.3126317883429481,0.39882251433791804,0.3050236328766789,0.6271002918644757,[[ 103340 6413][ 17277 7858]],103340,6413,17277,7858
14,49,0.4763846695423126,avg,0.8243728130004152,0.7036943153299213,0.6271002918644756,0.6479939719321661,0.3050236328766789,0.6271002918644757,,,,,
