client,round,loss,class,accuracy,precision,recall,f1_score,cohen_kappa_score,roc_auc_score,confusion_matrix,TP,FP,FN,TN
15,18,0.8307127356529236,awake,0.48138455607615205,0.7883160914544032,0.495731323972921,0.6086893288061263,-0.052641912217387565,0.4572350671983165,[[ 10525 14610][ 55345 54408]],10525,14610,55345,54408
15,18,0.8307127356529236,asleep,0.48138455607615205,0.159784423865189,0.41873881042371197,0.23130597219932972,-0.052641912217387565,0.45723506719831647,[[ 54408 55345][ 14610 10525]],54408,55345,14610,10525
15,18,0.8307127356529236,avg,0.48138455607615205,0.4740502576597961,0.4572350671983165,0.41999765050272797,-0.052641912217387565,0.4572350671983165,,,,,
