client,round,loss,class,accuracy,precision,recall,f1_score,cohen_kappa_score,roc_auc_score,confusion_matrix,TP,FP,FN,TN
9,18,0.5670552849769592,awake,0.8418688096791412,0.8704139681794951,0.946580047925797,0.9069006154249052,0.38843819282851566,0.6656114880567915,[[ 9668 15467][ 5863 103890]],9668,15467,5863,103890
9,18,0.5670552849769592,asleep,0.8418688096791412,0.6224969416006696,0.38464292818778595,0.47548320464269905,0.38843819282851566,0.6656114880567914,[[ 103890 5863][ 15467 9668]],103890,5863,15467,9668
9,18,0.5670552849769592,avg,0.8418688096791412,0.7464554548900824,0.6656114880567915,0.6911919100338021,0.38843819282851566,0.6656114880567914,,,,,
