client,round,loss,class,accuracy,precision,recall,f1_score,cohen_kappa_score,roc_auc_score,confusion_matrix,TP,FP,FN,TN
15,79,0.9295879006385803,awake,0.4988508985232193,0.7896783947223749,0.5235118857798876,0.6296209037164476,-0.05443582839303329,0.45733979011492887,[[ 9832 15303][ 52296 57457]],9832,15303,52296,57457
15,79,0.9295879006385803,asleep,0.4988508985232193,0.1582539273757404,0.3911676944499702,0.22534178288621748,-0.05443582839303329,0.45733979011492887,[[ 57457 52296][ 15303 9832]],57457,52296,15303,9832
15,79,0.9295879006385803,avg,0.4988508985232193,0.47396616104905764,0.45733979011492887,0.4274813433013326,-0.05443582839303329,0.45733979011492887,,,,,
