client,round,loss,class,accuracy,precision,recall,f1_score,cohen_kappa_score,roc_auc_score,confusion_matrix,TP,FP,FN,TN
13,134,0.6902947425842285,awake,0.8226009726587984,0.8849714716331144,0.8988000328009257,0.8918321497507018,0.3991740966093914,0.6943373547732499,[[ 12313 12822][ 11107 98646]],12313,12822,11107,98646
13,134,0.6902947425842285,asleep,0.8226009726587984,0.5257472245943637,0.4898746767455739,0.5071774276593554,0.3991740966093914,0.6943373547732498,[[ 98646 11107][ 12822 12313]],98646,11107,12822,12313
13,134,0.6902947425842285,avg,0.8226009726587984,0.705359348113739,0.6943373547732498,0.6995047887050285,0.3991740966093914,0.6943373547732499,,,,,
