client,round,loss,class,accuracy,precision,recall,f1_score,cohen_kappa_score,roc_auc_score,confusion_matrix,TP,FP,FN,TN
12,22,0.7676709890365601,awake,0.8159880789988732,0.8222003034901366,0.9873625322314652,0.8972440830790758,0.08315424665356197,0.5275185448107794,[[ 1701 23434][ 1387 108366]],1701,23434,1387,108366
12,22,0.7676709890365601,asleep,0.8159880789988732,0.5508419689119171,0.0676745573900935,0.12053998511852035,0.08315424665356197,0.5275185448107793,[[ 108366 1387][ 23434 1701]],108366,1387,23434,1701
12,22,0.7676709890365601,avg,0.8159880789988732,0.6865211362010268,0.5275185448107793,0.508892034098798,0.08315424665356197,0.5275185448107793,,,,,
