client,round,loss,class,accuracy,precision,recall,f1_score,cohen_kappa_score,roc_auc_score,confusion_matrix,TP,FP,FN,TN
5,13,0.6071203947067261,awake,0.7704688334025266,0.8356907922766237,0.8935974415277942,0.8636745908388408,0.1431124147589421,0.5632100993196958,[[ 5852 19283][ 11678 98075]],5852,19283,11678,98075
5,13,0.6071203947067261,asleep,0.7704688334025266,0.3338277239018825,0.23282275711159736,0.27432321575061525,0.1431124147589421,0.5632100993196958,[[ 98075 11678][ 19283 5852]],98075,11678,19283,5852
5,13,0.6071203947067261,avg,0.7704688334025266,0.5847592580892531,0.5632100993196958,0.568998903294728,0.1431124147589421,0.5632100993196958,,,,,
