client,round,loss,class,accuracy,precision,recall,f1_score,cohen_kappa_score,roc_auc_score,confusion_matrix,TP,FP,FN,TN
14,43,0.46120110154151917,awake,0.8295029950773976,0.8640609656816255,0.9380335845033849,0.8995290561026117,0.3430718820612384,0.646816672896212,[[ 8938 16197][ 6801 102952]],8938,16197,6801,102952
14,43,0.46120110154151917,asleep,0.8295029950773976,0.567888684160366,0.3555997612890392,0.43734403288153834,0.3430718820612384,0.646816672896212,[[ 102952 6801][ 16197 8938]],102952,6801,16197,8938
14,43,0.46120110154151917,avg,0.8295029950773976,0.7159748249209957,0.646816672896212,0.668436544492075,0.3430718820612384,0.646816672896212,,,,,
