client,round,loss,class,accuracy,precision,recall,f1_score,cohen_kappa_score,roc_auc_score,confusion_matrix,TP,FP,FN,TN
5,10,0.6115655899047852,awake,0.7639893837850661,0.8380742463423524,0.8799577232513006,0.8585054513291642,0.15020206450958484,0.5687833175635855,[[ 6475 18660][ 13175 96578]],6475,18660,13175,96578
5,10,0.6115655899047852,asleep,0.7639893837850661,0.32951653944020354,0.2576089118758703,0.28915931673551415,0.15020206450958484,0.5687833175635855,[[ 96578 13175][ 18660 6475]],96578,13175,18660,6475
5,10,0.6115655899047852,avg,0.7639893837850661,0.583795392891278,0.5687833175635855,0.5738323840323392,0.15020206450958484,0.5687833175635855,,,,,
