client,round,loss,class,accuracy,precision,recall,f1_score,cohen_kappa_score,roc_auc_score,confusion_matrix,TP,FP,FN,TN
7,95,0.6661826372146606,awake,0.8247657315698951,0.8549067770066435,0.9450220039543338,0.8977085361895489,0.2974635451916311,0.622341915046592,[[ 7532 17603][ 6034 103719]],7532,17603,6034,103719
7,95,0.6661826372146606,asleep,0.8247657315698951,0.5552115583075335,0.29966182613885023,0.3892405880984987,0.2974635451916311,0.622341915046592,[[ 103719 6034][ 17603 7532]],103719,6034,17603,7532
7,95,0.6661826372146606,avg,0.8247657315698951,0.7050591676570885,0.622341915046592,0.6434745621440239,0.2974635451916311,0.622341915046592,,,,,
