client,round,loss,class,accuracy,precision,recall,f1_score,cohen_kappa_score,roc_auc_score,confusion_matrix,TP,FP,FN,TN
18,43,0.6104992628097534,awake,0.8218225490777534,0.8266356742750448,0.9882827804251364,0.9002606155174132,0.12409816772565929,0.5416249788340124,[[ 2387 22748][ 1286 108467]],2387,22748,1286,108467
18,43,0.6104992628097534,asleep,0.8218225490777534,0.6498774843452219,0.0949671772428884,0.16571785615106915,0.12409816772565929,0.5416249788340124,[[ 108467 1286][ 22748 2387]],108467,1286,22748,2387
18,43,0.6104992628097534,avg,0.8218225490777534,0.7382565793101333,0.5416249788340124,0.5329892358342412,0.12409816772565929,0.5416249788340124,,,,,
