client,round,loss,class,accuracy,precision,recall,f1_score,cohen_kappa_score,roc_auc_score,confusion_matrix,TP,FP,FN,TN
6,4,0.5071942210197449,awake,0.734320325010379,0.8398936855077529,0.8320957058121418,0.8359765111883087,0.1373296248580772,0.5697379265086172,[[ 7726 17409][ 18428 91325]],7726,17409,18428,91325
6,4,0.5071942210197449,asleep,0.734320325010379,0.2954041446815019,0.3073801472050925,0.3012731774844508,0.1373296248580772,0.5697379265086172,[[ 91325 18428][ 17409 7726]],91325,18428,17409,7726
6,4,0.5071942210197449,avg,0.734320325010379,0.5676489150946273,0.5697379265086171,0.5686248443363797,0.1373296248580772,0.5697379265086172,,,,,
