client,round,loss,class,accuracy,precision,recall,f1_score,cohen_kappa_score,roc_auc_score,confusion_matrix,TP,FP,FN,TN
3,148,0.9405109286308289,awake,0.81983571555661,0.8541012274260519,0.9389720554335644,0.8945280627745081,0.2865183563911984,0.6192970482061397,[[ 7531 17604][ 6698 103055]],7531,17604,6698,103055
3,148,0.9405109286308289,asleep,0.81983571555661,0.5292712066905615,0.2996220409787149,0.3826338786708668,0.2865183563911984,0.6192970482061397,[[ 103055 6698][ 17604 7531]],103055,6698,17604,7531
3,148,0.9405109286308289,avg,0.81983571555661,0.6916862170583067,0.6192970482061397,0.6385809707226875,0.2865183563911984,0.6192970482061397,,,,,
