client,round,loss,class,accuracy,precision,recall,f1_score,cohen_kappa_score,roc_auc_score,confusion_matrix,TP,FP,FN,TN
6,6,0.5176624655723572,awake,0.7450699839867149,0.8497392014552745,0.8342004318788553,0.8418981236695343,0.18440256620979756,0.5950393446444207,[[ 8945 16190][ 18197 91556]],8945,16190,18197,91556
6,6,0.5176624655723572,asleep,0.7450699839867149,0.32956303883280524,0.3558782574099861,0.342215505862999,0.18440256620979756,0.5950393446444208,[[ 91556 18197][ 16190 8945]],91556,18197,16190,8945
6,6,0.5176624655723572,avg,0.7450699839867149,0.5896511201440399,0.5950393446444207,0.5920568147662666,0.18440256620979756,0.5950393446444207,,,,,
