client,round,loss,class,accuracy,precision,recall,f1_score,cohen_kappa_score,roc_auc_score,confusion_matrix,TP,FP,FN,TN
9,37,0.5800572037696838,awake,0.8395187118201768,0.8741104336158432,0.9378331344017932,0.9048512793012963,0.39674237786989586,0.6740289602782787,[[ 10311 14824][ 6823 102930]],10311,14824,6823,102930
9,37,0.5800572037696838,asleep,0.8395187118201768,0.6017859227267421,0.41022478615476426,0.4878752750242494,0.39674237786989586,0.6740289602782787,[[ 102930 6823][ 14824 10311]],102930,6823,14824,10311
9,37,0.5800572037696838,avg,0.8395187118201768,0.7379481781712927,0.6740289602782787,0.6963632771627728,0.39674237786989586,0.6740289602782787,,,,,
