client,round,loss,class,accuracy,precision,recall,f1_score,cohen_kappa_score,roc_auc_score,confusion_matrix,TP,FP,FN,TN
15,96,0.9448242783546448,awake,0.4948179230176146,0.7906375726419311,0.5156761090813008,0.6242189955717807,-0.05082906004681864,0.4597079570670081,[[ 10148 14987][ 53156 56597]],10148,14987,53156,56597
15,96,0.9448242783546448,asleep,0.4948179230176146,0.16030582585618602,0.40373980505271534,0.22949151392485218,-0.05082906004681864,0.459707957067008,[[ 56597 53156][ 14987 10148]],56597,53156,14987,10148
15,96,0.9448242783546448,avg,0.4948179230176146,0.4754716992490586,0.45970795706700807,0.4268552547483164,-0.05082906004681864,0.45970795706700807,,,,,
