client,round,loss,class,accuracy,precision,recall,f1_score,cohen_kappa_score,roc_auc_score,confusion_matrix,TP,FP,FN,TN
11,80,0.6111297607421875,awake,0.8331801198030959,0.8645087439318867,0.9427259391542828,0.9019247197475547,0.35103003359675167,0.648784891200376,[[ 8919 16216][ 6286 103467]],8919,16216,6286,103467
11,80,0.6111297607421875,asleep,0.8331801198030959,0.5865833607365998,0.35484384324646906,0.4421913733267228,0.35103003359675167,0.648784891200376,[[ 103467 6286][ 16216 8919]],103467,6286,16216,8919
11,80,0.6111297607421875,avg,0.8331801198030959,0.7255460523342432,0.648784891200376,0.6720580465371387,0.35103003359675167,0.648784891200376,,,,,
