client,round,loss,class,accuracy,precision,recall,f1_score,cohen_kappa_score,roc_auc_score,confusion_matrix,TP,FP,FN,TN
14,135,0.5838430523872375,awake,0.8283464800427021,0.8537569751386858,0.952128871192587,0.9002636203866432,0.2977167914013441,0.6199872523856311,[[ 7235 17900][ 5254 104499]],7235,17900,5254,104499
14,135,0.5838430523872375,asleep,0.8283464800427021,0.5793097926175034,0.28784563357867515,0.38459493940038275,0.2977167914013441,0.6199872523856311,[[ 104499 5254][ 17900 7235]],104499,5254,17900,7235
14,135,0.5838430523872375,avg,0.8283464800427021,0.7165333838780945,0.6199872523856311,0.642429279893513,0.2977167914013441,0.6199872523856311,,,,,
