client,round,loss,class,accuracy,precision,recall,f1_score,cohen_kappa_score,roc_auc_score,confusion_matrix,TP,FP,FN,TN
3,22,0.5170162916183472,awake,0.831437933693138,0.8554749415821037,0.9540058130529462,0.9020577478924993,0.310430407632198,0.6251230577100816,[[ 7446 17689][ 5048 104705]],7446,17689,5048,104705
3,22,0.5170162916183472,asleep,0.831437933693138,0.595966063710581,0.29624030236721705,0.39575859044885586,0.310430407632198,0.6251230577100816,[[ 104705 5048][ 17689 7446]],104705,5048,17689,7446
3,22,0.5170162916183472,avg,0.831437933693138,0.7257205026463424,0.6251230577100816,0.6489081691706775,0.310430407632198,0.6251230577100816,,,,,
