client,round,loss,class,accuracy,precision,recall,f1_score,cohen_kappa_score,roc_auc_score,confusion_matrix,TP,FP,FN,TN
10,66,0.5915055274963379,awake,0.7854961152956527,0.8971176430122744,0.8317585851867375,0.8632026854522244,0.3698870783641274,0.7076238718653003,[[ 14666 10469][ 18465 91288]],14666,10469,18465,91288
10,66,0.5915055274963379,asleep,0.7854961152956527,0.442666988620929,0.5834891585438632,0.5034153708852503,0.3698870783641274,0.7076238718653003,[[ 91288 18465][ 10469 14666]],91288,18465,10469,14666
10,66,0.5915055274963379,avg,0.7854961152956527,0.6698923158166017,0.7076238718653003,0.6833090281687374,0.3698870783641274,0.7076238718653003,,,,,
