client,round,loss,class,accuracy,precision,recall,f1_score,cohen_kappa_score,roc_auc_score,confusion_matrix,TP,FP,FN,TN
10,63,0.6066147685050964,awake,0.7802028349445466,0.914086327216335,0.805581624192505,0.8564108524879164,0.39586876884138855,0.7374834717342074,[[ 16825 8310][ 21338 88415]],16825,8310,21338,88415
10,63,0.6066147685050964,asleep,0.7802028349445466,0.4408720488431203,0.66938531927591,0.5316123732187431,0.39586876884138855,0.7374834717342075,[[ 88415 21338][ 8310 16825]],88415,21338,8310,16825
10,63,0.6066147685050964,avg,0.7802028349445466,0.6774791880297276,0.7374834717342076,0.6940116128533298,0.39586876884138855,0.7374834717342074,,,,,
