client,round,loss,class,accuracy,precision,recall,f1_score,cohen_kappa_score,roc_auc_score,confusion_matrix,TP,FP,FN,TN
3,85,0.7389494180679321,awake,0.8229123420912164,0.8573342877118221,0.9385347097573643,0.8960987555513026,0.3052409368892959,0.6282886399393545,[[ 7994 17141][ 6746 103007]],7994,17141,6746,103007
3,85,0.7389494180679321,asleep,0.8229123420912164,0.5423337856173677,0.31804257012134474,0.4009529780564263,0.3052409368892959,0.6282886399393545,[[ 103007 6746][ 17141 7994]],103007,6746,17141,7994
3,85,0.7389494180679321,avg,0.8229123420912164,0.6998340366645949,0.6282886399393546,0.6485258668038645,0.3052409368892959,0.6282886399393545,,,,,
