client,round,loss,class,accuracy,precision,recall,f1_score,cohen_kappa_score,roc_auc_score,confusion_matrix,TP,FP,FN,TN
11,92,0.6154874563217163,awake,0.8306891643437518,0.8620885026537465,0.9427259391542828,0.9006058179412635,0.3373111239654708,0.6421009842976506,[[ 8583 16552][ 6286 103467]],8583,16552,6286,103467
11,92,0.6154874563217163,asleep,0.8306891643437518,0.5772412401640998,0.3414760294410185,0.42910708929107094,0.3373111239654708,0.6421009842976507,[[ 103467 6286][ 16552 8583]],103467,6286,16552,8583
11,92,0.6154874563217163,avg,0.8306891643437518,0.7196648714089231,0.6421009842976506,0.6648564536161672,0.3373111239654708,0.6421009842976506,,,,,
