client,round,loss,class,accuracy,precision,recall,f1_score,cohen_kappa_score,roc_auc_score,confusion_matrix,TP,FP,FN,TN
5,103,0.7745046615600586,awake,0.7768148389775221,0.8322986549180601,0.9088225378805135,0.8688789487667521,0.12921890359813193,0.5546101947409331,[[ 5037 20098][ 10007 99746]],5037,20098,10007,99746
5,103,0.7745046615600586,asleep,0.7768148389775221,0.3348178675884073,0.2003978516013527,0.2507279922347495,0.12921890359813193,0.5546101947409331,[[ 99746 10007][ 20098 5037]],99746,10007,20098,5037
5,103,0.7745046615600586,avg,0.7768148389775221,0.5835582612532337,0.5546101947409331,0.5598034705007509,0.12921890359813193,0.5546101947409331,,,,,
