client,round,loss,class,accuracy,precision,recall,f1_score,cohen_kappa_score,roc_auc_score,confusion_matrix,TP,FP,FN,TN
11,132,0.6537819504737854,awake,0.8231421623865726,0.887513421335186,0.8962306269532496,0.8918507235338919,0.4069573318532901,0.7001145177734222,[[ 12668 12467][ 11389 98364]],12668,12467,11389,98364
11,132,0.6537819504737854,asleep,0.8231421623865726,0.5265826994222056,0.5039984085935946,0.5150430964384453,0.4069573318532901,0.7001145177734222,[[ 98364 11389][ 12467 12668]],98364,11389,12467,12668
11,132,0.6537819504737854,avg,0.8231421623865726,0.7070480603786957,0.700114517773422,0.7034469099861687,0.4069573318532901,0.7001145177734222,,,,,
