client,round,loss,class,accuracy,precision,recall,f1_score,cohen_kappa_score,roc_auc_score,confusion_matrix,TP,FP,FN,TN
6,139,0.8997901082038879,awake,0.6890605539410474,0.822525564803805,0.7878417902016346,0.8048101713530468,0.04254990152716209,0.5227850287789553,[[ 6478 18657][ 23285 86468]],6478,18657,23285,86468
6,139,0.8997901082038879,asleep,0.6890605539410474,0.2176527903773141,0.25772826735627613,0.23600131152318848,0.04254990152716209,0.5227850287789554,[[ 86468 23285][ 18657 6478]],86468,23285,18657,6478
6,139,0.8997901082038879,avg,0.6890605539410474,0.5200891775905596,0.5227850287789554,0.5204057414381176,0.04254990152716209,0.5227850287789553,,,,,
