client,round,loss,class,accuracy,precision,recall,f1_score,cohen_kappa_score,roc_auc_score,confusion_matrix,TP,FP,FN,TN
11,146,0.6802613735198975,awake,0.8334618350038551,0.8760090632619127,0.9264530354523339,0.9005251831055767,0.39184635785721567,0.6769325053927673,[[ 10743 14392][ 8072 101681]],10743,14392,8072,101681
11,146,0.6802613735198975,asleep,0.8334618350038551,0.57098060058464,0.4274119753332007,0.4888737201365187,0.39184635785721567,0.6769325053927674,[[ 101681 8072][ 14392 10743]],101681,8072,14392,10743
11,146,0.6802613735198975,avg,0.8334618350038551,0.7234948319232763,0.6769325053927673,0.6946994516210477,0.39184635785721567,0.6769325053927673,,,,,
