client,round,loss,class,accuracy,precision,recall,f1_score,cohen_kappa_score,roc_auc_score,confusion_matrix,TP,FP,FN,TN
1,30,0.5937156677246094,awake,0.7367297313326612,0.8838767722520399,0.7787486446839722,0.827989072520489,0.2766196575032239,0.6660005407625152,[[ 13906 11229][ 24283 85470]],13906,11229,24283,85470
1,30,0.5937156677246094,asleep,0.7367297313326612,0.3641362696064312,0.5532524368410583,0.439201566546649,0.2766196575032239,0.6660005407625152,[[ 85470 24283][ 11229 13906]],85470,24283,11229,13906
1,30,0.5937156677246094,avg,0.7367297313326612,0.6240065209292356,0.6660005407625152,0.6335953195335691,0.2766196575032239,0.6660005407625152,,,,,
