client,round,loss,class,accuracy,precision,recall,f1_score,cohen_kappa_score,roc_auc_score,confusion_matrix,TP,FP,FN,TN
16,71,0.753179669380188,awake,0.8112359883755412,0.8631135464860813,0.9127677603345694,0.8872464794969445,0.31075363597378725,0.6403305680527034,[[ 9247 15888][ 9574 100179]],9247,15888,9574,100179
16,71,0.753179669380188,asleep,0.8112359883755412,0.49131289517028853,0.36789337577083747,0.4207389207389208,0.31075363597378725,0.6403305680527035,[[ 100179 9574][ 15888 9247]],100179,9574,15888,9247
16,71,0.753179669380188,avg,0.8112359883755412,0.6772132208281849,0.6403305680527034,0.6539927001179326,0.31075363597378725,0.6403305680527034,,,,,
