client,round,loss,class,accuracy,precision,recall,f1_score,cohen_kappa_score,roc_auc_score,confusion_matrix,TP,FP,FN,TN
11,42,0.5548769235610962,awake,0.8273678903979598,0.84449827485916,0.9656410303135222,0.9010159404888417,0.24947221047966484,0.5946168151368685,[[ 5620 19515][ 3771 105982]],5620,19515,3771,105982
11,42,0.5548769235610962,asleep,0.8273678903979598,0.5984453199872218,0.22359259996021483,0.3255517580953484,0.24947221047966484,0.5946168151368686,[[ 105982 3771][ 19515 5620]],105982,3771,19515,5620
11,42,0.5548769235610962,avg,0.8273678903979598,0.7214717974231909,0.5946168151368685,0.6132838492920951,0.24947221047966484,0.5946168151368685,,,,,
