client,round,loss,class,accuracy,precision,recall,f1_score,cohen_kappa_score,roc_auc_score,confusion_matrix,TP,FP,FN,TN
1,26,0.5984618663787842,awake,0.7297090919874266,0.8831524580222905,0.7696372764298015,0.822496701541877,0.26718978789940684,0.6624991633790145,[[ 13959 11176][ 25283 84470]],13959,11176,25283,84470
1,26,0.5984618663787842,asleep,0.7297090919874266,0.3557158146883441,0.5553610503282276,0.4336641968404865,0.26718978789940684,0.6624991633790145,[[ 84470 25283][ 11176 13959]],84470,25283,11176,13959
1,26,0.5984618663787842,avg,0.7297090919874266,0.6194341363553173,0.6624991633790145,0.6280804491911818,0.26718978789940684,0.6624991633790145,,,,,
