client,round,loss,class,accuracy,precision,recall,f1_score,cohen_kappa_score,roc_auc_score,confusion_matrix,TP,FP,FN,TN
7,19,0.5364307165145874,awake,0.8278720123361604,0.8526139929098244,0.9532313467513417,0.9001195914960983,0.2916513671132692,0.616858362852496,[[ 7050 18085][ 5133 104620]],7050,18085,5133,104620
7,19,0.5364307165145874,asleep,0.8278720123361604,0.578675203151933,0.2804853789536503,0.3778337531486146,0.2916513671132692,0.616858362852496,[[ 104620 5133][ 18085 7050]],104620,5133,18085,7050
7,19,0.5364307165145874,avg,0.8278720123361604,0.7156445980308788,0.616858362852496,0.6389766723223564,0.2916513671132692,0.616858362852496,,,,,
