client,round,loss,class,accuracy,precision,recall,f1_score,cohen_kappa_score,roc_auc_score,confusion_matrix,TP,FP,FN,TN
4,48,0.6657001376152039,awake,0.8200358816203073,0.8537586703527736,0.939801189944694,0.8947160695155855,0.2852707039897272,0.6184384903373759,[[ 7467 17668][ 6607 103146]],7467,17668,6607,103146
4,48,0.6657001376152039,asleep,0.8200358816203073,0.5305527923831178,0.2970757907300577,0.38088194037083317,0.2852707039897272,0.6184384903373759,[[ 103146 6607][ 17668 7467]],103146,6607,17668,7467
4,48,0.6657001376152039,avg,0.8200358816203073,0.6921557313679457,0.6184384903373759,0.6377990049432093,0.2852707039897272,0.6184384903373759,,,,,
