client,round,loss,class,accuracy,precision,recall,f1_score,cohen_kappa_score,roc_auc_score,confusion_matrix,TP,FP,FN,TN
6,54,0.53807133436203,awake,0.7698164403060317,0.8557210782275414,0.862527675781072,0.8591108953212421,0.2306043215254111,0.6137583674310174,[[ 9174 15961][ 15088 94665]],9174,15961,15088,94665
6,54,0.53807133436203,asleep,0.7698164403060317,0.3781221663506718,0.3649890590809628,0.3714395611069498,0.2306043215254111,0.6137583674310174,[[ 94665 15088][ 15961 9174]],94665,15088,15961,9174
6,54,0.53807133436203,avg,0.7698164403060317,0.6169216222891066,0.6137583674310174,0.615275228214096,0.2306043215254111,0.6137583674310174,,,,,
