client,round,loss,class,accuracy,precision,recall,f1_score,cohen_kappa_score,roc_auc_score,confusion_matrix,TP,FP,FN,TN
9,103,0.7577388882637024,awake,0.8375986003202657,0.881177808055124,0.9251592211602416,0.902633076129858,0.4153135945177059,0.6902104042940655,[[ 11443 13692][ 8214 101539]],11443,13692,8214,101539
9,103,0.7577388882637024,asleep,0.8375986003202657,0.5821335910871446,0.4552615874278894,0.5109394534738346,0.4153135945177059,0.6902104042940655,[[ 101539 8214][ 13692 11443]],101539,8214,13692,11443
9,103,0.7577388882637024,avg,0.8375986003202657,0.7316556995711343,0.6902104042940655,0.7067862648018464,0.4153135945177059,0.6902104042940655,,,,,
