client,round,loss,class,accuracy,precision,recall,f1_score,cohen_kappa_score,roc_auc_score,confusion_matrix,TP,FP,FN,TN
6,5,0.5235941410064697,awake,0.7364850839214756,0.8714411564489649,0.793144606525562,0.8304514774976747,0.24514808678487554,0.6411117900342153,[[ 12293 12842][ 22703 87050]],12293,12842,22703,87050
6,5,0.5235941410064697,asleep,0.7364850839214756,0.35126871642473423,0.4890789735428685,0.4088739585238894,0.24514808678487554,0.6411117900342153,[[ 87050 22703][ 12842 12293]],87050,22703,12842,12293
6,5,0.5235941410064697,avg,0.7364850839214756,0.6113549364368496,0.6411117900342153,0.6196627180107821,0.24514808678487554,0.6411117900342153,,,,,
