client,round,loss,class,accuracy,precision,recall,f1_score,cohen_kappa_score,roc_auc_score,confusion_matrix,TP,FP,FN,TN
7,114,0.6843963265419006,awake,0.824869521380701,0.8584985764946805,0.939637185316119,0.8972372422013319,0.3131951276843563,0.6316845166684036,[[ 8137 16998][ 6625 103128]],8137,16998,6625,103128
7,114,0.6843963265419006,asleep,0.824869521380701,0.5512125728221108,0.3237318480206883,0.4079003433842144,0.3131951276843563,0.6316845166684038,[[ 103128 6625][ 16998 8137]],103128,6625,16998,8137
7,114,0.6843963265419006,avg,0.824869521380701,0.7048555746583957,0.6316845166684036,0.6525687927927731,0.3131951276843563,0.6316845166684038,,,,,
