client,round,loss,class,accuracy,precision,recall,f1_score,cohen_kappa_score,roc_auc_score,confusion_matrix,TP,FP,FN,TN
4,93,0.8439706563949585,awake,0.8197764070932922,0.8636398457649191,0.9244667571729247,0.8930187118238306,0.325724501309807,0.6435542459029533,[[ 9115 16020][ 8290 101463]],9115,16020,8290,101463
4,93,0.8439706563949585,asleep,0.8197764070932922,0.5237000861821316,0.3626417346329819,0.42853784673248707,0.325724501309807,0.6435542459029534,[[ 101463 8290][ 16020 9115]],101463,8290,16020,9115
4,93,0.8439706563949585,avg,0.8197764070932922,0.6936699659735254,0.6435542459029533,0.6607782792781589,0.325724501309807,0.6435542459029533,,,,,
