client,round,loss,class,accuracy,precision,recall,f1_score,cohen_kappa_score,roc_auc_score,confusion_matrix,TP,FP,FN,TN
1,42,0.6557145118713379,awake,0.7255797402289307,0.8943453510436432,0.7515147649722559,0.8167325154224717,0.2867599018650355,0.6819240823070948,[[ 15391 9744][ 27272 82481]],15391,9744,27272,82481
1,42,0.6557145118713379,asleep,0.7255797402289307,0.3607575651032511,0.6123333996419336,0.4540251924835541,0.2867599018650355,0.6819240823070947,[[ 82481 27272][ 9744 15391]],82481,27272,9744,15391
1,42,0.6557145118713379,avg,0.7255797402289307,0.6275514580734471,0.6819240823070947,0.635378853953013,0.2867599018650355,0.6819240823070947,,,,,
