client,round,loss,class,accuracy,precision,recall,f1_score,cohen_kappa_score,roc_auc_score,confusion_matrix,TP,FP,FN,TN
9,26,0.5745517611503601,awake,0.8399042168317419,0.869071940518454,0.9457144679416508,0.9057748107424134,0.38000390922123606,0.6617969594532205,[[ 9498 15637][ 5958 103795]],9498,15637,5958,103795
9,26,0.5745517611503601,asleep,0.8399042168317419,0.6145186335403726,0.37787945096479014,0.4679855140302038,0.38000390922123606,0.6617969594532204,[[ 103795 5958][ 15637 9498]],103795,5958,15637,9498
9,26,0.5745517611503601,avg,0.8399042168317419,0.7417952870294133,0.6617969594532205,0.6868801623863086,0.38000390922123606,0.6617969594532205,,,,,
