client,round,loss,class,accuracy,precision,recall,f1_score,cohen_kappa_score,roc_auc_score,confusion_matrix,TP,FP,FN,TN
17,80,0.6028410196304321,awake,0.816069628135935,0.8284395227084671,0.9760826583328018,0.8962211272200982,0.13349643380336118,0.5467244403659235,[[ 2950 22185][ 2625 107128]],2950,22185,2625,107128
17,80,0.6028410196304321,asleep,0.816069628135935,0.5291479820627802,0.11736622239904515,0.19211983067404753,0.13349643380336118,0.5467244403659234,[[ 107128 2625][ 22185 2950]],107128,2625,22185,2950
17,80,0.6028410196304321,avg,0.816069628135935,0.6787937523856237,0.5467244403659235,0.5441704789470728,0.13349643380336118,0.5467244403659235,,,,,
