client,round,loss,class,accuracy,precision,recall,f1_score,cohen_kappa_score,roc_auc_score,confusion_matrix,TP,FP,FN,TN
5,15,0.589266836643219,awake,0.7855628373168851,0.8362733187998203,0.9157380663854291,0.874203579272403,0.15818728788431302,0.5664427352018652,[[ 5458 19677][ 9248 100505]],5458,19677,9248,100505
5,15,0.589266836643219,asleep,0.7855628373168851,0.37114103087175304,0.21714740401830118,0.273989106699129,0.15818728788431302,0.5664427352018652,[[ 100505 9248][ 19677 5458]],100505,9248,19677,5458
5,15,0.589266836643219,avg,0.7855628373168851,0.6037071748357866,0.5664427352018652,0.574096342985766,0.15818728788431302,0.5664427352018652,,,,,
