client,round,loss,class,accuracy,precision,recall,f1_score,cohen_kappa_score,roc_auc_score,confusion_matrix,TP,FP,FN,TN
15,116,0.9600678086280823,awake,0.5219515449854695,0.7982134858106505,0.5520213570471878,0.6526729686784628,-0.037736516216374305,0.4713359222076997,[[ 9819 15316][ 49167 60586]],9819,15316,49167,60586
15,116,0.9600678086280823,asleep,0.5219515449854695,0.1664632285627098,0.3906504873682117,0.23344943593157477,-0.037736516216374305,0.47133592220769976,[[ 60586 49167][ 15316 9819]],60586,49167,15316,9819
15,116,0.9600678086280823,avg,0.5219515449854695,0.48233835718668017,0.4713359222076997,0.4430612023050188,-0.037736516216374305,0.4713359222076997,,,,,
