client,round,loss,class,accuracy,precision,recall,f1_score,cohen_kappa_score,roc_auc_score,confusion_matrix,TP,FP,FN,TN
6,14,0.5903884172439575,awake,0.7076315165174071,0.8803002769124264,0.7415013712609223,0.8049613997952533,0.23805721721752582,0.6506193946020147,[[ 14069 11066][ 28371 81382]],14069,11066,28371,81382
6,14,0.5903884172439575,asleep,0.7076315165174071,0.33150329877474083,0.5597374179431073,0.41639659637439885,0.23805721721752582,0.6506193946020148,[[ 81382 28371][ 11066 14069]],81382,28371,11066,14069
6,14,0.5903884172439575,avg,0.7076315165174071,0.6059017878435836,0.6506193946020148,0.6106789980848261,0.23805721721752582,0.6506193946020147,,,,,
