client,round,loss,class,accuracy,precision,recall,f1_score,cohen_kappa_score,roc_auc_score,confusion_matrix,TP,FP,FN,TN
12,63,0.9176604747772217,awake,0.8189164343751854,0.824001154339786,0.9886016783140325,0.8988278175868782,0.10030915500648951,0.5332902960895805,[[ 1960 23175][ 1251 108502]],1960,23175,1251,108502
12,63,0.9176604747772217,asleep,0.8189164343751854,0.6104017440049829,0.07797891386512831,0.13829111691243914,0.10030915500648951,0.5332902960895805,[[ 108502 1251][ 23175 1960]],108502,1251,23175,1960
12,63,0.9176604747772217,avg,0.8189164343751854,0.7172014491723845,0.5332902960895803,0.5185594672496587,0.10030915500648951,0.5332902960895805,,,,,
