client,round,loss,class,accuracy,precision,recall,f1_score,cohen_kappa_score,roc_auc_score,confusion_matrix,TP,FP,FN,TN
14,70,0.5883680582046509,awake,0.8202360476840045,0.8485362334200207,0.9483476533671061,0.8956698334021754,0.2608216802676506,0.6045895816069666,[[ 6556 18579][ 5669 104084]],6556,18579,5669,104084
14,70,0.5883680582046509,asleep,0.8202360476840045,0.536278118609407,0.2608315098468271,0.3509635974304069,0.2608216802676506,0.6045895816069666,[[ 104084 5669][ 18579 6556]],104084,5669,18579,6556
14,70,0.5883680582046509,avg,0.8202360476840045,0.6924071760147139,0.6045895816069666,0.6233167154162912,0.2608216802676506,0.6045895816069666,,,,,
