client,round,loss,class,accuracy,precision,recall,f1_score,cohen_kappa_score,roc_auc_score,confusion_matrix,TP,FP,FN,TN
9,90,0.685230016708374,awake,0.8357822786311606,0.8849960446514898,0.917387224039434,0.9009005784639612,0.42289184087891696,0.6984190944147837,[[ 12051 13084][ 9067 100686]],12051,13084,9067,100686
9,90,0.685230016708374,asleep,0.8357822786311606,0.5706506297944881,0.47945096479013327,0.521090523857912,0.42289184087891696,0.6984190944147837,[[ 100686 9067][ 13084 12051]],100686,9067,13084,12051
9,90,0.685230016708374,avg,0.8357822786311606,0.727823337222989,0.6984190944147837,0.7109955511609366,0.42289184087891696,0.6984190944147837,,,,,
