client,round,loss,class,accuracy,precision,recall,f1_score,cohen_kappa_score,roc_auc_score,confusion_matrix,TP,FP,FN,TN
13,150,0.7334392666816711,awake,0.8228159658383252,0.8953772185942839,0.8857343307244449,0.8905296714974074,0.4260904393574272,0.716907348373959,[[ 13776 11359][ 12541 97212]],13776,11359,12541,97212
13,150,0.7334392666816711,asleep,0.8228159658383252,0.5234639206596496,0.5480803660234732,0.5354893881676125,0.4260904393574272,0.7169073483739591,[[ 97212 12541][ 11359 13776]],97212,12541,11359,13776
13,150,0.7334392666816711,avg,0.8228159658383252,0.7094205696269668,0.716907348373959,0.7130095298325099,0.4260904393574272,0.716907348373959,,,,,
