client,round,loss,class,accuracy,precision,recall,f1_score,cohen_kappa_score,roc_auc_score,confusion_matrix,TP,FP,FN,TN
16,51,0.6236091256141663,awake,0.8172483838443746,0.8622903363133249,0.9227629313093947,0.8915023129096007,0.3166587061027587,0.6396388756407725,[[ 8961 16174][ 8477 101276]],8961,16174,8477,101276
16,51,0.6236091256141663,asleep,0.8172483838443746,0.5138777382727377,0.3565148199721504,0.4209710379818195,0.3166587061027587,0.6396388756407725,[[ 101276 8477][ 16174 8961]],101276,8477,16174,8961
16,51,0.6236091256141663,avg,0.8172483838443746,0.6880840372930312,0.6396388756407725,0.6562366754457101,0.3166587061027587,0.6396388756407725,,,,,
