client,round,loss,class,accuracy,precision,recall,f1_score,cohen_kappa_score,roc_auc_score,confusion_matrix,TP,FP,FN,TN
6,59,0.6362714171409607,awake,0.7379603819465038,0.8860445569725333,0.7780106238553843,0.8285206962799092,0.2830062598506572,0.6705449976249271,[[ 14153 10982][ 24364 85389]],14153,10982,24364,85389
6,59,0.6362714171409607,asleep,0.7379603819465038,0.36744813978243374,0.5630793713944698,0.44469930245711053,0.2830062598506572,0.6705449976249271,[[ 85389 24364][ 10982 14153]],85389,24364,10982,14153
6,59,0.6362714171409607,avg,0.7379603819465038,0.6267463483774836,0.6705449976249271,0.6366099993685099,0.2830062598506572,0.6705449976249271,,,,,
