client,round,loss,class,accuracy,precision,recall,f1_score,cohen_kappa_score,roc_auc_score,confusion_matrix,TP,FP,FN,TN
2,0,0.49437084794044495,awake,0.8187236818694028,0.8292330850283686,0.9787705119677822,0.8978177836839422,0.1416367207280843,0.5493215997276747,[[ 3013 22122][ 2330 107423]],3013,22122,2330,107423
2,0,0.49437084794044495,asleep,0.8187236818694028,0.5639154033314617,0.11987268748756713,0.19771638558960564,0.1416367207280843,0.5493215997276747,[[ 107423 2330][ 22122 3013]],107423,2330,22122,3013
2,0,0.49437084794044495,avg,0.8187236818694028,0.6965742441799152,0.5493215997276747,0.5477670846367739,0.1416367207280843,0.5493215997276747,,,,,
