client,round,loss,class,accuracy,precision,recall,f1_score,cohen_kappa_score,roc_auc_score,confusion_matrix,TP,FP,FN,TN
4,69,0.727028489112854,awake,0.8170926991281656,0.8758094295785224,0.9032919373502318,0.8893384166853553,0.363175166375588,0.6719960780843064,[[ 11077 14058][ 10614 99139]],11077,14058,10614,99139
4,69,0.727028489112854,asleep,0.8170926991281656,0.5106726292010512,0.44070021881838073,0.47311322769401615,0.363175166375588,0.6719960780843064,[[ 99139 10614][ 14058 11077]],99139,10614,14058,11077
4,69,0.727028489112854,avg,0.8170926991281656,0.6932410293897868,0.6719960780843063,0.6812258221896857,0.363175166375588,0.6719960780843064,,,,,
