client,round,loss,class,accuracy,precision,recall,f1_score,cohen_kappa_score,roc_auc_score,confusion_matrix,TP,FP,FN,TN
15,1,0.6777156591415405,awake,0.5443775576774805,0.7853134046198381,0.6055870910134575,0.6838385085499106,-0.0846856380391845,0.44134536567780497,[[ 6965 18170][ 43288 66465]],6965,18170,43288,66465
15,1,0.6777156591415405,asleep,0.5443775576774805,0.1385986906254353,0.2771036403421524,0.18477741815673585,-0.0846856380391845,0.441345365677805,[[ 66465 43288][ 18170 6965]],66465,43288,18170,6965
15,1,0.6777156591415405,avg,0.5443775576774805,0.4619560476226367,0.44134536567780497,0.4343079633533232,-0.0846856380391845,0.441345365677805,,,,,
