client,round,loss,class,accuracy,precision,recall,f1_score,cohen_kappa_score,roc_auc_score,confusion_matrix,TP,FP,FN,TN
12,29,0.7442842721939087,awake,0.8232978471027815,0.83760589723842,0.9711078512660246,0.8994299554006557,0.20361476581993065,0.5744936511154074,[[ 4471 20664][ 3171 106582]],4471,20664,3171,106582
12,29,0.7442842721939087,asleep,0.8232978471027815,0.5850562679926721,0.17787945096479013,0.2728132531958386,0.20361476581993065,0.5744936511154074,[[ 106582 3171][ 20664 4471]],106582,3171,20664,4471
12,29,0.7442842721939087,avg,0.8232978471027815,0.7113310826155461,0.5744936511154074,0.5861216042982471,0.20361476581993065,0.5744936511154074,,,,,
