client,round,loss,class,accuracy,precision,recall,f1_score,cohen_kappa_score,roc_auc_score,confusion_matrix,TP,FP,FN,TN
14,15,0.4503461718559265,awake,0.8279683885890516,0.8579084924074503,0.9451040062686213,0.8993978175764433,0.3155864562634336,0.6307974775723453,[[ 7955 17180][ 6025 103728]],7955,17180,6025,103728
14,15,0.4503461718559265,asleep,0.8279683885890516,0.5690271816881259,0.3164909488760692,0.40674932890195575,0.3155864562634336,0.6307974775723453,[[ 103728 6025][ 17180 7955]],103728,6025,17180,7955
14,15,0.4503461718559265,avg,0.8279683885890516,0.713467837047788,0.6307974775723453,0.6530735732391996,0.3155864562634336,0.6307974775723453,,,,,
