client,round,loss,class,accuracy,precision,recall,f1_score,cohen_kappa_score,roc_auc_score,confusion_matrix,TP,FP,FN,TN
1,11,0.6274915933609009,awake,0.7082839096139019,0.8774122995111073,0.7456561551848241,0.8061864302425809,0.2320882858035932,0.6453763170990761,[[ 13701 11434][ 27915 81838]],13701,11434,27915,81838
1,11,0.6274915933609009,asleep,0.7082839096139019,0.32922433679354096,0.545096479013328,0.41051070395949124,0.2320882858035932,0.6453763170990762,[[ 81838 27915][ 11434 13701]],81838,27915,11434,13701
1,11,0.6274915933609009,avg,0.7082839096139019,0.6033183181523242,0.6453763170990761,0.608348567101036,0.2320882858035932,0.6453763170990761,,,,,
