client,round,loss,class,accuracy,precision,recall,f1_score,cohen_kappa_score,roc_auc_score,confusion_matrix,TP,FP,FN,TN
1,55,0.6670646071434021,awake,0.7109379633473697,0.8770594880320566,0.7498473845817426,0.8084799127645674,0.23380318611182993,0.6454428886306367,[[ 13599 11536][ 27455 82298]],13599,11536,27455,82298
1,55,0.6670646071434021,asleep,0.7109379633473697,0.33124665075266724,0.5410383926795306,0.41091420024475367,0.23380318611182993,0.6454428886306366,[[ 82298 27455][ 11536 13599]],82298,27455,11536,13599
1,55,0.6670646071434021,avg,0.7109379633473697,0.6041530693923619,0.6454428886306366,0.6096970565046606,0.23380318611182993,0.6454428886306367,,,,,
