client,round,loss,class,accuracy,precision,recall,f1_score,cohen_kappa_score,roc_auc_score,confusion_matrix,TP,FP,FN,TN
7,51,0.5741739273071289,awake,0.8228901014174723,0.8465431650320863,0.9555456342879011,0.8977477978753455,0.25430918555948034,0.5995949774781459,[[ 6124 19011][ 4879 104874]],6124,19011,4879,104874
7,51,0.5741739273071289,asleep,0.8228901014174723,0.5565754794147051,0.2436443206683907,0.33892301732248603,0.25430918555948034,0.5995949774781458,[[ 104874 4879][ 19011 6124]],104874,4879,19011,6124
7,51,0.5741739273071289,avg,0.8228901014174723,0.7015593222233957,0.5995949774781459,0.6183354075989158,0.25430918555948034,0.5995949774781459,,,,,
