client,round,loss,class,accuracy,precision,recall,f1_score,cohen_kappa_score,roc_auc_score,confusion_matrix,TP,FP,FN,TN
1,6,0.5331614017486572,awake,0.7342239487574876,0.8252057205720572,0.8543183329840642,0.8395097099982988,0.06819499028396836,0.5320726337687379,[[ 5274 19861][ 15989 93764]],5274,19861,15989,93764
1,6,0.5331614017486572,asleep,0.7342239487574876,0.2480364953205098,0.2098269345534116,0.22733738523212207,0.06819499028396836,0.5320726337687379,[[ 93764 15989][ 19861 5274]],93764,15989,19861,5274
1,6,0.5331614017486572,avg,0.7342239487574876,0.5366211079462835,0.5320726337687379,0.5334235476152104,0.06819499028396836,0.5320726337687379,,,,,
