client,round,loss,class,accuracy,precision,recall,f1_score,cohen_kappa_score,roc_auc_score,confusion_matrix,TP,FP,FN,TN
1,100,0.8075209259986877,awake,0.6413320680861159,0.856998266575148,0.6711889424434867,0.7527975065147411,0.13344726901979764,0.5910748770303768,[[ 12843 12292][ 36088 73665]],12843,12292,36088,73665
1,100,0.8075209259986877,asleep,0.6413320680861159,0.2624716437432303,0.5109608116172668,0.3467988010693166,0.13344726901979764,0.5910748770303766,[[ 73665 36088][ 12292 12843]],73665,36088,12292,12843
1,100,0.8075209259986877,avg,0.6413320680861159,0.5597349551591891,0.5910748770303768,0.5497981537920289,0.13344726901979764,0.5910748770303766,,,,,
