client,round,loss,class,accuracy,precision,recall,f1_score,cohen_kappa_score,roc_auc_score,confusion_matrix,TP,FP,FN,TN
13,112,0.6415267586708069,awake,0.8228159658383252,0.9061355787880221,0.8726321831749474,0.8890683598826632,0.4499217724533976,0.7389618047364692,[[ 15214 9921][ 13979 95774]],15214,9921,13979,95774
13,112,0.6415267586708069,asleep,0.8228159658383252,0.5211523310382626,0.6052914262979908,0.5600795170078046,0.4499217724533976,0.7389618047364692,[[ 95774 13979][ 9921 15214]],95774,13979,9921,15214
13,112,0.6415267586708069,avg,0.8228159658383252,0.7136439549131424,0.7389618047364691,0.7245739384452339,0.4499217724533976,0.7389618047364692,,,,,
