client,round,loss,class,accuracy,precision,recall,f1_score,cohen_kappa_score,roc_auc_score,confusion_matrix,TP,FP,FN,TN
13,68,0.6004761457443237,awake,0.8235647351877113,0.905214029794456,0.8747551319781691,0.8897239739960059,0.4493444276827149,0.7373974585691523,[[ 15082 10053][ 13746 96007]],15082,10053,13746,96007
13,68,0.6004761457443237,asleep,0.8235647351877113,0.5231719161925905,0.6000397851601352,0.5589755943887479,0.4493444276827149,0.7373974585691522,[[ 96007 13746][ 10053 15082]],96007,13746,10053,15082
13,68,0.6004761457443237,avg,0.8235647351877113,0.7141929729935232,0.7373974585691522,0.7243497841923769,0.4493444276827149,0.7373974585691523,,,,,
