client,round,loss,class,accuracy,precision,recall,f1_score,cohen_kappa_score,roc_auc_score,confusion_matrix,TP,FP,FN,TN
11,55,0.5424899458885193,awake,0.8323349742008185,0.8593663650535728,0.9492861242972858,0.9020909996103729,0.32887322817869435,0.63547457199547,[[ 8085 17050][ 5566 104187]],8085,17050,5566,104187
11,55,0.5424899458885193,asleep,0.8323349742008185,0.5922643029814666,0.32166301969365424,0.4169030062393647,0.32887322817869435,0.63547457199547,[[ 104187 5566][ 17050 8085]],104187,5566,17050,8085
11,55,0.5424899458885193,avg,0.8323349742008185,0.7258153340175197,0.63547457199547,0.6594970029248688,0.32887322817869435,0.63547457199547,,,,,
