client,round,loss,class,accuracy,precision,recall,f1_score,cohen_kappa_score,roc_auc_score,confusion_matrix,TP,FP,FN,TN
16,147,0.8327310085296631,awake,0.8147351877112864,0.8744709614144217,0.9017521161152771,0.8879020320279909,0.3551758862345109,0.6682621730367513,[[ 10928 14207][ 10783 98970]],10928,14207,10783,98970
16,147,0.8327310085296631,asleep,0.8147351877112864,0.5033393210814794,0.43477222995822556,0.46654997224949835,0.3551758862345109,0.6682621730367513,[[ 98970 10783][ 14207 10928]],98970,10783,14207,10928
16,147,0.8327310085296631,avg,0.8147351877112864,0.6889051412479505,0.6682621730367513,0.6772260021387446,0.3551758862345109,0.6682621730367513,,,,,
