client,round,loss,class,accuracy,precision,recall,f1_score,cohen_kappa_score,roc_auc_score,confusion_matrix,TP,FP,FN,TN
6,15,0.5629114508628845,awake,0.7354323586975862,0.8804734214149218,0.7808442593824314,0.8276714617527898,0.2671079467212244,0.6589918531843527,[[ 13501 11634][ 24053 85700]],13501,11634,24053,85700
6,15,0.5629114508628845,asleep,0.7354323586975862,0.3595089737444746,0.5371394469862741,0.43072947407041107,0.2671079467212244,0.6589918531843527,[[ 85700 24053][ 11634 13501]],85700,24053,11634,13501
6,15,0.5629114508628845,avg,0.7354323586975862,0.6199911975796982,0.6589918531843528,0.6292004679116004,0.2671079467212244,0.6589918531843527,,,,,
