client,round,loss,class,accuracy,precision,recall,f1_score,cohen_kappa_score,roc_auc_score,confusion_matrix,TP,FP,FN,TN
14,88,0.6446583867073059,awake,0.8258110432358697,0.858540681192794,0.9409583337129737,0.8978621295241739,0.314850613236878,0.6319870244256136,[[ 8119 17016][ 6480 103273]],8119,17016,6480,103273
14,88,0.6446583867073059,asleep,0.8258110432358697,0.556133981779574,0.32301571513825345,0.40866763980470133,0.314850613236878,0.6319870244256135,[[ 103273 6480][ 17016 8119]],103273,6480,17016,8119
14,88,0.6446583867073059,avg,0.8258110432358697,0.7073373314861839,0.6319870244256136,0.6532648846644376,0.314850613236878,0.6319870244256136,,,,,
