client,round,loss,class,accuracy,precision,recall,f1_score,cohen_kappa_score,roc_auc_score,confusion_matrix,TP,FP,FN,TN
14,71,0.5906391739845276,awake,0.8205474171164225,0.8499513200847604,0.9465527138210345,0.895654797827399,0.26820355308805566,0.6084464384700954,[[ 6795 18340][ 5866 103887]],6795,18340,5866,103887
14,71,0.5906391739845276,asleep,0.8205474171164225,0.5366874654450675,0.27034016311915654,0.359561858397714,0.26820355308805566,0.6084464384700955,[[ 103887 5866][ 18340 6795]],103887,5866,18340,6795
14,71,0.5906391739845276,avg,0.8205474171164225,0.6933193927649139,0.6084464384700955,0.6276083281125565,0.26820355308805566,0.6084464384700954,,,,,
