client,round,loss,class,accuracy,precision,recall,f1_score,cohen_kappa_score,roc_auc_score,confusion_matrix,TP,FP,FN,TN
1,138,0.8018684983253479,awake,0.6831816025146789,0.8156402479229856,0.7889533771286434,0.8020748905819419,0.009741700802822773,0.5051391114805739,[[ 5563 19572][ 23163 86590]],5563,19572,23163,86590
1,138,0.8018684983253479,asleep,0.6831816025146789,0.19365731393162988,0.22132484583250447,0.20656876032750973,0.009741700802822773,0.505139111480574,[[ 86590 23163][ 19572 5563]],86590,23163,19572,5563
1,138,0.8018684983253479,avg,0.6831816025146789,0.5046487809273077,0.505139111480574,0.5043218254547258,0.009741700802822773,0.5051391114805739,,,,,
