client,round,loss,class,accuracy,precision,recall,f1_score,cohen_kappa_score,roc_auc_score,confusion_matrix,TP,FP,FN,TN
5,113,0.7590963840484619,awake,0.7611277504299864,0.8359563220383048,0.8788916931655627,0.8568865121278477,0.13770341976663603,0.5628991984825227,[[ 6206 18929][ 13292 96461]],6206,18929,13292,96461
5,113,0.7590963840484619,asleep,0.7611277504299864,0.31828905528772183,0.2469067037994828,0.2780902023166715,0.13770341976663603,0.5628991984825227,[[ 96461 13292][ 18929 6206]],96461,13292,18929,6206
5,113,0.7590963840484619,avg,0.7611277504299864,0.5771226886630133,0.5628991984825228,0.5674883572222595,0.13770341976663603,0.5628991984825227,,,,,
