client,round,loss,class,accuracy,precision,recall,f1_score,cohen_kappa_score,roc_auc_score,confusion_matrix,TP,FP,FN,TN
10,127,0.7915025353431702,awake,0.751349267540478,0.9242210025938749,0.7564257924612539,0.8319470888866619,0.3719417094580575,0.7428041037102371,[[ 18328 6807][ 26733 83020]],18328,6807,26733,83020
10,127,0.7915025353431702,asleep,0.751349267540478,0.40673753356561104,0.7291824149592202,0.5221949968659183,0.3719417094580575,0.742804103710237,[[ 83020 26733][ 6807 18328]],83020,26733,6807,18328
10,127,0.7915025353431702,avg,0.751349267540478,0.665479268079743,0.7428041037102371,0.67707104287629,0.3719417094580575,0.7428041037102371,,,,,
