client,round,loss,class,accuracy,precision,recall,f1_score,cohen_kappa_score,roc_auc_score,confusion_matrix,TP,FP,FN,TN
2,87,0.5863509178161621,awake,0.8378803155210248,0.8753363228699551,0.9337330186874163,0.9035921491173929,0.3977326965279556,0.6765343032565787,[[ 10540 14595][ 7273 102480]],10540,14595,7273,102480
2,87,0.5863509178161621,asleep,0.8378803155210248,0.591702689047325,0.419335587825741,0.490826115302226,0.3977326965279556,0.6765343032565786,[[ 102480 7273][ 14595 10540]],102480,7273,14595,10540
2,87,0.5863509178161621,avg,0.8378803155210248,0.7335195059586401,0.6765343032565787,0.6972091322098095,0.3977326965279556,0.6765343032565787,,,,,
