client,round,loss,class,accuracy,precision,recall,f1_score,cohen_kappa_score,roc_auc_score,confusion_matrix,TP,FP,FN,TN
15,87,0.8499356508255005,awake,0.5524731629203488,0.7986237921902021,0.6017056481371807,0.6863191369956976,-0.04296453410136669,0.46960158078233616,[[ 8483 16652][ 43714 66039]],8483,16652,43714,66039
15,87,0.8499356508255005,asleep,0.5524731629203488,0.16251891871180335,0.33749751342749157,0.21939171365023535,-0.04296453410136669,0.46960158078233616,[[ 66039 43714][ 16652 8483]],66039,43714,16652,8483
15,87,0.8499356508255005,avg,0.5524731629203488,0.4805713554510027,0.46960158078233616,0.45285542532296647,-0.04296453410136669,0.46960158078233616,,,,,
