client,round,loss,class,accuracy,precision,recall,f1_score,cohen_kappa_score,roc_auc_score,confusion_matrix,TP,FP,FN,TN
0,133,0.6523347496986389,awake,0.8211627424233439,0.8640112225811937,0.9259427988301003,0.8939056088453775,0.3293124781956176,0.644789581233232,[[ 9140 15995][ 8128 101625]],9140,15995,8128,101625
0,133,0.6523347496986389,asleep,0.8211627424233439,0.5293027565438962,0.36363636363636365,0.43110157300191027,0.3293124781956176,0.644789581233232,[[ 101625 8128][ 15995 9140]],101625,8128,15995,9140
0,133,0.6523347496986389,avg,0.8211627424233439,0.696656989562545,0.644789581233232,0.6625035909236439,0.3293124781956176,0.644789581233232,,,,,
