client,round,loss,class,accuracy,precision,recall,f1_score,cohen_kappa_score,roc_auc_score,confusion_matrix,TP,FP,FN,TN
13,67,0.5972005128860474,awake,0.8187310954273175,0.9086597424497931,0.864076608384281,0.8858075574091285,0.44781961956883476,0.7424023384073782,[[ 15602 9533][ 14918 94835]],15602,9533,14918,94835
13,67,0.5972005128860474,asleep,0.8187310954273175,0.5112057667103539,0.6207280684304755,0.5606684035576318,0.44781961956883476,0.7424023384073782,[[ 94835 14918][ 9533 15602]],94835,14918,9533,15602
13,67,0.5972005128860474,avg,0.8187310954273175,0.7099327545800735,0.7424023384073782,0.7232379804833802,0.44781961956883476,0.7424023384073782,,,,,
