client,round,loss,class,accuracy,precision,recall,f1_score,cohen_kappa_score,roc_auc_score,confusion_matrix,TP,FP,FN,TN
10,156,0.7900101542472839,awake,0.8081074669355317,0.908857797494272,0.8493344145490328,0.8780885275859794,0.43001697482377643,0.7387113688022666,[[ 15787 9348][ 16536 93217]],15787,9348,16536,93217
10,156,0.7900101542472839,asleep,0.8081074669355317,0.48841382297435265,0.6280883230555003,0.5495144279299663,0.43001697482377643,0.7387113688022666,[[ 93217 16536][ 9348 15787]],93217,16536,9348,15787
10,156,0.7900101542472839,avg,0.8081074669355317,0.6986358102343123,0.7387113688022666,0.7138014777579729,0.43001697482377643,0.7387113688022666,,,,,
