client,round,loss,class,accuracy,precision,recall,f1_score,cohen_kappa_score,roc_auc_score,confusion_matrix,TP,FP,FN,TN
6,70,0.6161966323852539,awake,0.7283672380048632,0.8607276423165353,0.7947573187065502,0.8264280367987722,0.20657810712106905,0.6166147842786779,[[ 11021 14114][ 22526 87227]],11021,14114,22526,87227
6,70,0.6161966323852539,asleep,0.7283672380048632,0.32852416013354396,0.43847224985080563,0.37561773627347395,0.20657810712106905,0.6166147842786779,[[ 87227 22526][ 14114 11021]],87227,22526,14114,11021
6,70,0.6161966323852539,avg,0.7283672380048632,0.5946259012250397,0.6166147842786779,0.6010228865361231,0.20657810712106905,0.6166147842786779,,,,,
