client,round,loss,class,accuracy,precision,recall,f1_score,cohen_kappa_score,roc_auc_score,confusion_matrix,TP,FP,FN,TN
14,32,0.4532121419906616,awake,0.8319198149575945,0.8583668732561298,0.9502154838592112,0.9019589189189189,0.3239392549930521,0.6327962241257464,[[ 7927 17208][ 5464 104289]],7927,17208,5464,104289
14,32,0.4532121419906616,asleep,0.8319198149575945,0.5919647524456725,0.3153769643922817,0.41151430202979805,0.3239392549930521,0.6327962241257464,[[ 104289 5464][ 17208 7927]],104289,5464,17208,7927
14,32,0.4532121419906616,avg,0.8319198149575945,0.7251658128509011,0.6327962241257464,0.6567366104743585,0.3239392549930521,0.6327962241257464,,,,,
