client,round,loss,class,accuracy,precision,recall,f1_score,cohen_kappa_score,roc_auc_score,confusion_matrix,TP,FP,FN,TN
4,26,0.6018757820129395,awake,0.8166997805586858,0.8507582132897711,0.9395369602653231,0.892946367104118,0.26671210512278076,0.6099315992892163,[[ 7046 18089][ 6636 103117]],7046,18089,6636,103117
4,26,0.6018757820129395,asleep,0.8166997805586858,0.5149831895921649,0.2803262383131092,0.36303681376716385,0.26671210512278076,0.6099315992892161,[[ 103117 6636][ 18089 7046]],103117,6636,18089,7046
4,26,0.6018757820129395,avg,0.8166997805586858,0.6828707014409681,0.6099315992892161,0.6279915904356409,0.26671210512278076,0.6099315992892163,,,,,
