client,round,loss,class,accuracy,precision,recall,f1_score,cohen_kappa_score,roc_auc_score,confusion_matrix,TP,FP,FN,TN
12,76,0.9389587044715881,awake,0.8166478856532827,0.8225257008459467,0.9877907665394112,0.8976146515536643,0.08633589826752963,0.528568150327593,[[ 1743 23392][ 1340 108413]],1743,23392,1340,108413
12,76,0.9389587044715881,asleep,0.8166478856532827,0.5653584171261758,0.06934553411577482,0.12353816712736551,0.08633589826752963,0.5285681503275931,[[ 108413 1340][ 23392 1743]],108413,1340,23392,1743
12,76,0.9389587044715881,avg,0.8166478856532827,0.6939420589860612,0.528568150327593,0.5105764093405148,0.08633589826752963,0.528568150327593,,,,,
