client,round,loss,class,accuracy,precision,recall,f1_score,cohen_kappa_score,roc_auc_score,confusion_matrix,TP,FP,FN,TN
10,51,0.5846876502037048,awake,0.7847844137358401,0.9154939726788894,0.8102922015799112,0.8596866028014346,0.40529922580317324,0.7418479110147418,[[ 16926 8209][ 20821 88932]],16926,8209,20821,88932
10,51,0.5846876502037048,asleep,0.7847844137358401,0.4484064958804673,0.6734036204495724,0.5383416557997518,0.40529922580317324,0.7418479110147418,[[ 88932 20821][ 8209 16926]],88932,20821,8209,16926
10,51,0.5846876502037048,avg,0.7847844137358401,0.6819502342796784,0.7418479110147418,0.6990141293005931,0.40529922580317324,0.7418479110147418,,,,,
