client,round,loss,class,accuracy,precision,recall,f1_score,cohen_kappa_score,roc_auc_score,confusion_matrix,TP,FP,FN,TN
4,108,0.8260149359703064,awake,0.8144238182788684,0.8651987619942583,0.9143895838838119,0.8891143143178616,0.3232439909975633,0.6461544100043686,[[ 9499 15636][ 9396 100357]],9499,15636,9396,100357
4,108,0.8260149359703064,asleep,0.8144238182788684,0.5027255887801005,0.3779192361249254,0.43147853736089026,0.3232439909975633,0.6461544100043686,[[ 100357 9396][ 15636 9499]],100357,9396,15636,9499
4,108,0.8260149359703064,avg,0.8144238182788684,0.6839621753871794,0.6461544100043686,0.660296425839376,0.3232439909975633,0.6461544100043686,,,,,
