client,round,loss,class,accuracy,precision,recall,f1_score,cohen_kappa_score,roc_auc_score,confusion_matrix,TP,FP,FN,TN
14,7,0.472946435213089,awake,0.831074669355317,0.8513278769320266,0.9600466502054613,0.9024246109574258,0.2903807194643373,0.6139799592781832,[[ 6734 18401][ 4385 105368]],6734,18401,4385,105368
14,7,0.472946435213089,asleep,0.831074669355317,0.6056300026980843,0.2679132683509051,0.3714900424780714,0.2903807194643373,0.6139799592781833,[[ 105368 4385][ 18401 6734]],105368,4385,18401,6734
14,7,0.472946435213089,avg,0.831074669355317,0.7284789398150555,0.6139799592781832,0.6369573267177486,0.2903807194643373,0.6139799592781832,,,,,
