client,round,loss,class,accuracy,precision,recall,f1_score,cohen_kappa_score,roc_auc_score,confusion_matrix,TP,FP,FN,TN
18,49,0.5387625098228455,awake,0.832008777652571,0.861720949936455,0.9452133426876714,0.9015381941426959,0.3380418974641085,0.6414548909579196,[[ 8488 16647][ 6013 103740]],8488,16647,6013,103740
18,49,0.5387625098228455,asleep,0.832008777652571,0.5853389421419213,0.3376964392281679,0.4282975073165809,0.3380418974641085,0.6414548909579196,[[ 103740 6013][ 16647 8488]],103740,6013,16647,8488
18,49,0.5387625098228455,avg,0.832008777652571,0.7235299460391882,0.6414548909579196,0.6649178507296384,0.3380418974641085,0.6414548909579196,,,,,
