client,round,loss,class,accuracy,precision,recall,f1_score,cohen_kappa_score,roc_auc_score,confusion_matrix,TP,FP,FN,TN
17,124,0.7119814157485962,awake,0.8130523100646462,0.8406347210805409,0.9504159339608029,0.8921608457100826,0.2097787365210334,0.5818321961429238,[[ 5360 19775][ 5442 104311]],5360,19775,5442,104311
17,124,0.7119814157485962,asleep,0.8130523100646462,0.496204406591372,0.21324845832504477,0.29829980243203386,0.2097787365210334,0.5818321961429238,[[ 104311 5442][ 19775 5360]],104311,5442,19775,5360
17,124,0.7119814157485962,avg,0.8130523100646462,0.6684195638359565,0.5818321961429238,0.5952303240710582,0.2097787365210334,0.5818321961429238,,,,,
