client,round,loss,class,accuracy,precision,recall,f1_score,cohen_kappa_score,roc_auc_score,confusion_matrix,TP,FP,FN,TN
15,5,0.7224634885787964,awake,0.5410043888262855,0.7930582441008551,0.5897879784607254,0.6764833442194644,-0.05744078262630681,0.4588884193079438,[[ 8244 16891][ 45022 64731]],8244,16891,45022,64731
15,5,0.7224634885787964,asleep,0.5410043888262855,0.1547703976270041,0.3279888601551621,0.21030344000714274,-0.05744078262630681,0.4588884193079438,[[ 64731 45022][ 16891 8244]],64731,45022,16891,8244
15,5,0.7224634885787964,avg,0.5410043888262855,0.4739143208639296,0.4588884193079438,0.4433933921133036,-0.05744078262630681,0.4588884193079438,,,,,
