client,round,loss,class,accuracy,precision,recall,f1_score,cohen_kappa_score,roc_auc_score,confusion_matrix,TP,FP,FN,TN
16,78,0.7390579581260681,awake,0.8127112864005693,0.8675204008838933,0.9085674195693967,0.8875695931001027,0.32891529548440845,0.6513595005147561,[[ 9907 15228][ 10035 99718]],9907,15228,10035,99718
16,78,0.7390579581260681,asleep,0.8127112864005693,0.4967906930097282,0.39415158146011536,0.4395589768618142,0.32891529548440845,0.651359500514756,[[ 99718 10035][ 15228 9907]],99718,10035,15228,9907
16,78,0.7390579581260681,avg,0.8127112864005693,0.6821555469468108,0.651359500514756,0.6635642849809584,0.32891529548440845,0.6513595005147561,,,,,
