client,round,loss,class,accuracy,precision,recall,f1_score,cohen_kappa_score,roc_auc_score,confusion_matrix,TP,FP,FN,TN
12,75,0.8888064026832581,awake,0.805868572445288,0.8249282620360362,0.9665339444024309,0.8901345103337166,0.09964186380804019,0.5354253171385539,[[ 2622 22513][ 3673 106080]],2622,22513,3673,106080
12,75,0.8888064026832581,asleep,0.805868572445288,0.41652104845115173,0.10431668987467675,0.16684696150174994,0.09964186380804019,0.5354253171385539,[[ 106080 3673][ 22513 2622]],106080,3673,22513,2622
12,75,0.8888064026832581,avg,0.805868572445288,0.620724655243594,0.5354253171385538,0.5284907359177333,0.09964186380804019,0.5354253171385539,,,,,
