client,round,loss,class,accuracy,precision,recall,f1_score,cohen_kappa_score,roc_auc_score,confusion_matrix,TP,FP,FN,TN
6,113,0.8762375712394714,awake,0.6633874028823913,0.8357543881618767,0.7297021493717711,0.7791360012452633,0.08530304399899213,0.551761757001382,[[ 9396 15739][ 29666 80087]],9396,15739,29666,80087
6,113,0.8762375712394714,asleep,0.6633874028823913,0.2405406789206902,0.37382136463099264,0.2927239590635077,0.08530304399899213,0.5517617570013819,[[ 80087 29666][ 15739 9396]],80087,29666,15739,9396
6,113,0.8762375712394714,avg,0.6633874028823913,0.5381475335412835,0.5517617570013819,0.5359299801543855,0.08530304399899213,0.551761757001382,,,,,
