client,round,loss,class,accuracy,precision,recall,f1_score,cohen_kappa_score,roc_auc_score,confusion_matrix,TP,FP,FN,TN
17,22,0.5273178815841675,awake,0.812978174485499,0.8288284082598073,0.970597614643791,0.8941283117689766,0.13386702490162972,0.5476620458339305,[[ 3135 22000][ 3227 106526]],3135,22000,3227,106526
17,22,0.5273178815841675,asleep,0.812978174485499,0.49276956931782456,0.12472647702407003,0.19906657776931136,0.13386702490162972,0.5476620458339304,[[ 106526 3227][ 22000 3135]],106526,3227,22000,3135
17,22,0.5273178815841675,avg,0.812978174485499,0.6607989887888159,0.5476620458339305,0.546597444769144,0.13386702490162972,0.5476620458339305,,,,,
