client,round,loss,class,accuracy,precision,recall,f1_score,cohen_kappa_score,roc_auc_score,confusion_matrix,TP,FP,FN,TN
1,51,0.6326470971107483,awake,0.7395913646877409,0.8639240814973033,0.807075888586189,0.8345329841156186,0.22686506500826764,0.6259966671894541,[[ 11183 13952][ 21174 88579]],11183,13952,21174,88579
1,51,0.6326470971107483,asleep,0.7395913646877409,0.345613004913929,0.4449174457927193,0.38902803868364294,0.22686506500826764,0.6259966671894542,[[ 88579 21174][ 13952 11183]],88579,21174,13952,11183
1,51,0.6326470971107483,avg,0.7395913646877409,0.6047685432056161,0.6259966671894541,0.6117805113996307,0.22686506500826764,0.6259966671894541,,,,,
