client,round,loss,class,accuracy,precision,recall,f1_score,cohen_kappa_score,roc_auc_score,confusion_matrix,TP,FP,FN,TN
0,149,0.6867014169692993,awake,0.8165589229583061,0.9003701854695139,0.8709192459431633,0.8853998777302284,0.4266220301147011,0.7250558035962087,[[ 14558 10577][ 14167 95586]],14558,10577,14167,95586
0,149,0.6867014169692993,asleep,0.8165589229583061,0.5068059181897302,0.579192361249254,0.5405867062755292,0.4266220301147011,0.7250558035962087,[[ 95586 14167][ 10577 14558]],95586,14167,10577,14558
0,149,0.6867014169692993,avg,0.8165589229583061,0.703588051829622,0.7250558035962087,0.7129932920028788,0.4266220301147011,0.7250558035962087,,,,,
