client,round,loss,class,accuracy,precision,recall,f1_score,cohen_kappa_score,roc_auc_score,confusion_matrix,TP,FP,FN,TN
7,82,0.6711588501930237,awake,0.8295771306565447,0.8640662632908418,0.9381338095541808,0.8995780074613174,0.3432162998125463,0.6468468928415423,[[ 8937 16198][ 6790 102963]],8937,16198,6790,102963
7,82,0.6711588501930237,asleep,0.8295771306565447,0.5682584091053602,0.35555997612890394,0.4374235230776761,0.3432162998125463,0.6468468928415424,[[ 102963 6790][ 16198 8937]],102963,6790,16198,8937
7,82,0.6711588501930237,avg,0.8295771306565447,0.716162336198101,0.6468468928415424,0.6685007652694968,0.3432162998125463,0.6468468928415423,,,,,
