client,round,loss,class,accuracy,precision,recall,f1_score,cohen_kappa_score,roc_auc_score,confusion_matrix,TP,FP,FN,TN
8,126,0.8225384950637817,awake,0.7966905877468715,0.8664897926478575,0.8867639153371661,0.8765096319244937,0.3020416076003437,0.6450728269743321,[[ 10139 14996][ 12428 97325]],10139,14996,12428,97325
8,126,0.8225384950637817,asleep,0.7966905877468715,0.44928435325918376,0.4033817386114979,0.4250974801895099,0.3020416076003437,0.645072826974332,[[ 97325 12428][ 14996 10139]],97325,12428,14996,10139
8,126,0.8225384950637817,avg,0.7966905877468715,0.6578870729535207,0.645072826974332,0.6508035560570018,0.3020416076003437,0.645072826974332,,,,,
