client,round,loss,class,accuracy,precision,recall,f1_score,cohen_kappa_score,roc_auc_score,confusion_matrix,TP,FP,FN,TN
12,40,0.8209050297737122,awake,0.8188645394697823,0.8235691206140684,0.9893214764061119,0.8988679401477679,0.09660710075035517,0.5319394332498035,[[ 1874 23261][ 1172 108581]],1874,23261,1172,108581
12,40,0.8209050297737122,asleep,0.8188645394697823,0.6152330925804333,0.07455739009349513,0.13299740960221426,0.09660710075035517,0.5319394332498035,[[ 108581 1172][ 23261 1874]],108581,1172,23261,1874
12,40,0.8209050297737122,avg,0.8188645394697823,0.7194011065972509,0.5319394332498035,0.5159326748749911,0.09660710075035517,0.5319394332498035,,,,,
