client,round,loss,class,accuracy,precision,recall,f1_score,cohen_kappa_score,roc_auc_score,confusion_matrix,TP,FP,FN,TN
2,84,0.5908787846565247,awake,0.8369832750133444,0.8748419721871049,0.9331498911191494,0.9030557135362246,0.39447346356696333,0.67510886240859,[[ 10483 14652][ 7337 102416]],10483,14652,7337,102416
2,84,0.5908787846565247,asleep,0.8369832750133444,0.5882716049382716,0.41706783369803063,0.4880921895006402,0.39447346356696333,0.67510886240859,[[ 102416 7337][ 14652 10483]],102416,7337,14652,10483
2,84,0.5908787846565247,avg,0.8369832750133444,0.7315567885626882,0.67510886240859,0.6955739515184324,0.39447346356696333,0.67510886240859,,,,,
