client,round,loss,class,accuracy,precision,recall,f1_score,cohen_kappa_score,roc_auc_score,confusion_matrix,TP,FP,FN,TN
2,156,0.7797586917877197,awake,0.8360565802740051,0.870550928079151,0.937988027662114,0.9030121750114031,0.3782827001463944,0.6644783981557039,[[ 9827 15308][ 6806 102947]],9827,15308,6806,102947
2,156,0.7797586917877197,asleep,0.8360565802740051,0.5908134431551735,0.3909687686492938,0.47055161846389587,0.3782827001463944,0.6644783981557039,[[ 102947 6806][ 15308 9827]],102947,6806,15308,9827
2,156,0.7797586917877197,avg,0.8360565802740051,0.7306821856171622,0.6644783981557039,0.6867818967376494,0.3782827001463944,0.6644783981557039,,,,,
