client,round,loss,class,accuracy,precision,recall,f1_score,cohen_kappa_score,roc_auc_score,confusion_matrix,TP,FP,FN,TN
17,20,0.4929165244102478,awake,0.8135119506553585,0.8368988642337162,0.9573861306752435,0.8930971029336143,0.1882972572868411,0.5713328107125969,[[ 4657 20478][ 4677 105076]],4657,20478,4677,105076
17,20,0.4929165244102478,asleep,0.8135119506553585,0.4989286479537176,0.18527949074995026,0.27021381531230965,0.1882972572868411,0.5713328107125968,[[ 105076 4677][ 20478 4657]],105076,4677,20478,4657
17,20,0.4929165244102478,avg,0.8135119506553585,0.667913756093717,0.5713328107125969,0.581655459122962,0.1882972572868411,0.5713328107125968,,,,,
