client,round,loss,class,accuracy,precision,recall,f1_score,cohen_kappa_score,roc_auc_score,confusion_matrix,TP,FP,FN,TN
13,81,0.5946356654167175,awake,0.8262855109424114,0.9038182651734171,0.8801672847211466,0.8918359998892141,0.45129729167734456,0.7355879192652879,[[ 14855 10280][ 13152 96601]],14855,10280,13152,96601
13,81,0.5946356654167175,asleep,0.8262855109424114,0.5304031135073375,0.5910085538094291,0.5590681570132853,0.45129729167734456,0.7355879192652878,[[ 96601 13152][ 10280 14855]],96601,13152,10280,14855
13,81,0.5946356654167175,avg,0.8262855109424114,0.7171106893403774,0.7355879192652879,0.7254520784512497,0.45129729167734456,0.7355879192652879,,,,,
