client,round,loss,class,accuracy,precision,recall,f1_score,cohen_kappa_score,roc_auc_score,confusion_matrix,TP,FP,FN,TN
6,112,0.829484224319458,awake,0.6731807128877291,0.8323027254602313,0.7493098138547466,0.7886288010279917,0.07712458160044022,0.5450348552066651,[[ 8565 16570][ 27514 82239]],8565,16570,27514,82239
6,112,0.829484224319458,asleep,0.6731807128877291,0.23739571495884032,0.34075989655858363,0.2798379455680073,0.07712458160044022,0.5450348552066651,[[ 82239 27514][ 16570 8565]],82239,27514,16570,8565
6,112,0.829484224319458,avg,0.6731807128877291,0.5348492202095358,0.5450348552066651,0.5342333732979995,0.07712458160044022,0.5450348552066651,,,,,
