client,round,loss,class,accuracy,precision,recall,f1_score,cohen_kappa_score,roc_auc_score,confusion_matrix,TP,FP,FN,TN
10,55,0.5840254426002502,awake,0.7848882035466461,0.9141165970804567,0.8119049137608995,0.8599843654998697,0.40297740740577837,0.7394117765542114,[[ 16763 8372][ 20644 89109]],16763,8372,20644,89109
10,55,0.5840254426002502,asleep,0.7848882035466461,0.44812468254604754,0.6669186393475234,0.5360557705222091,0.40297740740577837,0.7394117765542113,[[ 89109 20644][ 8372 16763]],89109,20644,8372,16763
10,55,0.5840254426002502,avg,0.7848882035466461,0.6811206398132521,0.7394117765542114,0.6980200680110393,0.40297740740577837,0.7394117765542114,,,,,
