client,round,loss,class,accuracy,precision,recall,f1_score,cohen_kappa_score,roc_auc_score,confusion_matrix,TP,FP,FN,TN
12,119,1.0683348178863525,awake,0.8180342209833343,0.8298953106609676,0.9765200040090021,0.8972569768561346,0.14591414422344517,0.5512598030787004,[[ 3167 21968][ 2577 107176]],3167,21968,2577,107176
12,119,1.0683348178863525,asleep,0.8180342209833343,0.5513579387186629,0.12599960214839864,0.20512322290229604,0.14591414422344517,0.5512598030787004,[[ 107176 2577][ 21968 3167]],107176,2577,21968,3167
12,119,1.0683348178863525,avg,0.8180342209833343,0.6906266246898152,0.5512598030787004,0.5511900998792153,0.14591414422344517,0.5512598030787004,,,,,
