client,round,loss,class,accuracy,precision,recall,f1_score,cohen_kappa_score,roc_auc_score,confusion_matrix,TP,FP,FN,TN
11,100,0.6475628614425659,awake,0.8299403949943657,0.864274924471299,0.9383524823922809,0.8997916238920463,0.34462801129855214,0.6474535437622833,[[ 8962 16173][ 6766 102987]],8962,16173,6766,102987
11,100,0.6475628614425659,asleep,0.8299403949943657,0.5698118006103764,0.35655460513228565,0.4386364192545824,0.34462801129855214,0.6474535437622833,[[ 102987 6766][ 16173 8962]],102987,6766,16173,8962
11,100,0.6475628614425659,avg,0.8299403949943657,0.7170433625408377,0.6474535437622833,0.6692140215733143,0.34462801129855214,0.6474535437622833,,,,,
