client,round,loss,class,accuracy,precision,recall,f1_score,cohen_kappa_score,roc_auc_score,confusion_matrix,TP,FP,FN,TN
6,83,0.7725306749343872,awake,0.6742853330170215,0.8669848562571091,0.7083724362887575,0.7796938228023287,0.17876457783003707,0.6169075230976311,[[ 13207 11928][ 32007 77746]],13207,11928,32007,77746
6,83,0.7725306749343872,asleep,0.6742853330170215,0.2920997920997921,0.5254426099065048,0.37547086667898616,0.17876457783003707,0.6169075230976311,[[ 77746 32007][ 11928 13207]],77746,32007,11928,13207
6,83,0.7725306749343872,avg,0.6742853330170215,0.5795423241784505,0.6169075230976311,0.5775823447406574,0.17876457783003707,0.6169075230976311,,,,,
