client,round,loss,class,accuracy,precision,recall,f1_score,cohen_kappa_score,roc_auc_score,confusion_matrix,TP,FP,FN,TN
0,123,0.6459495425224304,awake,0.8264115414269616,0.8743929091792132,0.918617258753747,0.895959690211813,0.3742725161060073,0.6712043922573191,[[ 10652 14483][ 8932 100821]],10652,14483,8932,100821
0,123,0.6459495425224304,asleep,0.8264115414269616,0.5439133986928104,0.4237915257608912,0.476397057179275,0.3742725161060073,0.6712043922573192,[[ 100821 8932][ 14483 10652]],100821,8932,14483,10652
0,123,0.6459495425224304,avg,0.8264115414269616,0.7091531539360119,0.6712043922573191,0.686178373695544,0.3742725161060073,0.6712043922573192,,,,,
