client,round,loss,class,accuracy,precision,recall,f1_score,cohen_kappa_score,roc_auc_score,confusion_matrix,TP,FP,FN,TN
5,64,0.6687390804290771,awake,0.792212798766384,0.8305893774523684,0.9354186218144379,0.8798926970577396,0.1299180211894565,0.5511586842909468,[[ 4195 20940][ 7088 102665]],4195,20940,7088,102665
5,64,0.6687390804290771,asleep,0.792212798766384,0.37179828059913145,0.16689874676745575,0.23038058103135814,0.1299180211894565,0.5511586842909468,[[ 102665 7088][ 20940 4195]],102665,7088,20940,4195
5,64,0.6687390804290771,avg,0.792212798766384,0.6011938290257499,0.5511586842909468,0.5551366390445489,0.1299180211894565,0.5511586842909468,,,,,
