client,round,loss,class,accuracy,precision,recall,f1_score,cohen_kappa_score,roc_auc_score,confusion_matrix,TP,FP,FN,TN
13,40,0.5631777048110962,awake,0.8177376786667457,0.9067783657795694,0.8649148542636648,0.8853520115277538,0.4422809188577649,0.7383257382517847,[[ 15376 9759][ 14826 94927]],15376,9759,14826,94927
13,40,0.5631777048110962,asleep,0.8177376786667457,0.5091053572611085,0.6117366222399045,0.5557222111787772,0.4422809188577649,0.7383257382517847,[[ 94927 14826][ 9759 15376]],94927,14826,9759,15376
13,40,0.5631777048110962,avg,0.8177376786667457,0.707941861520339,0.7383257382517847,0.7205371113532655,0.4422809188577649,0.7383257382517847,,,,,
