client,round,loss,class,accuracy,precision,recall,f1_score,cohen_kappa_score,roc_auc_score,confusion_matrix,TP,FP,FN,TN
4,2,0.49288737773895264,awake,0.8008644208528557,0.84029590948651,0.9324847612365949,0.8839933145322547,0.19455179587209726,0.5793118057227336,[[ 5684 19451][ 7410 102343]],5684,19451,7410,102343
4,2,0.49288737773895264,asleep,0.8008644208528557,0.43409195051168475,0.2261388502088721,0.29736587407465537,0.19455179587209726,0.5793118057227336,[[ 102343 7410][ 19451 5684]],102343,7410,19451,5684
4,2,0.49288737773895264,avg,0.8008644208528557,0.6371939299990974,0.5793118057227334,0.5906795943034551,0.19455179587209726,0.5793118057227336,,,,,
