client,round,loss,class,accuracy,precision,recall,f1_score,cohen_kappa_score,roc_auc_score,confusion_matrix,TP,FP,FN,TN
18,69,0.6541972160339355,awake,0.8312155269556966,0.8484680960164087,0.964884786748426,0.9029394837251936,0.2762243679647365,0.6062140265550365,[[ 6222 18913][ 3854 105899]],6222,18913,3854,105899
18,69,0.6541972160339355,asleep,0.8312155269556966,0.6175069472012703,0.2475432663616471,0.3534122859333731,0.2762243679647365,0.6062140265550365,[[ 105899 3854][ 18913 6222]],105899,3854,18913,6222
18,69,0.6541972160339355,avg,0.8312155269556966,0.7329875216088395,0.6062140265550365,0.6281758848292833,0.2762243679647365,0.6062140265550365,,,,,
