client,round,loss,class,accuracy,precision,recall,f1_score,cohen_kappa_score,roc_auc_score,confusion_matrix,TP,FP,FN,TN
15,88,0.8938573598861694,awake,0.5263996797342981,0.7938425664941321,0.5645494883966725,0.659843987114294,-0.05089071520521715,0.4621832383300251,[[ 9044 16091][ 47792 61961]],9044,16091,47792,61961
15,88,0.8938573598861694,asleep,0.5263996797342981,0.15912449855725244,0.35981698826337777,0.22066340535067278,-0.05089071520521715,0.4621832383300251,[[ 61961 47792][ 16091 9044]],61961,47792,16091,9044
15,88,0.8938573598861694,avg,0.5263996797342981,0.47648353252569225,0.46218323833002517,0.4402536962324834,-0.05089071520521715,0.4621832383300251,,,,,
