client,round,loss,class,accuracy,precision,recall,f1_score,cohen_kappa_score,roc_auc_score,confusion_matrix,TP,FP,FN,TN
11,27,0.47770777344703674,awake,0.833565624814661,0.8667915871908847,0.9398923036272357,0.9018630716640001,0.3603299969954621,0.6545890800014038,[[ 9282 15853][ 6597 103156]],9282,15853,6597,103156
11,27,0.47770777344703674,asleep,0.833565624814661,0.5845456262988853,0.36928585637557193,0.45262593260837763,0.3603299969954621,0.6545890800014038,[[ 103156 6597][ 15853 9282]],103156,6597,15853,9282
11,27,0.47770777344703674,avg,0.833565624814661,0.725668606744885,0.6545890800014038,0.6772445021361889,0.3603299969954621,0.6545890800014038,,,,,
