client,round,loss,class,accuracy,precision,recall,f1_score,cohen_kappa_score,roc_auc_score,confusion_matrix,TP,FP,FN,TN
14,82,0.6316356658935547,awake,0.8215927287823972,0.8551215954113688,0.9399925286780316,0.8955507619390709,0.29364555234337886,0.6222938573368276,[[ 7656 17479][ 6586 103167]],7656,17479,6586,103167
14,82,0.6316356658935547,asleep,0.8215927287823972,0.5375649487431541,0.30459518599562363,0.38885643903801714,0.29364555234337886,0.6222938573368276,[[ 103167 6586][ 17479 7656]],103167,6586,17479,7656
14,82,0.6316356658935547,avg,0.8215927287823972,0.6963432720772614,0.6222938573368276,0.6422036004885441,0.29364555234337886,0.6222938573368276,,,,,
