client,round,loss,class,accuracy,precision,recall,f1_score,cohen_kappa_score,roc_auc_score,confusion_matrix,TP,FP,FN,TN
1,13,0.603266716003418,awake,0.7363145720894372,0.8881877073456615,0.7732727123632156,0.8267561590991008,0.28593583400607525,0.6741040307389978,[[ 14451 10684][ 24884 84869]],14451,10684,24884,84869
1,13,0.603266716003418,asleep,0.7363145720894372,0.36738273801957544,0.5749353491147802,0.44830153559795255,0.28593583400607525,0.6741040307389979,[[ 84869 24884][ 10684 14451]],84869,24884,10684,14451
1,13,0.603266716003418,avg,0.7363145720894372,0.6277852226826185,0.6741040307389978,0.6375288473485267,0.28593583400607525,0.6741040307389978,,,,,
