client,round,loss,class,accuracy,precision,recall,f1_score,cohen_kappa_score,roc_auc_score,confusion_matrix,TP,FP,FN,TN
5,42,0.6177177429199219,awake,0.7818634719174427,0.8502707840965579,0.8883401820451378,0.8688886908475181,0.22199990283664206,0.6026343838413475,[[ 7966 17169][ 12255 97498]],7966,17169,12255,97498
5,42,0.6177177429199219,asleep,0.7818634719174427,0.39394688689975765,0.3169285856375572,0.35126554369873886,0.22199990283664206,0.6026343838413475,[[ 97498 12255][ 17169 7966]],97498,12255,17169,7966
5,42,0.6177177429199219,avg,0.7818634719174427,0.6221088354981578,0.6026343838413475,0.6100771172731285,0.22199990283664206,0.6026343838413475,,,,,
