client,round,loss,class,accuracy,precision,recall,f1_score,cohen_kappa_score,roc_auc_score,confusion_matrix,TP,FP,FN,TN
3,95,0.7800499796867371,awake,0.8236314572089437,0.8613257114034719,0.9335416799540787,0.8959809014114066,0.322802887458444,0.6386228391813361,[[ 8639 16496][ 7294 102459]],8639,16496,7294,102459
3,95,0.7800499796867371,asleep,0.8236314572089437,0.5422079959831796,0.3437039984085936,0.4207168598422129,0.322802887458444,0.6386228391813362,[[ 102459 7294][ 16496 8639]],102459,7294,16496,8639
3,95,0.7800499796867371,avg,0.8236314572089437,0.7017668536933257,0.6386228391813361,0.6583488806268097,0.322802887458444,0.6386228391813362,,,,,
