client,round,loss,class,accuracy,precision,recall,f1_score,cohen_kappa_score,roc_auc_score,confusion_matrix,TP,FP,FN,TN
9,135,0.7876015305519104,awake,0.8345071466698298,0.8734409704425081,0.9315918471476862,0.901579715448409,0.38536081394700505,0.6710873498718339,[[ 10320 14815][ 7508 102245]],10320,14815,7508,102245
9,135,0.7876015305519104,asleep,0.8345071466698298,0.5788647072021539,0.4105828525959817,0.4804133789539836,0.38536081394700505,0.6710873498718339,[[ 102245 7508][ 14815 10320]],102245,7508,14815,10320
9,135,0.7876015305519104,avg,0.8345071466698298,0.7261528388223311,0.6710873498718339,0.6909965472011963,0.38536081394700505,0.6710873498718339,,,,,
