client,round,loss,class,accuracy,precision,recall,f1_score,cohen_kappa_score,roc_auc_score,confusion_matrix,TP,FP,FN,TN
0,113,0.5905947089195251,awake,0.8300293576893423,0.8702727598382888,0.9296875711825645,0.8989995550641192,0.36669572390083616,0.6622776427625574,[[ 9925 15210][ 7717 102036]],9925,15210,7717,102036
0,113,0.5905947089195251,asleep,0.8300293576893423,0.5625779390091826,0.39486771434255025,0.46403441101526527,0.36669572390083616,0.6622776427625574,[[ 102036 7717][ 15210 9925]],102036,7717,15210,9925
0,113,0.5905947089195251,avg,0.8300293576893423,0.7164253494237357,0.6622776427625574,0.6815169830396922,0.36669572390083616,0.6622776427625574,,,,,
