client,round,loss,class,accuracy,precision,recall,f1_score,cohen_kappa_score,roc_auc_score,confusion_matrix,TP,FP,FN,TN
15,24,0.7776251435279846,awake,0.5197941996322876,0.7862825718904745,0.5627909943236176,0.6560246402209123,-0.07112994893544333,0.44741897040628853,[[ 8346 16789][ 47985 61768]],8346,16789,47985,61768
15,24,0.7776251435279846,asleep,0.5197941996322876,0.148159982957874,0.3320469464889596,0.20489529374217463,-0.07112994893544333,0.44741897040628864,[[ 61768 47985][ 16789 8346]],61768,47985,16789,8346
15,24,0.7776251435279846,avg,0.5197941996322876,0.46722127742417424,0.4474189704062886,0.4304599669815435,-0.07112994893544333,0.4474189704062886,,,,,
