client,round,loss,class,accuracy,precision,recall,f1_score,cohen_kappa_score,roc_auc_score,confusion_matrix,TP,FP,FN,TN
7,118,0.7128326296806335,awake,0.8285392325484847,0.8588293774077296,0.9445299900686086,0.8996433189561656,0.32041003356041464,0.6332954306818077,[[ 8095 17040][ 6088 103665]],8095,17040,6088,103665
7,118,0.7128326296806335,asleep,0.8285392325484847,0.5707537192413453,0.322060871295007,0.411770690269088,0.32041003356041464,0.6332954306818078,[[ 103665 6088][ 17040 8095]],103665,6088,17040,8095
7,118,0.7128326296806335,avg,0.8285392325484847,0.7147915483245375,0.6332954306818078,0.6557070046126268,0.32041003356041464,0.6332954306818077,,,,,
