client,round,loss,class,accuracy,precision,recall,f1_score,cohen_kappa_score,roc_auc_score,confusion_matrix,TP,FP,FN,TN
14,122,0.579850435256958,awake,0.826841527786015,0.8569846621710961,0.944867110694013,0.8987827232504626,0.3098263515390406,0.628172564696519,[[ 7829 17306][ 6051 103702]],7829,17306,6051,103702
14,122,0.579850435256958,asleep,0.826841527786015,0.5640489913544668,0.31147801869902525,0.40133282070998333,0.3098263515390406,0.628172564696519,[[ 103702 6051][ 17306 7829]],103702,6051,17306,7829
14,122,0.579850435256958,avg,0.826841527786015,0.7105168267627815,0.628172564696519,0.650057771980223,0.3098263515390406,0.628172564696519,,,,,
