client,round,loss,class,accuracy,precision,recall,f1_score,cohen_kappa_score,roc_auc_score,confusion_matrix,TP,FP,FN,TN
12,16,0.795129656791687,awake,0.8150243164699602,0.8195734097075671,0.9907792953267792,0.8970808429545483,0.059167278658799005,0.5191811734242808,[[ 1196 23939][ 1012 108741]],1196,23939,1012,108741
12,16,0.795129656791687,asleep,0.8150243164699602,0.5416666666666666,0.047583051521782375,0.08748125662875325,0.059167278658799005,0.5191811734242808,[[ 108741 1012][ 23939 1196]],108741,1012,23939,1196
12,16,0.795129656791687,avg,0.8150243164699602,0.6806200381871168,0.5191811734242808,0.49228104979165077,0.059167278658799005,0.5191811734242808,,,,,
