client,round,loss,class,accuracy,precision,recall,f1_score,cohen_kappa_score,roc_auc_score,confusion_matrix,TP,FP,FN,TN
1,131,0.8517130017280579,awake,0.6417917086768282,0.8503963953687332,0.6792525033484278,0.7552502811293802,0.11762374771880735,0.5787350640871838,[[ 12020 13115][ 35203 74550]],12020,13115,35203,74550
1,131,0.8517130017280579,asleep,0.6417917086768282,0.25453698409673253,0.47821762482593994,0.3322369330274469,0.11762374771880735,0.5787350640871838,[[ 74550 35203][ 13115 12020]],74550,35203,13115,12020
1,131,0.8517130017280579,avg,0.6417917086768282,0.5524666897327328,0.5787350640871839,0.5437436070784135,0.11762374771880735,0.5787350640871838,,,,,
