client,round,loss,class,accuracy,precision,recall,f1_score,cohen_kappa_score,roc_auc_score,confusion_matrix,TP,FP,FN,TN
10,101,0.6732679605484009,awake,0.7794763062689045,0.9187576547435857,0.7996865689320565,0.8550968911058933,0.4029989179965333,0.7454569705611147,[[ 17374 7761][ 21985 87768]],17374,7761,21985,87768
10,101,0.6732679605484009,asleep,0.7794763062689045,0.4414238166620087,0.691227372190173,0.5387788011287872,0.4029989179965333,0.7454569705611147,[[ 87768 21985][ 7761 17374]],87768,21985,7761,17374
10,101,0.6732679605484009,avg,0.7794763062689045,0.6800907357027972,0.7454569705611147,0.6969378461173402,0.4029989179965333,0.7454569705611147,,,,,
