client,round,loss,class,accuracy,precision,recall,f1_score,cohen_kappa_score,roc_auc_score,confusion_matrix,TP,FP,FN,TN
17,33,0.577034592628479,awake,0.8068026807425419,0.8276040239558461,0.9631991836214044,0.890268139863909,0.1202550908228659,0.5435450861413169,[[ 3114 22021][ 4039 105714]],3114,22021,4039,105714
17,33,0.577034592628479,asleep,0.8068026807425419,0.435341814623235,0.12389098866122936,0.19288899900891973,0.1202550908228659,0.5435450861413169,[[ 105714 4039][ 22021 3114]],105714,4039,22021,3114
17,33,0.577034592628479,avg,0.8068026807425419,0.6314729192895405,0.5435450861413169,0.5415785694364144,0.1202550908228659,0.5435450861413169,,,,,
