client,round,loss,class,accuracy,precision,recall,f1_score,cohen_kappa_score,roc_auc_score,confusion_matrix,TP,FP,FN,TN
18,87,0.6746225357055664,awake,0.8235647351877113,0.8357368289481908,0.9747432871994387,0.899903684792712,0.19191101951705092,0.569090362517563,[[ 4108 21027][ 2772 106981]],4108,21027,2772,106981
18,87,0.6746225357055664,asleep,0.8235647351877113,0.5970930232558139,0.1634374378356873,0.2566297048258629,0.19191101951705092,0.569090362517563,[[ 106981 2772][ 21027 4108]],106981,2772,21027,4108
18,87,0.6746225357055664,avg,0.8235647351877113,0.7164149261020023,0.569090362517563,0.5782666948092874,0.19191101951705092,0.569090362517563,,,,,
