client,round,loss,class,accuracy,precision,recall,f1_score,cohen_kappa_score,roc_auc_score,confusion_matrix,TP,FP,FN,TN
17,58,0.5760376453399658,awake,0.8070769823853864,0.8318983969937688,0.9560923163831513,0.8896820989355253,0.15024313565757297,0.5562438904374479,[[ 3931 21204][ 4819 104934]],3931,21204,4819,104934
17,58,0.5760376453399658,asleep,0.8070769823853864,0.44925714285714285,0.15639546449174457,0.23202006787664156,0.15024313565757297,0.5562438904374479,[[ 104934 4819][ 21204 3931]],104934,4819,21204,3931
17,58,0.5760376453399658,avg,0.8070769823853864,0.6405777699254558,0.5562438904374479,0.5608510834060835,0.15024313565757297,0.5562438904374479,,,,,
