client,round,loss,class,accuracy,precision,recall,f1_score,cohen_kappa_score,roc_auc_score,confusion_matrix,TP,FP,FN,TN
18,118,0.7701795697212219,awake,0.8242171282842061,0.8391860355104229,0.9698049256056782,0.8997797868878098,0.2145082056941231,0.5791535071632927,[[ 4738 20397][ 3314 106439]],4738,20397,3314,106439
18,118,0.7701795697212219,asleep,0.8242171282842061,0.5884252359662195,0.1885020887209071,0.28553349203001177,0.2145082056941231,0.5791535071632926,[[ 106439 3314][ 20397 4738]],106439,3314,20397,4738
18,118,0.7701795697212219,avg,0.8242171282842061,0.7138056357383212,0.5791535071632926,0.5926566394589108,0.2145082056941231,0.5791535071632927,,,,,
