client,round,loss,class,accuracy,precision,recall,f1_score,cohen_kappa_score,roc_auc_score,confusion_matrix,TP,FP,FN,TN
0,73,0.5636602640151978,awake,0.82645602277445,0.8952466400556633,0.8909642561023389,0.8931003146391696,0.43226193675447633,0.7178712269172924,[[ 13693 11442][ 11967 97786]],13693,11442,11967,97786
0,73,0.5636602640151978,asleep,0.82645602277445,0.5336321122369446,0.5447781977322459,0.5391475538930997,0.43226193675447633,0.7178712269172924,[[ 97786 11967][ 11442 13693]],97786,11967,11442,13693
0,73,0.5636602640151978,avg,0.82645602277445,0.7144393761463039,0.7178712269172924,0.7161239342661346,0.43226193675447633,0.7178712269172924,,,,,
