client,round,loss,class,accuracy,precision,recall,f1_score,cohen_kappa_score,roc_auc_score,confusion_matrix,TP,FP,FN,TN
8,79,0.6443377137184143,awake,0.8061502876460471,0.8596935043926448,0.9103259136424516,0.8842855246271629,0.29037633290827747,0.6307945462383733,[[ 8829 16306][ 9842 99911]],8829,16306,9842,99911
8,79,0.6443377137184143,asleep,0.8061502876460471,0.4728723689143592,0.3512631788342948,0.40309546637446925,0.29037633290827747,0.6307945462383734,[[ 99911 9842][ 16306 8829]],99911,9842,16306,8829
8,79,0.6443377137184143,avg,0.8061502876460471,0.666282936653502,0.6307945462383733,0.643690495500816,0.29037633290827747,0.6307945462383733,,,,,
