client,round,loss,class,accuracy,precision,recall,f1_score,cohen_kappa_score,roc_auc_score,confusion_matrix,TP,FP,FN,TN
18,90,0.6794089674949646,awake,0.8240614435679972,0.8366797391760405,0.9738685958470383,0.9000766309336343,0.19860713644026262,0.5718955073923873,[[ 4271 20864][ 2868 106885]],4271,20864,2868,106885
18,90,0.6794089674949646,asleep,0.8240614435679972,0.5982630620535089,0.1699224189377362,0.26467125240131373,0.19860713644026262,0.5718955073923873,[[ 106885 2868][ 20864 4271]],106885,2868,20864,4271
18,90,0.6794089674949646,avg,0.8240614435679972,0.7174714006147747,0.5718955073923873,0.582373941667474,0.19860713644026262,0.5718955073923873,,,,,
