client,round,loss,class,accuracy,precision,recall,f1_score,cohen_kappa_score,roc_auc_score,confusion_matrix,TP,FP,FN,TN
2,43,0.4798521101474762,awake,0.8362048514322994,0.8851754532432267,0.9177425674013466,0.9011648713452386,0.4241792496568877,0.6989548325369574,[[ 12069 13066][ 9028 100725]],12069,13066,9028,100725
2,43,0.4798521101474762,asleep,0.8362048514322994,0.5720718585580888,0.48016709767256815,0.5221059006748573,0.4241792496568877,0.6989548325369573,[[ 100725 9028][ 13066 12069]],100725,9028,13066,12069
2,43,0.4798521101474762,avg,0.8362048514322994,0.7286236559006578,0.6989548325369574,0.7116353860100479,0.4241792496568877,0.6989548325369574,,,,,
