client,round,loss,class,accuracy,precision,recall,f1_score,cohen_kappa_score,roc_auc_score,confusion_matrix,TP,FP,FN,TN
14,112,0.5535269975662231,awake,0.8235647351877113,0.8580163609403375,0.9384527074430767,0.896433777932505,0.3091366028008331,0.6301772190487713,[[ 8091 17044][ 6755 102998]],8091,17044,6755,102998
14,112,0.5535269975662231,asleep,0.8235647351877113,0.5449952849252324,0.32190173065446587,0.40474225256997076,0.3091366028008331,0.6301772190487713,[[ 102998 6755][ 17044 8091]],102998,6755,17044,8091
14,112,0.5535269975662231,avg,0.8235647351877113,0.701505822932785,0.6301772190487713,0.6505880152512379,0.3091366028008331,0.6301772190487713,,,,,
