client,round,loss,class,accuracy,precision,recall,f1_score,cohen_kappa_score,roc_auc_score,confusion_matrix,TP,FP,FN,TN
3,65,0.6574242115020752,awake,0.8255738093825989,0.8580088521295766,0.9414230134939364,0.8977825663839843,0.3122316006106308,0.6305682801704813,[[ 8036 17099][ 6429 103324]],8036,17099,6429,103324
3,65,0.6574242115020752,asleep,0.8255738093825989,0.5555478741790529,0.3197135468470261,0.40585858585858586,0.3122316006106308,0.6305682801704812,[[ 103324 6429][ 17099 8036]],103324,6429,17099,8036
3,65,0.6574242115020752,avg,0.8255738093825989,0.7067783631543147,0.6305682801704813,0.6518205761212851,0.3122316006106308,0.6305682801704813,,,,,
