client,round,loss,class,accuracy,precision,recall,f1_score,cohen_kappa_score,roc_auc_score,confusion_matrix,TP,FP,FN,TN
0,131,0.6299490928649902,awake,0.8226602811221161,0.8717795450213975,0.916904321521963,0.8937727311079238,0.35935431459911793,0.6640220831799193,[[ 10334 14801][ 9120 100633]],10334,14801,9120,100633
0,131,0.6299490928649902,asleep,0.8226602811221161,0.5312018093965252,0.41113984483787547,0.4635223934154164,0.35935431459911793,0.6640220831799193,[[ 100633 9120][ 14801 10334]],100633,9120,14801,10334
0,131,0.6299490928649902,avg,0.8226602811221161,0.7014906772089613,0.6640220831799193,0.6786475622616701,0.35935431459911793,0.6640220831799193,,,,,
