client,round,loss,class,accuracy,precision,recall,f1_score,cohen_kappa_score,roc_auc_score,confusion_matrix,TP,FP,FN,TN
5,120,0.767788827419281,awake,0.7529209418183975,0.836191196783474,0.8659808843494028,0.8508253661331329,0.13320917759464113,0.5626104938954095,[[ 6516 18619][ 14709 95044]],6516,18619,14709,95044
5,120,0.767788827419281,asleep,0.7529209418183975,0.3069964664310954,0.25924010344141635,0.28110440034512507,0.13320917759464113,0.5626104938954096,[[ 95044 14709][ 18619 6516]],95044,14709,18619,6516
5,120,0.767788827419281,avg,0.7529209418183975,0.5715938316072847,0.5626104938954095,0.565964883239129,0.13320917759464113,0.5626104938954095,,,,,
