client,round,loss,class,accuracy,precision,recall,f1_score,cohen_kappa_score,roc_auc_score,confusion_matrix,TP,FP,FN,TN
14,20,0.45838484168052673,awake,0.8305705474171164,0.856854226040392,0.9505708272211238,0.9012828819489439,0.3151814721307802,0.6285776356117556,[[ 7706 17429][ 5425 104328]],7706,17429,5425,104328
14,20,0.45838484168052673,asleep,0.8305705474171164,0.5868555327088569,0.3065844440023871,0.4027596299587101,0.3151814721307802,0.6285776356117554,[[ 104328 5425][ 17429 7706]],104328,5425,17429,7706
14,20,0.45838484168052673,avg,0.8305705474171164,0.7218548793746244,0.6285776356117555,0.652021255953827,0.3151814721307802,0.6285776356117555,,,,,
