client,round,loss,class,accuracy,precision,recall,f1_score,cohen_kappa_score,roc_auc_score,confusion_matrix,TP,FP,FN,TN
8,108,0.8337287902832031,awake,0.804104145661586,0.8514301137849305,0.9197288456807559,0.8842626253777759,0.2531325139519466,0.6094765175290591,[[ 7521 17614][ 8810 100943]],7521,17614,8810,100943
8,108,0.8337287902832031,asleep,0.804104145661586,0.460535178494887,0.2992241893773622,0.36275502821588773,0.2531325139519466,0.609476517529059,[[ 100943 8810][ 17614 7521]],100943,8810,17614,7521
8,108,0.8337287902832031,avg,0.804104145661586,0.6559826461399088,0.6094765175290591,0.6235088267968318,0.2531325139519466,0.6094765175290591,,,,,
