client,round,loss,class,accuracy,precision,recall,f1_score,cohen_kappa_score,roc_auc_score,confusion_matrix,TP,FP,FN,TN
11,96,0.6144042015075684,awake,0.8320754996738035,0.8667946839153065,0.9377237979827431,0.9008652571043428,0.35775977347719534,0.65424085264166,[[ 9319 15816][ 6835 102918]],9319,15816,6835,102918
11,96,0.6144042015075684,asleep,0.8320754996738035,0.57688498204779,0.3707579073005769,0.45140352151904867,0.35775977347719534,0.65424085264166,[[ 102918 6835][ 15816 9319]],102918,6835,15816,9319
11,96,0.6144042015075684,avg,0.8320754996738035,0.7218398329815483,0.65424085264166,0.6761343893116958,0.35775977347719534,0.65424085264166,,,,,
