client,round,loss,class,accuracy,precision,recall,f1_score,cohen_kappa_score,roc_auc_score,confusion_matrix,TP,FP,FN,TN
18,122,0.713316798210144,awake,0.8257739754462962,0.8502078867017475,0.9539420334751669,0.8990927319802317,0.2769423942254682,0.6100324848099925,[[ 6689 18446][ 5055 104698]],6689,18446,5055,104698
18,122,0.713316798210144,asleep,0.8257739754462962,0.5695674386920981,0.26612293614481797,0.36275387076656096,0.2769423942254682,0.6100324848099924,[[ 104698 5055][ 18446 6689]],104698,5055,18446,6689
18,122,0.713316798210144,avg,0.8257739754462962,0.7098876626969228,0.6100324848099925,0.6309233013733964,0.2769423942254682,0.6100324848099925,,,,,
