client,round,loss,class,accuracy,precision,recall,f1_score,cohen_kappa_score,roc_auc_score,confusion_matrix,TP,FP,FN,TN
11,129,0.6818784475326538,awake,0.8307039914595813,0.8643493716307419,0.9393547329002396,0.900292538095446,0.3461997542793752,0.6478154209557891,[[ 8955 16180][ 6656 103097]],8955,16180,6656,103097
11,129,0.6818784475326538,asleep,0.8307039914595813,0.5736339760425341,0.35627610901133877,0.4395523486968046,0.3461997542793752,0.6478154209557893,[[ 103097 6656][ 16180 8955]],103097,6656,16180,8955
11,129,0.6818784475326538,avg,0.8307039914595813,0.718991673836638,0.6478154209557891,0.6699224433961253,0.3461997542793752,0.6478154209557891,,,,,
