client,round,loss,class,accuracy,precision,recall,f1_score,cohen_kappa_score,roc_auc_score,confusion_matrix,TP,FP,FN,TN
16,23,0.576326847076416,awake,0.8160103196726173,0.8561484724213987,0.9301613623317814,0.891621614540119,0.2899137332114019,0.6238632552657515,[[ 7982 17153][ 7665 102088]],7982,17153,7665,102088
16,23,0.576326847076416,asleep,0.8160103196726173,0.5101297373298396,0.3175651481997215,0.39144720710117203,0.2899137332114019,0.6238632552657514,[[ 102088 7665][ 17153 7982]],102088,7665,17153,7982
16,23,0.576326847076416,avg,0.8160103196726173,0.6831391048756191,0.6238632552657515,0.6415344108206456,0.2899137332114019,0.6238632552657515,,,,,
