client,round,loss,class,accuracy,precision,recall,f1_score,cohen_kappa_score,roc_auc_score,confusion_matrix,TP,FP,FN,TN
5,106,0.7663654088973999,awake,0.75103789810806,0.8331802395261966,0.8677667125272203,0.8501218412760754,0.11729980586701605,0.5545517469538827,[[ 6066 19069][ 14513 95240]],6066,19069,14513,95240
5,106,0.7663654088973999,asleep,0.75103789810806,0.2947665095485689,0.24133678138054507,0.2653891586822417,0.11729980586701605,0.5545517469538827,[[ 95240 14513][ 19069 6066]],95240,14513,19069,6066
5,106,0.7663654088973999,avg,0.75103789810806,0.5639733745373827,0.5545517469538827,0.5577554999791585,0.11729980586701605,0.5545517469538827,,,,,
