client,round,loss,class,accuracy,precision,recall,f1_score,cohen_kappa_score,roc_auc_score,confusion_matrix,TP,FP,FN,TN
7,123,0.76460862159729,awake,0.8205400035585078,0.8458807737094062,0.9530946762275291,0.8962929006884673,0.2476701143245169,0.5974146546047134,[[ 6076 19059][ 5148 104605]],6076,19059,5148,104605
7,123,0.76460862159729,asleep,0.8205400035585078,0.5413399857448326,0.24173463298189776,0.33422261338320636,0.2476701143245169,0.5974146546047133,[[ 104605 5148][ 19059 6076]],104605,5148,19059,6076
7,123,0.76460862159729,avg,0.8205400035585078,0.6936103797271194,0.5974146546047134,0.6152577570358368,0.2476701143245169,0.5974146546047134,,,,,
