client,round,loss,class,accuracy,precision,recall,f1_score,cohen_kappa_score,roc_auc_score,confusion_matrix,TP,FP,FN,TN
0,6,0.4586199223995209,awake,0.811347191744262,0.8721199173714225,0.9001302925660346,0.8859037532899013,0.3423085381070138,0.66190123142326,[[ 10649 14486][ 10961 98792]],10649,14486,10961,98792
0,6,0.4586199223995209,asleep,0.811347191744262,0.4927811198519204,0.42367217028048537,0.4556209220237458,0.3423085381070138,0.66190123142326,[[ 98792 10961][ 14486 10649]],98792,10961,14486,10649
0,6,0.4586199223995209,avg,0.811347191744262,0.6824505186116714,0.66190123142326,0.6707623376568236,0.3423085381070138,0.66190123142326,,,,,
