client,round,loss,class,accuracy,precision,recall,f1_score,cohen_kappa_score,roc_auc_score,confusion_matrix,TP,FP,FN,TN
13,1,0.46035850048065186,awake,0.8071437044066189,0.826332977405049,0.9659963736754349,0.8907231911819068,0.11111582258635222,0.5397517177706794,[[ 2853 22282][ 3732 106021]],2853,22282,3732,106021
13,1,0.46035850048065186,asleep,0.8071437044066189,0.4332574031890661,0.113507061865924,0.17988650693568725,0.11111582258635222,0.5397517177706795,[[ 106021 3732][ 22282 2853]],106021,3732,22282,2853
13,1,0.46035850048065186,avg,0.8071437044066189,0.6297951902970575,0.5397517177706794,0.535304849058797,0.11111582258635222,0.5397517177706794,,,,,
