client,round,loss,class,accuracy,precision,recall,f1_score,cohen_kappa_score,roc_auc_score,confusion_matrix,TP,FP,FN,TN
9,40,0.5703543424606323,awake,0.8397485321155329,0.8744360327292192,0.9376964638779806,0.9049620569277982,0.39824799907444075,0.6748756836994836,[[ 10357 14778][ 6838 102915]],10357,14778,6838,102915
9,40,0.5703543424606323,asleep,0.8397485321155329,0.6023262576330328,0.41205490352098667,0.4893456177651784,0.39824799907444075,0.6748756836994836,[[ 102915 6838][ 14778 10357]],102915,6838,14778,10357
9,40,0.5703543424606323,avg,0.8397485321155329,0.738381145181126,0.6748756836994836,0.6971538373464883,0.39824799907444075,0.6748756836994836,,,,,
