client,round,loss,class,accuracy,precision,recall,f1_score,cohen_kappa_score,roc_auc_score,confusion_matrix,TP,FP,FN,TN
4,119,0.8229080438613892,awake,0.812852144000949,0.8698262658089362,0.9055059998359953,0.88730759615728,0.3370537652169401,0.6568906565720657,[[ 10262 14873][ 10371 99382]],10262,14873,10371,99382
4,119,0.8229080438613892,asleep,0.812852144000949,0.4973586003004895,0.40827531330813605,0.4484355881838839,0.3370537652169401,0.6568906565720657,[[ 99382 10371][ 14873 10262]],99382,10371,14873,10262
4,119,0.8229080438613892,avg,0.812852144000949,0.6835924330547128,0.6568906565720657,0.667871592170582,0.3370537652169401,0.6568906565720657,,,,,
