client,round,loss,class,accuracy,precision,recall,f1_score,cohen_kappa_score,roc_auc_score,confusion_matrix,TP,FP,FN,TN
6,48,0.5865725874900818,awake,0.7287008481110254,0.8562010672691154,0.8011170537479614,0.827743651297983,0.19273733169371376,0.606804797015218,[[ 10368 14767][ 21828 87925]],10368,14767,21828,87925
6,48,0.5865725874900818,asleep,0.7287008481110254,0.3220275810659709,0.4124925402824746,0.36168913851145096,0.19273733169371376,0.606804797015218,[[ 87925 21828][ 14767 10368]],87925,21828,14767,10368
6,48,0.5865725874900818,avg,0.7287008481110254,0.5891143241675432,0.606804797015218,0.594716394904717,0.19273733169371376,0.606804797015218,,,,,
