client,round,loss,class,accuracy,precision,recall,f1_score,cohen_kappa_score,roc_auc_score,confusion_matrix,TP,FP,FN,TN
1,20,0.5825632214546204,awake,0.7520387284265465,0.8992486553232456,0.7829763195539075,0.8370942210749338,0.32844097036743325,0.6999623988857662,[[ 15507 9628][ 23819 85934]],15507,9628,23819,85934
1,20,0.5825632214546204,asleep,0.7520387284265465,0.39431927986573767,0.6169484782176248,0.48112812398194255,0.32844097036743325,0.6999623988857662,[[ 85934 23819][ 9628 15507]],85934,23819,9628,15507
1,20,0.5825632214546204,avg,0.7520387284265465,0.6467839675944916,0.6999623988857662,0.6591111725284382,0.32844097036743325,0.6999623988857662,,,,,
