client,round,loss,class,accuracy,precision,recall,f1_score,cohen_kappa_score,roc_auc_score,confusion_matrix,TP,FP,FN,TN
18,105,0.7425985336303711,awake,0.823520253840223,0.8341160006219872,0.9775040317804524,0.900135501923456,0.18103128900139653,0.5643239275671708,[[ 3799 21336][ 2469 107284]],3799,21336,2469,107284
18,105,0.7425985336303711,asleep,0.823520253840223,0.6060944479897894,0.151143823353889,0.2419514059166322,0.18103128900139653,0.5643239275671708,[[ 107284 2469][ 21336 3799]],107284,2469,21336,3799
18,105,0.7425985336303711,avg,0.823520253840223,0.7201052243058883,0.5643239275671708,0.5710434539200441,0.18103128900139653,0.5643239275671708,,,,,
