client,round,loss,class,accuracy,precision,recall,f1_score,cohen_kappa_score,roc_auc_score,confusion_matrix,TP,FP,FN,TN
5,141,0.7968564033508301,awake,0.7813148686317537,0.8345770625755617,0.9120024054012191,0.8715736129009787,0.1453650789430948,0.5613324141587357,[[ 5295 19840][ 9658 100095]],5295,19840,9658,100095
5,141,0.7968564033508301,asleep,0.7813148686317537,0.35410954323547117,0.21066242291625223,0.2641688285771303,0.1453650789430948,0.5613324141587357,[[ 100095 9658][ 19840 5295]],100095,9658,19840,5295
5,141,0.7968564033508301,avg,0.7813148686317537,0.5943433029055165,0.5613324141587357,0.5678712207390545,0.1453650789430948,0.5613324141587357,,,,,
