client,round,loss,class,accuracy,precision,recall,f1_score,cohen_kappa_score,roc_auc_score,confusion_matrix,TP,FP,FN,TN
17,140,0.7617329359054565,awake,0.8139196963406679,0.8367504435480663,0.9582608220276438,0.8933929087171473,0.18781965355733354,0.570954560606024,[[ 4616 20519][ 4581 105172]],4616,20519,4581,105172
17,140,0.7617329359054565,asleep,0.8139196963406679,0.5019027943894748,0.18364829918440423,0.2689036467435628,0.18781965355733354,0.570954560606024,[[ 105172 4581][ 20519 4616]],105172,4581,20519,4616
17,140,0.7617329359054565,avg,0.8139196963406679,0.6693266189687705,0.570954560606024,0.581148277730355,0.18781965355733354,0.570954560606024,,,,,
