client,round,loss,class,accuracy,precision,recall,f1_score,cohen_kappa_score,roc_auc_score,confusion_matrix,TP,FP,FN,TN
6,92,0.8134213089942932,awake,0.6714014589881976,0.859338100416296,0.712827895365047,0.7792563522814426,0.15799663023947763,0.6016695673363925,[[ 12329 12806][ 31518 78235]],12329,12806,31518,78235
6,92,0.8134213089942932,asleep,0.6714014589881976,0.2811822929732935,0.4905112393077382,0.3574555681192195,0.15799663023947763,0.6016695673363925,[[ 78235 31518][ 12806 12329]],78235,31518,12806,12329
6,92,0.8134213089942932,avg,0.6714014589881976,0.5702601966947948,0.6016695673363925,0.5683559602003311,0.15799663023947763,0.6016695673363925,,,,,
