client,round,loss,class,accuracy,precision,recall,f1_score,cohen_kappa_score,roc_auc_score,confusion_matrix,TP,FP,FN,TN
0,117,0.6476326584815979,awake,0.816899946622383,0.8537502391468903,0.9351635035033211,0.8926043170472927,0.2807210200395994,0.617830409002506,[[ 7553 17582][ 7116 102637]],7553,17582,7116,102637
0,117,0.6476326584815979,asleep,0.816899946622383,0.5148953575567523,0.30049731450169087,0.3795095970254246,0.2807210200395994,0.6178304090025061,[[ 102637 7116][ 17582 7553]],102637,7116,17582,7553
0,117,0.6476326584815979,avg,0.816899946622383,0.6843227983518213,0.617830409002506,0.6360569570363587,0.2807210200395994,0.617830409002506,,,,,
