client,round,loss,class,accuracy,precision,recall,f1_score,cohen_kappa_score,roc_auc_score,confusion_matrix,TP,FP,FN,TN
6,93,0.8028655052185059,awake,0.6673091750192752,0.8651380587354652,0.7002815412790538,0.7740291653238801,0.16930876293566444,0.6118077688491947,[[ 13154 11981][ 32895 76858]],13154,11981,32895,76858
6,93,0.8028655052185059,asleep,0.6673091750192752,0.28565224000521183,0.5233339964193355,0.36957743313104063,0.16930876293566444,0.6118077688491947,[[ 76858 32895][ 11981 13154]],76858,32895,11981,13154
6,93,0.8028655052185059,avg,0.6673091750192752,0.5753951493703385,0.6118077688491947,0.5718032992274604,0.16930876293566444,0.6118077688491947,,,,,
