client,round,loss,class,accuracy,precision,recall,f1_score,cohen_kappa_score,roc_auc_score,confusion_matrix,TP,FP,FN,TN
3,67,0.6487295627593994,awake,0.8174263092343277,0.8582382250951083,0.929077109509535,0.8922538446393804,0.30076270772673663,0.629487828675595,[[ 8292 16843][ 7784 101969]],8292,16843,7784,101969
3,67,0.6487295627593994,asleep,0.8174263092343277,0.5157999502363773,0.32989854784165507,0.40241683045788745,0.30076270772673663,0.629487828675595,[[ 101969 7784][ 16843 8292]],101969,7784,16843,8292
3,67,0.6487295627593994,avg,0.8174263092343277,0.6870190876657427,0.629487828675595,0.6473353375486339,0.30076270772673663,0.629487828675595,,,,,
