client,round,loss,class,accuracy,precision,recall,f1_score,cohen_kappa_score,roc_auc_score,confusion_matrix,TP,FP,FN,TN
5,108,0.7341570854187012,awake,0.7738642429274657,0.8379646213943333,0.8951737082357658,0.8656249587002586,0.15742660034663092,0.5696676179929575,[[ 6137 18998][ 11505 98248]],6137,18998,11505,98248
5,108,0.7341570854187012,asleep,0.7738642429274657,0.34786305407550167,0.24416152775014918,0.28692989223180676,0.15742660034663092,0.5696676179929575,[[ 98248 11505][ 18998 6137]],98248,11505,18998,6137
5,108,0.7341570854187012,avg,0.7738642429274657,0.5929138377349175,0.5696676179929575,0.5762774254660327,0.15742660034663092,0.5696676179929575,,,,,
