client,round,loss,class,accuracy,precision,recall,f1_score,cohen_kappa_score,roc_auc_score,confusion_matrix,TP,FP,FN,TN
13,92,0.5910871624946594,awake,0.8280054563786252,0.8927978216473792,0.8962306269532496,0.8945109308500965,0.4291053433630293,0.7131640502977905,[[ 13324 11811][ 11389 98364]],13324,11811,11389,98364
13,92,0.5910871624946594,asleep,0.8280054563786252,0.5391494355197669,0.5300974736423314,0.534585138822019,0.4291053433630293,0.7131640502977905,[[ 98364 11389][ 11811 13324]],98364,11389,11811,13324
13,92,0.5910871624946594,avg,0.8280054563786252,0.715973628583573,0.7131640502977905,0.7145480348360578,0.4291053433630293,0.7131640502977905,,,,,
