client,round,loss,class,accuracy,precision,recall,f1_score,cohen_kappa_score,roc_auc_score,confusion_matrix,TP,FP,FN,TN
17,61,0.5338956713676453,awake,0.8061873554356207,0.8488692314111658,0.9268083788142465,0.8861283283169921,0.2440110053335981,0.6031495643822575,[[ 7025 18110][ 8033 101720]],7025,18110,8033,101720
17,61,0.5338956713676453,asleep,0.8061873554356207,0.46652941957763316,0.27949074995026857,0.3495633568034235,0.2440110053335981,0.6031495643822575,[[ 101720 8033][ 18110 7025]],101720,8033,18110,7025
17,61,0.5338956713676453,avg,0.8061873554356207,0.6576993254943995,0.6031495643822575,0.6178458425602078,0.2440110053335981,0.6031495643822575,,,,,
