client,round,loss,class,accuracy,precision,recall,f1_score,cohen_kappa_score,roc_auc_score,confusion_matrix,TP,FP,FN,TN
17,97,0.6200289726257324,awake,0.8132154083387699,0.8353081132524387,0.9596457500022778,0.8931704566173259,0.17808885729524138,0.5667335573166352,[[ 4369 20766][ 4429 105324]],4369,20766,4429,105324
17,97,0.6200289726257324,asleep,0.8132154083387699,0.49659013412139125,0.17382136463099265,0.25750744113399937,0.17808885729524138,0.5667335573166352,[[ 105324 4429][ 20766 4369]],105324,4429,20766,4369
17,97,0.6200289726257324,avg,0.8132154083387699,0.665949123686915,0.5667335573166352,0.5753389488756626,0.17808885729524138,0.5667335573166352,,,,,
