client,round,loss,class,accuracy,precision,recall,f1_score,cohen_kappa_score,roc_auc_score,confusion_matrix,TP,FP,FN,TN
3,97,0.8209121227264404,awake,0.824817626475298,0.8535049625245253,0.9472907346496223,0.897955658429994,0.29118253754967793,0.6186622760178686,[[ 7290 17845][ 5785 103968]],7290,17845,5785,103968
3,97,0.8209121227264404,asleep,0.824817626475298,0.5575525812619503,0.290033817386115,0.38157550379481814,0.29118253754967793,0.6186622760178687,[[ 103968 5785][ 17845 7290]],103968,5785,17845,7290
3,97,0.8209121227264404,avg,0.824817626475298,0.7055287718932378,0.6186622760178686,0.6397655811124061,0.29118253754967793,0.6186622760178686,,,,,
