client,round,loss,class,accuracy,precision,recall,f1_score,cohen_kappa_score,roc_auc_score,confusion_matrix,TP,FP,FN,TN
6,8,0.5470344424247742,awake,0.7344389419370144,0.8761141182695047,0.7845616976301332,0.8278142830361906,0.25524098895712033,0.6500687939115457,[[ 12959 12176][ 23645 86108]],12959,12176,23645,86108
6,8,0.5470344424247742,asleep,0.7344389419370144,0.35403234619167306,0.515575890192958,0.4197994784496023,0.25524098895712033,0.6500687939115456,[[ 86108 23645][ 12176 12959]],86108,23645,12176,12959
6,8,0.5470344424247742,avg,0.7344389419370144,0.6150732322305889,0.6500687939115456,0.6238068807428965,0.25524098895712033,0.6500687939115457,,,,,
