client,round,loss,class,accuracy,precision,recall,f1_score,cohen_kappa_score,roc_auc_score,confusion_matrix,TP,FP,FN,TN
11,12,0.47587841749191284,awake,0.8403638574224542,0.8712525459962631,0.9431815075669914,0.9057912997064318,0.3885892313269639,0.6672939564888866,[[ 9838 15297][ 6236 103517]],9838,15297,6236,103517
11,12,0.47587841749191284,asleep,0.8403638574224542,0.6120442951350006,0.39140640541078175,0.4774685141595283,0.3885892313269639,0.6672939564888866,[[ 103517 6236][ 15297 9838]],103517,6236,15297,9838
11,12,0.47587841749191284,avg,0.8403638574224542,0.7416484205656318,0.6672939564888866,0.6916299069329801,0.3885892313269639,0.6672939564888866,,,,,
