client,round,loss,class,accuracy,precision,recall,f1_score,cohen_kappa_score,roc_auc_score,confusion_matrix,TP,FP,FN,TN
1,80,0.8507128953933716,awake,0.5434212087064824,0.7115760216346154,0.5958484038370813,0.6485903558773687,0.011369609669392378,0.5063387527121512,[[ 16466 23037][ 38550 56835]],16466,23037,38550,56835
1,80,0.8507128953933716,asleep,0.5434212087064824,0.29929475061800204,0.41682910158722125,0.34841672044774064,0.011369609669392378,0.5063387527121512,[[ 56835 38550][ 23037 16466]],56835,38550,23037,16466
1,80,0.8507128953933716,avg,0.5434212087064824,0.5054353861263088,0.5063387527121512,0.49850353816255466,0.011369609669392378,0.5063387527121512,,,,,
