client,round,loss,class,accuracy,precision,recall,f1_score,cohen_kappa_score,roc_auc_score,confusion_matrix,TP,FP,FN,TN
15,146,1.2502585649490356,awake,0.4379411066959255,0.6759828783137297,0.39404518530167215,0.497870677608006,-0.04789282253663485,0.4689892787253115,[[ 21487 18016][ 57799 37586]],21487,18016,57799,37586
15,146,1.2502585649490356,asleep,0.4379411066959255,0.27100623060817797,0.5439333721489508,0.3617675037250924,-0.04789282253663485,0.4689892787253115,[[ 37586 57799][ 18016 21487]],37586,57799,18016,21487
15,146,1.2502585649490356,avg,0.4379411066959255,0.47349455446095384,0.4689892787253115,0.4298190906665492,-0.04789282253663485,0.4689892787253115,,,,,
