client,round,loss,class,accuracy,precision,recall,f1_score,cohen_kappa_score,roc_auc_score,confusion_matrix,TP,FP,FN,TN
5,43,0.7838810682296753,awake,0.5917872605420793,0.7631503380583183,0.6129684960947738,0.6798644178163826,0.13484185847514774,0.5768054894720888,[[ 21357 18146][ 36917 58468]],21357,18146,36917,58468
5,43,0.7838810682296753,asleep,0.5917872605420793,0.3664927755088032,0.5406424828494039,0.43685120222547225,0.13484185847514774,0.5768054894720889,[[ 58468 36917][ 18146 21357]],58468,36917,18146,21357
5,43,0.7838810682296753,avg,0.5917872605420793,0.5648215567835608,0.5768054894720889,0.5583578100209274,0.13484185847514774,0.5768054894720889,,,,,
