client,round,loss,class,accuracy,precision,recall,f1_score,cohen_kappa_score,roc_auc_score,confusion_matrix,TP,FP,FN,TN
5,199,0.8941625356674194,awake,0.5907048810865311,0.739753658129043,0.6497981862976359,0.6918641967729153,0.0900679849002628,0.5489073963156661,[[ 17698 21805][ 33404 61981]],17698,21805,33404,61981
5,199,0.8941625356674194,asleep,0.5907048810865311,0.34632695393526675,0.44801660633369617,0.39066276695546603,0.0900679849002628,0.548907396315666,[[ 61981 33404][ 21805 17698]],61981,33404,21805,17698
5,199,0.8941625356674194,avg,0.5907048810865311,0.5430403060321549,0.548907396315666,0.5412634818641907,0.0900679849002628,0.5489073963156661,,,,,
