client,round,loss,class,accuracy,precision,recall,f1_score,cohen_kappa_score,roc_auc_score,confusion_matrix,TP,FP,FN,TN
9,186,0.950937032699585,awake,0.7591186762350988,0.7728002220814935,0.933930911568905,0.845759477446857,0.31781328973723066,0.6354716451877889,[[ 13313 26190][ 6302 89083]],13313,26190,6302,89083
9,186,0.950937032699585,asleep,0.7591186762350988,0.6787152689268418,0.3370123788066729,0.4503873608714774,0.31781328973723066,0.6354716451877889,[[ 89083 6302][ 26190 13313]],89083,6302,26190,13313
9,186,0.950937032699585,avg,0.7591186762350988,0.7257577455041676,0.6354716451877889,0.6480734191591672,0.31781328973723066,0.6354716451877889,,,,,
