client,round,loss,class,accuracy,precision,recall,f1_score,cohen_kappa_score,roc_auc_score,confusion_matrix,TP,FP,FN,TN
7,69,0.9600234627723694,awake,0.6167487100409228,0.7895957895295038,0.624416837028883,0.6973585612588985,0.19395164554057742,0.6113249413101784,[[ 23632 15871][ 35825 59560]],23632,15871,35825,59560
7,69,0.9600234627723694,asleep,0.6167487100409228,0.39746371327177626,0.598233045591474,0.4776071139854487,0.19395164554057742,0.6113249413101786,[[ 59560 35825][ 15871 23632]],59560,35825,15871,23632
7,69,0.9600234627723694,avg,0.6167487100409228,0.59352975140064,0.6113249413101784,0.5874828376221736,0.19395164554057742,0.6113249413101784,,,,,
