client,round,loss,class,accuracy,precision,recall,f1_score,cohen_kappa_score,roc_auc_score,confusion_matrix,TP,FP,FN,TN
0,197,0.9273691773414612,awake,0.7340905047150228,0.772721024221707,0.8839649840121613,0.8246080722926914,0.2852064575025127,0.6280822818954561,[[ 14703 24800][ 11068 84317]],14703,24800,11068,84317
0,197,0.9273691773414612,asleep,0.7340905047150228,0.5705250087307439,0.37219957977875096,0.45050096516223914,0.2852064575025127,0.6280822818954561,[[ 84317 11068][ 24800 14703]],84317,11068,24800,14703
0,197,0.9273691773414612,avg,0.7340905047150228,0.6716230164762254,0.6280822818954561,0.6375545187274653,0.2852064575025127,0.6280822818954561,,,,,
