client,round,loss,class,accuracy,precision,recall,f1_score,cohen_kappa_score,roc_auc_score,confusion_matrix,TP,FP,FN,TN
6,178,0.8520729541778564,awake,0.6930193938675049,0.7978238559242543,0.7579598469361011,0.7773811315885679,0.28413066319140057,0.6470861432488266,[[ 21182 18321][ 23087 72298]],21182,18321,23087,72298
6,178,0.8520729541778564,asleep,0.6930193938675049,0.47848381485915653,0.5362124395615523,0.5057059638065226,0.28413066319140057,0.6470861432488267,[[ 72298 23087][ 18321 21182]],72298,23087,18321,21182
6,178,0.8520729541778564,avg,0.6930193938675049,0.6381538353917054,0.6470861432488266,0.6415435476975453,0.28413066319140057,0.6470861432488266,,,,,
