client,round,loss,class,accuracy,precision,recall,f1_score,cohen_kappa_score,roc_auc_score,confusion_matrix,TP,FP,FN,TN
2,196,0.773059606552124,awake,0.7410518355969397,0.7738688459238589,0.8954762279184358,0.8302431485378525,0.2966196945228726,0.6318253984692551,[[ 14544 24959][ 9970 85415]],14544,24959,9970,85415
2,196,0.773059606552124,asleep,0.7410518355969397,0.593293628130864,0.36817456902007445,0.45437930549697736,0.2966196945228726,0.6318253984692551,[[ 85415 9970][ 24959 14544]],85415,9970,24959,14544
2,196,0.773059606552124,avg,0.7410518355969397,0.6835812370273614,0.6318253984692551,0.6423112270174149,0.2966196945228726,0.6318253984692551,,,,,
