client,round,loss,class,accuracy,precision,recall,f1_score,cohen_kappa_score,roc_auc_score,confusion_matrix,TP,FP,FN,TN
16,165,1.0300993919372559,awake,0.7316810983927406,0.772332437704737,0.8799496776222676,0.8226363685368591,0.281346270131555,0.626808750159639,[[ 14761 24742][ 11451 83934]],14761,24742,11451,83934
16,165,1.0300993919372559,asleep,0.7316810983927406,0.5631390202960476,0.3736678226970104,0.449242943011489,0.281346270131555,0.626808750159639,[[ 83934 11451][ 24742 14761]],83934,11451,24742,14761
16,165,1.0300993919372559,avg,0.7316810983927406,0.6677357290003922,0.626808750159639,0.635939655774174,0.281346270131555,0.626808750159639,,,,,
