client,round,loss,class,accuracy,precision,recall,f1_score,cohen_kappa_score,roc_auc_score,confusion_matrix,TP,FP,FN,TN
1,180,0.9343879818916321,awake,0.5451856354901844,0.700235321802565,0.6239240970802538,0.659880803880804,-0.01951035352780295,0.4894928689841438,[[ 14026 25477][ 35872 59513]],14026,25477,35872,59513
1,180,0.9343879818916321,asleep,0.5451856354901844,0.2810934305984208,0.3550616408880338,0.31377725081374935,-0.01951035352780295,0.4894928689841438,[[ 59513 35872][ 25477 14026]],59513,35872,25477,14026
1,180,0.9343879818916321,avg,0.5451856354901844,0.49066437620049286,0.4894928689841438,0.4868290273472766,-0.01951035352780295,0.4894928689841438,,,,,
