client,round,loss,class,accuracy,precision,recall,f1_score,cohen_kappa_score,roc_auc_score,confusion_matrix,TP,FP,FN,TN
1,157,0.8449835181236267,awake,0.5917872605420793,0.7235986957389704,0.6840069193269382,0.7032460078361206,0.05113900942838334,0.5265590630353649,[[ 14581 24922][ 30141 65244]],14581,24922,30141,65244
1,157,0.8449835181236267,asleep,0.5917872605420793,0.3260364026653549,0.3691112067437916,0.3462392401306026,0.05113900942838334,0.5265590630353649,[[ 65244 30141][ 24922 14581]],65244,30141,24922,14581
1,157,0.8449835181236267,avg,0.5917872605420793,0.5248175492021626,0.5265590630353649,0.5247426239833616,0.05113900942838334,0.5265590630353649,,,,,
