client,round,loss,class,accuracy,precision,recall,f1_score,cohen_kappa_score,roc_auc_score,confusion_matrix,TP,FP,FN,TN
9,65,0.9534991383552551,awake,0.7436836486566633,0.7501460292387557,0.9559259841694187,0.8406258066895306,0.2321719657039777,0.5935618073645614,[[ 9133 30370][ 4204 91181]],9133,30370,4204,91181
9,65,0.9534991383552551,asleep,0.7436836486566633,0.6847866836619929,0.23119763055970433,0.34568508705526113,0.2321719657039777,0.5935618073645614,[[ 91181 4204][ 30370 9133]],91181,4204,30370,9133
9,65,0.9534991383552551,avg,0.7436836486566633,0.7174663564503743,0.5935618073645614,0.5931554468723959,0.2321719657039777,0.5935618073645614,,,,,
