client,round,loss,class,accuracy,precision,recall,f1_score,cohen_kappa_score,roc_auc_score,confusion_matrix,TP,FP,FN,TN
17,50,0.6944296360015869,awake,0.7181291145246427,0.7366735980460112,0.9359542905068932,0.8244425667096082,0.15843079525591275,0.5640584555336784,[[ 7591 31912][ 6109 89276]],7591,31912,6109,89276
17,50,0.6944296360015869,asleep,0.7181291145246427,0.5540875912408759,0.19216262056046376,0.2853598481288649,0.15843079525591275,0.5640584555336785,[[ 89276 6109][ 31912 7591]],89276,6109,31912,7591
17,50,0.6944296360015869,avg,0.7181291145246427,0.6453805946434436,0.5640584555336785,0.5549012074192365,0.15843079525591275,0.5640584555336785,,,,,
