client,round,loss,class,accuracy,precision,recall,f1_score,cohen_kappa_score,roc_auc_score,confusion_matrix,TP,FP,FN,TN
10,175,1.1431273221969604,awake,0.4972421564557262,0.8346158514382813,0.36045499816533,0.5034704934836726,0.1341004403018231,0.5939935421680003,[[ 32690 6813][ 61003 34382]],32690,6813,61003,34382
10,175,1.1431273221969604,asleep,0.4972421564557262,0.34890546785779086,0.8275320861706705,0.49085558124868617,0.1341004403018231,0.5939935421680003,[[ 34382 61003][ 6813 32690]],34382,61003,6813,32690
10,175,1.1431273221969604,avg,0.4972421564557262,0.591760659648036,0.5939935421680003,0.4971630373661794,0.1341004403018231,0.5939935421680003,,,,,
