client,round,loss,class,accuracy,precision,recall,f1_score,cohen_kappa_score,roc_auc_score,confusion_matrix,TP,FP,FN,TN
5,184,0.8780991435050964,awake,0.5956571377735603,0.7492311447400537,0.643623211196729,0.6924235161426759,0.11226721089402025,0.561730092801868,[[ 18955 20548][ 33993 61392]],18955,20548,33993,61392
5,184,0.8780991435050964,asleep,0.5956571377735603,0.35799274760142025,0.47983697440700707,0.4100550561919287,0.11226721089402025,0.561730092801868,[[ 61392 33993][ 20548 18955]],61392,33993,20548,18955
5,184,0.8780991435050964,avg,0.5956571377735603,0.553611946170737,0.561730092801868,0.5512392861673023,0.11226721089402025,0.561730092801868,,,,,
