client,round,loss,class,accuracy,precision,recall,f1_score,cohen_kappa_score,roc_auc_score,confusion_matrix,TP,FP,FN,TN
13,79,0.8195579051971436,awake,0.6839007176324061,0.7840655730642052,0.763170309797138,0.77347684722783,0.25093447964632554,0.6278322753704318,[[ 19455 20048][ 22590 72795]],19455,20048,22590,72795
13,79,0.8195579051971436,asleep,0.6839007176324061,0.4627185158758473,0.4924942409437258,0.4771422965615343,0.25093447964632554,0.6278322753704317,[[ 72795 22590][ 20048 19455]],72795,22590,20048,19455
13,79,0.8195579051971436,avg,0.6839007176324061,0.6233920444700263,0.6278322753704318,0.6253095718946822,0.25093447964632554,0.6278322753704317,,,,,
