client,round,loss,class,accuracy,precision,recall,f1_score,cohen_kappa_score,roc_auc_score,confusion_matrix,TP,FP,FN,TN
17,180,0.7843106985092163,awake,0.7226439712947037,0.7395598310729841,0.9381558945326833,0.827103667553978,0.17334328872165172,0.5702095068947244,[[ 7990 31513][ 5899 89486]],7990,31513,5899,89486
17,180,0.7843106985092163,asleep,0.7226439712947037,0.5752753977968176,0.20226311925676532,0.2992957746478873,0.17334328872165172,0.5702095068947243,[[ 89486 5899][ 31513 7990]],89486,5899,31513,7990
17,180,0.7843106985092163,avg,0.7226439712947037,0.6574176144349009,0.5702095068947244,0.5631997211009326,0.17334328872165172,0.5702095068947244,,,,,
