client,round,loss,class,accuracy,precision,recall,f1_score,cohen_kappa_score,roc_auc_score,confusion_matrix,TP,FP,FN,TN
0,77,0.7989680767059326,awake,0.7332008777652571,0.7729164943621978,0.8817738638150653,0.8237644708232944,0.2845752046126613,0.6281132185186761,[[ 14792 24711][ 11277 84108]],14792,24711,11277,84108
0,77,0.7989680767059326,asleep,0.7332008777652571,0.5674172388660862,0.3744525732222869,0.45116818154090166,0.2845752046126613,0.6281132185186761,[[ 84108 11277][ 24711 14792]],84108,11277,24711,14792
0,77,0.7989680767059326,avg,0.7332008777652571,0.670166866614142,0.6281132185186761,0.6374663261820981,0.2845752046126613,0.6281132185186761,,,,,
