client,round,loss,class,accuracy,precision,recall,f1_score,cohen_kappa_score,roc_auc_score,confusion_matrix,TP,FP,FN,TN
7,121,1.1805644035339355,awake,0.5527400510052785,0.7687895842598415,0.5255753000995964,0.6243321668306413,0.11759447805475842,0.5719540424756899,[[ 24426 15077][ 45253 50132]],24426,15077,45253,50132
7,121,1.1805644035339355,asleep,0.5527400510052785,0.3505503810330229,0.6183327848517834,0.4474363906138375,0.11759447805475842,0.5719540424756899,[[ 50132 45253][ 15077 24426]],50132,45253,15077,24426
7,121,1.1805644035339355,avg,0.5527400510052785,0.5596699826464322,0.5719540424756899,0.5358842787222394,0.11759447805475842,0.5719540424756899,,,,,
