client,round,loss,class,accuracy,precision,recall,f1_score,cohen_kappa_score,roc_auc_score,confusion_matrix,TP,FP,FN,TN
4,146,1.5367743968963623,awake,0.7157419488761046,0.7249538592589088,0.9636106306022959,0.8274167195538571,0.10537988378634477,0.5404211166326924,[[ 4631 34872][ 3471 91914]],4631,34872,3471,91914
4,146,1.5367743968963623,asleep,0.7157419488761046,0.5715872624043447,0.11723160266308888,0.19455939502153138,0.10537988378634477,0.5404211166326924,[[ 91914 3471][ 34872 4631]],91914,3471,34872,4631
4,146,1.5367743968963623,avg,0.7157419488761046,0.6482705608316267,0.5404211166326924,0.5109880572876943,0.10537988378634477,0.5404211166326924,,,,,
