client,round,loss,class,accuracy,precision,recall,f1_score,cohen_kappa_score,roc_auc_score,confusion_matrix,TP,FP,FN,TN
15,54,1.3436214923858643,awake,0.37167872605420793,0.629167071629896,0.2714682602086282,0.37928534286404814,-0.08193418469797997,0.44255892822091286,[[ 24241 15262][ 69491 25894]],24241,15262,69491,25894
15,54,1.3436214923858643,asleep,0.37167872605420793,0.2586203217684462,0.6136495962331975,0.36388336398093596,-0.08193418469797997,0.44255892822091286,[[ 25894 69491][ 15262 24241]],25894,69491,15262,24241
15,54,1.3436214923858643,avg,0.37167872605420793,0.4438936966991711,0.4425589282209128,0.3715843534224921,-0.08193418469797997,0.44255892822091286,,,,,
