client,round,loss,class,accuracy,precision,recall,f1_score,cohen_kappa_score,roc_auc_score,confusion_matrix,TP,FP,FN,TN
11,28,0.6110098958015442,awake,0.723103611885416,0.7813872753895833,0.8447764323530953,0.8118463739496644,0.290769978742614,0.6370427993727605,[[ 16959 22544][ 14806 80579]],16959,22544,14806,80579
11,28,0.6110098958015442,asleep,0.723103611885416,0.5338895010231387,0.4293091663924259,0.4759218723690857,0.290769978742614,0.6370427993727605,[[ 80579 14806][ 22544 16959]],80579,14806,22544,16959
11,28,0.6110098958015442,avg,0.723103611885416,0.657638388206361,0.6370427993727605,0.643884123159375,0.290769978742614,0.6370427993727605,,,,,
