client,round,loss,class,accuracy,precision,recall,f1_score,cohen_kappa_score,roc_auc_score,confusion_matrix,TP,FP,FN,TN
0,59,0.8239904046058655,awake,0.722325188304371,0.7384107595561847,0.9405147559888871,0.8272984226082064,0.16864128518271637,0.5679967901909856,[[ 7722 31781][ 5674 89711]],7722,31781,5674,89711
0,59,0.8239904046058655,asleep,0.722325188304371,0.5764407285756943,0.19547882439308406,0.2919525888958203,0.16864128518271637,0.5679967901909856,[[ 89711 5674][ 31781 7722]],89711,5674,31781,7722
0,59,0.8239904046058655,avg,0.722325188304371,0.6574257440659395,0.5679967901909856,0.5596255057520134,0.16864128518271637,0.5679967901909856,,,,,
