client,round,loss,class,accuracy,precision,recall,f1_score,cohen_kappa_score,roc_auc_score,confusion_matrix,TP,FP,FN,TN
7,191,0.9669944643974304,awake,0.572482355732163,0.7474414821034954,0.5972322692247208,0.6639471797949894,0.0962687163687369,0.5549764110470615,[[ 20254 19249][ 38418 56967]],20254,19249,38418,56967
7,191,0.9669944643974304,asleep,0.572482355732163,0.34520725388601037,0.5127205528694023,0.41261013496307614,0.0962687163687369,0.5549764110470616,[[ 56967 38418][ 19249 20254]],56967,38418,19249,20254
7,191,0.9669944643974304,avg,0.572482355732163,0.5463243679947529,0.5549764110470616,0.5382786573790328,0.0962687163687369,0.5549764110470616,,,,,
