client,round,loss,class,accuracy,precision,recall,f1_score,cohen_kappa_score,roc_auc_score,confusion_matrix,TP,FP,FN,TN
0,25,0.7134714126586914,awake,0.7408442559753277,0.7657998451685551,0.9126172878335168,0.83278723027691,0.2761395691143522,0.6193468941762323,[[ 12881 26622][ 8335 87050]],12881,26622,8335,87050
0,25,0.7134714126586914,asleep,0.7408442559753277,0.6071361236802413,0.32607650051894793,0.4242823498410712,0.2761395691143522,0.6193468941762323,[[ 87050 8335][ 26622 12881]],87050,8335,26622,12881
0,25,0.7134714126586914,avg,0.7408442559753277,0.6864679844243982,0.6193468941762323,0.6285347900589906,0.2761395691143522,0.6193468941762323,,,,,
