client,round,loss,class,accuracy,precision,recall,f1_score,cohen_kappa_score,roc_auc_score,confusion_matrix,TP,FP,FN,TN
17,6,0.6405448913574219,awake,0.7171134570903268,0.7308117351918625,0.9498139120406772,0.8260437466378548,0.13329613441294763,0.552521314423498,[[ 6132 33371][ 4787 90598]],6132,33371,4787,90598
17,6,0.6405448913574219,asleep,0.7171134570903268,0.5615898891839912,0.1552287168063185,0.24322716274642023,0.13329613441294763,0.5525213144234978,[[ 90598 4787][ 33371 6132]],90598,4787,33371,6132
17,6,0.6405448913574219,avg,0.7171134570903268,0.6462008121879268,0.5525213144234978,0.5346354546921376,0.13329613441294763,0.552521314423498,,,,,
