client,round,loss,class,accuracy,precision,recall,f1_score,cohen_kappa_score,roc_auc_score,confusion_matrix,TP,FP,FN,TN
15,76,1.3155003786087036,awake,0.4018667338829251,0.6542334480154401,0.3269486816585417,0.43600623545119643,-0.06668850218507982,0.45485727377107277,[[ 23021 16482][ 64199 31186]],23021,16482,64199,31186
15,76,1.3155003786087036,asleep,0.4018667338829251,0.26394175647787205,0.5827658658836038,0.3633278883864808,-0.06668850218507982,0.45485727377107277,[[ 31186 64199][ 16482 23021]],31186,64199,16482,23021
15,76,1.3155003786087036,avg,0.4018667338829251,0.4590876022466561,0.45485727377107277,0.3996670619188386,-0.06668850218507982,0.45485727377107277,,,,,
