client,round,loss,class,accuracy,precision,recall,f1_score,cohen_kappa_score,roc_auc_score,confusion_matrix,TP,FP,FN,TN
14,84,1.278125286102295,awake,0.7352766739813772,0.7461699020715942,0.9481994024217645,0.8351400764557056,0.20946076010639636,0.5846735816756571,[[ 8736 30767][ 4941 90444]],8736,30767,4941,90444
14,84,1.278125286102295,asleep,0.7352766739813772,0.6387365650361921,0.22114776092954966,0.32854456562617523,0.20946076010639636,0.584673581675657,[[ 90444 4941][ 30767 8736]],90444,4941,30767,8736
14,84,1.278125286102295,avg,0.7352766739813772,0.6924532335538931,0.5846735816756571,0.5818423210409405,0.20946076010639636,0.584673581675657,,,,,
