client,round,loss,class,accuracy,precision,recall,f1_score,cohen_kappa_score,roc_auc_score,confusion_matrix,TP,FP,FN,TN
12,165,1.494277834892273,awake,0.6991800604946325,0.7491816396304648,0.8637836137757509,0.802411363403957,0.18558763361196273,0.5827537667390259,[[ 11919 27584][ 12993 82392]],11919,27584,12993,82392
12,165,1.494277834892273,asleep,0.6991800604946325,0.4784441233140655,0.3017239197023011,0.370069083288054,0.18558763361196273,0.582753766739026,[[ 82392 12993][ 27584 11919]],82392,12993,27584,11919
12,165,1.494277834892273,avg,0.6991800604946325,0.6138128814722652,0.582753766739026,0.5862402233460056,0.18558763361196273,0.5827537667390259,,,,,
