client,round,loss,class,accuracy,precision,recall,f1_score,cohen_kappa_score,roc_auc_score,confusion_matrix,TP,FP,FN,TN
14,146,1.3497542142868042,awake,0.7454184212087065,0.7608470853665832,0.9333647848194161,0.8383223947494797,0.26793393070761196,0.6124814456461711,[[ 11519 27984][ 6356 89029]],11519,27984,6356,89029
14,146,1.3497542142868042,asleep,0.7454184212087065,0.6444195804195805,0.2915981064729261,0.40151277493115833,0.26793393070761196,0.6124814456461711,[[ 89029 6356][ 27984 11519]],89029,6356,27984,11519
14,146,1.3497542142868042,avg,0.7454184212087065,0.7026333328930818,0.6124814456461711,0.619917584840319,0.26793393070761196,0.6124814456461711,,,,,
