client,round,loss,class,accuracy,precision,recall,f1_score,cohen_kappa_score,roc_auc_score,confusion_matrix,TP,FP,FN,TN
15,46,1.450218915939331,awake,0.33417353656366766,0.5918273191629593,0.18827907951984066,0.2856756541795912,-0.0845086631475227,0.43736663643612206,[[ 27117 12386][ 77426 17959]],27117,12386,77426,17959
15,46,1.450218915939331,asleep,0.33417353656366766,0.2593860899342854,0.6864541933524037,0.3765047276564431,-0.0845086631475227,0.43736663643612217,[[ 17959 77426][ 12386 27117]],17959,77426,12386,27117
15,46,1.450218915939331,avg,0.33417353656366766,0.42560670454862237,0.43736663643612217,0.33109019091801717,-0.0845086631475227,0.4373666364361221,,,,,
