client,round,loss,class,accuracy,precision,recall,f1_score,cohen_kappa_score,roc_auc_score,confusion_matrix,TP,FP,FN,TN
0,167,0.8482359051704407,awake,0.7340015420200463,0.7713827041128127,0.8866069088431096,0.824990976402072,0.28190815904743427,0.6260617259452366,[[ 14439 25064][ 10816 84569]],14439,25064,10816,84569
0,167,0.8482359051704407,asleep,0.7340015420200463,0.5717283706196793,0.3655165430473635,0.445937181506532,0.28190815904743427,0.6260617259452365,[[ 84569 10816][ 25064 14439]],84569,10816,25064,14439
0,167,0.8482359051704407,avg,0.7340015420200463,0.6715555373662461,0.6260617259452366,0.635464078954302,0.28190815904743427,0.6260617259452366,,,,,
