client,round,loss,class,accuracy,precision,recall,f1_score,cohen_kappa_score,roc_auc_score,confusion_matrix,TP,FP,FN,TN
14,120,1.3287718296051025,awake,0.7310583595279047,0.7422816481120166,0.9492582691198825,0.8331071413784062,0.1911438539931275,0.5767226464451145,[[ 8066 31437][ 4840 90545]],8066,31437,4840,90545
14,120,1.3287718296051025,asleep,0.7310583595279047,0.6249806291647296,0.20418702377034656,0.3078097273369078,0.1911438539931275,0.5767226464451145,[[ 90545 4840][ 31437 8066]],90545,4840,31437,8066
14,120,1.3287718296051025,avg,0.7310583595279047,0.6836311386383731,0.5767226464451145,0.5704584343576571,0.1911438539931275,0.5767226464451145,,,,,
