client,round,loss,class,accuracy,precision,recall,f1_score,cohen_kappa_score,roc_auc_score,confusion_matrix,TP,FP,FN,TN
14,55,1.0619903802871704,awake,0.7364702568056462,0.7440574271963455,0.9562719505163285,0.8369216653285926,0.20294399861695633,0.5810015804020774,[[ 8127 31376][ 4171 91214]],8127,31376,4171,91214
14,55,1.0619903802871704,asleep,0.7364702568056462,0.6608391608391608,0.20573121028782623,0.3137777262987201,0.20294399861695633,0.5810015804020774,[[ 91214 4171][ 31376 8127]],91214,4171,31376,8127
14,55,1.0619903802871704,avg,0.7364702568056462,0.7024482940177532,0.5810015804020774,0.5753496958136564,0.20294399861695633,0.5810015804020774,,,,,
