client,round,loss,class,accuracy,precision,recall,f1_score,cohen_kappa_score,roc_auc_score,confusion_matrix,TP,FP,FN,TN
11,47,0.6374699473381042,awake,0.7254759504181246,0.7815464186118322,0.8491272212612045,0.8139364278607965,0.29401393586326763,0.638015753505827,[[ 16864 22639][ 14391 80994]],16864,22639,14391,80994
11,47,0.6374699473381042,asleep,0.7254759504181246,0.5395616701327788,0.4269042857504493,0.4766669493202182,0.29401393586326763,0.638015753505827,[[ 80994 14391][ 22639 16864]],80994,14391,22639,16864
11,47,0.6374699473381042,avg,0.7254759504181246,0.6605540443723055,0.638015753505827,0.6453016885905073,0.29401393586326763,0.638015753505827,,,,,
