client,round,loss,class,accuracy,precision,recall,f1_score,cohen_kappa_score,roc_auc_score,confusion_matrix,TP,FP,FN,TN
3,30,0.7752267718315125,awake,0.6680801850424055,0.8022140750206002,0.7042511925355139,0.7500474536907805,0.2623331282984003,0.6424959478866213,[[ 22941 16562][ 28210 67175]],22941,16562,28210,67175
3,30,0.7752267718315125,asleep,0.6680801850424055,0.4484956305839573,0.5807407032377288,0.5061221788338076,0.2623331282984003,0.6424959478866212,[[ 67175 28210][ 16562 22941]],67175,28210,16562,22941
3,30,0.7752267718315125,avg,0.6680801850424055,0.6253548528022788,0.6424959478866213,0.6280848162622941,0.2623331282984003,0.6424959478866212,,,,,
