client,round,loss,class,accuracy,precision,recall,f1_score,cohen_kappa_score,roc_auc_score,confusion_matrix,TP,FP,FN,TN
16,190,1.0816326141357422,awake,0.7339496471146433,0.7603805622658685,0.910782617812025,0.8288136159170375,0.2531659406515985,0.6088733229302637,[[ 12126 27377][ 8510 86875]],12126,27377,8510,86875
16,190,1.0816326141357422,asleep,0.7339496471146433,0.5876138786586548,0.30696402804850265,0.40326576763830463,0.2531659406515985,0.6088733229302637,[[ 86875 8510][ 27377 12126]],86875,8510,27377,12126
16,190,1.0816326141357422,avg,0.7339496471146433,0.6739972204622616,0.6088733229302639,0.616039691777671,0.2531659406515985,0.6088733229302637,,,,,
