client,round,loss,class,accuracy,precision,recall,f1_score,cohen_kappa_score,roc_auc_score,confusion_matrix,TP,FP,FN,TN
8,98,0.7588541507720947,awake,0.7025828835774865,0.7796318596249785,0.80771609791896,0.7934255378309629,0.26314625409112713,0.6282207555893563,[[ 17726 21777][ 18341 77044]],17726,21777,18341,77044
8,98,0.7588541507720947,asleep,0.7025828835774865,0.49147420079296866,0.4487254132597524,0.4691279608310176,0.26314625409112713,0.6282207555893562,[[ 77044 18341][ 21777 17726]],77044,18341,21777,17726
8,98,0.7588541507720947,avg,0.7025828835774865,0.6355530302089736,0.6282207555893562,0.6312767493309903,0.26314625409112713,0.6282207555893562,,,,,
