client,round,loss,class,accuracy,precision,recall,f1_score,cohen_kappa_score,roc_auc_score,confusion_matrix,TP,FP,FN,TN
13,112,1.1821128129959106,awake,0.6415915426131309,0.7985226176575113,0.659579598469361,0.7224311460444501,0.22949246593219674,0.6288683502308074,[[ 23629 15874][ 32471 62914]],23629,15874,32471,62914
13,112,1.1821128129959106,asleep,0.6415915426131309,0.42119429590017826,0.5981571019922538,0.49431503195506427,0.22949246593219674,0.6288683502308074,[[ 62914 32471][ 15874 23629]],62914,32471,15874,23629
13,112,1.1821128129959106,avg,0.6415915426131309,0.6098584567788448,0.6288683502308074,0.6083730889997572,0.22949246593219674,0.6288683502308074,,,,,
