client,round,loss,class,accuracy,precision,recall,f1_score,cohen_kappa_score,roc_auc_score,confusion_matrix,TP,FP,FN,TN
3,199,1.1279821395874023,awake,0.6614302235929067,0.7954151118294394,0.7016931383341196,0.7456205335011781,0.24544757035166542,0.6329517257374468,[[ 22288 17215][ 28454 66931]],22288,17215,28454,66931
3,199,1.1279821395874023,asleep,0.6614302235929067,0.4392416538567656,0.5642103131407741,0.4939442628400465,0.24544757035166542,0.6329517257374468,[[ 66931 28454][ 17215 22288]],66931,28454,17215,22288
3,199,1.1279821395874023,avg,0.6614302235929067,0.6173283828431024,0.6329517257374468,0.6197823981706123,0.24544757035166542,0.6329517257374468,,,,,
