client,round,loss,class,accuracy,precision,recall,f1_score,cohen_kappa_score,roc_auc_score,confusion_matrix,TP,FP,FN,TN
0,145,0.8742383122444153,awake,0.7128654884051954,0.7568410553994016,0.8751061487655292,0.8116883432599976,0.220603370150266,0.5981105004010416,[[ 12685 26818][ 11913 83472]],12685,26818,11913,83472
0,145,0.8742383122444153,asleep,0.7128654884051954,0.5156923327099764,0.3211148520365542,0.3957816570724326,0.220603370150266,0.5981105004010417,[[ 83472 11913][ 26818 12685]],83472,11913,26818,12685
0,145,0.8742383122444153,avg,0.7128654884051954,0.636266694054689,0.5981105004010416,0.6037350001662152,0.220603370150266,0.5981105004010416,,,,,
