client,round,loss,class,accuracy,precision,recall,f1_score,cohen_kappa_score,roc_auc_score,confusion_matrix,TP,FP,FN,TN
2,7,0.6434798836708069,awake,0.7242749540359409,0.7934386881410289,0.8248152225192641,0.8088227734885012,0.31513757741142134,0.6531614780545589,[[ 19021 20482][ 16710 78675]],19021,20482,16710,78675
2,7,0.6434798836708069,asleep,0.7242749540359409,0.5323388654109876,0.48150773358985394,0.5056490416566977,0.31513757741142134,0.6531614780545589,[[ 78675 16710][ 20482 19021]],78675,16710,20482,19021
2,7,0.6434798836708069,avg,0.7242749540359409,0.6628887767760083,0.653161478054559,0.6572359075725994,0.31513757741142134,0.6531614780545589,,,,,
