client,round,loss,class,accuracy,precision,recall,f1_score,cohen_kappa_score,roc_auc_score,confusion_matrix,TP,FP,FN,TN
9,179,1.075283169746399,awake,0.755686198920586,0.7695037297969333,0.9343922000314515,0.8439697171995512,0.30476030943448407,0.6292850552849458,[[ 12806 26697][ 6258 89127]],12806,26697,6258,89127
9,179,1.075283169746399,asleep,0.755686198920586,0.6717373059169115,0.32417791053844014,0.43731111376713855,0.30476030943448407,0.6292850552849458,[[ 89127 6258][ 26697 12806]],89127,6258,26697,12806
9,179,1.075283169746399,avg,0.755686198920586,0.7206205178569224,0.6292850552849458,0.6406404154833448,0.30476030943448407,0.6292850552849458,,,,,
