client,round,loss,class,accuracy,precision,recall,f1_score,cohen_kappa_score,roc_auc_score,confusion_matrix,TP,FP,FN,TN
0,170,0.9477922916412354,awake,0.7360402704465927,0.7661431064572426,0.9020705561671122,0.8285690899548854,0.2712486545733759,0.6186048297631753,[[ 13239 26264][ 9341 86044]],13239,26264,9341,86044
0,170,0.9477922916412354,asleep,0.7360402704465927,0.5863153232949513,0.3351391033592385,0.4264935650661212,0.2712486545733759,0.6186048297631753,[[ 86044 9341][ 26264 13239]],86044,9341,26264,13239
0,170,0.9477922916412354,avg,0.7360402704465927,0.6762292148760969,0.6186048297631753,0.6275313275105033,0.2712486545733759,0.6186048297631753,,,,,
