client,round,loss,class,accuracy,precision,recall,f1_score,cohen_kappa_score,roc_auc_score,confusion_matrix,TP,FP,FN,TN
11,62,0.6585644483566284,awake,0.7249347606903506,0.7837874685935765,0.8437804686271426,0.812678282030181,0.2978739478608241,0.6408736026653421,[[ 17301 22202][ 14901 80484]],17301,22202,14901,80484
11,62,0.6585644483566284,asleep,0.7249347606903506,0.5372647661635923,0.4379667367035415,0.48256049090021613,0.2978739478608241,0.6408736026653421,[[ 80484 14901][ 22202 17301]],80484,14901,22202,17301
11,62,0.6585644483566284,avg,0.7249347606903506,0.6605261173785844,0.6408736026653421,0.6476193864651986,0.2978739478608241,0.6408736026653421,,,,,
