client,round,loss,class,accuracy,precision,recall,f1_score,cohen_kappa_score,roc_auc_score,confusion_matrix,TP,FP,FN,TN
16,60,0.8357427716255188,awake,0.730502342684301,0.7658401707631202,0.8914609215285422,0.8238896209596155,0.2639296529385776,0.6166541880761209,[[ 13504 25999][ 10353 85032]],13504,25999,10353,85032
16,60,0.8357427716255188,asleep,0.730502342684301,0.5660393176007043,0.3418474546236995,0.4262626262626263,0.2639296529385776,0.6166541880761209,[[ 85032 10353][ 25999 13504]],85032,10353,25999,13504
16,60,0.8357427716255188,avg,0.730502342684301,0.6659397441819122,0.6166541880761208,0.6250761236111209,0.2639296529385776,0.6166541880761209,,,,,
