client,round,loss,class,accuracy,precision,recall,f1_score,cohen_kappa_score,roc_auc_score,confusion_matrix,TP,FP,FN,TN
18,148,1.0182334184646606,awake,0.7171208706482415,0.7228469961527079,0.9730565602558054,0.8294941171739197,0.09559242060618822,0.5360941358856932,[[ 3916 35587][ 2570 92815]],3916,35587,2570,92815
18,148,1.0182334184646606,asleep,0.7171208706482415,0.6037619488128276,0.09913171151558109,0.17030159385940116,0.09559242060618822,0.5360941358856932,[[ 92815 2570][ 35587 3916]],92815,2570,35587,3916
18,148,1.0182334184646606,avg,0.7171208706482415,0.6633044724827677,0.5360941358856932,0.49989785551666044,0.09559242060618822,0.5360941358856932,,,,,
