client,round,loss,class,accuracy,precision,recall,f1_score,cohen_kappa_score,roc_auc_score,confusion_matrix,TP,FP,FN,TN
9,152,1.0956006050109863,awake,0.7548781211078821,0.7691842534921691,0.9334801069350527,0.8434054484143523,0.3028568233761506,0.6285505488729386,[[ 12784 26719][ 6345 89040]],12784,26719,6345,89040
9,152,1.0956006050109863,asleep,0.7548781211078821,0.6683046683046683,0.3236209908108245,0.43607586300996043,0.3028568233761506,0.6285505488729386,[[ 89040 6345][ 26719 12784]],89040,6345,26719,12784
9,152,1.0956006050109863,avg,0.7548781211078821,0.7187444608984187,0.6285505488729386,0.6397406557121563,0.3028568233761506,0.6285505488729386,,,,,
