client,round,loss,class,accuracy,precision,recall,f1_score,cohen_kappa_score,roc_auc_score,confusion_matrix,TP,FP,FN,TN
10,13,0.9261655807495117,awake,0.5461271573453532,0.8368401333044113,0.4449022382974262,0.5809467747234695,0.17686057868788396,0.6177248958239023,[[ 31229 8274][ 52948 42437]],31229,8274,52948,42437
10,13,0.9261655807495117,asleep,0.5461271573453532,0.37099207622034525,0.7905475533503784,0.504996765847348,0.17686057868788396,0.6177248958239023,[[ 42437 52948][ 8274 31229]],42437,52948,8274,31229
10,13,0.9261655807495117,avg,0.5461271573453532,0.6039161047623782,0.6177248958239023,0.5429717702854087,0.17686057868788396,0.6177248958239023,,,,,
