client,round,loss,class,accuracy,precision,recall,f1_score,cohen_kappa_score,roc_auc_score,confusion_matrix,TP,FP,FN,TN
1,123,0.8469085693359375,awake,0.5978293102425716,0.7227739930032817,0.6996173402526603,0.7110071704827557,0.050521664290890556,0.5258332758524775,[[ 13907 25596][ 28652 66733]],13907,25596,28652,66733
1,123,0.8469085693359375,asleep,0.5978293102425716,0.3267698959092084,0.3520492114522948,0.33893885111257344,0.050521664290890556,0.5258332758524775,[[ 66733 28652][ 25596 13907]],66733,28652,25596,13907
1,123,0.8469085693359375,avg,0.5978293102425716,0.5247719444562451,0.5258332758524775,0.5249730107976646,0.050521664290890556,0.5258332758524775,,,,,
