client,round,loss,class,accuracy,precision,recall,f1_score,cohen_kappa_score,roc_auc_score,confusion_matrix,TP,FP,FN,TN
13,82,0.8099244832992554,awake,0.6898612181958366,0.7785661523736201,0.7845573203333858,0.7815502548249644,0.24710777351669277,0.6228813991991714,[[ 18219 21284][ 20550 74835]],18219,21284,20550,74835
13,82,0.8099244832992554,asleep,0.6898612181958366,0.46993732105548247,0.4612054780649571,0.4655304578904334,0.24710777351669277,0.6228813991991714,[[ 74835 20550][ 21284 18219]],74835,20550,21284,18219
13,82,0.8099244832992554,avg,0.6898612181958366,0.6242517367145513,0.6228813991991714,0.6235403563576989,0.24710777351669277,0.6228813991991714,,,,,
