client,round,loss,class,accuracy,precision,recall,f1_score,cohen_kappa_score,roc_auc_score,confusion_matrix,TP,FP,FN,TN
0,100,0.8964927792549133,awake,0.73727833461835,0.7572722200763916,0.924946270377942,0.8327528434565105,0.24790090522415564,0.6045382947971021,[[ 11224 28279][ 7159 88226]],11224,28279,7159,88226
0,100,0.8964927792549133,asleep,0.73727833461835,0.6105641081433933,0.28413031921626203,0.3877967038662198,0.24790090522415564,0.6045382947971021,[[ 88226 7159][ 28279 11224]],88226,7159,28279,11224
0,100,0.8964927792549133,avg,0.73727833461835,0.6839181641098925,0.604538294797102,0.6102747736613652,0.24790090522415564,0.6045382947971021,,,,,
