client,round,loss,class,accuracy,precision,recall,f1_score,cohen_kappa_score,roc_auc_score,confusion_matrix,TP,FP,FN,TN
2,116,0.7553579807281494,awake,0.7516828776466402,0.785844926010087,0.8919012423337003,0.8355209852536055,0.33719722225128357,0.6525045537795631,[[ 16319 23184][ 10311 85074]],16319,23184,10311,85074
2,116,0.7553579807281494,asleep,0.7516828776466402,0.6128051070221555,0.4131078652254259,0.4935206326644791,0.33719722225128357,0.6525045537795631,[[ 85074 10311][ 23184 16319]],85074,10311,23184,16319
2,116,0.7553579807281494,avg,0.7516828776466402,0.6993250165161213,0.6525045537795631,0.6645208089590423,0.33719722225128357,0.6525045537795631,,,,,
