client,round,loss,class,accuracy,precision,recall,f1_score,cohen_kappa_score,roc_auc_score,confusion_matrix,TP,FP,FN,TN
6,111,0.9589027762413025,awake,0.682165945080363,0.7941080929711566,0.7432405514493893,0.7678327737463446,0.26588734775257483,0.6389670595132677,[[ 21122 18381][ 24491 70894]],21122,18381,24491,70894
6,111,0.9589027762413025,asleep,0.682165945080363,0.4630697388902287,0.534693567577146,0.49631091686639406,0.26588734775257483,0.6389670595132677,[[ 70894 24491][ 18381 21122]],70894,24491,18381,21122
6,111,0.9589027762413025,avg,0.682165945080363,0.6285889159306927,0.6389670595132677,0.6320718453063694,0.26588734775257483,0.6389670595132677,,,,,
