client,round,loss,class,accuracy,precision,recall,f1_score,cohen_kappa_score,roc_auc_score,confusion_matrix,TP,FP,FN,TN
5,151,0.8969626426696777,awake,0.5938778838740288,0.7487746299382414,0.6406248361901766,0.6904905843733933,0.11035252129908879,0.5608131395592808,[[ 19001 20502][ 34279 61106]],19001,20502,34279,61106
5,151,0.8969626426696777,asleep,0.5938778838740288,0.35662537537537536,0.4810014429283852,0.4095793410430791,0.11035252129908879,0.5608131395592809,[[ 61106 34279][ 20502 19001]],61106,34279,20502,19001
5,151,0.8969626426696777,avg,0.5938778838740288,0.5527000026568084,0.5608131395592809,0.5500349627082362,0.11035252129908879,0.5608131395592808,,,,,
