client,round,loss,class,accuracy,precision,recall,f1_score,cohen_kappa_score,roc_auc_score,confusion_matrix,TP,FP,FN,TN
3,6,0.8907319903373718,awake,0.5662327264100587,0.7966660766866723,0.5190753263091681,0.6285881143118311,0.15979342129501284,0.5995877859300695,[[ 26866 12637][ 45873 49512]],26866,12637,45873,49512
3,6,0.8907319903373718,asleep,0.5662327264100587,0.36934794264424864,0.6801002455509708,0.4787156322945066,0.15979342129501284,0.5995877859300695,[[ 49512 45873][ 12637 26866]],49512,45873,12637,26866
3,6,0.8907319903373718,avg,0.5662327264100587,0.5830070096654605,0.5995877859300695,0.5536518733031689,0.15979342129501284,0.5995877859300695,,,,,
