client,round,loss,class,accuracy,precision,recall,f1_score,cohen_kappa_score,roc_auc_score,confusion_matrix,TP,FP,FN,TN
11,64,0.6937706470489502,awake,0.7060005337761699,0.7907588279489106,0.7944645384494418,0.792607351856791,0.2878115192904275,0.643428760630437,[[ 19451 20052][ 19605 75780]],19451,20052,19605,75780
11,64,0.6937706470489502,asleep,0.7060005337761699,0.4980284719377304,0.49239298281143207,0.49519469443348313,0.2878115192904275,0.6434287606304369,[[ 75780 19605][ 20052 19451]],75780,19605,20052,19451
11,64,0.6937706470489502,avg,0.7060005337761699,0.6443936499433205,0.643428760630437,0.6439010231451371,0.2878115192904275,0.643428760630437,,,,,
