client,round,loss,class,accuracy,precision,recall,f1_score,cohen_kappa_score,roc_auc_score,confusion_matrix,TP,FP,FN,TN
13,67,0.9112546443939209,awake,0.6624829488167961,0.7836838272110701,0.7219898306861666,0.7515728933051767,0.22808563464812082,0.620392935746597,[[ 20494 19009][ 26518 68867]],20494,19009,26518,68867
13,67,0.9112546443939209,asleep,0.6624829488167961,0.43593125159533735,0.5187960408070273,0.47376755475929033,0.22808563464812082,0.6203929357465969,[[ 68867 26518][ 19009 20494]],68867,26518,19009,20494
13,67,0.9112546443939209,avg,0.6624829488167961,0.6098075394032038,0.6203929357465969,0.6126702240322335,0.22808563464812082,0.6203929357465969,,,,,
