client,round,loss,class,accuracy,precision,recall,f1_score,cohen_kappa_score,roc_auc_score,confusion_matrix,TP,FP,FN,TN
3,141,1.127794623374939,awake,0.6511846865547714,0.77419501236697,0.7153745347801017,0.7436234150487951,0.20077522616559684,0.6057823487762747,[[ 19601 19902][ 27149 68236]],19601,19902,27149,68236
3,141,1.127794623374939,asleep,0.6511846865547714,0.4192727272727273,0.49619016277244765,0.4545001333286959,0.20077522616559684,0.6057823487762747,[[ 68236 27149][ 19902 19601]],68236,27149,19902,19601
3,141,1.127794623374939,avg,0.6511846865547714,0.5967338698198487,0.6057823487762747,0.5990617741887455,0.20077522616559684,0.6057823487762747,,,,,
