client,round,loss,class,accuracy,precision,recall,f1_score,cohen_kappa_score,roc_auc_score,confusion_matrix,TP,FP,FN,TN
0,161,0.8865064382553101,awake,0.7280262143407864,0.7600960643737649,0.8991979871048907,0.8238164302248518,0.24571407943767465,0.6069541311369326,[[ 12432 27071][ 9615 85770]],12432,27071,9615,85770
0,161,0.8865064382553101,asleep,0.7280262143407864,0.5638862430262621,0.3147102751689745,0.4039642567018683,0.24571407943767465,0.6069541311369326,[[ 85770 9615][ 27071 12432]],85770,9615,27071,12432
0,161,0.8865064382553101,avg,0.7280262143407864,0.6619911537000135,0.6069541311369326,0.61389034346336,0.24571407943767465,0.6069541311369326,,,,,
