client,round,loss,class,accuracy,precision,recall,f1_score,cohen_kappa_score,roc_auc_score,confusion_matrix,TP,FP,FN,TN
17,29,0.6601490378379822,awake,0.726973489116897,0.7503527178513711,0.9199874194055669,0.8265562745485886,0.21533783372041926,0.5904521558967435,[[ 10307 29196][ 7632 87753]],10307,29196,7632,87753
17,29,0.6601490378379822,asleep,0.726973489116897,0.5745582250961592,0.26091689238791993,0.3588663347376484,0.21533783372041926,0.5904521558967434,[[ 87753 7632][ 29196 10307]],87753,7632,29196,10307
17,29,0.6601490378379822,avg,0.726973489116897,0.6624554714737652,0.5904521558967435,0.5927113046431185,0.21533783372041926,0.5904521558967435,,,,,
