client,round,loss,class,accuracy,precision,recall,f1_score,cohen_kappa_score,roc_auc_score,confusion_matrix,TP,FP,FN,TN
4,188,1.5893563032150269,awake,0.7353433960026096,0.7456901519766849,0.9495832678094039,0.8353754421238547,0.2078072151059167,0.5838086705854604,[[ 8613 30890][ 4809 90576]],8613,30890,4809,90576
4,188,1.5893563032150269,asleep,0.7353433960026096,0.6417076441662941,0.21803407336151684,0.32547945205479456,0.2078072151059167,0.5838086705854605,[[ 90576 4809][ 30890 8613]],90576,4809,30890,8613
4,188,1.5893563032150269,avg,0.7353433960026096,0.6936988980714895,0.5838086705854604,0.5804274470893247,0.2078072151059167,0.5838086705854604,,,,,
