client,round,loss,class,accuracy,precision,recall,f1_score,cohen_kappa_score,roc_auc_score,confusion_matrix,TP,FP,FN,TN
0,149,0.9270025491714478,awake,0.7234965304548959,0.7647149966277184,0.8796246789327462,0.818154780768687,0.2530222902013112,0.6130650038209791,[[ 13688 25815][ 11482 83903]],13688,25815,11482,83903
0,149,0.9270025491714478,asleep,0.7234965304548959,0.5438220103297576,0.34650532870921197,0.42329874909158377,0.2530222902013112,0.6130650038209791,[[ 83903 11482][ 25815 13688]],83903,11482,25815,13688
0,149,0.9270025491714478,avg,0.7234965304548959,0.654268503478738,0.6130650038209791,0.6207267649301353,0.2530222902013112,0.6130650038209791,,,,,
