client,round,loss,class,accuracy,precision,recall,f1_score,cohen_kappa_score,roc_auc_score,confusion_matrix,TP,FP,FN,TN
10,53,1.1801108121871948,awake,0.43884556076152065,0.8382110469909316,0.2558263877968234,0.3920094460107472,0.09158608697732551,0.5682974685104665,[[ 34793 4710][ 70983 24402]],34793,4710,70983,24402
10,53,1.1801108121871948,asleep,0.43884556076152065,0.32893094841930115,0.8807685492241095,0.47898182118544325,0.09158608697732551,0.5682974685104665,[[ 24402 70983][ 4710 34793]],24402,70983,4710,34793
10,53,1.1801108121871948,avg,0.43884556076152065,0.5835709977051164,0.5682974685104665,0.43549563359809523,0.09158608697732551,0.5682974685104665,,,,,
