client,round,loss,class,accuracy,precision,recall,f1_score,cohen_kappa_score,roc_auc_score,confusion_matrix,TP,FP,FN,TN
3,109,1.0160589218139648,awake,0.6526303303481407,0.8002103309619548,0.6780625884573046,0.7340900062425516,0.24304278023612313,0.6346417541937183,[[ 23355 16148][ 30708 64677]],23355,16148,30708,64677
3,109,1.0160589218139648,asleep,0.6526303303481407,0.43199600466122856,0.5912209199301319,0.4992198020648526,0.24304278023612313,0.6346417541937182,[[ 64677 30708][ 16148 23355]],64677,30708,16148,23355
3,109,1.0160589218139648,avg,0.6526303303481407,0.6161031678115917,0.6346417541937183,0.6166549041537022,0.24304278023612313,0.6346417541937182,,,,,
