client,round,loss,class,accuracy,precision,recall,f1_score,cohen_kappa_score,roc_auc_score,confusion_matrix,TP,FP,FN,TN
5,101,0.9629085063934326,awake,0.5673892414447541,0.7610280123496821,0.565938040572417,0.6491420050746161,0.11582921497602328,0.5684156952222893,[[ 22552 16951][ 41403 53982]],22552,16951,41403,53982
5,101,0.9629085063934326,asleep,0.5673892414447541,0.35262293800328354,0.5708933498721616,0.43596435268418104,0.11582921497602328,0.5684156952222893,[[ 53982 41403][ 16951 22552]],53982,41403,16951,22552
5,101,0.9629085063934326,avg,0.5673892414447541,0.5568254751764828,0.5684156952222893,0.5425531788793986,0.11582921497602328,0.5684156952222893,,,,,
