client,round,loss,class,accuracy,precision,recall,f1_score,cohen_kappa_score,roc_auc_score,confusion_matrix,TP,FP,FN,TN
7,139,1.2067604064941406,awake,0.5458009607971057,0.7495939955229777,0.5371284793206479,0.6258199274432923,0.08652382321106034,0.5519351228843828,[[ 22388 17115][ 44151 51234]],22388,17115,44151,51234
7,139,1.2067604064941406,asleep,0.5458009607971057,0.3364643291903996,0.5667417664481179,0.42224778861205936,0.08652382321106034,0.5519351228843828,[[ 51234 44151][ 17115 22388]],51234,44151,17115,22388
7,139,1.2067604064941406,avg,0.5458009607971057,0.5430291623566886,0.551935122884383,0.5240338580276758,0.08652382321106034,0.5519351228843828,,,,,
