client,round,loss,class,accuracy,precision,recall,f1_score,cohen_kappa_score,roc_auc_score,confusion_matrix,TP,FP,FN,TN
14,89,1.182007074356079,awake,0.7385682936955104,0.7517355731787996,0.9411018503957645,0.8358271492285775,0.23195626072802056,0.5953136014503189,[[ 9857 29646][ 5618 89767]],9857,29646,5618,89767
14,89,1.182007074356079,asleep,0.7385682936955104,0.6369628432956381,0.24952535250487304,0.35857979555458547,0.23195626072802056,0.5953136014503188,[[ 89767 5618][ 29646 9857]],89767,5618,29646,9857
14,89,1.182007074356079,avg,0.7385682936955104,0.6943492082372189,0.5953136014503188,0.5972034723915814,0.23195626072802056,0.5953136014503189,,,,,
