client,round,loss,class,accuracy,precision,recall,f1_score,cohen_kappa_score,roc_auc_score,confusion_matrix,TP,FP,FN,TN
1,169,0.8868016004562378,awake,0.5711182610758555,0.7161100875172731,0.6519578550086491,0.6825298394841542,0.026217425371863112,0.5139393355745977,[[ 14850 24653][ 33198 62187]],14850,24653,33198,62187
1,169,0.8868016004562378,asleep,0.5711182610758555,0.3090659340659341,0.3759208161405463,0.33923084830555905,0.026217425371863112,0.5139393355745977,[[ 62187 33198][ 24653 14850]],62187,33198,24653,14850
1,169,0.8868016004562378,avg,0.5711182610758555,0.5125880107916037,0.5139393355745977,0.5108803438948566,0.026217425371863112,0.5139393355745977,,,,,
