client,round,loss,class,accuracy,precision,recall,f1_score,cohen_kappa_score,roc_auc_score,confusion_matrix,TP,FP,FN,TN
1,17,0.7758259773254395,awake,0.6532901370025502,0.7024973760058644,0.8841222414425748,0.7829142509666667,-0.024428172690593053,0.49001950362891467,[[ 3789 35714][ 11053 84332]],3789,35714,11053,84332
1,17,0.7758259773254395,asleep,0.6532901370025502,0.2552890446031532,0.09591676581525453,0.13944245100745237,-0.024428172690593053,0.4900195036289146,[[ 84332 11053][ 35714 3789]],84332,11053,35714,3789
1,17,0.7758259773254395,avg,0.6532901370025502,0.4788932103045088,0.49001950362891467,0.4611783509870595,-0.024428172690593053,0.49001950362891467,,,,,
