client,round,loss,class,accuracy,precision,recall,f1_score,cohen_kappa_score,roc_auc_score,confusion_matrix,TP,FP,FN,TN
7,55,0.8083099126815796,awake,0.6371878892117905,0.757901517002421,0.7154793730670441,0.736079727769359,0.15739133993828802,0.5818112760330537,[[ 17703 21800][ 27139 68246]],17703,21800,27139,68246
7,55,0.8083099126815796,asleep,0.6371878892117905,0.3947861379956291,0.44814317899906336,0.41977592032722744,0.15739133993828802,0.5818112760330537,[[ 68246 27139][ 21800 17703]],68246,27139,21800,17703
7,55,0.8083099126815796,avg,0.6371878892117905,0.5763438274990251,0.5818112760330537,0.5779278240482932,0.15739133993828802,0.5818112760330537,,,,,
