client,round,loss,class,accuracy,precision,recall,f1_score,cohen_kappa_score,roc_auc_score,confusion_matrix,TP,FP,FN,TN
4,143,1.491140365600586,awake,0.716275725045964,0.7274407046942449,0.9575509776170258,0.8267833785184414,0.11753462620294453,0.5456185133889245,[[ 5281 34222][ 4049 91336]],5281,34222,4049,91336
4,143,1.491140365600586,asleep,0.716275725045964,0.5660235798499464,0.13368604916082322,0.21628816578952756,0.11753462620294453,0.5456185133889245,[[ 91336 4049][ 34222 5281]],91336,4049,34222,5281
4,143,1.491140365600586,avg,0.716275725045964,0.6467321422720957,0.5456185133889245,0.5215357721539845,0.11753462620294453,0.5456185133889245,,,,,
