client,round,loss,class,accuracy,precision,recall,f1_score,cohen_kappa_score,roc_auc_score,confusion_matrix,TP,FP,FN,TN
18,152,1.117746353149414,awake,0.7189371923373465,0.7240785072089705,0.9735073648896577,0.8304684565439034,0.10280027303489236,0.5388763060430366,[[ 4118 35385][ 2527 92858]],4118,35385,2527,92858
18,152,1.117746353149414,asleep,0.7189371923373465,0.6197140707298721,0.10424524719641547,0.17846927277455144,0.10280027303489236,0.5388763060430366,[[ 92858 2527][ 35385 4118]],92858,2527,35385,4118
18,152,1.117746353149414,avg,0.7189371923373465,0.6718962889694213,0.5388763060430366,0.5044688646592275,0.10280027303489236,0.5388763060430366,,,,,
