client,round,loss,class,accuracy,precision,recall,f1_score,cohen_kappa_score,roc_auc_score,confusion_matrix,TP,FP,FN,TN
5,182,0.8931465148925781,awake,0.5973548425360299,0.7493716075917088,0.6469885202075798,0.6944266279580057,0.11352578142109271,0.5622482787859153,[[ 18863 20640][ 33672 61713]],18863,20640,33672,61713
5,182,0.8931465148925781,asleep,0.5973548425360299,0.3590558675168935,0.4775080373642508,0.4098959125578565,0.11352578142109271,0.5622482787859153,[[ 61713 33672][ 20640 18863]],61713,33672,20640,18863
5,182,0.8931465148925781,avg,0.5973548425360299,0.5542137375543011,0.5622482787859153,0.552161270257931,0.11352578142109271,0.5622482787859153,,,,,
