client,round,loss,class,accuracy,precision,recall,f1_score,cohen_kappa_score,roc_auc_score,confusion_matrix,TP,FP,FN,TN
8,190,0.854281485080719,awake,0.7000696874443983,0.7743711163060201,0.8126330135765581,0.7930408270795924,0.24962843724918393,0.6204521420564866,[[ 16918 22585][ 17872 77513]],16918,22585,17872,77513
8,190,0.854281485080719,asleep,0.7000696874443983,0.48628916355274504,0.42827127053641495,0.45543994723594416,0.24962843724918393,0.6204521420564866,[[ 77513 17872][ 22585 16918]],77513,17872,22585,16918
8,190,0.854281485080719,avg,0.7000696874443983,0.6303301399293826,0.6204521420564866,0.6242403871577683,0.24962843724918393,0.6204521420564866,,,,,
