client,round,loss,class,accuracy,precision,recall,f1_score,cohen_kappa_score,roc_auc_score,confusion_matrix,TP,FP,FN,TN
8,191,0.8376345038414001,awake,0.6804830674337228,0.7735023957483314,0.7751323583372648,0.774316519262087,0.22741167116171535,0.613536358648672,[[ 17853 21650][ 21449 73936]],17853,21650,21449,73936
8,191,0.8376345038414001,asleep,0.6804830674337228,0.4542516920258511,0.451940358960079,0.4530930778503902,0.22741167116171535,0.613536358648672,[[ 73936 21449][ 21650 17853]],73936,21449,21650,17853
8,191,0.8376345038414001,avg,0.6804830674337228,0.6138770438870912,0.613536358648672,0.6137047985562386,0.22741167116171535,0.613536358648672,,,,,
