client,round,loss,class,accuracy,precision,recall,f1_score,cohen_kappa_score,roc_auc_score,confusion_matrix,TP,FP,FN,TN
13,33,0.8058633804321289,awake,0.6520372457149636,0.7791001785817155,0.7089374639618389,0.7423646942584258,0.21019306941827332,0.6117909606724112,[[ 20330 19173][ 27763 67622]],20330,19173,27763,67622
13,33,0.8058633804321289,asleep,0.6520372457149636,0.4227226415486661,0.5146444573829836,0.46417644641307826,0.21019306941827332,0.6117909606724112,[[ 67622 27763][ 19173 20330]],67622,27763,19173,20330
13,33,0.8058633804321289,avg,0.6520372457149636,0.6009114100651909,0.6117909606724112,0.603270570335752,0.21019306941827332,0.6117909606724112,,,,,
