client,round,loss,class,accuracy,precision,recall,f1_score,cohen_kappa_score,roc_auc_score,confusion_matrix,TP,FP,FN,TN
12,174,1.603155255317688,awake,0.7236670422869343,0.7393270458383098,0.9410074959375164,0.8280640250934084,0.17332015143785573,0.5699392338812205,[[ 7856 31647][ 5627 89758]],7856,31647,5627,89758
12,174,1.603155255317688,asleep,0.7236670422869343,0.5826596454794927,0.1988709718249247,0.29653115917412143,0.17332015143785573,0.5699392338812206,[[ 89758 5627][ 31647 7856]],89758,5627,31647,7856
12,174,1.603155255317688,avg,0.7236670422869343,0.6609933456589012,0.5699392338812206,0.562297592133765,0.17332015143785573,0.5699392338812206,,,,,
