client,round,loss,class,accuracy,precision,recall,f1_score,cohen_kappa_score,roc_auc_score,confusion_matrix,TP,FP,FN,TN
9,56,0.8814619779586792,awake,0.7480131664788565,0.755989559445283,0.9504219741049431,0.8421287308060306,0.2563217964305997,0.6048467109215447,[[ 10242 29261][ 4729 90656]],10242,29261,4729,90656
9,56,0.8814619779586792,asleep,0.7480131664788565,0.6841226370983903,0.2592714477381465,0.3760326027095495,0.2563217964305997,0.6048467109215449,[[ 90656 4729][ 29261 10242]],90656,4729,29261,10242
9,56,0.8814619779586792,avg,0.7480131664788565,0.7200560982718367,0.6048467109215447,0.60908066675779,0.2563217964305997,0.6048467109215447,,,,,
