client,round,loss,class,accuracy,precision,recall,f1_score,cohen_kappa_score,roc_auc_score,confusion_matrix,TP,FP,FN,TN
10,127,1.1389317512512207,awake,0.4490466164521677,0.810188457008245,0.2884520626932956,0.42543584985890454,0.08607050129727578,0.5626372912509588,[[ 33057 6446][ 67871 27514]],33057,6446,67871,27514
10,127,1.1389317512512207,asleep,0.4490466164521677,0.3275305168040583,0.8368225198086221,0.4707934857688117,0.08607050129727578,0.5626372912509588,[[ 27514 67871][ 6446 33057]],27514,67871,6446,33057
10,127,1.1389317512512207,avg,0.4490466164521677,0.5688594869061516,0.5626372912509588,0.4481146678138581,0.08607050129727578,0.5626372912509588,,,,,
