client,round,loss,class,accuracy,precision,recall,f1_score,cohen_kappa_score,roc_auc_score,confusion_matrix,TP,FP,FN,TN
7,110,0.734716534614563,awake,0.6757680445999644,0.7642862990707765,0.7829637783718614,0.7735123070310356,0.2034101198376872,0.5999470690456881,[[ 16470 23033][ 20702 74683]],16470,23033,20702,74683
7,110,0.734716534614563,asleep,0.6757680445999644,0.4430754331217045,0.416930359719515,0.42960547766547114,0.2034101198376872,0.5999470690456882,[[ 74683 20702][ 23033 16470]],74683,20702,23033,16470
7,110,0.734716534614563,avg,0.6757680445999644,0.6036808660962405,0.5999470690456882,0.6015588923482533,0.2034101198376872,0.5999470690456881,,,,,
