client,round,loss,class,accuracy,precision,recall,f1_score,cohen_kappa_score,roc_auc_score,confusion_matrix,TP,FP,FN,TN
9,80,0.9985409379005432,awake,0.7508896269497657,0.7591068837388759,0.9488179483147245,0.8434261537314546,0.26940684232928613,0.6108922792228003,[[ 10783 28720][ 4882 90503]],10783,28720,4882,90503
9,80,0.9985409379005432,asleep,0.7508896269497657,0.6883498244494095,0.27296661013087614,0.39091502320185617,0.26940684232928613,0.6108922792228003,[[ 90503 4882][ 28720 10783]],90503,4882,28720,10783
9,80,0.9985409379005432,avg,0.7508896269497657,0.7237283540941427,0.6108922792228003,0.6171705884666554,0.26940684232928613,0.6108922792228003,,,,,
