client,round,loss,class,accuracy,precision,recall,f1_score,cohen_kappa_score,roc_auc_score,confusion_matrix,TP,FP,FN,TN
9,61,0.9635836482048035,awake,0.7461004685368602,0.754692928737471,0.9496147192954867,0.8410072142837247,0.24996989006029258,0.6021521182736705,[[ 10061 29442][ 4806 90579]],10061,29442,4806,90579
9,61,0.9635836482048035,asleep,0.7461004685368602,0.6767337055222977,0.2546895172518543,0.3700938017288946,0.24996989006029258,0.6021521182736704,[[ 90579 4806][ 29442 10061]],90579,4806,29442,10061
9,61,0.9635836482048035,avg,0.7461004685368602,0.7157133171298844,0.6021521182736704,0.6055505080063097,0.24996989006029258,0.6021521182736704,,,,,
