client,round,loss,class,accuracy,precision,recall,f1_score,cohen_kappa_score,roc_auc_score,confusion_matrix,TP,FP,FN,TN
9,163,0.9981177449226379,awake,0.7589185101714014,0.7841735073952193,0.9093568171096085,0.8421384777448214,0.34384808286142376,0.652511484523718,[[ 15630 23873][ 8646 86739]],15630,23873,8646,86739
9,163,0.9981177449226379,asleep,0.7589185101714014,0.6438457736035591,0.3956661519378275,0.49012998008748954,0.34384808286142376,0.652511484523718,[[ 86739 8646][ 23873 15630]],86739,8646,23873,15630
9,163,0.9981177449226379,avg,0.7589185101714014,0.7140096404993892,0.652511484523718,0.6661342289161555,0.34384808286142376,0.652511484523718,,,,,
