client,round,loss,class,accuracy,precision,recall,f1_score,cohen_kappa_score,roc_auc_score,confusion_matrix,TP,FP,FN,TN
0,108,0.8595259189605713,awake,0.7365295652689638,0.7625054829370997,0.9112334224458772,0.8302614925373134,0.262074928866846,0.6129591915408892,[[ 12431 27072][ 8467 86918]],12431,27072,8467,86918
0,108,0.8595259189605713,asleep,0.7365295652689638,0.5948416116374773,0.31468496063590107,0.4116157017267926,0.262074928866846,0.6129591915408892,[[ 86918 8467][ 27072 12431]],86918,8467,27072,12431
0,108,0.8595259189605713,avg,0.7365295652689638,0.6786735472872885,0.6129591915408892,0.620938597132053,0.262074928866846,0.6129591915408892,,,,,
