client,round,loss,class,accuracy,precision,recall,f1_score,cohen_kappa_score,roc_auc_score,confusion_matrix,TP,FP,FN,TN
9,124,1.05067777633667,awake,0.7555082735306328,0.7713021249956526,0.9300099596372595,0.8432534684429912,0.30915682614315676,0.632080898103317,[[ 13200 26303][ 6676 88709]],13200,26303,6676,88709
9,124,1.05067777633667,asleep,0.7555082735306328,0.6641175286778024,0.33415183656937447,0.44460162683777094,0.30915682614315676,0.632080898103317,[[ 88709 6676][ 26303 13200]],88709,6676,26303,13200
9,124,1.05067777633667,avg,0.7555082735306328,0.7177098268367275,0.632080898103317,0.6439275476403811,0.30915682614315676,0.632080898103317,,,,,
