client,round,loss,class,accuracy,precision,recall,f1_score,cohen_kappa_score,roc_auc_score,confusion_matrix,TP,FP,FN,TN
12,101,1.4814338684082031,awake,0.7118498309708795,0.7511263963315471,0.8861141688944802,0.8130555234907075,0.2029825928265072,0.5885903350864321,[[ 11498 28005][ 10863 84522]],11498,28005,10863,84522
12,101,1.4814338684082031,asleep,0.7118498309708795,0.5141988283171594,0.2910665012783839,0.3717186085607138,0.2029825928265072,0.5885903350864321,[[ 84522 10863][ 28005 11498]],84522,10863,28005,11498
12,101,1.4814338684082031,avg,0.7118498309708795,0.6326626123243533,0.5885903350864321,0.5923870660257107,0.2029825928265072,0.5885903350864321,,,,,
