client,round,loss,class,accuracy,precision,recall,f1_score,cohen_kappa_score,roc_auc_score,confusion_matrix,TP,FP,FN,TN
16,109,1.0044183731079102,awake,0.7215022833758378,0.7512842577381418,0.9061487655291712,0.8214815237226277,0.21282937897011456,0.5908993580829158,[[ 10889 28614][ 8952 86433]],10889,28614,8952,86433
16,109,1.0044183731079102,asleep,0.7215022833758378,0.5488130638576685,0.27564995063666053,0.36697897007279595,0.21282937897011456,0.5908993580829159,[[ 86433 8952][ 28614 10889]],86433,8952,28614,10889
16,109,1.0044183731079102,avg,0.7215022833758378,0.6500486607979051,0.5908993580829158,0.5942302468977119,0.21282937897011456,0.5908993580829158,,,,,
