client,round,loss,class,accuracy,precision,recall,f1_score,cohen_kappa_score,roc_auc_score,confusion_matrix,TP,FP,FN,TN
11,34,0.6106048226356506,awake,0.7179215349030307,0.7826048382326847,0.8323006762069508,0.8066881068146138,0.28692652232100346,0.6370196391692172,[[ 17450 22053][ 15996 79389]],17450,22053,15996,79389
11,34,0.6106048226356506,asleep,0.7179215349030307,0.5217365305268193,0.4417386021314837,0.47841642791539296,0.28692652232100346,0.6370196391692173,[[ 79389 15996][ 22053 17450]],79389,15996,22053,17450
11,34,0.6106048226356506,avg,0.7179215349030307,0.652170684379752,0.6370196391692172,0.6425522673650034,0.28692652232100346,0.6370196391692173,,,,,
