client,round,loss,class,accuracy,precision,recall,f1_score,cohen_kappa_score,roc_auc_score,confusion_matrix,TP,FP,FN,TN
12,14,0.9782271981239319,awake,0.7072385979479272,0.7432480655914634,0.8952560675158568,0.8122009910689659,0.1736180104195908,0.5742513281912627,[[ 10004 29499][ 9991 85394]],10004,29499,9991,85394
12,14,0.9782271981239319,asleep,0.7072385979479272,0.5003250812703176,0.25324658886666834,0.3362802110995328,0.1736180104195908,0.5742513281912626,[[ 85394 9991][ 29499 10004]],85394,9991,29499,10004
12,14,0.9782271981239319,avg,0.7072385979479272,0.6217865734308905,0.5742513281912626,0.5742406010842493,0.1736180104195908,0.5742513281912627,,,,,
