client,round,loss,class,accuracy,precision,recall,f1_score,cohen_kappa_score,roc_auc_score,confusion_matrix,TP,FP,FN,TN
9,140,1.0696907043457031,awake,0.7558492971947097,0.7719513682046995,0.9292551239712743,0.8433306217204946,0.31125610240485524,0.6331970377216571,[[ 13318 26185][ 6748 88637]],13318,26185,6748,88637
9,140,1.0696907043457031,asleep,0.7558492971947097,0.6637097577992624,0.3371389514720401,0.4471453272675385,0.31125610240485524,0.6331970377216573,[[ 88637 6748][ 26185 13318]],88637,6748,26185,13318
9,140,1.0696907043457031,avg,0.7558492971947097,0.717830563001981,0.6331970377216571,0.6452379744940165,0.31125610240485524,0.6331970377216571,,,,,
