client,round,loss,class,accuracy,precision,recall,f1_score,cohen_kappa_score,roc_auc_score,confusion_matrix,TP,FP,FN,TN
11,144,0.7525332570075989,awake,0.682321629796572,0.7862576285963383,0.756376788803271,0.7710278126586338,0.2530798990193467,0.6299414258169711,[[ 19890 19613][ 23238 72147]],19890,19613,23238,72147
11,144,0.7525332570075989,asleep,0.682321629796572,0.4611853088480801,0.5035060628306711,0.4814173857269064,0.2530798990193467,0.6299414258169711,[[ 72147 23238][ 19613 19890]],72147,23238,19613,19890
11,144,0.7525332570075989,avg,0.682321629796572,0.6237214687222092,0.6299414258169711,0.6262225991927701,0.2530798990193467,0.6299414258169711,,,,,
