client,round,loss,class,accuracy,precision,recall,f1_score,cohen_kappa_score,roc_auc_score,confusion_matrix,TP,FP,FN,TN
11,96,0.7051796317100525,awake,0.7056298558804341,0.7908196310302321,0.793646799811291,0.7922306931573796,0.2874755102133332,0.6433742947743897,[[ 19479 20024][ 19683 75702]],19479,20024,19683,75702
11,96,0.7051796317100525,asleep,0.7056298558804341,0.49739543434962463,0.4931017897374883,0.49523930591749826,0.2874755102133332,0.6433742947743897,[[ 75702 19683][ 20024 19479]],75702,19683,20024,19479
11,96,0.7051796317100525,avg,0.7056298558804341,0.6441075326899284,0.6433742947743897,0.643734999537439,0.2874755102133332,0.6433742947743897,,,,,
