client,round,loss,class,accuracy,precision,recall,f1_score,cohen_kappa_score,roc_auc_score,confusion_matrix,TP,FP,FN,TN
4,167,1.4801446199417114,awake,0.7259800723563252,0.7410448315413369,0.9415002358861456,0.8293315848770849,0.18187854847319085,0.5735397794877657,[[ 8121 31382][ 5580 89805]],8121,31382,5580,89805
4,167,1.4801446199417114,asleep,0.7259800723563252,0.5927304576308299,0.20557932308938562,0.30527779866175475,0.18187854847319085,0.5735397794877656,[[ 89805 5580][ 31382 8121]],89805,5580,31382,8121
4,167,1.4801446199417114,avg,0.7259800723563252,0.6668876445860834,0.5735397794877656,0.5673046917694198,0.18187854847319085,0.5735397794877657,,,,,
