client,round,loss,class,accuracy,precision,recall,f1_score,cohen_kappa_score,roc_auc_score,confusion_matrix,TP,FP,FN,TN
9,131,1.050220012664795,awake,0.75610135816381,0.7687801101169993,0.9368663836032919,0.8445410513880685,0.30340902527344416,0.6282438390942566,[[ 12626 26877][ 6022 89363]],12626,26877,6022,89363
9,131,1.050220012664795,asleep,0.75610135816381,0.6770699270699271,0.31962129458522137,0.43424876614331653,0.30340902527344416,0.6282438390942566,[[ 89363 6022][ 26877 12626]],89363,6022,26877,12626
9,131,1.050220012664795,avg,0.75610135816381,0.7229250185934633,0.6282438390942566,0.6393949087656925,0.30340902527344416,0.6282438390942566,,,,,
