client,round,loss,class,accuracy,precision,recall,f1_score,cohen_kappa_score,roc_auc_score,confusion_matrix,TP,FP,FN,TN
7,83,1.0396918058395386,awake,0.5887995967024494,0.7630022005244363,0.6070661005399172,0.6761601158364278,0.13259207742541057,0.5758794543405354,[[ 21517 17986][ 37480 57905]],21517,17986,37480,57905
7,83,1.0396918058395386,asleep,0.5887995967024494,0.364713460006441,0.5446928081411538,0.4368934010152284,0.13259207742541057,0.5758794543405356,[[ 57905 37480][ 17986 21517]],57905,37480,17986,21517
7,83,1.0396918058395386,avg,0.5887995967024494,0.5638578302654387,0.5758794543405354,0.5565267584258281,0.13259207742541057,0.5758794543405354,,,,,
