client,round,loss,class,accuracy,precision,recall,f1_score,cohen_kappa_score,roc_auc_score,confusion_matrix,TP,FP,FN,TN
9,167,1.0026177167892456,awake,0.7549522566870293,0.7754182242371219,0.9198930649473187,0.8414995540466669,0.3185559332025685,0.6382874179760263,[[ 14090 25413][ 7641 87744]],14090,25413,7641,87744
9,167,1.0026177167892456,asleep,0.7549522566870293,0.6483824950531499,0.3566817710047338,0.460201848646177,0.3185559332025685,0.6382874179760263,[[ 87744 7641][ 25413 14090]],87744,7641,25413,14090
9,167,1.0026177167892456,avg,0.7549522566870293,0.7119003596451359,0.6382874179760263,0.650850701346422,0.3185559332025685,0.6382874179760263,,,,,
