client,round,loss,class,accuracy,precision,recall,f1_score,cohen_kappa_score,roc_auc_score,confusion_matrix,TP,FP,FN,TN
3,26,0.8042422533035278,awake,0.6483082260838622,0.8036632634965672,0.6651569953346962,0.7278797230555667,0.24314243312140338,0.6363908663482077,[[ 24003 15500][ 31939 63446]],24003,15500,31939,63446
3,26,0.8042422533035278,asleep,0.6483082260838622,0.42906939330020377,0.6076247373617194,0.5029702970297029,0.24314243312140338,0.6363908663482079,[[ 63446 31939][ 15500 24003]],63446,31939,15500,24003
3,26,0.8042422533035278,avg,0.6483082260838622,0.6163663283983856,0.6363908663482079,0.6154250100426348,0.24314243312140338,0.6363908663482079,,,,,
