client,round,loss,class,accuracy,precision,recall,f1_score,cohen_kappa_score,roc_auc_score,confusion_matrix,TP,FP,FN,TN
1,10,0.71578049659729,awake,0.6203591127453888,0.6946799696804103,0.826303926193846,0.7547966654376733,-0.05845016886864984,0.47469159299844943,[[ 4862 34641][ 16568 78817]],4862,34641,16568,78817
1,10,0.71578049659729,asleep,0.6203591127453888,0.2268782081194587,0.12307925980305293,0.15958511808051468,-0.05845016886864984,0.4746915929984495,[[ 78817 16568][ 34641 4862]],78817,16568,34641,4862
1,10,0.71578049659729,avg,0.6203591127453888,0.4607790888999345,0.47469159299844943,0.457190891759094,-0.05845016886864984,0.47469159299844943,,,,,
