client,round,loss,class,accuracy,precision,recall,f1_score,cohen_kappa_score,roc_auc_score,confusion_matrix,TP,FP,FN,TN
15,48,1.2646269798278809,awake,0.38987159717691716,0.6490704456392965,0.29867379567017877,0.4090984153880397,-0.0660322766030974,0.4543770213700108,[[ 24100 15403][ 66896 28489]],24100,15403,66896,28489
15,48,1.2646269798278809,asleep,0.38987159717691716,0.2648468064530309,0.6100802470698428,0.3693514892834427,-0.0660322766030974,0.45437702137001074,[[ 28489 66896][ 15403 24100]],28489,66896,15403,24100
15,48,1.2646269798278809,avg,0.38987159717691716,0.45695862604616366,0.4543770213700108,0.38922495233574117,-0.0660322766030974,0.4543770213700108,,,,,
