client,round,loss,class,accuracy,precision,recall,f1_score,cohen_kappa_score,roc_auc_score,confusion_matrix,TP,FP,FN,TN
12,127,1.6221076250076294,awake,0.7088102722258466,0.73595585947028,0.9173350107459244,0.8166960677251047,0.14852713971060394,0.561317936985751,[[ 8110 31393][ 7885 87500]],8110,31393,7885,87500
12,127,1.6221076250076294,asleep,0.7088102722258466,0.5070334479524852,0.2053008632255778,0.29226278424447727,0.14852713971060394,0.561317936985751,[[ 87500 7885][ 31393 8110]],87500,7885,31393,8110
12,127,1.6221076250076294,avg,0.7088102722258466,0.6214946537113826,0.561317936985751,0.5544794259847909,0.14852713971060394,0.561317936985751,,,,,
