client,round,loss,class,accuracy,precision,recall,f1_score,cohen_kappa_score,roc_auc_score,confusion_matrix,TP,FP,FN,TN
7,56,0.8700747489929199,awake,0.6151844493209181,0.7379748221127531,0.7067568275934372,0.722028543122607,0.09789893518615111,0.550414081973819,[[ 15567 23936][ 27971 67414]],15567,23936,27971,67414
7,56,0.8700747489929199,asleep,0.6151844493209181,0.3575497266755478,0.39407133635420094,0.374923230693272,0.09789893518615111,0.550414081973819,[[ 67414 27971][ 23936 15567]],67414,27971,23936,15567
7,56,0.8700747489929199,avg,0.6151844493209181,0.5477622743941505,0.550414081973819,0.5484758869079395,0.09789893518615111,0.550414081973819,,,,,
