client,round,loss,class,accuracy,precision,recall,f1_score,cohen_kappa_score,roc_auc_score,confusion_matrix,TP,FP,FN,TN
13,3,0.6816384196281433,awake,0.721131605480102,0.7435393708422215,0.9245269172301724,0.8242144419313233,0.1866744366175802,0.5772673823677126,[[ 9086 30417][ 7199 88186]],9086,30417,7199,88186
13,3,0.6816384196281433,asleep,0.721131605480102,0.5579367516119128,0.23000784750525277,0.32573313257331327,0.1866744366175802,0.5772673823677126,[[ 88186 7199][ 30417 9086]],88186,7199,30417,9086
13,3,0.6816384196281433,avg,0.721131605480102,0.6507380612270672,0.5772673823677126,0.5749737872523183,0.1866744366175802,0.5772673823677126,,,,,
