client,round,loss,class,accuracy,precision,recall,f1_score,cohen_kappa_score,roc_auc_score,confusion_matrix,TP,FP,FN,TN
17,152,0.7954363226890564,awake,0.7313771425182374,0.7451976885896915,0.9423389421816848,0.8322531064239551,0.20214777086315305,0.582161041351329,[[ 8769 30734][ 5500 89885]],8769,30734,5500,89885
17,152,0.7954363226890564,asleep,0.7313771425182374,0.6145490223561567,0.2219831405209731,0.3261548761437179,0.20214777086315305,0.582161041351329,[[ 89885 5500][ 30734 8769]],89885,5500,30734,8769
17,152,0.7954363226890564,avg,0.7313771425182374,0.6798733554729242,0.582161041351329,0.5792039912838365,0.20214777086315305,0.582161041351329,,,,,
