client,round,loss,class,accuracy,precision,recall,f1_score,cohen_kappa_score,roc_auc_score,confusion_matrix,TP,FP,FN,TN
7,98,1.0881656408309937,awake,0.597428978115177,0.7870568342207129,0.5904597158882424,0.674729250527123,0.17397863253855494,0.6023584304576013,[[ 24265 15238][ 39064 56321]],24265,15238,39064,56321
7,98,1.0881656408309937,asleep,0.597428978115177,0.3831577950070268,0.6142571450269599,0.47193480628598106,0.17397863253855494,0.6023584304576011,[[ 56321 39064][ 15238 24265]],56321,39064,15238,24265
7,98,1.0881656408309937,avg,0.597428978115177,0.5851073146138699,0.6023584304576012,0.573332028406552,0.17397863253855494,0.6023584304576012,,,,,
