client,round,loss,class,accuracy,precision,recall,f1_score,cohen_kappa_score,roc_auc_score,confusion_matrix,TP,FP,FN,TN
11,167,0.7373427152633667,awake,0.6939460886068441,0.7927534036059826,0.7679614195104052,0.7801605009931465,0.2770595550211765,0.641594055577039,[[ 20353 19150][ 22133 73252]],20353,19150,22133,73252
11,167,0.7373427152633667,asleep,0.6939460886068441,0.47905192298639554,0.5152266916436726,0.4964812352876605,0.2770595550211765,0.641594055577039,[[ 73252 22133][ 19150 20353]],73252,22133,19150,20353
11,167,0.7373427152633667,avg,0.6939460886068441,0.635902663296189,0.641594055577039,0.6383208681404036,0.2770595550211765,0.641594055577039,,,,,
