client,round,loss,class,accuracy,precision,recall,f1_score,cohen_kappa_score,roc_auc_score,confusion_matrix,TP,FP,FN,TN
2,198,0.7819686532020569,awake,0.7300130478619299,0.7840989024754527,0.8531005923363212,0.8171456688959852,0.3048802742422356,0.6429515821464407,[[ 17097 22406][ 14012 81373]],17097,22406,14012,81373
2,198,0.7819686532020569,asleep,0.7300130478619299,0.5495837217525475,0.43280257195656024,0.484251968503937,0.3048802742422356,0.6429515821464408,[[ 81373 14012][ 22406 17097]],81373,14012,22406,17097
2,198,0.7819686532020569,avg,0.7300130478619299,0.6668413121140001,0.6429515821464407,0.650698818699961,0.3048802742422356,0.6429515821464407,,,,,
