client,round,loss,class,accuracy,precision,recall,f1_score,cohen_kappa_score,roc_auc_score,confusion_matrix,TP,FP,FN,TN
1,146,0.8732389807701111,awake,0.6004907775339541,0.7246767591449549,0.7015883000471772,0.7129456509580198,0.05668880007250754,0.5289831483275149,[[ 14078 25425][ 28464 66921]],14078,25425,28464,66921
1,146,0.8732389807701111,asleep,0.6004907775339541,0.3309200319684077,0.3563779966078526,0.3431775245292218,0.05668880007250754,0.5289831483275149,[[ 66921 28464][ 25425 14078]],66921,28464,25425,14078
1,146,0.8732389807701111,avg,0.6004907775339541,0.5277983955566813,0.5289831483275149,0.5280615877436208,0.05668880007250754,0.5289831483275149,,,,,
