client,round,loss,class,accuracy,precision,recall,f1_score,cohen_kappa_score,roc_auc_score,confusion_matrix,TP,FP,FN,TN
3,54,0.86561119556427,awake,0.6602662950002965,0.7956028487241581,0.6991979871048907,0.7442916768966363,0.24450322720334938,0.6327293887123066,[[ 22369 17134][ 28692 66693]],22369,17134,28692,66693
3,54,0.86561119556427,asleep,0.6602662950002965,0.4380838604806016,0.5662607903197225,0.4939931981802923,0.24450322720334938,0.6327293887123067,[[ 66693 28692][ 17134 22369]],66693,28692,17134,22369
3,54,0.86561119556427,avg,0.6602662950002965,0.6168433546023798,0.6327293887123067,0.6191424375384643,0.24450322720334938,0.6327293887123067,,,,,
