client,round,loss,class,accuracy,precision,recall,f1_score,cohen_kappa_score,roc_auc_score,confusion_matrix,TP,FP,FN,TN
13,105,0.9039350748062134,awake,0.6826478263448194,0.8072149768615903,0.7241704670545683,0.7634410384787546,0.2857625724041223,0.6532783074710352,[[ 23006 16497][ 26310 69075]],23006,16497,26310,69075
13,105,0.9039350748062134,asleep,0.6826478263448194,0.4665017438559494,0.5823861478875022,0.5180423107668404,0.2857625724041223,0.6532783074710353,[[ 69075 26310][ 16497 23006]],69075,26310,16497,23006
13,105,0.9039350748062134,avg,0.6826478263448194,0.6368583603587699,0.6532783074710353,0.6407416746227974,0.2857625724041223,0.6532783074710353,,,,,
