client,round,loss,class,accuracy,precision,recall,f1_score,cohen_kappa_score,roc_auc_score,confusion_matrix,TP,FP,FN,TN
18,186,1.0029610395431519,awake,0.7356325247612835,0.7446161911549078,0.953000995963726,0.8360188353014752,0.20418784537926316,0.5818848991665831,[[ 8326 31177][ 4483 90902]],8326,31177,4483,90902
18,186,1.0029610395431519,asleep,0.7356325247612835,0.6500117105160435,0.2107688023694403,0.3183208441657746,0.20418784537926316,0.5818848991665831,[[ 90902 4483][ 31177 8326]],90902,4483,31177,8326
18,186,1.0029610395431519,avg,0.7356325247612835,0.6973139508354756,0.5818848991665831,0.5771698397336249,0.20418784537926316,0.5818848991665831,,,,,
