client,round,loss,class,accuracy,precision,recall,f1_score,cohen_kappa_score,roc_auc_score,confusion_matrix,TP,FP,FN,TN
0,199,1.006934404373169,awake,0.724971828479924,0.7460010635693726,0.9265398123394664,0.8265265087396073,0.19883617707414802,0.5824000988133299,[[ 9412 30091][ 7007 88378]],9412,30091,7007,88378
0,199,1.006934404373169,asleep,0.724971828479924,0.5732383214568487,0.23826038528719337,0.33661170916633876,0.19883617707414802,0.5824000988133299,[[ 88378 7007][ 30091 9412]],88378,7007,30091,9412
0,199,1.006934404373169,avg,0.724971828479924,0.6596196925131106,0.5824000988133299,0.5815691089529731,0.19883617707414802,0.5824000988133299,,,,,
