client,round,loss,class,accuracy,precision,recall,f1_score,cohen_kappa_score,roc_auc_score,confusion_matrix,TP,FP,FN,TN
1,48,0.7565056085586548,awake,0.6472851550916315,0.710593085949889,0.8456046548199403,0.7722422484238343,0.01619923278149049,0.5070111216787598,[[ 6653 32850][ 14727 80658]],6653,32850,14727,80658
1,48,0.7565056085586548,asleep,0.6472851550916315,0.311178671655753,0.16841758853757943,0.21855033424765533,0.01619923278149049,0.5070111216787598,[[ 80658 14727][ 32850 6653]],80658,14727,32850,6653
1,48,0.7565056085586548,avg,0.6472851550916315,0.510885878802821,0.5070111216787598,0.4953962913357448,0.01619923278149049,0.5070111216787598,,,,,
