client,round,loss,class,accuracy,precision,recall,f1_score,cohen_kappa_score,roc_auc_score,confusion_matrix,TP,FP,FN,TN
15,152,1.0570995807647705,awake,0.4916078524405433,0.6835553973187999,0.5233317607590292,0.5928081134360972,-0.052892591935126854,0.46916910798248146,[[ 16394 23109][ 45467 49918]],16394,23109,45467,49918
15,152,1.0570995807647705,asleep,0.4916078524405433,0.2650134980035887,0.4150064552059337,0.32346789787301217,-0.052892591935126854,0.4691691079824815,[[ 49918 45467][ 23109 16394]],49918,45467,23109,16394
15,152,1.0570995807647705,avg,0.4916078524405433,0.47428444766119426,0.46916910798248146,0.45813800565455465,-0.052892591935126854,0.46916910798248146,,,,,
