client,round,loss,class,accuracy,precision,recall,f1_score,cohen_kappa_score,roc_auc_score,confusion_matrix,TP,FP,FN,TN
18,42,0.8965878486633301,awake,0.7196414803392444,0.7241255800915688,0.9749751009068511,0.8310330499122035,0.10342229081223986,0.539040597057481,[[ 4073 35430][ 2387 92998]],4073,35430,2387,92998
18,42,0.8965878486633301,asleep,0.7196414803392444,0.6304953560371517,0.10310609320811077,0.17722951069338377,0.10342229081223986,0.5390405970574809,[[ 92998 2387][ 35430 4073]],92998,2387,35430,4073
18,42,0.8965878486633301,avg,0.7196414803392444,0.6773104680643602,0.539040597057481,0.5041312803027936,0.10342229081223986,0.539040597057481,,,,,
