client,round,loss,class,accuracy,precision,recall,f1_score,cohen_kappa_score,roc_auc_score,confusion_matrix,TP,FP,FN,TN
0,4,0.6962329149246216,awake,0.6942722851550917,0.7443676210419901,0.8645699009278188,0.7999786586992478,0.16667433001520526,0.5738185048774982,[[ 11182 28321][ 12918 82467]],11182,28321,12918,82467
0,4,0.6962329149246216,asleep,0.6942722851550917,0.46398340248962655,0.28306710882717767,0.35161863434114743,0.16667433001520526,0.5738185048774982,[[ 82467 12918][ 28321 11182]],82467,12918,28321,11182
0,4,0.6962329149246216,avg,0.6942722851550917,0.6041755117658083,0.5738185048774982,0.5757986465201976,0.16667433001520526,0.5738185048774982,,,,,
