client,round,loss,class,accuracy,precision,recall,f1_score,cohen_kappa_score,roc_auc_score,confusion_matrix,TP,FP,FN,TN
7,173,0.9544509649276733,awake,0.5753958839926457,0.7519469014848016,0.5962363054987682,0.6650995801611526,0.10581223954899888,0.5606551752540041,[[ 20742 18761][ 38513 56872]],20742,18761,38513,56872
7,173,0.9544509649276733,asleep,0.5753958839926457,0.35004640958568894,0.5250740450092398,0.42005710929747464,0.10581223954899888,0.5606551752540041,[[ 56872 38513][ 18761 20742]],56872,38513,18761,20742
7,173,0.9544509649276733,avg,0.5753958839926457,0.5509966555352452,0.560655175254004,0.5425783447293135,0.10581223954899888,0.5606551752540041,,,,,
