client,round,loss,class,accuracy,precision,recall,f1_score,cohen_kappa_score,roc_auc_score,confusion_matrix,TP,FP,FN,TN
7,70,1.0998302698135376,awake,0.567418895676413,0.7770629161367547,0.5444776432353096,0.6403032918259154,0.13806218852258245,0.5836455502205458,[[ 24603 14900][ 43450 51935]],24603,14900,43450,51935
7,70,1.0998302698135376,asleep,0.567418895676413,0.3615270450972036,0.6228134572057819,0.45749191119044963,0.13806218852258245,0.5836455502205458,[[ 51935 43450][ 14900 24603]],51935,43450,14900,24603
7,70,1.0998302698135376,avg,0.567418895676413,0.5692949806169791,0.5836455502205458,0.5488976015081826,0.13806218852258245,0.5836455502205458,,,,,
