client,round,loss,class,accuracy,precision,recall,f1_score,cohen_kappa_score,roc_auc_score,confusion_matrix,TP,FP,FN,TN
0,32,0.7139329314231873,awake,0.7421712828420616,0.7689938307221162,0.9082245636106306,0.8328302249567392,0.2860747883841397,0.6247195774537471,[[ 13479 26024][ 8754 86631]],13479,26024,8754,86631
0,32,0.7139329314231873,asleep,0.7421712828420616,0.6062609634327352,0.34121459129686355,0.43666580277309835,0.2860747883841397,0.6247195774537471,[[ 86631 8754][ 26024 13479]],86631,8754,26024,13479
0,32,0.7139329314231873,avg,0.7421712828420616,0.6876273970774257,0.6247195774537471,0.6347480138649187,0.2860747883841397,0.6247195774537471,,,,,
