client,round,loss,class,accuracy,precision,recall,f1_score,cohen_kappa_score,roc_auc_score,confusion_matrix,TP,FP,FN,TN
12,99,1.3621119260787964,awake,0.7019156633651622,0.7488432085291385,0.8703884258531216,0.8050540115974634,0.18697027850893455,0.5827526262116278,[[ 11658 27845][ 12363 83022]],11658,27845,12363,83022
12,99,1.3621119260787964,asleep,0.7019156633651622,0.4853253403272137,0.29511682657013394,0.36704237768402503,0.18697027850893455,0.5827526262116277,[[ 83022 12363][ 27845 11658]],83022,12363,27845,11658
12,99,1.3621119260787964,avg,0.7019156633651622,0.6170842744281761,0.5827526262116278,0.5860481946407442,0.18697027850893455,0.5827526262116278,,,,,
