client,round,loss,class,accuracy,precision,recall,f1_score,cohen_kappa_score,roc_auc_score,confusion_matrix,TP,FP,FN,TN
10,52,1.0561208724975586,awake,0.5038698772314809,0.8246162268196437,0.37901137495413323,0.5193282863832904,0.13338567078993557,0.5921839650762363,[[ 31814 7689][ 59233 36152]],31814,7689,59233,36152
10,52,1.0561208724975586,asleep,0.5038698772314809,0.34942392390743243,0.8053565551983394,0.4873841440061279,0.13338567078993557,0.5921839650762364,[[ 36152 59233][ 7689 31814]],36152,59233,7689,31814
10,52,1.0561208724975586,avg,0.5038698772314809,0.5870200753635381,0.5921839650762363,0.5033562151947092,0.13338567078993557,0.5921839650762364,,,,,
