client,round,loss,class,accuracy,precision,recall,f1_score,cohen_kappa_score,roc_auc_score,confusion_matrix,TP,FP,FN,TN
3,22,0.854743242263794,awake,0.6268533894786786,0.8104722000165394,0.616480578707344,0.7002899862450056,0.229522326200426,0.6341902172072527,[[ 25752 13751][ 36582 58803]],25752,13751,36582,58803
3,22,0.854743242263794,asleep,0.6268533894786786,0.4131292713446915,0.6518998557071615,0.5057493838192405,0.229522326200426,0.6341902172072527,[[ 58803 36582][ 13751 25752]],58803,36582,13751,25752
3,22,0.854743242263794,avg,0.6268533894786786,0.6118007356806154,0.6341902172072527,0.603019685032123,0.229522326200426,0.6341902172072527,,,,,
