client,round,loss,class,accuracy,precision,recall,f1_score,cohen_kappa_score,roc_auc_score,confusion_matrix,TP,FP,FN,TN
2,174,0.7568997740745544,awake,0.741407686376846,0.7840083366191629,0.8755150180846045,0.8272388226029331,0.3194781078975917,0.6465517778320145,[[ 16496 23007][ 11874 83511]],16496,23007,11874,83511
2,174,0.7568997740745544,asleep,0.741407686376846,0.5814592879802608,0.4175885375794243,0.4860843045098935,0.3194781078975917,0.6465517778320145,[[ 83511 11874][ 23007 16496]],83511,11874,23007,16496
2,174,0.7568997740745544,avg,0.741407686376846,0.6827338122997119,0.6465517778320145,0.6566615635564133,0.3194781078975917,0.6465517778320145,,,,,
