client,round,loss,class,accuracy,precision,recall,f1_score,cohen_kappa_score,roc_auc_score,confusion_matrix,TP,FP,FN,TN
10,119,1.1627658605575562,awake,0.47675108237945557,0.8212333911782227,0.3324107564082403,0.4732599967162709,0.11096994480680877,0.5788449245676875,[[ 32601 6902][ 63678 31707]],32601,6902,63678,31707
10,119,1.1627658605575562,asleep,0.47675108237945557,0.338609665659178,0.8252790927271346,0.4801961968449426,0.11096994480680877,0.5788449245676874,[[ 31707 63678][ 6902 32601]],31707,63678,6902,32601
10,119,1.1627658605575562,avg,0.47675108237945557,0.5799215284187004,0.5788449245676874,0.47672809678060674,0.11096994480680877,0.5788449245676874,,,,,
