client,round,loss,class,accuracy,precision,recall,f1_score,cohen_kappa_score,roc_auc_score,confusion_matrix,TP,FP,FN,TN
18,4,0.8382171392440796,awake,0.7060376015657435,0.7075577801115754,0.995921790637941,0.8273327411123305,0.002806208623573281,0.500998639287783,[[ 240 39263][ 389 94996]],240,39263,389,94996
18,4,0.8382171392440796,asleep,0.7060376015657435,0.3815580286168522,0.006075487937624991,0.011960530250174425,0.002806208623573281,0.500998639287783,[[ 94996 389][ 39263 240]],94996,389,39263,240
18,4,0.8382171392440796,avg,0.7060376015657435,0.5445579043642138,0.500998639287783,0.41964663568125243,0.002806208623573281,0.500998639287783,,,,,
