client,round,loss,class,accuracy,precision,recall,f1_score,cohen_kappa_score,roc_auc_score,confusion_matrix,TP,FP,FN,TN
15,109,1.11181640625,awake,0.4387565980665441,0.6712674487416019,0.40432982125072076,0.5046748539312611,-0.05758791326674051,0.4631071175463537,[[ 20616 18887][ 56818 38567]],20616,18887,56818,38567
15,109,1.11181640625,asleep,0.4387565980665441,0.2662396363354599,0.5218844138419867,0.35260011801226304,-0.05758791326674051,0.4631071175463538,[[ 38567 56818][ 18887 20616]],38567,56818,18887,20616
15,109,1.11181640625,avg,0.4387565980665441,0.4687535425385309,0.4631071175463537,0.4286374859717621,-0.05758791326674051,0.46310711754635375,,,,,
