client,round,loss,class,accuracy,precision,recall,f1_score,cohen_kappa_score,roc_auc_score,confusion_matrix,TP,FP,FN,TN
12,167,1.4005353450775146,awake,0.7098778245655655,0.7459490184075904,0.894302039104681,0.8134166110422426,0.18486970325388163,0.5794321121275879,[[ 10451 29052][ 10082 85303]],10451,29052,10082,85303
12,167,1.4005353450775146,asleep,0.7098778245655655,0.5089855354794721,0.2645621851504949,0.34815777200346454,0.18486970325388163,0.5794321121275879,[[ 85303 10082][ 29052 10451]],85303,10082,29052,10451
12,167,1.4005353450775146,avg,0.7098778245655655,0.6274672769435312,0.5794321121275879,0.5807871915228535,0.18486970325388163,0.5794321121275879,,,,,
