client,round,loss,class,accuracy,precision,recall,f1_score,cohen_kappa_score,roc_auc_score,confusion_matrix,TP,FP,FN,TN
0,157,1.0082359313964844,awake,0.7237189371923374,0.7542433680968713,0.9037794202442732,0.8222681120368559,0.2241528402547882,0.5963597503722442,[[ 11414 28089][ 9178 86207]],11414,28089,9178,86207
0,157,1.0082359313964844,asleep,0.7237189371923374,0.5542929292929293,0.2889400805002152,0.37986521341209756,0.2241528402547882,0.5963597503722442,[[ 86207 9178][ 28089 11414]],86207,9178,28089,11414
0,157,1.0082359313964844,avg,0.7237189371923374,0.6542681486949002,0.5963597503722442,0.6010666627244767,0.2241528402547882,0.5963597503722442,,,,,
