client,round,loss,class,accuracy,precision,recall,f1_score,cohen_kappa_score,roc_auc_score,confusion_matrix,TP,FP,FN,TN
5,41,0.8685421347618103,awake,0.5583447007888026,0.7774111085289332,0.5260575562195313,0.627499531044832,0.1321437715854098,0.5811818297767276,[[ 25136 14367][ 45207 50178]],25136,14367,45207,50178
5,41,0.8685421347618103,asleep,0.5583447007888026,0.3573347738936355,0.636306103333924,0.45765890428417966,0.1321437715854098,0.5811818297767276,[[ 50178 45207][ 14367 25136]],50178,45207,14367,25136
5,41,0.8685421347618103,avg,0.5583447007888026,0.5673729412112843,0.5811818297767277,0.5425792176645059,0.1321437715854098,0.5811818297767276,,,,,
