client,round,loss,class,accuracy,precision,recall,f1_score,cohen_kappa_score,roc_auc_score,confusion_matrix,TP,FP,FN,TN
7,14,0.6064422726631165,awake,0.6660711108475179,0.7616582465331919,0.7681501284269016,0.7648904130324716,0.18887719453551366,0.5938692570595637,[[ 16575 22928][ 22115 73270]],16575,22928,22115,73270
7,14,0.6064422726631165,asleep,0.6660711108475179,0.4284052726802791,0.4195883856922259,0.4239509930556444,0.18887719453551366,0.5938692570595636,[[ 73270 22115][ 22928 16575]],73270,22115,22928,16575
7,14,0.6064422726631165,avg,0.6660711108475179,0.5950317596067355,0.5938692570595637,0.594420703044058,0.18887719453551366,0.5938692570595636,,,,,
