client,round,loss,class,accuracy,precision,recall,f1_score,cohen_kappa_score,roc_auc_score,confusion_matrix,TP,FP,FN,TN
2,158,0.742841362953186,awake,0.7442396655002669,0.7810936086129526,0.8868690045604655,0.8306273841727749,0.31708362548993196,0.643356027227705,[[ 15795 23708][ 10791 84594]],15795,23708,10791,84594
2,158,0.742841362953186,asleep,0.7442396655002669,0.5941096817874069,0.3998430498949447,0.477991798937796,0.31708362548993196,0.6433560272277051,[[ 84594 10791][ 23708 15795]],84594,10791,23708,15795
2,158,0.742841362953186,avg,0.7442396655002669,0.6876016452001797,0.643356027227705,0.6543095915552855,0.31708362548993196,0.643356027227705,,,,,
