client,round,loss,class,accuracy,precision,recall,f1_score,cohen_kappa_score,roc_auc_score,confusion_matrix,TP,FP,FN,TN
13,193,1.0173238515853882,awake,0.6795563726943835,0.8154886472231967,0.7067568275934372,0.7572394581358256,0.29300171708820455,0.6603171273121479,[[ 24250 15253][ 27971 67414]],24250,15253,27971,67414
13,193,1.0173238515853882,asleep,0.6795563726943835,0.4643725704218609,0.6138774270308585,0.5287601936243513,0.29300171708820455,0.6603171273121478,[[ 67414 27971][ 15253 24250]],67414,27971,15253,24250
13,193,1.0173238515853882,avg,0.6795563726943835,0.6399306088225288,0.6603171273121478,0.6429998258800884,0.29300171708820455,0.6603171273121478,,,,,
