client,round,loss,class,accuracy,precision,recall,f1_score,cohen_kappa_score,roc_auc_score,confusion_matrix,TP,FP,FN,TN
6,39,0.7594822645187378,awake,0.6800530810746693,0.7628961462569968,0.7944645384494418,0.7783603896937608,0.2042342646531049,0.5991283277519213,[[ 15951 23552][ 19605 75780]],15951,23552,19605,75780
6,39,0.7594822645187378,asleep,0.6800530810746693,0.44861626729665877,0.40379211705440093,0.4250256464914267,0.2042342646531049,0.5991283277519214,[[ 75780 19605][ 23552 15951]],75780,19605,23552,15951
6,39,0.7594822645187378,avg,0.6800530810746693,0.6057562067768277,0.5991283277519214,0.6016930180925937,0.2042342646531049,0.5991283277519213,,,,,
