client,round,loss,class,accuracy,precision,recall,f1_score,cohen_kappa_score,roc_auc_score,confusion_matrix,TP,FP,FN,TN
0,133,0.880116879940033,awake,0.7265657434315876,0.7598610568210085,0.8967133197043561,0.8226343959336182,0.24344870093022675,0.606218088098134,[[ 12472 27031][ 9852 85533]],12472,27031,9852,85533
0,133,0.880116879940033,asleep,0.7265657434315876,0.558681239921161,0.315722856491912,0.4034483316350462,0.24344870093022675,0.606218088098134,[[ 85533 9852][ 27031 12472]],85533,9852,27031,12472
0,133,0.880116879940033,avg,0.7265657434315876,0.6592711483710847,0.606218088098134,0.6130413637843322,0.24344870093022675,0.606218088098134,,,,,
