client,round,loss,class,accuracy,precision,recall,f1_score,cohen_kappa_score,roc_auc_score,confusion_matrix,TP,FP,FN,TN
10,48,0.9953734874725342,awake,0.5020090741948876,0.8177456413028787,0.38059443308696334,0.5194342497800098,0.12754696809488653,0.5878872729948904,[[ 31412 8091][ 59082 36303]],31412,8091,59082,36303
10,48,0.9953734874725342,asleep,0.5020090741948876,0.34711693592945386,0.7951801129028175,0.48327269090825165,0.12754696809488653,0.5878872729948905,[[ 36303 59082][ 8091 31412]],36303,59082,8091,31412
10,48,0.9953734874725342,avg,0.5020090741948876,0.5824312886161663,0.5878872729948904,0.5013534703441307,0.12754696809488653,0.5878872729948905,,,,,
