client,round,loss,class,accuracy,precision,recall,f1_score,cohen_kappa_score,roc_auc_score,confusion_matrix,TP,FP,FN,TN
12,1,0.9187095165252686,awake,0.7006034636142577,0.7319383297066613,0.9098181055721549,0.8112418263995027,0.1270929850340795,0.552623150449546,[[ 7720 31783][ 8602 86783]],7720,31783,8602,86783
12,1,0.9187095165252686,asleep,0.7006034636142577,0.47298125229751253,0.1954281953269372,0.27657859381997313,0.1270929850340795,0.5526231504495461,[[ 86783 8602][ 31783 7720]],86783,8602,31783,7720
12,1,0.9187095165252686,avg,0.7006034636142577,0.6024597910020869,0.552623150449546,0.543910210109738,0.1270929850340795,0.552623150449546,,,,,
