client,round,loss,class,accuracy,precision,recall,f1_score,cohen_kappa_score,roc_auc_score,confusion_matrix,TP,FP,FN,TN
5,185,0.9304949045181274,awake,0.5795845442144594,0.7484837582236842,0.6106830214394297,0.6725978442228753,0.1019060441101236,0.5575881755299824,[[ 19929 19574][ 37135 58250]],19929,19574,37135,58250
5,185,0.9304949045181274,asleep,0.5795845442144594,0.3492394504416094,0.5044933296205352,0.41274969710149434,0.1019060441101236,0.5575881755299824,[[ 58250 37135][ 19574 19929]],58250,37135,19574,19929
5,185,0.9304949045181274,avg,0.5795845442144594,0.5488616043326469,0.5575881755299824,0.5426737706621848,0.1019060441101236,0.5575881755299824,,,,,
