client,round,loss,class,accuracy,precision,recall,f1_score,cohen_kappa_score,roc_auc_score,confusion_matrix,TP,FP,FN,TN
16,163,1.0320730209350586,awake,0.7284413735840104,0.7755475308352483,0.866855375583163,0.8186633663366337,0.28479470910944493,0.6305392995679022,[[ 15573 23930][ 12700 82685]],15573,23930,12700,82685
16,163,1.0320730209350586,asleep,0.7284413735840104,0.5508081915608531,0.39422322355264156,0.4595432011331445,0.28479470910944493,0.6305392995679022,[[ 82685 12700][ 23930 15573]],82685,12700,23930,15573
16,163,1.0320730209350586,avg,0.7284413735840104,0.6631778611980508,0.6305392995679022,0.6391032837348891,0.28479470910944493,0.6305392995679022,,,,,
