client,round,loss,class,accuracy,precision,recall,f1_score,cohen_kappa_score,roc_auc_score,confusion_matrix,TP,FP,FN,TN
7,197,0.9170697927474976,awake,0.5911126267718403,0.7547458936463913,0.6248047386905698,0.6836556771514444,0.11995587488369619,0.56728174559519,[[ 20137 19366][ 35788 59597]],20137,19366,35788,59597
7,197,0.9170697927474976,asleep,0.5911126267718403,0.3600715243629861,0.5097587524998102,0.4220354612901873,0.11995587488369619,0.56728174559519,[[ 59597 35788][ 19366 20137]],59597,35788,19366,20137
7,197,0.9170697927474976,avg,0.5911126267718403,0.5574087090046888,0.56728174559519,0.5528455692208158,0.11995587488369619,0.56728174559519,,,,,
