client,round,loss,class,accuracy,precision,recall,f1_score,cohen_kappa_score,roc_auc_score,confusion_matrix,TP,FP,FN,TN
17,177,0.7697698473930359,awake,0.7043176561295297,0.7282995894794864,0.928101902814908,0.8161502364730938,0.11422985927499796,0.5460320667657812,[[ 6477 33026][ 6858 88527]],6477,33026,6858,88527
17,177,0.7697698473930359,asleep,0.7043176561295297,0.4857142857142857,0.16396223071665444,0.24516446496839397,0.11422985927499796,0.5460320667657812,[[ 88527 6858][ 33026 6477]],88527,6858,33026,6477
17,177,0.7697698473930359,avg,0.7043176561295297,0.6070069375968861,0.5460320667657812,0.5306573507207439,0.11422985927499796,0.5460320667657812,,,,,
