client,round,loss,class,accuracy,precision,recall,f1_score,cohen_kappa_score,roc_auc_score,confusion_matrix,TP,FP,FN,TN
17,79,0.777485191822052,awake,0.7107081430520136,0.7279263686581529,0.9435760339676049,0.8218401300290373,0.11638222440663137,0.5459975706885845,[[ 5863 33640][ 5382 90003]],5863,33640,5382,90003
17,79,0.777485191822052,asleep,0.7107081430520136,0.5213872832369942,0.14841910740956382,0.23106329313470478,0.11638222440663137,0.5459975706885843,[[ 90003 5382][ 33640 5863]],90003,5382,33640,5863
17,79,0.777485191822052,avg,0.7107081430520136,0.6246568259475735,0.5459975706885843,0.5264517115818711,0.11638222440663137,0.5459975706885845,,,,,
