client,round,loss,class,accuracy,precision,recall,f1_score,cohen_kappa_score,roc_auc_score,confusion_matrix,TP,FP,FN,TN
0,92,0.8431006669998169,awake,0.7412149338710634,0.770246840760005,0.9035592598416942,0.8315941315811056,0.2880344330879373,0.6263866217948819,[[ 13795 25708][ 9199 86186]],13795,25708,9199,86186
0,92,0.8431006669998169,asleep,0.7412149338710634,0.5999391145516222,0.3492139837480698,0.4414611901371266,0.2880344330879373,0.626386621794882,[[ 86186 9199][ 25708 13795]],86186,9199,25708,13795
0,92,0.8431006669998169,avg,0.7412149338710634,0.6850929776558137,0.6263866217948819,0.6365276608591162,0.2880344330879373,0.6263866217948819,,,,,
