client,round,loss,class,accuracy,precision,recall,f1_score,cohen_kappa_score,roc_auc_score,confusion_matrix,TP,FP,FN,TN
13,133,1.3152084350585938,awake,0.6167264693671787,0.773701225471769,0.6473344865544897,0.7048992242752196,0.17046164686199006,0.5950770096241046,[[ 21443 18060][ 33639 61746]],21443,18060,33639,61746
13,133,1.3152084350585938,asleep,0.6167264693671787,0.3892923278021858,0.5428195326937195,0.45341227467357403,0.17046164686199006,0.5950770096241046,[[ 61746 33639][ 18060 21443]],61746,33639,18060,21443
13,133,1.3152084350585938,avg,0.6167264693671787,0.5814967766369774,0.5950770096241046,0.5791557494743969,0.17046164686199006,0.5950770096241046,,,,,
