client,round,loss,class,accuracy,precision,recall,f1_score,cohen_kappa_score,roc_auc_score,confusion_matrix,TP,FP,FN,TN
7,92,0.9932121634483337,awake,0.5936703042524168,0.7645248774381975,0.614729779315406,0.681493017823002,0.1383728403768577,0.5787746560045628,[[ 21443 18060][ 36749 58636]],21443,18060,36749,58636
7,92,0.9932121634483337,asleep,0.5936703042524168,0.3684870772614792,0.5428195326937195,0.43897845334971086,0.1383728403768577,0.5787746560045628,[[ 58636 36749][ 18060 21443]],58636,36749,18060,21443
7,92,0.9932121634483337,avg,0.5936703042524168,0.5665059773498384,0.5787746560045628,0.5602357355863564,0.1383728403768577,0.5787746560045628,,,,,
