client,round,loss,class,accuracy,precision,recall,f1_score,cohen_kappa_score,roc_auc_score,confusion_matrix,TP,FP,FN,TN
10,49,1.1141191720962524,awake,0.4714355613546053,0.8180689800876776,0.32475756146144574,0.46494210174782935,0.10540711603290076,0.5751828715592675,[[ 32614 6889][ 64408 30977]],32614,6889,64408,30977
10,49,1.1141191720962524,asleep,0.4714355613546053,0.33615056378965597,0.8256081816570894,0.4777733015931149,0.10540711603290076,0.5751828715592675,[[ 30977 64408][ 6889 32614]],30977,64408,6889,32614
10,49,1.1141191720962524,avg,0.4714355613546053,0.5771097719386667,0.5751828715592675,0.4713577016704721,0.10540711603290076,0.5751828715592675,,,,,
