client,round,loss,class,accuracy,precision,recall,f1_score,cohen_kappa_score,roc_auc_score,confusion_matrix,TP,FP,FN,TN
11,120,0.7026071548461914,awake,0.6845382836130716,0.7860011909272993,0.761115479373067,0.773358189081225,0.25503702673218787,0.6303742093217511,[[ 19737 19766][ 22786 72599]],19737,19766,22786,72599
11,120,0.7026071548461914,asleep,0.6845382836130716,0.4641488135832373,0.4996329392704352,0.4812376563528637,0.25503702673218787,0.6303742093217511,[[ 72599 22786][ 19766 19737]],72599,22786,19766,19737
11,120,0.7026071548461914,avg,0.6845382836130716,0.6250750022552682,0.630374209321751,0.6272979227170443,0.25503702673218787,0.6303742093217511,,,,,
