client,round,loss,class,accuracy,precision,recall,f1_score,cohen_kappa_score,roc_auc_score,confusion_matrix,TP,FP,FN,TN
3,95,0.938677966594696,awake,0.6729657197082024,0.7894433781190019,0.7330397861298946,0.7601967872577533,0.2483962015096879,0.6304745294216798,[[ 20854 18649][ 25464 69921]],20854,18649,25464,69921
3,95,0.938677966594696,asleep,0.6729657197082024,0.4502353296774472,0.5279092727134648,0.48598827792731386,0.2483962015096879,0.6304745294216797,[[ 69921 25464][ 18649 20854]],69921,25464,18649,20854
3,95,0.938677966594696,avg,0.6729657197082024,0.6198393538982245,0.6304745294216797,0.6230925325925336,0.2483962015096879,0.6304745294216798,,,,,
