client,round,loss,class,accuracy,precision,recall,f1_score,cohen_kappa_score,roc_auc_score,confusion_matrix,TP,FP,FN,TN
1,183,0.9088711142539978,awake,0.5768934226914181,0.7138264742323276,0.670451328825287,0.6914593402316,0.02055393450056886,0.5107186649442487,[[ 13865 25638][ 31434 63951]],13865,25638,31434,63951
1,183,0.9088711142539978,asleep,0.5768934226914181,0.3060773968520276,0.3509860010632104,0.3269970047876229,0.02055393450056886,0.5107186649442488,[[ 63951 31434][ 25638 13865]],63951,31434,25638,13865
1,183,0.9088711142539978,avg,0.5768934226914181,0.5099519355421775,0.5107186649442487,0.5092281725096115,0.02055393450056886,0.5107186649442488,,,,,
