client,round,loss,class,accuracy,precision,recall,f1_score,cohen_kappa_score,roc_auc_score,confusion_matrix,TP,FP,FN,TN
0,13,0.7396149635314941,awake,0.7247790759741415,0.7478200209277991,0.921570477538397,0.8256532601957433,0.20483399471550257,0.5855858868212452,[[ 9860 29643][ 7481 87904]],9860,29643,7481,87904
0,13,0.7396149635314941,asleep,0.7247790759741415,0.5685946600542068,0.24960129610409337,0.3469143621138555,0.20483399471550257,0.5855858868212452,[[ 87904 7481][ 29643 9860]],87904,7481,29643,9860
0,13,0.7396149635314941,avg,0.7247790759741415,0.6582073404910029,0.5855858868212452,0.5862838111547994,0.20483399471550257,0.5855858868212452,,,,,
