client,round,loss,class,accuracy,precision,recall,f1_score,cohen_kappa_score,roc_auc_score,confusion_matrix,TP,FP,FN,TN
14,2,0.8620073795318604,awake,0.7049997034576834,0.7079533467497587,0.9920847093358495,0.8262752562736846,0.005419834674145418,0.5019406408740357,[[ 466 39037][ 755 94630]],466,39037,755,94630
14,2,0.8620073795318604,asleep,0.7049997034576834,0.38165438165438165,0.011796572412221857,0.02288576760632551,0.005419834674145418,0.5019406408740357,[[ 94630 755][ 39037 466]],94630,755,39037,466
14,2,0.8620073795318604,avg,0.7049997034576834,0.5448038642020702,0.5019406408740357,0.42458051194000507,0.005419834674145418,0.5019406408740357,,,,,
