client,round,loss,class,accuracy,precision,recall,f1_score,cohen_kappa_score,roc_auc_score,confusion_matrix,TP,FP,FN,TN
9,198,1.0072872638702393,awake,0.7568649546290256,0.7690865785604347,0.9377155737275253,0.8450709548194478,0.30523033565756597,0.6289468940201812,[[ 12648 26855][ 5941 89444]],12648,26855,5941,89444
9,198,1.0072872638702393,asleep,0.7568649546290256,0.6804023885093334,0.320178214312837,0.43544722164841976,0.30523033565756597,0.6289468940201812,[[ 89444 5941][ 26855 12648]],89444,5941,26855,12648
9,198,1.0072872638702393,avg,0.7568649546290256,0.7247444835348841,0.6289468940201812,0.6402590882339338,0.30523033565756597,0.6289468940201812,,,,,
