client,round,loss,class,accuracy,precision,recall,f1_score,cohen_kappa_score,roc_auc_score,confusion_matrix,TP,FP,FN,TN
15,174,1.2085154056549072,awake,0.44732667101595397,0.677243186226139,0.4173297688315773,0.5164274177331785,-0.04948055385349259,0.46854388094769756,[[ 20532 18971][ 55578 39807]],20532,18971,55578,39807
15,174,1.2085154056549072,asleep,0.44732667101595397,0.26976744186046514,0.519757993063818,0.35518497054829484,-0.04948055385349259,0.4685438809476976,[[ 39807 55578][ 18971 20532]],39807,55578,18971,20532
15,174,1.2085154056549072,avg,0.44732667101595397,0.4735053140433021,0.4685438809476976,0.4358061941407366,-0.04948055385349259,0.4685438809476976,,,,,
