client,round,loss,class,accuracy,precision,recall,f1_score,cohen_kappa_score,roc_auc_score,confusion_matrix,TP,FP,FN,TN
7,37,0.8102601766586304,awake,0.5876208409940098,0.7612832847041505,0.6072548094564135,0.6756011220556246,0.1290051609060604,0.5737334726217845,[[ 21340 18163][ 37462 57923]],21340,18163,37462,57923
7,37,0.8102601766586304,asleep,0.5876208409940098,0.36291282609435055,0.5402121357871554,0.4341589949646508,0.1290051609060604,0.5737334726217844,[[ 57923 37462][ 18163 21340]],57923,37462,18163,21340
7,37,0.8102601766586304,avg,0.5876208409940098,0.5620980553992505,0.5737334726217844,0.5548800585101377,0.1290051609060604,0.5737334726217844,,,,,
