client,round,loss,class,accuracy,precision,recall,f1_score,cohen_kappa_score,roc_auc_score,confusion_matrix,TP,FP,FN,TN
7,26,0.7068047523498535,awake,0.6127824565565506,0.7634683012601348,0.6555013891073019,0.7053773388011124,0.1501179209636715,0.5825667844708725,[[ 20132 19371][ 32860 62525]],20132,19371,32860,62525
7,26,0.7068047523498535,asleep,0.6127824565565506,0.37990640096618356,0.509632179834443,0.43531001675766257,0.1501179209636715,0.5825667844708725,[[ 62525 32860][ 19371 20132]],62525,32860,19371,20132
7,26,0.7068047523498535,avg,0.6127824565565506,0.5716873511131592,0.5825667844708724,0.5703436777793875,0.1501179209636715,0.5825667844708725,,,,,
