client,round,loss,class,accuracy,precision,recall,f1_score,cohen_kappa_score,roc_auc_score,confusion_matrix,TP,FP,FN,TN
15,104,1.363670825958252,awake,0.3565105865607022,0.617352796457274,0.23676678723069666,0.3422673850280752,-0.08188187029788896,0.44120697663435954,[[ 25505 13998][ 72801 22584]],25505,13998,72801,22584
15,104,1.363670825958252,asleep,0.3565105865607022,0.2594449982707058,0.6456471660380224,0.3701499902038329,-0.08188187029788896,0.44120697663435954,[[ 22584 72801][ 13998 25505]],22584,72801,13998,25505
15,104,1.363670825958252,avg,0.3565105865607022,0.4383988973639899,0.44120697663435954,0.35620868761595403,-0.08188187029788896,0.44120697663435954,,,,,
