client,round,loss,class,accuracy,precision,recall,f1_score,cohen_kappa_score,roc_auc_score,confusion_matrix,TP,FP,FN,TN
4,79,1.2425627708435059,awake,0.7269364213273234,0.7384893610088306,0.9504010064475547,0.831150494404995,0.17283302521254995,0.5688769328620327,[[ 7401 32102][ 4731 90654]],7401,32102,4731,90654
4,79,1.2425627708435059,asleep,0.7269364213273234,0.6100395647873392,0.18735285927651066,0.2866660211097124,0.17283302521254995,0.5688769328620326,[[ 90654 4731][ 32102 7401]],90654,4731,32102,7401
4,79,1.2425627708435059,avg,0.7269364213273234,0.674264462898085,0.5688769328620327,0.5589082577573536,0.17283302521254995,0.5688769328620327,,,,,
