client,round,loss,class,accuracy,precision,recall,f1_score,cohen_kappa_score,roc_auc_score,confusion_matrix,TP,FP,FN,TN
14,200,1.3712489604949951,awake,0.7463970108534488,0.7584557798413195,0.9410703989096818,0.8399520904293147,0.262027357241546,0.6087019209696626,[[ 10916 28587][ 5621 89764]],10916,28587,5621,89764
14,200,1.3712489604949951,asleep,0.7463970108534488,0.6600955433270848,0.2763334430296433,0.3895788722341184,0.262027357241546,0.6087019209696626,[[ 89764 5621][ 28587 10916]],89764,5621,28587,10916
14,200,1.3712489604949951,avg,0.7463970108534488,0.7092756615842022,0.6087019209696626,0.6147654813317166,0.262027357241546,0.6087019209696626,,,,,
