client,round,loss,class,accuracy,precision,recall,f1_score,cohen_kappa_score,roc_auc_score,confusion_matrix,TP,FP,FN,TN
3,156,1.1546944379806519,awake,0.6613486744558449,0.79064192073349,0.7087802065314253,0.7474764226563624,0.23815815666521845,0.6277997177253738,[[ 21601 17902][ 27778 67607]],21601,17902,27778,67607
3,156,1.1546944379806519,asleep,0.6613486744558449,0.4374531683509184,0.5468192289193226,0.48606016966314886,0.23815815666521845,0.6277997177253739,[[ 67607 27778][ 17902 21601]],67607,27778,17902,21601
3,156,1.1546944379806519,avg,0.6613486744558449,0.6140475445422042,0.6277997177253739,0.6167682961597556,0.23815815666521845,0.6277997177253738,,,,,
