client,round,loss,class,accuracy,precision,recall,f1_score,cohen_kappa_score,roc_auc_score,confusion_matrix,TP,FP,FN,TN
3,46,0.9324201941490173,awake,0.631724097028646,0.804568291155266,0.6329506735859936,0.7085152325963479,0.22740398083045688,0.6308565230320166,[[ 24838 14665][ 35011 60374]],24838,14665,35011,60374
3,46,0.9324201941490173,asleep,0.631724097028646,0.41501111129676355,0.6287623724780397,0.5000000000000001,0.22740398083045688,0.6308565230320166,[[ 60374 35011][ 14665 24838]],60374,35011,14665,24838
3,46,0.9324201941490173,avg,0.631724097028646,0.6097897012260147,0.6308565230320167,0.604257616298174,0.22740398083045688,0.6308565230320166,,,,,
