client,round,loss,class,accuracy,precision,recall,f1_score,cohen_kappa_score,roc_auc_score,confusion_matrix,TP,FP,FN,TN
16,112,0.9120000004768372,awake,0.7190409821481526,0.7731674633872823,0.8529118834198249,0.8110843037167013,0.26827593719557474,0.6243523040115099,[[ 15635 23868][ 14030 81355]],15635,23868,14030,81355
16,112,0.9120000004768372,asleep,0.7190409821481526,0.5270520815776167,0.3957927246031947,0.45208767059912097,0.26827593719557474,0.6243523040115098,[[ 81355 14030][ 23868 15635]],81355,14030,23868,15635
16,112,0.9120000004768372,avg,0.7190409821481526,0.6501097724824495,0.6243523040115098,0.6315859871579111,0.26827593719557474,0.6243523040115098,,,,,
