client,round,loss,class,accuracy,precision,recall,f1_score,cohen_kappa_score,roc_auc_score,confusion_matrix,TP,FP,FN,TN
12,179,1.5526679754257202,awake,0.7027608089674396,0.7521732388327906,0.8644965141269592,0.8044328679992586,0.1975970058541665,0.5883629825273684,[[ 12334 27169][ 12925 82460]],12334,27169,12925,82460
12,179,1.5526679754257202,asleep,0.7027608089674396,0.4883011995724296,0.31222945092777765,0.3809023810259103,0.1975970058541665,0.5883629825273684,[[ 82460 12925][ 27169 12334]],82460,12925,27169,12334
12,179,1.5526679754257202,avg,0.7027608089674396,0.6202372192026101,0.5883629825273684,0.5926676245125845,0.1975970058541665,0.5883629825273684,,,,,
