client,round,loss,class,accuracy,precision,recall,f1_score,cohen_kappa_score,roc_auc_score,confusion_matrix,TP,FP,FN,TN
18,153,1.1738299131393433,awake,0.7229849949587807,0.7306313253778333,0.9634743408292709,0.8310515083556391,0.13654654381955023,0.5528836656175314,[[ 5621 33882][ 3484 91901]],5621,33882,3484,91901
18,153,1.1738299131393433,asleep,0.7229849949587807,0.6173531026908292,0.14229299040579196,0.231278801843318,0.13654654381955023,0.5528836656175314,[[ 91901 3484][ 33882 5621]],91901,3484,33882,5621
18,153,1.1738299131393433,avg,0.7229849949587807,0.6739922140343313,0.5528836656175314,0.5311651550994786,0.13654654381955023,0.5528836656175314,,,,,
