client,round,loss,class,accuracy,precision,recall,f1_score,cohen_kappa_score,roc_auc_score,confusion_matrix,TP,FP,FN,TN
11,110,0.6930506229400635,awake,0.7090994009845205,0.7895019078065381,0.8026209571735597,0.7960073821839827,0.2893009586465415,0.6429503540392771,[[ 19091 20412][ 18827 76558]],19091,20412,18827,76558
11,110,0.6930506229400635,asleep,0.7090994009845205,0.5034811962656258,0.48327975090499453,0.49317368672582373,0.2893009586465415,0.6429503540392771,[[ 76558 18827][ 20412 19091]],76558,18827,20412,19091
11,110,0.6930506229400635,avg,0.7090994009845205,0.6464915520360819,0.6429503540392771,0.6445905344549032,0.2893009586465415,0.6429503540392771,,,,,
