client,round,loss,class,accuracy,precision,recall,f1_score,cohen_kappa_score,roc_auc_score,confusion_matrix,TP,FP,FN,TN
3,183,1.191456913948059,awake,0.6629722436391673,0.7896294061680551,0.7134769617864444,0.7496241139829597,0.23824739647184034,0.6272495813159749,[[ 21372 18131][ 27330 68055]],21372,18131,27330,68055
3,183,1.191456913948059,asleep,0.6629722436391673,0.4388320808180362,0.5410222008455055,0.4845983787767134,0.23824739647184034,0.6272495813159751,[[ 68055 27330][ 18131 21372]],68055,27330,18131,21372
3,183,1.191456913948059,avg,0.6629722436391673,0.6142307434930456,0.6272495813159749,0.6171112463798365,0.23824739647184034,0.627249581315975,,,,,
