client,round,loss,class,accuracy,precision,recall,f1_score,cohen_kappa_score,roc_auc_score,confusion_matrix,TP,FP,FN,TN
15,25,1.2451297044754028,awake,0.33268341142281005,0.5887054161162484,0.18688473030350683,0.28370668045995306,-0.08658247835762478,0.4358087677034583,[[ 27049 12454][ 77559 17826]],27049,12454,77559,17826
15,25,1.2451297044754028,asleep,0.33268341142281005,0.2585748699908229,0.6847328051034098,0.3753911915120983,-0.08658247835762478,0.43580876770345833,[[ 17826 77559][ 12454 27049]],17826,77559,12454,27049
15,25,1.2451297044754028,avg,0.33268341142281005,0.42364014305353564,0.43580876770345833,0.3295489359860257,-0.08658247835762478,0.43580876770345833,,,,,
