client,round,loss,class,accuracy,precision,recall,f1_score,cohen_kappa_score,roc_auc_score,confusion_matrix,TP,FP,FN,TN
11,153,0.7255707383155823,awake,0.6815951011209299,0.774029014590911,0.7763904177805735,0.7752079178900979,0.22958562809524463,0.6145451063664278,[[ 17883 21620][ 21329 74056]],17883,21620,21329,74056
11,153,0.7255707383155823,asleep,0.6815951011209299,0.4560593695807406,0.45269979495228213,0.45437337229244745,0.22958562809524463,0.6145451063664279,[[ 74056 21329][ 21620 17883]],74056,21329,21620,17883
11,153,0.7255707383155823,avg,0.6815951011209299,0.6150441920858258,0.6145451063664278,0.6147906450912727,0.22958562809524463,0.6145451063664278,,,,,
