client,round,loss,class,accuracy,precision,recall,f1_score,cohen_kappa_score,roc_auc_score,confusion_matrix,TP,FP,FN,TN
6,95,0.8407910466194153,awake,0.6972599489947215,0.8073286984348766,0.7511453582848456,0.7782243173375623,0.303359842997593,0.6591460786310692,[[ 22404 17099][ 23737 71648]],22404,17099,23737,71648
6,95,0.8407910466194153,asleep,0.6972599489947215,0.48555514618235407,0.5671467989772928,0.5231890149922936,0.303359842997593,0.6591460786310692,[[ 71648 23737][ 17099 22404]],71648,23737,17099,22404
6,95,0.8407910466194153,avg,0.6972599489947215,0.6464419223086153,0.6591460786310692,0.6507066661649279,0.303359842997593,0.6591460786310692,,,,,
