client,round,loss,class,accuracy,precision,recall,f1_score,cohen_kappa_score,roc_auc_score,confusion_matrix,TP,FP,FN,TN
12,177,1.475273847579956,awake,0.7125763596465216,0.742734888826006,0.9080777900089112,0.8171260919605289,0.17636046173200537,0.5742955843698203,[[ 9501 30002][ 8768 86617]],9501,30002,8768,86617
12,177,1.475273847579956,asleep,0.7125763596465216,0.52006130603755,0.2405133787307293,0.32891366059682897,0.17636046173200537,0.5742955843698203,[[ 86617 8768][ 30002 9501]],86617,8768,30002,9501
12,177,1.475273847579956,avg,0.7125763596465216,0.631398097431778,0.5742955843698203,0.5730198762786789,0.17636046173200537,0.5742955843698203,,,,,
