client,round,loss,class,accuracy,precision,recall,f1_score,cohen_kappa_score,roc_auc_score,confusion_matrix,TP,FP,FN,TN
10,2,1.0170549154281616,awake,0.38940454302829014,0.7806076276664512,0.1899040729674477,0.30548950164432076,0.039751296395919344,0.5305138925452888,[[ 34412 5091][ 77271 18114]],34412,5091,77271,18114
10,2,1.0170549154281616,asleep,0.38940454302829014,0.3081220955740802,0.8711237121231299,0.4552273358644319,0.039751296395919344,0.5305138925452888,[[ 18114 77271][ 5091 34412]],18114,77271,5091,34412
10,2,1.0170549154281616,avg,0.38940454302829014,0.5443648616202656,0.5305138925452888,0.38035841875437637,0.039751296395919344,0.5305138925452888,,,,,
