client,round,loss,class,accuracy,precision,recall,f1_score,cohen_kappa_score,roc_auc_score,confusion_matrix,TP,FP,FN,TN
3,27,0.7993199825286865,awake,0.6397307395765376,0.8137211516541283,0.6361587251664308,0.7140671703264375,0.2464731120820839,0.6422572731216556,[[ 25612 13891][ 34705 60680]],25612,13891,34705,60680
3,27,0.7993199825286865,asleep,0.6397307395765376,0.4246232405457831,0.6483558210768803,0.5131636946503707,0.2464731120820839,0.6422572731216556,[[ 60680 34705][ 13891 25612]],60680,34705,13891,25612
3,27,0.7993199825286865,avg,0.6397307395765376,0.6191721960999557,0.6422572731216556,0.6136154324884041,0.2464731120820839,0.6422572731216556,,,,,
