client,round,loss,class,accuracy,precision,recall,f1_score,cohen_kappa_score,roc_auc_score,confusion_matrix,TP,FP,FN,TN
1,136,0.8686733245849609,awake,0.550078583713896,0.7222279155564665,0.5910782617812025,0.6501046417102434,0.03735943202901204,0.5210789633083923,[[ 17819 21684][ 39005 56380]],17819,21684,39005,56380
1,136,0.8686733245849609,asleep,0.550078583713896,0.3135822891735886,0.4510796648355821,0.36996895989701745,0.03735943202901204,0.5210789633083923,[[ 56380 39005][ 21684 17819]],56380,39005,21684,17819
1,136,0.8686733245849609,avg,0.550078583713896,0.5179051023650275,0.5210789633083923,0.5100368008036305,0.03735943202901204,0.5210789633083923,,,,,
