client,round,loss,class,accuracy,precision,recall,f1_score,cohen_kappa_score,roc_auc_score,confusion_matrix,TP,FP,FN,TN
4,67,1.275290846824646,awake,0.7141332068086116,0.7221027946062146,0.9684436756303402,0.8273252429358291,0.09030133643632532,0.5342560124348192,[[ 3953 35550][ 3010 92375]],3953,35550,3010,92375
4,67,1.275290846824646,asleep,0.7141332068086116,0.5677150653453971,0.10006834923929828,0.1701459131407911,0.09030133643632532,0.5342560124348191,[[ 92375 3010][ 35550 3953]],92375,3010,35550,3953
4,67,1.275290846824646,avg,0.7141332068086116,0.6449089299758058,0.5342560124348192,0.4987355780383101,0.09030133643632532,0.5342560124348192,,,,,
