client,round,loss,class,accuracy,precision,recall,f1_score,cohen_kappa_score,roc_auc_score,confusion_matrix,TP,FP,FN,TN
6,52,0.7636328339576721,awake,0.6884822964236996,0.7679046557627238,0.8018137023641033,0.7844929275522867,0.2236276209579957,0.6083214779192615,[[ 16387 23116][ 18904 76481]],16387,23116,18904,76481
6,52,0.7636328339576721,asleep,0.6884822964236996,0.46433934997591453,0.4148292534744197,0.43819022916276706,0.2236276209579957,0.6083214779192616,[[ 76481 18904][ 23116 16387]],76481,18904,23116,16387
6,52,0.7636328339576721,avg,0.6884822964236996,0.6161220028693192,0.6083214779192615,0.6113415783575269,0.2236276209579957,0.6083214779192616,,,,,
