client,round,loss,class,accuracy,precision,recall,f1_score,cohen_kappa_score,roc_auc_score,confusion_matrix,TP,FP,FN,TN
2,171,0.7753123044967651,awake,0.7528245655655061,0.781332752929227,0.903244744980867,0.8378773954184962,0.3291911424076155,0.6464303617570716,[[ 15391 24112][ 9229 86156]],15391,24112,9229,86156
2,171,0.7753123044967651,asleep,0.7528245655655061,0.6251421608448416,0.38961597853327595,0.48004616128378275,0.3291911424076155,0.6464303617570716,[[ 86156 9229][ 24112 15391]],86156,9229,24112,15391
2,171,0.7753123044967651,avg,0.7528245655655061,0.7032374568870343,0.6464303617570715,0.6589617783511394,0.3291911424076155,0.6464303617570716,,,,,
