client,round,loss,class,accuracy,precision,recall,f1_score,cohen_kappa_score,roc_auc_score,confusion_matrix,TP,FP,FN,TN
15,98,1.3950767517089844,awake,0.36900984520491076,0.6280798004987531,0.2640457094931069,0.3717902350813744,-0.08049548796909689,0.4432523816179303,[[ 24589 14914][ 70199 25186]],24589,14914,70199,25186
15,98,1.3950767517089844,asleep,0.36900984520491076,0.2594104738996497,0.6224590537427537,0.36620473449449326,-0.08049548796909689,0.4432523816179303,[[ 25186 70199][ 14914 24589]],25186,70199,14914,24589
15,98,1.3950767517089844,avg,0.36900984520491076,0.4437451371992014,0.4432523816179303,0.3689974847879338,-0.08049548796909689,0.4432523816179303,,,,,
