client,round,loss,class,accuracy,precision,recall,f1_score,cohen_kappa_score,roc_auc_score,confusion_matrix,TP,FP,FN,TN
18,157,1.0360510349273682,awake,0.7274701974971829,0.7381733972535955,0.9524243853855427,0.8317227804353299,0.1720311543192513,0.5683570930800838,[[ 7280 32223][ 4538 90847]],7280,32223,4538,90847
18,157,1.0360510349273682,asleep,0.7274701974971829,0.616009477068878,0.1842898007746247,0.2837045264121899,0.1720311543192513,0.5683570930800836,[[ 90847 4538][ 32223 7280]],90847,4538,32223,7280
18,157,1.0360510349273682,avg,0.7274701974971829,0.6770914371612368,0.5683570930800838,0.5577136534237599,0.1720311543192513,0.5683570930800836,,,,,
