client,round,loss,class,accuracy,precision,recall,f1_score,cohen_kappa_score,roc_auc_score,confusion_matrix,TP,FP,FN,TN
14,38,0.8954618573188782,awake,0.7535881620307218,0.7687205430881654,0.931918016459611,0.8424888636148233,0.29994635278182524,0.6274530719717998,[[ 12759 26744][ 6494 88891]],12759,26744,6494,88891
14,38,0.8954618573188782,asleep,0.7535881620307218,0.6627019165844285,0.3229881274839886,0.4343045816597454,0.29994635278182524,0.6274530719717998,[[ 88891 6494][ 26744 12759]],88891,6494,26744,12759
14,38,0.8954618573188782,avg,0.7535881620307218,0.7157112298362969,0.6274530719717998,0.6383967226372844,0.29994635278182524,0.6274530719717998,,,,,
