client,round,loss,class,accuracy,precision,recall,f1_score,cohen_kappa_score,roc_auc_score,confusion_matrix,TP,FP,FN,TN
2,30,0.6649565100669861,awake,0.7536771247256984,0.78947515484562,0.8886302877810976,0.8361233045622688,0.3472984760936323,0.6582229483610953,[[ 16900 22603][ 10623 84762]],16900,22603,10623,84762
2,30,0.6649565100669861,asleep,0.7536771247256984,0.614031900592232,0.4278156089410931,0.5042819204487812,0.3472984760936323,0.6582229483610954,[[ 84762 10623][ 22603 16900]],84762,10623,22603,16900
2,30,0.6649565100669861,avg,0.7536771247256984,0.701753527718926,0.6582229483610954,0.6702026125055249,0.3472984760936323,0.6582229483610953,,,,,
