client,round,loss,class,accuracy,precision,recall,f1_score,cohen_kappa_score,roc_auc_score,confusion_matrix,TP,FP,FN,TN
7,90,1.1629093885421753,awake,0.5767154973014649,0.7513556095319373,0.5999580646852231,0.6671757505100554,0.10551335076070234,0.5602757186702323,[[ 20565 18938][ 38158 57227]],20565,18938,38158,57227
7,90,1.1629093885421753,asleep,0.5767154973014649,0.3502034977777021,0.5205933726552414,0.4187282389591351,0.10551335076070234,0.5602757186702323,[[ 57227 38158][ 18938 20565]],57227,38158,18938,20565
7,90,1.1629093885421753,avg,0.5767154973014649,0.5507795536548197,0.5602757186702323,0.5429519947345952,0.10551335076070234,0.5602757186702323,,,,,
