client,round,loss,class,accuracy,precision,recall,f1_score,cohen_kappa_score,roc_auc_score,confusion_matrix,TP,FP,FN,TN
7,38,0.7559007406234741,awake,0.6084974200818457,0.7733365861174597,0.6314305184253289,0.6952160538359872,0.16335152332045666,0.5922765330399686,[[ 21850 17653][ 35156 60229]],21850,17653,35156,60229
7,38,0.7559007406234741,asleep,0.6084974200818457,0.38329298670315404,0.5531225476546086,0.4528075101803977,0.16335152332045666,0.5922765330399687,[[ 60229 35156][ 17653 21850]],60229,35156,17653,21850
7,38,0.7559007406234741,avg,0.6084974200818457,0.5783147864103069,0.5922765330399687,0.5740117820081925,0.16335152332045666,0.5922765330399686,,,,,
