client,round,loss,class,accuracy,precision,recall,f1_score,cohen_kappa_score,roc_auc_score,confusion_matrix,TP,FP,FN,TN
17,27,0.6970271468162537,awake,0.724223059130538,0.7311352983236673,0.9648057870734392,0.8318727260400894,0.13968904739571653,0.5540556794010844,[[ 5661 33842][ 3357 92028]],5661,33842,3357,92028
17,27,0.6970271468162537,asleep,0.724223059130538,0.627744510978044,0.14330557172872946,0.23334226417427506,0.13968904739571653,0.5540556794010845,[[ 92028 3357][ 33842 5661]],92028,3357,33842,5661
17,27,0.6970271468162537,avg,0.724223059130538,0.6794399046508557,0.5540556794010844,0.5326074951071822,0.13968904739571653,0.5540556794010845,,,,,
