client,round,loss,class,accuracy,precision,recall,f1_score,cohen_kappa_score,roc_auc_score,confusion_matrix,TP,FP,FN,TN
12,143,1.439296007156372,awake,0.7135623628491786,0.7568573135625442,0.8765214656392515,0.8123059883119343,0.22135247404706737,0.5982992109098973,[[ 12644 26859][ 11778 83607]],12644,26859,11778,83607
12,143,1.439296007156372,asleep,0.7135623628491786,0.517729915649824,0.32007695618054327,0.3955885803676183,0.22135247404706737,0.5982992109098973,[[ 83607 11778][ 26859 12644]],83607,11778,26859,12644
12,143,1.439296007156372,avg,0.7135623628491786,0.6372936146061841,0.5982992109098973,0.6039472843397763,0.22135247404706737,0.5982992109098973,,,,,
