client,round,loss,class,accuracy,precision,recall,f1_score,cohen_kappa_score,roc_auc_score,confusion_matrix,TP,FP,FN,TN
11,183,0.7538098096847534,awake,0.6896462250163098,0.7866369615046807,0.7699533469623107,0.7782057463164977,0.26176110244354756,0.6328439240697182,[[ 19583 19920][ 21943 73442]],19583,19920,21943,73442
11,183,0.7538098096847534,asleep,0.6896462250163098,0.4715840678129365,0.4957345011771258,0.48335781016673046,0.26176110244354756,0.6328439240697182,[[ 73442 21943][ 19920 19583]],73442,21943,19920,19583
11,183,0.7538098096847534,avg,0.6896462250163098,0.6291105146588085,0.6328439240697182,0.6307817782416141,0.26176110244354756,0.6328439240697182,,,,,
