client,round,loss,class,accuracy,precision,recall,f1_score,cohen_kappa_score,roc_auc_score,confusion_matrix,TP,FP,FN,TN
8,77,0.758263885974884,awake,0.7032723444635549,0.7636542015125827,0.8405199979032343,0.8002455445149249,0.22867064904728307,0.6061952443760152,[[ 14690 24813][ 15212 80173]],14690,24813,15212,80173
8,77,0.758263885974884,asleep,0.7032723444635549,0.4912714868570664,0.3718704908487963,0.4233124414667532,0.22867064904728307,0.6061952443760152,[[ 80173 15212][ 24813 14690]],80173,15212,24813,14690
8,77,0.758263885974884,avg,0.7032723444635549,0.6274628441848246,0.6061952443760152,0.611778992990839,0.22867064904728307,0.6061952443760152,,,,,
