client,round,loss,class,accuracy,precision,recall,f1_score,cohen_kappa_score,roc_auc_score,confusion_matrix,TP,FP,FN,TN
11,114,0.7088625431060791,awake,0.7072237708320978,0.7708440343855092,0.8338627666823925,0.8011159904919222,0.2497419388926343,0.6176503160804819,[[ 15858 23645][ 15847 79538]],15858,23645,15847,79538
11,114,0.7088625431060791,asleep,0.7072237708320978,0.5001734742154235,0.40143786547857124,0.4453993933265925,0.2497419388926343,0.6176503160804818,[[ 79538 15847][ 23645 15858]],79538,15847,23645,15858
11,114,0.7088625431060791,avg,0.7072237708320978,0.6355087543004663,0.6176503160804818,0.6232576919092574,0.2497419388926343,0.6176503160804818,,,,,
