client,round,loss,class,accuracy,precision,recall,f1_score,cohen_kappa_score,roc_auc_score,confusion_matrix,TP,FP,FN,TN
16,28,0.8342469334602356,awake,0.727751912697942,0.764290863218598,0.8892488336740577,0.8220483124560851,0.25673547383138073,0.6135229815030036,[[ 13344 26159][ 10564 84821]],13344,26159,10564,84821
16,28,0.8342469334602356,asleep,0.727751912697942,0.5581395348837209,0.3377971293319495,0.42087335004967596,0.25673547383138073,0.6135229815030037,[[ 84821 10564][ 26159 13344]],84821,10564,26159,13344
16,28,0.8342469334602356,avg,0.727751912697942,0.6612151990511594,0.6135229815030037,0.6214608312528805,0.25673547383138073,0.6135229815030037,,,,,
