client,round,loss,class,accuracy,precision,recall,f1_score,cohen_kappa_score,roc_auc_score,confusion_matrix,TP,FP,FN,TN
0,178,0.8797697424888611,awake,0.7350616808018504,0.7690482634190348,0.8937359123551921,0.8267170945765752,0.277479457339624,0.6228292755710598,[[ 13902 25601][ 10136 85249]],13902,25601,10136,85249
0,178,0.8797697424888611,asleep,0.7350616808018504,0.5783343040186372,0.3519226387869276,0.4375757384995515,0.277479457339624,0.6228292755710599,[[ 85249 10136][ 25601 13902]],85249,10136,25601,13902
0,178,0.8797697424888611,avg,0.7350616808018504,0.673691283718836,0.6228292755710598,0.6321464165380634,0.277479457339624,0.6228292755710598,,,,,
