client,round,loss,class,accuracy,precision,recall,f1_score,cohen_kappa_score,roc_auc_score,confusion_matrix,TP,FP,FN,TN
11,94,0.6890645027160645,awake,0.7196044125496709,0.7975354842711381,0.8088064161031608,0.8031314088216617,0.31618180591417067,0.6565106429299441,[[ 19918 19585][ 18237 77148]],19918,19585,18237,77148
11,94,0.6890645027160645,asleep,0.7196044125496709,0.522028567684445,0.5042148697567274,0.5129671122099462,0.31618180591417067,0.656510642929944,[[ 77148 18237][ 19585 19918]],77148,18237,19585,19918
11,94,0.6890645027160645,avg,0.7196044125496709,0.6597820259777916,0.6565106429299441,0.6580492605158039,0.31618180591417067,0.6565106429299441,,,,,
