client,round,loss,class,accuracy,precision,recall,f1_score,cohen_kappa_score,roc_auc_score,confusion_matrix,TP,FP,FN,TN
16,85,0.919444739818573,awake,0.7181810094300457,0.7432108186018908,0.9189914556796142,0.8218065907279802,0.18288510484135623,0.5761450962422069,[[ 9216 30287][ 7727 87658]],9216,30287,7727,87658
16,85,0.919444739818573,asleep,0.7181810094300457,0.543941450746621,0.23329873680479962,0.3265421819083726,0.18288510484135623,0.5761450962422069,[[ 87658 7727][ 30287 9216]],87658,7727,30287,9216
16,85,0.919444739818573,avg,0.7181810094300457,0.6435761346742559,0.5761450962422069,0.5741743863181764,0.18288510484135623,0.5761450962422069,,,,,
