client,round,loss,class,accuracy,precision,recall,f1_score,cohen_kappa_score,roc_auc_score,confusion_matrix,TP,FP,FN,TN
15,63,1.3694957494735718,awake,0.3774019927643675,0.6300342075256556,0.28963673533574463,0.3968398750314217,-0.08757437281130653,0.4394795326426843,[[ 23280 16223][ 67758 27627]],23280,16223,67758,27627
15,63,1.3694957494735718,asleep,0.3774019927643675,0.2557173927370988,0.5893223299496241,0.3566695520947442,-0.08757437281130653,0.43947953264268436,[[ 27627 67758][ 16223 23280]],27627,67758,16223,23280
15,63,1.3694957494735718,avg,0.3774019927643675,0.44287580013137723,0.43947953264268436,0.376754713563083,-0.08757437281130653,0.43947953264268436,,,,,
