client,round,loss,class,accuracy,precision,recall,f1_score,cohen_kappa_score,roc_auc_score,confusion_matrix,TP,FP,FN,TN
9,84,1.0092500448226929,awake,0.7526540537334677,0.7648953163572997,0.9387639565969492,0.8429574680398395,0.28840109451776974,0.621016031408365,[[ 11980 27523][ 5841 89544]],11980,27523,5841,89544
9,84,1.0092500448226929,asleep,0.7526540537334677,0.6722406150047696,0.3032681062197808,0.41797501918917035,0.28840109451776974,0.621016031408365,[[ 89544 5841][ 27523 11980]],89544,5841,27523,11980
9,84,1.0092500448226929,avg,0.7526540537334677,0.7185679656810346,0.621016031408365,0.630466243614505,0.28840109451776974,0.621016031408365,,,,,
