client,round,loss,class,accuracy,precision,recall,f1_score,cohen_kappa_score,roc_auc_score,confusion_matrix,TP,FP,FN,TN
11,22,0.6216385960578918,awake,0.7235632524761283,0.7735495475134427,0.8611836242595796,0.8150176608326389,0.2744356578755053,0.6262225237213145,[[ 15456 24047][ 13241 82144]],15456,24047,13241,82144
11,22,0.6216385960578918,asleep,0.7235632524761283,0.5385928842736174,0.3912614231830494,0.45325513196480943,0.2744356578755053,0.6262225237213145,[[ 82144 13241][ 24047 15456]],82144,13241,24047,15456
11,22,0.6216385960578918,avg,0.7235632524761283,0.65607121589353,0.6262225237213145,0.6341363963987242,0.2744356578755053,0.6262225237213145,,,,,
