client,round,loss,class,accuracy,precision,recall,f1_score,cohen_kappa_score,roc_auc_score,confusion_matrix,TP,FP,FN,TN
16,199,1.0764083862304688,awake,0.7346020402111382,0.770899634472349,0.8888399643549825,0.8256794067090956,0.28147390976675846,0.6255074945183261,[[ 14307 25196][ 10603 84782]],14307,25196,10603,84782
16,199,1.0764083862304688,asleep,0.7346020402111382,0.574347651545564,0.36217502468166973,0.4442270970145778,0.28147390976675846,0.6255074945183261,[[ 84782 10603][ 25196 14307]],84782,10603,25196,14307
16,199,1.0764083862304688,avg,0.7346020402111382,0.6726236430089565,0.6255074945183261,0.6349532518618367,0.28147390976675846,0.6255074945183261,,,,,
