client,round,loss,class,accuracy,precision,recall,f1_score,cohen_kappa_score,roc_auc_score,confusion_matrix,TP,FP,FN,TN
4,183,1.6111375093460083,awake,0.7310361188541605,0.7432684946617166,0.9466163442889343,0.8327077550192284,0.19480326797113945,0.5785533433972834,[[ 8315 31188][ 5092 90293]],8315,31188,5092,90293
4,183,1.6111375093460083,asleep,0.7310361188541605,0.6201984038189006,0.21049034250563248,0.31430731430731434,0.19480326797113945,0.5785533433972834,[[ 90293 5092][ 31188 8315]],90293,5092,31188,8315
4,183,1.6111375093460083,avg,0.7310361188541605,0.6817334492403087,0.5785533433972834,0.5735075346632714,0.19480326797113945,0.5785533433972834,,,,,
