client,round,loss,class,accuracy,precision,recall,f1_score,cohen_kappa_score,roc_auc_score,confusion_matrix,TP,FP,FN,TN
17,54,0.69599449634552,awake,0.7174841349860626,0.7442286864345349,0.9149132463175552,0.8207913621699914,0.1858237773225867,0.5778398851895095,[[ 9511 29992][ 8116 87269]],9511,29992,8116,87269
17,54,0.69599449634552,asleep,0.7174841349860626,0.5395699778748511,0.24076652406146368,0.33295991598109576,0.1858237773225867,0.5778398851895094,[[ 87269 8116][ 29992 9511]],87269,8116,29992,9511
17,54,0.69599449634552,avg,0.7174841349860626,0.641899332154693,0.5778398851895095,0.5768756390755436,0.1858237773225867,0.5778398851895095,,,,,
