client,round,loss,class,accuracy,precision,recall,f1_score,cohen_kappa_score,roc_auc_score,confusion_matrix,TP,FP,FN,TN
10,108,1.077077865600586,awake,0.4918006049463258,0.8154312715988433,0.36364208208837867,0.5029799451864096,0.11847063613063102,0.5824488414644107,[[ 31652 7851][ 60699 34686]],31652,7851,60699,34686
10,108,1.077077865600586,asleep,0.4918006049463258,0.34273586642267,0.8012556008404425,0.48010678477710195,0.11847063613063102,0.5824488414644106,[[ 34686 60699][ 7851 31652]],34686,60699,7851,31652
10,108,1.077077865600586,avg,0.4918006049463258,0.5790835690107566,0.5824488414644106,0.49154336498175577,0.11847063613063102,0.5824488414644107,,,,,
