client,round,loss,class,accuracy,precision,recall,f1_score,cohen_kappa_score,roc_auc_score,confusion_matrix,TP,FP,FN,TN
11,161,0.731438159942627,awake,0.6897277741533717,0.7909433798193458,0.762866278765005,0.7766511548477991,0.2692318869608089,0.6379959320817912,[[ 20270 19233][ 22619 72766]],20270,19233,22619,72766
11,161,0.731438159942627,asleep,0.6897277741533717,0.4726153559187671,0.5131255853985773,0.49203806194776195,0.2692318869608089,0.6379959320817912,[[ 72766 22619][ 19233 20270]],72766,22619,19233,20270
11,161,0.731438159942627,avg,0.6897277741533717,0.6317793678690564,0.6379959320817912,0.6343446083977805,0.2692318869608089,0.6379959320817912,,,,,
