client,round,loss,class,accuracy,precision,recall,f1_score,cohen_kappa_score,roc_auc_score,confusion_matrix,TP,FP,FN,TN
4,185,1.5748203992843628,awake,0.7227255204317656,0.7301573440452186,0.9642501441526445,0.8310330651318496,0.13422099613135485,0.5518919252267159,[[ 5512 33991][ 3410 91975]],5512,33991,3410,91975
4,185,1.5748203992843628,asleep,0.7227255204317656,0.6177986998430846,0.1395337063007873,0.22765100671140942,0.13422099613135485,0.5518919252267159,[[ 91975 3410][ 33991 5512]],91975,3410,33991,5512
4,185,1.5748203992843628,avg,0.7227255204317656,0.6739780219441516,0.5518919252267159,0.5293420359216295,0.13422099613135485,0.5518919252267159,,,,,
