client,round,loss,class,accuracy,precision,recall,f1_score,cohen_kappa_score,roc_auc_score,confusion_matrix,TP,FP,FN,TN
16,146,0.9467039108276367,awake,0.7327783049641183,0.7713008174685906,0.8843214341877653,0.8239534645196266,0.2802232073946307,0.6255898237440105,[[ 14492 25011][ 11034 84351]],14492,25011,11034,84351
16,146,0.9467039108276367,asleep,0.7327783049641183,0.56773485857557,0.3668582133002557,0.44570883759553437,0.2802232073946307,0.6255898237440106,[[ 84351 11034][ 25011 14492]],84351,11034,25011,14492
16,146,0.9467039108276367,avg,0.7327783049641183,0.6695178380220803,0.6255898237440105,0.6348311510575805,0.2802232073946307,0.6255898237440105,,,,,
