client,round,loss,class,accuracy,precision,recall,f1_score,cohen_kappa_score,roc_auc_score,confusion_matrix,TP,FP,FN,TN
7,96,1.2561031579971313,awake,0.5695095190083624,0.8041072447233314,0.5172301724589821,0.6295266045680746,0.17006088221032134,0.6064873997246686,[[ 27484 12019][ 46049 49336]],27484,12019,46049,49336
7,96,1.2561031579971313,asleep,0.5695095190083624,0.3737641603089769,0.6957446269903551,0.48628755440744537,0.17006088221032134,0.6064873997246686,[[ 49336 46049][ 12019 27484]],49336,46049,12019,27484
7,96,1.2561031579971313,avg,0.5695095190083624,0.5889357025161541,0.6064873997246686,0.55790707948776,0.17006088221032134,0.6064873997246686,,,,,
