client,round,loss,class,accuracy,precision,recall,f1_score,cohen_kappa_score,roc_auc_score,confusion_matrix,TP,FP,FN,TN
14,136,1.3362783193588257,awake,0.7345353181899057,0.7496668426743104,0.9377260575562195,0.8332168907022888,0.22081110153473238,0.5908157918593947,[[ 9635 29868][ 5940 89445]],9635,29868,5940,89445
14,136,1.3362783193588257,asleep,0.7345353181899057,0.6186195826645264,0.24390552616256994,0.3498674606921094,0.22081110153473238,0.5908157918593948,[[ 89445 5940][ 29868 9635]],89445,5940,29868,9635
14,136,1.3362783193588257,avg,0.7345353181899057,0.6841432126694185,0.5908157918593947,0.591542175697199,0.22081110153473238,0.5908157918593948,,,,,
