client,round,loss,class,accuracy,precision,recall,f1_score,cohen_kappa_score,roc_auc_score,confusion_matrix,TP,FP,FN,TN
0,34,0.7672393918037415,awake,0.7349134096435561,0.7567958656330749,0.9211511243906274,0.8309241790197885,0.2438234498637749,0.6031849842645236,[[ 11267 28236][ 7521 87864]],11267,28236,7521,87864
0,34,0.7672393918037415,asleep,0.7349134096435561,0.5996912923142431,0.28521884413841986,0.3865776878077233,0.2438234498637749,0.6031849842645236,[[ 87864 7521][ 28236 11267]],87864,7521,28236,11267
0,34,0.7672393918037415,avg,0.7349134096435561,0.678243578973659,0.6031849842645236,0.608750933413756,0.2438234498637749,0.6031849842645236,,,,,
