client,round,loss,class,accuracy,precision,recall,f1_score,cohen_kappa_score,roc_auc_score,confusion_matrix,TP,FP,FN,TN
10,19,1.13105309009552,awake,0.47517199454362136,0.8522401741721095,0.3118939036536143,0.4566630594122478,0.1251824424443908,0.590660771030412,[[ 34345 5158][ 65635 29750]],34345,5158,65635,29750
10,19,1.13105309009552,asleep,0.47517199454362136,0.34351870374074817,0.8694276384072096,0.4924614469146778,0.1251824424443908,0.5906607710304119,[[ 29750 65635][ 5158 34345]],29750,65635,5158,34345
10,19,1.13105309009552,avg,0.47517199454362136,0.5978794389564288,0.5906607710304119,0.4745622531634628,0.1251824424443908,0.5906607710304119,,,,,
