client,round,loss,class,accuracy,precision,recall,f1_score,cohen_kappa_score,roc_auc_score,confusion_matrix,TP,FP,FN,TN
17,94,0.8304296135902405,awake,0.7141776881560998,0.7268684481561025,0.9544582481522252,0.8252597037654781,0.11360862200333655,0.5442240358549649,[[ 5293 34210][ 4344 91041]],5293,34210,4344,91041
17,94,0.8304296135902405,asleep,0.7141776881560998,0.5492373145169659,0.13398982355770447,0.21542531542531543,0.11360862200333655,0.5442240358549648,[[ 91041 4344][ 34210 5293]],91041,4344,34210,5293
17,94,0.8304296135902405,avg,0.7141776881560998,0.6380528813365343,0.5442240358549648,0.5203425095953967,0.11360862200333655,0.5442240358549648,,,,,
