client,round,loss,class,accuracy,precision,recall,f1_score,cohen_kappa_score,roc_auc_score,confusion_matrix,TP,FP,FN,TN
17,102,0.7837091684341431,awake,0.7133251289959077,0.7336992352320675,0.9333752686481103,0.8215790226504067,0.1428616109206149,0.5576807234565261,[[ 7189 32314][ 6355 89030]],7189,32314,6355,89030
17,102,0.7837091684341431,asleep,0.7133251289959077,0.5307885410513881,0.1819861782649419,0.2710426602823911,0.1428616109206149,0.5576807234565261,[[ 89030 6355][ 32314 7189]],89030,6355,32314,7189
17,102,0.7837091684341431,avg,0.7133251289959077,0.6322438881417278,0.5576807234565261,0.5463108414663989,0.1428616109206149,0.5576807234565261,,,,,
