client,round,loss,class,accuracy,precision,recall,f1_score,cohen_kappa_score,roc_auc_score,confusion_matrix,TP,FP,FN,TN
0,176,0.9141866564750671,awake,0.7188185754107111,0.7556894541506092,0.8901504429417624,0.8174273858921162,0.22337958021162352,0.5976332550379521,[[ 12053 27450][ 10478 84907]],12053,27450,10478,84907
0,176,0.9141866564750671,asleep,0.7188185754107111,0.534951844125871,0.3051160671341417,0.3885933520327562,0.22337958021162352,0.5976332550379521,[[ 84907 10478][ 27450 12053]],84907,10478,27450,12053
0,176,0.9141866564750671,avg,0.7188185754107111,0.6453206491382402,0.5976332550379521,0.6030103689624362,0.22337958021162352,0.5976332550379521,,,,,
