client,round,loss,class,accuracy,precision,recall,f1_score,cohen_kappa_score,roc_auc_score,confusion_matrix,TP,FP,FN,TN
8,136,0.7909873723983765,awake,0.6900910384911927,0.7762756259538836,0.7891911726162395,0.7826801208170224,0.24285027948621385,0.6199961887940069,[[ 17808 21695][ 20108 75277]],17808,21695,20108,75277
8,136,0.7909873723983765,asleep,0.6900910384911927,0.4696697963920245,0.4508012049717743,0.4600421085263307,0.24285027948621385,0.6199961887940069,[[ 75277 20108][ 21695 17808]],75277,20108,21695,17808
8,136,0.7909873723983765,avg,0.6900910384911927,0.622972711172954,0.6199961887940069,0.6213611146716765,0.24285027948621385,0.6199961887940069,,,,,
