client,round,loss,class,accuracy,precision,recall,f1_score,cohen_kappa_score,roc_auc_score,confusion_matrix,TP,FP,FN,TN
6,105,0.9387819766998291,awake,0.6892977877943183,0.8064926579318409,0.7376002516118887,0.7705095771593783,0.2925874031552834,0.6551328093995954,[[ 22622 16881][ 25029 70356]],22622,16881,25029,70356
6,105,0.9387819766998291,asleep,0.6892977877943183,0.47474344714696437,0.5726653671873022,0.519127062441196,0.2925874031552834,0.6551328093995954,[[ 70356 25029][ 16881 22622]],70356,25029,16881,22622
6,105,0.9387819766998291,avg,0.6892977877943183,0.6406180525394026,0.6551328093995954,0.6448183198002871,0.2925874031552834,0.6551328093995954,,,,,
