client,round,loss,class,accuracy,precision,recall,f1_score,cohen_kappa_score,roc_auc_score,confusion_matrix,TP,FP,FN,TN
12,22,1.0547151565551758,awake,0.7119387936658561,0.7387305207145572,0.9169366252555433,0.8182430536065114,0.16142581766963848,0.5669410868474511,[[ 8570 30933][ 7923 87462]],8570,30933,7923,87462
12,22,1.0547151565551758,asleep,0.7119387936658561,0.5196143818589705,0.21694554843935904,0.306093292378027,0.16142581766963848,0.5669410868474511,[[ 87462 7923][ 30933 8570]],87462,7923,30933,8570
12,22,1.0547151565551758,avg,0.7119387936658561,0.6291724512867638,0.5669410868474511,0.5621681729922692,0.16142581766963848,0.5669410868474511,,,,,
