client,round,loss,class,accuracy,precision,recall,f1_score,cohen_kappa_score,roc_auc_score,confusion_matrix,TP,FP,FN,TN
6,192,0.8712945580482483,awake,0.7163646877409406,0.8068320979697068,0.787419405566913,0.7970075606844409,0.3266543912103965,0.6661067359201803,[[ 21521 17982][ 20277 75108]],21521,17982,20277,75108
6,192,0.8712945580482483,asleep,0.7163646877409406,0.5148810947892244,0.5447940662734476,0.5294153823446206,0.3266543912103965,0.6661067359201803,[[ 75108 20277][ 17982 21521]],75108,20277,17982,21521
6,192,0.8712945580482483,avg,0.7163646877409406,0.6608565963794656,0.6661067359201803,0.6632114715145307,0.3266543912103965,0.6661067359201803,,,,,
