client,round,loss,class,accuracy,precision,recall,f1_score,cohen_kappa_score,roc_auc_score,confusion_matrix,TP,FP,FN,TN
13,47,0.8508852124214172,awake,0.6442455963465986,0.8032268795741849,0.6581433139382502,0.7234832114601161,0.2383763599128731,0.6344155549009277,[[ 24124 15379][ 32608 62777]],24124,15379,32608,62777
13,47,0.8508852124214172,asleep,0.6442455963465986,0.4252273848974124,0.6106877958636053,0.5013560554891671,0.2383763599128731,0.6344155549009277,[[ 62777 32608][ 15379 24124]],62777,32608,15379,24124
13,47,0.8508852124214172,avg,0.6442455963465986,0.6142271322357986,0.6344155549009278,0.6124196334746416,0.2383763599128731,0.6344155549009277,,,,,
