client,round,loss,class,accuracy,precision,recall,f1_score,cohen_kappa_score,roc_auc_score,confusion_matrix,TP,FP,FN,TN
10,38,0.9233146905899048,awake,0.5428577783049641,0.8173297700154327,0.4552917125334172,0.5848140641938069,0.15958873810311425,0.6047944272613166,[[ 29797 9706][ 51957 43428]],29797,9706,51957,43428
10,38,0.9233146905899048,asleep,0.5428577783049641,0.3644714631699978,0.754297141989216,0.49146853377536964,0.15958873810311425,0.6047944272613166,[[ 43428 51957][ 9706 29797]],43428,51957,9706,29797
10,38,0.9233146905899048,avg,0.5428577783049641,0.5909006165927153,0.6047944272613166,0.5381412989845883,0.15958873810311425,0.6047944272613166,,,,,
