client,round,loss,class,accuracy,precision,recall,f1_score,cohen_kappa_score,roc_auc_score,confusion_matrix,TP,FP,FN,TN
17,144,0.7331364750862122,awake,0.7162608979301346,0.7398575436356611,0.9234470828746658,0.8215203391174181,0.1691122398062026,0.5697153395286172,[[ 8532 30971][ 7302 88083]],8532,30971,7302,88083
17,144,0.7331364750862122,asleep,0.7162608979301346,0.5388404698749526,0.2159835961825684,0.30836510833619457,0.1691122398062026,0.5697153395286171,[[ 88083 7302][ 30971 8532]],88083,7302,30971,8532
17,144,0.7331364750862122,avg,0.7162608979301346,0.6393490067553069,0.5697153395286171,0.5649427237268063,0.1691122398062026,0.5697153395286172,,,,,
