client,round,loss,class,accuracy,precision,recall,f1_score,cohen_kappa_score,roc_auc_score,confusion_matrix,TP,FP,FN,TN
16,5,0.727644681930542,awake,0.7180030840400925,0.7596508226856589,0.8794779053310269,0.8151844365841333,0.233648000454024,0.603789784247925,[[ 12961 26542][ 11496 83889]],12961,26542,11496,83889
16,5,0.727644681930542,asleep,0.7180030840400925,0.5299505254119475,0.3281016631648229,0.40528455284552845,0.233648000454024,0.6037897842479248,[[ 83889 11496][ 26542 12961]],83889,11496,26542,12961
16,5,0.727644681930542,avg,0.7180030840400925,0.6448006740488033,0.603789784247925,0.6102344947148308,0.233648000454024,0.603789784247925,,,,,
