client,round,loss,class,accuracy,precision,recall,f1_score,cohen_kappa_score,roc_auc_score,confusion_matrix,TP,FP,FN,TN
18,185,0.9404444694519043,awake,0.7389537987070754,0.7511918179920685,0.9432720029354721,0.8363450455474997,0.23057560886438144,0.5944368014069812,[[ 9702 29801][ 5411 89974]],9702,29801,5411,89974
18,185,0.9404444694519043,asleep,0.7389537987070754,0.6419638721630384,0.24560159987849023,0.3552805038816464,0.23057560886438144,0.5944368014069811,[[ 89974 5411][ 29801 9702]],89974,5411,29801,9702
18,185,0.9404444694519043,avg,0.7389537987070754,0.6965778450775535,0.5944368014069812,0.5958127747145731,0.23057560886438144,0.5944368014069812,,,,,
