client,round,loss,class,accuracy,precision,recall,f1_score,cohen_kappa_score,roc_auc_score,confusion_matrix,TP,FP,FN,TN
12,185,1.4852887392044067,awake,0.7188927109898583,0.7567852578710779,0.8877915814855585,0.8170704643915052,0.22660226540011408,0.5994282819459789,[[ 12288 27215][ 10703 84682]],12288,27215,10703,84682
12,185,1.4852887392044067,asleep,0.7188927109898583,0.5344700100039146,0.3110649824063995,0.3932537523602265,0.22660226540011408,0.5994282819459791,[[ 84682 10703][ 27215 12288]],84682,10703,27215,12288
12,185,1.4852887392044067,avg,0.7188927109898583,0.6456276339374962,0.599428281945979,0.6051621083758658,0.22660226540011408,0.599428281945979,,,,,
