client,round,loss,class,accuracy,precision,recall,f1_score,cohen_kappa_score,roc_auc_score,confusion_matrix,TP,FP,FN,TN
12,175,1.4743057489395142,awake,0.711034339600261,0.7485305910240481,0.8905383446034492,0.8133827430026906,0.19419637946101032,0.5840687571433822,[[ 10966 28537][ 10441 84944]],10966,28537,10441,84944
12,175,1.4743057489395142,asleep,0.711034339600261,0.5122623440930537,0.2775991696833152,0.3600722377277951,0.19419637946101032,0.5840687571433822,[[ 84944 10441][ 28537 10966]],84944,10441,28537,10966
12,175,1.4743057489395142,avg,0.711034339600261,0.6303964675585509,0.5840687571433822,0.5867274903652429,0.19419637946101032,0.5840687571433822,,,,,
