client,round,loss,class,accuracy,precision,recall,f1_score,cohen_kappa_score,roc_auc_score,confusion_matrix,TP,FP,FN,TN
7,116,1.1754547357559204,awake,0.5532293458276496,0.7589700482236871,0.5395502437490172,0.63072171771021,0.10445081229886066,0.5629047575983777,[[ 23159 16344][ 43920 51465]],23159,16344,43920,51465
7,116,1.1754547357559204,asleep,0.5532293458276496,0.3452496310320667,0.5862592714477382,0.43457619485466586,0.10445081229886066,0.5629047575983777,[[ 51465 43920][ 16344 23159]],51465,43920,16344,23159
7,116,1.1754547357559204,avg,0.5532293458276496,0.5521098396278769,0.5629047575983777,0.5326489562824379,0.10445081229886066,0.5629047575983777,,,,,
