client,round,loss,class,accuracy,precision,recall,f1_score,cohen_kappa_score,roc_auc_score,confusion_matrix,TP,FP,FN,TN
3,87,0.946719765663147,awake,0.6653964770772789,0.8022907467786373,0.6991036326466425,0.7471512924224938,0.25950256271492966,0.6415549553254224,[[ 23070 16433][ 28701 66684]],23070,16433,28701,66684
3,87,0.946719765663147,asleep,0.6653964770772789,0.445616271657878,0.5840062780042022,0.505510879330368,0.25950256271492966,0.6415549553254225,[[ 66684 28701][ 16433 23070]],66684,28701,16433,23070
3,87,0.946719765663147,avg,0.6653964770772789,0.6239535092182577,0.6415549553254224,0.6263310858764308,0.25950256271492966,0.6415549553254225,,,,,
