client,round,loss,class,accuracy,precision,recall,f1_score,cohen_kappa_score,roc_auc_score,confusion_matrix,TP,FP,FN,TN
9,42,0.9404919147491455,awake,0.7475090445406559,0.7517012107531295,0.9600670965036431,0.8432024308273098,0.24171983942545805,0.5971638927826166,[[ 9254 30249][ 3809 91576]],9254,30249,3809,91576
9,42,0.9404919147491455,asleep,0.7475090445406559,0.7084130750976039,0.23426068906159025,0.35209070501845297,0.24171983942545805,0.5971638927826167,[[ 91576 3809][ 30249 9254]],91576,3809,30249,9254
9,42,0.9404919147491455,avg,0.7475090445406559,0.7300571429253666,0.5971638927826166,0.5976465679228814,0.24171983942545805,0.5971638927826166,,,,,
