client,round,loss,class,accuracy,precision,recall,f1_score,cohen_kappa_score,roc_auc_score,confusion_matrix,TP,FP,FN,TN
7,117,0.9783079028129578,awake,0.6009059367771781,0.7486297599387282,0.6558368716255176,0.6991679100515795,0.11410162036776883,0.5620525522089819,[[ 18498 21005][ 32828 62557]],18498,21005,32828,62557
7,117,0.9783079028129578,asleep,0.6009059367771781,0.36040213536998794,0.46826823279244617,0.40731484437789695,0.11410162036776883,0.5620525522089819,[[ 62557 32828][ 21005 18498]],62557,32828,21005,18498
7,117,0.9783079028129578,avg,0.6009059367771781,0.5545159476543581,0.5620525522089819,0.5532413772147382,0.11410162036776883,0.5620525522089819,,,,,
