client,round,loss,class,accuracy,precision,recall,f1_score,cohen_kappa_score,roc_auc_score,confusion_matrix,TP,FP,FN,TN
15,90,1.3727580308914185,awake,0.37975209062333193,0.6302304393235706,0.2973318655973161,0.40404313820466425,-0.09020137032481945,0.43804901762765835,[[ 22863 16640][ 67024 28361]],22863,16640,67024,28361
15,90,1.3727580308914185,asleep,0.37975209062333193,0.2543526872628967,0.5787661696580007,0.35339670762810105,-0.09020137032481945,0.4380490176276584,[[ 28361 67024][ 16640 22863]],28361,67024,16640,22863
15,90,1.3727580308914185,avg,0.37975209062333193,0.44229156329323366,0.43804901762765835,0.3787199229163827,-0.09020137032481945,0.43804901762765835,,,,,
