client,round,loss,class,accuracy,precision,recall,f1_score,cohen_kappa_score,roc_auc_score,confusion_matrix,TP,FP,FN,TN
10,27,1.0420483350753784,awake,0.519912816558923,0.839222027778393,0.3971798500812497,0.5391808038255722,0.15550987834475116,0.6067234845171203,[[ 32245 7258][ 57500 37885]],32245,7258,57500,37885
10,27,1.0420483350753784,asleep,0.519912816558923,0.3592957824948465,0.8162671189529909,0.4989632334736321,0.15550987834475116,0.6067234845171203,[[ 37885 57500][ 7258 32245]],37885,57500,7258,32245
10,27,1.0420483350753784,avg,0.519912816558923,0.5992589051366197,0.6067234845171203,0.5190720186496022,0.15550987834475116,0.6067234845171203,,,,,
