client,round,loss,class,accuracy,precision,recall,f1_score,cohen_kappa_score,roc_auc_score,confusion_matrix,TP,FP,FN,TN
6,113,0.9635884761810303,awake,0.6987204199039203,0.8002742430890741,0.7648267547308277,0.782149079310622,0.2946923791951135,0.651962525531376,[[ 21296 18207][ 22432 72953]],21296,18207,22432,72953
6,113,0.9635884761810303,asleep,0.6987204199039203,0.48701061105012805,0.5390982963319242,0.5117324073962827,0.2946923791951135,0.6519625255313759,[[ 72953 22432][ 18207 21296]],72953,22432,18207,21296
6,113,0.9635884761810303,avg,0.6987204199039203,0.6436424270696011,0.6519625255313759,0.6469407433534524,0.2946923791951135,0.6519625255313759,,,,,
