client,round,loss,class,accuracy,precision,recall,f1_score,cohen_kappa_score,roc_auc_score,confusion_matrix,TP,FP,FN,TN
2,111,0.7471683025360107,awake,0.7543517584959374,0.7887184149011168,0.8914085023850711,0.8369252272514752,0.34675223213521,0.657409691285693,[[ 16726 22777][ 10358 85027]],16726,22777,10358,85027
2,111,0.7471683025360107,asleep,0.7543517584959374,0.6175601831339537,0.42341088018631495,0.5023803445116914,0.34675223213521,0.657409691285693,[[ 85027 10358][ 22777 16726]],85027,10358,22777,16726
2,111,0.7471683025360107,avg,0.7543517584959374,0.7031392990175352,0.657409691285693,0.6696527858815833,0.34675223213521,0.657409691285693,,,,,
