client,round,loss,class,accuracy,precision,recall,f1_score,cohen_kappa_score,roc_auc_score,confusion_matrix,TP,FP,FN,TN
0,39,0.7248282432556152,awake,0.7189446058952612,0.7629137618707801,0.8742255071552131,0.8147855017661112,0.2433369366834388,0.6091123485450773,[[ 13589 25914][ 11997 83388]],13589,25914,11997,83388
0,39,0.7248282432556152,asleep,0.7189446058952612,0.5311107636988979,0.34399918993494166,0.4175513527631397,0.2433369366834388,0.6091123485450773,[[ 83388 11997][ 25914 13589]],83388,11997,25914,13589
0,39,0.7248282432556152,avg,0.7189446058952612,0.6470122627848389,0.6091123485450773,0.6161684272646255,0.2433369366834388,0.6091123485450773,,,,,
