client,round,loss,class,accuracy,precision,recall,f1_score,cohen_kappa_score,roc_auc_score,confusion_matrix,TP,FP,FN,TN
9,196,1.0223482847213745,awake,0.7596450388470435,0.7813304260794968,0.9166430780521047,0.843595173887664,0.3386831798720563,0.648598226872545,[[ 15033 24470][ 7951 87434]],15033,24470,7951,87434
9,196,1.0223482847213745,asleep,0.7596450388470435,0.654063696484511,0.38055337569298536,0.48115608046473674,0.3386831798720563,0.648598226872545,[[ 87434 7951][ 24470 15033]],87434,7951,24470,15033
9,196,1.0223482847213745,avg,0.7596450388470435,0.717697061282004,0.648598226872545,0.6623756271762004,0.3386831798720563,0.648598226872545,,,,,
