client,round,loss,class,accuracy,precision,recall,f1_score,cohen_kappa_score,roc_auc_score,confusion_matrix,TP,FP,FN,TN
16,62,0.8912642598152161,awake,0.7290048039855287,0.7646635415635713,0.8909891492373014,0.82300704989154,0.25914342111559074,0.6144311110842355,[[ 13347 26156][ 10398 84987]],13347,26156,10398,84987
16,62,0.8912642598152161,asleep,0.7290048039855287,0.5620972836386607,0.3378730729311698,0.4220528712370352,0.25914342111559074,0.6144311110842356,[[ 84987 10398][ 26156 13347]],84987,10398,26156,13347
16,62,0.8912642598152161,avg,0.7290048039855287,0.663380412601116,0.6144311110842356,0.6225299605642877,0.25914342111559074,0.6144311110842355,,,,,
