client,round,loss,class,accuracy,precision,recall,f1_score,cohen_kappa_score,roc_auc_score,confusion_matrix,TP,FP,FN,TN
1,185,0.8775458335876465,awake,0.5922172469011328,0.7193945189402995,0.6940609110447136,0.7065006856587928,0.03938277081732311,0.520181861744669,[[ 13680 25823][ 29182 66203]],13680,25823,29182,66203
1,185,0.8775458335876465,asleep,0.5922172469011328,0.31916382809948207,0.34630281244462446,0.3321799307958478,0.03938277081732311,0.5201818617446691,[[ 66203 29182][ 25823 13680]],66203,29182,25823,13680
1,185,0.8775458335876465,avg,0.5922172469011328,0.5192791735198907,0.520181861744669,0.5193403082273202,0.03938277081732311,0.520181861744669,,,,,
