client,round,loss,class,accuracy,precision,recall,f1_score,cohen_kappa_score,roc_auc_score,confusion_matrix,TP,FP,FN,TN
4,60,1.2133656740188599,awake,0.709914892355139,0.7181513595681646,0.9707710856004613,0.8255684882958948,0.06764661050569565,0.5254078195893352,[[ 3162 36341][ 2788 92597]],3162,36341,2788,92597
4,60,1.2133656740188599,asleep,0.709914892355139,0.5314285714285715,0.08004455357820925,0.13913273051283745,0.06764661050569565,0.5254078195893354,[[ 92597 2788][ 36341 3162]],92597,2788,36341,3162
4,60,1.2133656740188599,avg,0.709914892355139,0.624789965498368,0.5254078195893352,0.48235060940436614,0.06764661050569565,0.5254078195893352,,,,,
