client,round,loss,class,accuracy,precision,recall,f1_score,cohen_kappa_score,roc_auc_score,confusion_matrix,TP,FP,FN,TN
7,200,0.9872075319290161,awake,0.5907122946444457,0.7714258691275622,0.5985637154688892,0.6740891166261305,0.14701630219513184,0.5851588797327738,[[ 22586 16917][ 38291 57094]],22586,16917,38291,57094
7,200,0.9872075319290161,asleep,0.5907122946444457,0.37101039801567093,0.5717540439966585,0.45000996214385336,0.14701630219513184,0.5851588797327738,[[ 57094 38291][ 16917 22586]],57094,38291,16917,22586
7,200,0.9872075319290161,avg,0.5907122946444457,0.5712181335716165,0.5851588797327738,0.5620495393849919,0.14701630219513184,0.5851588797327738,,,,,
