client,round,loss,class,accuracy,precision,recall,f1_score,cohen_kappa_score,roc_auc_score,confusion_matrix,TP,FP,FN,TN
1,2,0.6114614009857178,awake,0.6848348259296602,0.7211389662643145,0.9038108717303559,0.8022072097221447,0.07297523684415941,0.5299501413305856,[[ 6166 33337][ 9175 86210]],6166,33337,9175,86210
1,2,0.6114614009857178,asleep,0.6848348259296602,0.4019294700475849,0.15608941093081538,0.2248559550725695,0.07297523684415941,0.5299501413305856,[[ 86210 9175][ 33337 6166]],86210,9175,33337,6166
1,2,0.6114614009857178,avg,0.6848348259296602,0.5615342181559497,0.5299501413305856,0.5135315823973571,0.07297523684415941,0.5299501413305856,,,,,
