client,round,loss,class,accuracy,precision,recall,f1_score,cohen_kappa_score,roc_auc_score,confusion_matrix,TP,FP,FN,TN
15,144,1.308109998703003,awake,0.40215586264159897,0.6577635098983413,0.3222099910887456,0.43253817465343747,-0.0606943147310508,0.45870264635570357,[[ 23512 15991][ 64651 30734]],23512,15991,64651,30734
15,144,1.308109998703003,asleep,0.40215586264159897,0.2666878395698876,0.5951953016226615,0.36833612708160357,-0.0606943147310508,0.45870264635570357,[[ 30734 64651][ 15991 23512]],30734,64651,15991,23512
15,144,1.308109998703003,avg,0.40215586264159897,0.46222567473411447,0.45870264635570357,0.4004371508675205,-0.0606943147310508,0.45870264635570357,,,,,
