client,round,loss,class,accuracy,precision,recall,f1_score,cohen_kappa_score,roc_auc_score,confusion_matrix,TP,FP,FN,TN
14,198,1.3240629434585571,awake,0.75051894905403,0.7718772846182981,0.918718876133564,0.838920906010071,0.30400429172825727,0.6315488920323036,[[ 13604 25899][ 7753 87632]],13604,25899,7753,87632
14,198,1.3240629434585571,asleep,0.75051894905403,0.6369808493702299,0.3443789079310432,0.4470588235294118,0.30400429172825727,0.6315488920323036,[[ 87632 7753][ 25899 13604]],87632,7753,25899,13604
14,198,1.3240629434585571,avg,0.75051894905403,0.704429066994264,0.6315488920323036,0.6429898647697414,0.30400429172825727,0.6315488920323036,,,,,
