client,round,loss,class,accuracy,precision,recall,f1_score,cohen_kappa_score,roc_auc_score,confusion_matrix,TP,FP,FN,TN
3,23,0.8955152034759521,awake,0.6087124132613724,0.8051802931106113,0.5892331079310164,0.6804852652735066,0.2059181873132151,0.6224903863326702,[[ 25904 13599][ 39181 56204]],25904,13599,39181,56204
3,23,0.8955152034759521,asleep,0.6087124132613724,0.39800261196896364,0.655747664734324,0.49535319539526523,0.2059181873132151,0.6224903863326703,[[ 56204 39181][ 13599 25904]],56204,39181,13599,25904
3,23,0.8955152034759521,avg,0.6087124132613724,0.6015914525397875,0.6224903863326702,0.5879192303343859,0.2059181873132151,0.6224903863326703,,,,,
