client,round,loss,class,accuracy,precision,recall,f1_score,cohen_kappa_score,roc_auc_score,confusion_matrix,TP,FP,FN,TN
3,58,0.8927342891693115,awake,0.638344404246486,0.8032010409889395,0.647124809980605,0.716764885185938,0.2323348803722598,0.6321339058889685,[[ 24379 15124][ 33659 61726]],24379,15124,33659,61726
3,58,0.8927342891693115,asleep,0.638344404246486,0.42005237947551605,0.6171430017973318,0.49987184876103385,0.2323348803722598,0.6321339058889683,[[ 61726 33659][ 15124 24379]],61726,33659,15124,24379
3,58,0.8927342891693115,avg,0.638344404246486,0.6116267102322278,0.6321339058889683,0.608318366973486,0.2323348803722598,0.6321339058889683,,,,,
