client,round,loss,class,accuracy,precision,recall,f1_score,cohen_kappa_score,roc_auc_score,confusion_matrix,TP,FP,FN,TN
7,187,1.0764312744140625,awake,0.5668035703694917,0.7741653064252857,0.5469518268071499,0.6410198126247888,0.1338944303340207,0.5808449739812526,[[ 24284 15219][ 43214 52171]],24284,15219,43214,52171
7,187,1.0764312744140625,asleep,0.5668035703694917,0.35977362292216064,0.6147381211553553,0.4539022999785049,0.1338944303340207,0.5808449739812527,[[ 52171 43214][ 15219 24284]],52171,43214,15219,24284
7,187,1.0764312744140625,avg,0.5668035703694917,0.5669694646737231,0.5808449739812527,0.5474610563016469,0.1338944303340207,0.5808449739812527,,,,,
