client,round,loss,class,accuracy,precision,recall,f1_score,cohen_kappa_score,roc_auc_score,confusion_matrix,TP,FP,FN,TN
8,123,0.799329936504364,awake,0.6822549077753396,0.7667462292417856,0.7914242281281124,0.7788898060255882,0.21496979161143637,0.6050379880483105,[[ 16538 22965][ 19895 75490]],16538,22965,19895,75490
8,123,0.799329936504364,asleep,0.6822549077753396,0.4539291301841737,0.41865174796850874,0.4355773282764433,0.21496979161143637,0.6050379880483107,[[ 75490 19895][ 22965 16538]],75490,19895,22965,16538
8,123,0.799329936504364,avg,0.6822549077753396,0.6103376797129796,0.6050379880483105,0.6072335671510157,0.21496979161143637,0.6050379880483105,,,,,
