client,round,loss,class,accuracy,precision,recall,f1_score,cohen_kappa_score,roc_auc_score,confusion_matrix,TP,FP,FN,TN
15,16,1.124206781387329,awake,0.33113397781863474,0.5893716461831401,0.17847669969072705,0.2739840669509938,-0.08156002331257817,0.4391105114533427,[[ 27642 11861][ 78361 17024]],27642,11861,78361,17024
15,16,1.124206781387329,asleep,0.33113397781863474,0.2607662047300548,0.6997443232159583,0.37994309513009766,-0.08156002331257817,0.4391105114533427,[[ 17024 78361][ 11861 27642]],17024,78361,11861,27642
15,16,1.124206781387329,avg,0.33113397781863474,0.42506892545659747,0.4391105114533427,0.32696358104054574,-0.08156002331257817,0.4391105114533427,,,,,
