client,round,loss,class,accuracy,precision,recall,f1_score,cohen_kappa_score,roc_auc_score,confusion_matrix,TP,FP,FN,TN
16,2,0.7574069499969482,awake,0.7029906292627958,0.7319425111942176,0.9151334067201342,0.8133505401993077,0.12865352228509053,0.5529392067142427,[[ 7535 31968][ 8095 87290]],7535,31968,8095,87290
16,2,0.7574069499969482,asleep,0.7029906292627958,0.482085732565579,0.19074500670835126,0.27333901655995496,0.12865352228509053,0.5529392067142428,[[ 87290 8095][ 31968 7535]],87290,8095,31968,7535
16,2,0.7574069499969482,avg,0.7029906292627958,0.6070141218798983,0.5529392067142427,0.5433447783796314,0.12865352228509053,0.5529392067142427,,,,,
