client,round,loss,class,accuracy,precision,recall,f1_score,cohen_kappa_score,roc_auc_score,confusion_matrix,TP,FP,FN,TN
2,78,0.7934623956680298,awake,0.7504299863590534,0.7968012156534618,0.8685747234890182,0.8311413408773989,0.35643895934155234,0.6668646343567157,[[ 18375 21128][ 12536 82849]],18375,21128,12536,82849
2,78,0.7934623956680298,asleep,0.7504299863590534,0.5944485781760538,0.46515454522441335,0.5219132558866134,0.35643895934155234,0.6668646343567157,[[ 82849 12536][ 21128 18375]],82849,12536,21128,18375
2,78,0.7934623956680298,avg,0.7504299863590534,0.6956248969147578,0.6668646343567157,0.6765272983820061,0.35643895934155234,0.6668646343567157,,,,,
