client,round,loss,class,accuracy,precision,recall,f1_score,cohen_kappa_score,roc_auc_score,confusion_matrix,TP,FP,FN,TN
14,175,1.342106819152832,awake,0.7511935828242691,0.7743538767395626,0.9146930859149761,0.83869324271714,0.3109578304982945,0.6355481985279511,[[ 14079 25424][ 8137 87248]],14079,25424,8137,87248
14,175,1.342106819152832,asleep,0.7511935828242691,0.6337324450846237,0.356403311140926,0.45622903805959264,0.3109578304982945,0.635548198527951,[[ 87248 8137][ 25424 14079]],87248,8137,25424,14079
14,175,1.342106819152832,avg,0.7511935828242691,0.7040431609120932,0.6355481985279511,0.6474611403883663,0.3109578304982945,0.635548198527951,,,,,
