client,round,loss,class,accuracy,precision,recall,f1_score,cohen_kappa_score,roc_auc_score,confusion_matrix,TP,FP,FN,TN
10,102,1.0598801374435425,awake,0.4839941284621315,0.8342234897588799,0.33732767206583847,0.48040013437348367,0.12345468814558214,0.5877332737971397,[[ 33109 6394][ 63209 32176]],33109,6394,63209,32176
10,102,1.0598801374435425,asleep,0.4839941284621315,0.3437467555389439,0.8381388755284409,0.4875387458493164,0.12345468814558214,0.5877332737971397,[[ 32176 63209][ 6394 33109]],32176,63209,6394,33109
10,102,1.0598801374435425,avg,0.4839941284621315,0.5889851226489119,0.5877332737971397,0.48396944011140003,0.12345468814558214,0.5877332737971397,,,,,
