client,round,loss,class,accuracy,precision,recall,f1_score,cohen_kappa_score,roc_auc_score,confusion_matrix,TP,FP,FN,TN
8,14,0.7031974792480469,awake,0.6853389478678608,0.765482864793846,0.8001677412591078,0.7824411047095728,0.21513283951178752,0.6041190072014598,[[ 16120 23383][ 19061 76324]],16120,23383,19061,76324
8,14,0.7031974792480469,asleep,0.6853389478678608,0.45820187032773374,0.40807027314381183,0.4316855015799903,0.21513283951178752,0.60411900720146,[[ 76324 19061][ 23383 16120]],76324,19061,23383,16120
8,14,0.7031974792480469,avg,0.6853389478678608,0.6118423675607898,0.6041190072014598,0.6070633031447816,0.21513283951178752,0.60411900720146,,,,,
