client,round,loss,class,accuracy,precision,recall,f1_score,cohen_kappa_score,roc_auc_score,confusion_matrix,TP,FP,FN,TN
5,85,0.8179033994674683,awake,0.6051909732518831,0.7586757374069799,0.6477119043874823,0.6988163036777723,0.13614616478823505,0.5751153502141447,[[ 19851 19652][ 33603 61782]],19851,19652,33603,61782
5,85,0.8179033994674683,asleep,0.6051909732518831,0.37136603434728926,0.5025187960408071,0.42710070247533805,0.13614616478823505,0.5751153502141447,[[ 61782 33603][ 19652 19851]],61782,33603,19652,19851
5,85,0.8179033994674683,avg,0.6051909732518831,0.5650208858771346,0.5751153502141446,0.5629585030765552,0.13614616478823505,0.5751153502141447,,,,,
