client,round,loss,class,accuracy,precision,recall,f1_score,cohen_kappa_score,roc_auc_score,confusion_matrix,TP,FP,FN,TN
1,53,0.7662112712860107,awake,0.613575707253425,0.7051704022688685,0.7794097604445144,0.7404338386152222,-0.008040615221782899,0.4962790644614289,[[ 8420 31083][ 21041 74344]],8420,31083,21041,74344
1,53,0.7662112712860107,asleep,0.613575707253425,0.28580156817487523,0.21314836847834343,0.24418537207818572,-0.008040615221782899,0.49627906446142894,[[ 74344 21041][ 31083 8420]],74344,21041,31083,8420
1,53,0.7662112712860107,avg,0.613575707253425,0.49548598522187187,0.4962790644614289,0.4923096053467039,-0.008040615221782899,0.4962790644614289,,,,,
