client,round,loss,class,accuracy,precision,recall,f1_score,cohen_kappa_score,roc_auc_score,confusion_matrix,TP,FP,FN,TN
18,154,1.2599629163742065,awake,0.7139478678607437,0.7142135195884687,0.9927032552288095,0.8307400762404425,0.046341997041039584,0.5167804558046688,[[ 1614 37889][ 696 94689]],1614,37889,696,94689
18,154,1.2599629163742065,asleep,0.7139478678607437,0.6987012987012987,0.04085765638052806,0.07720087054265419,0.046341997041039584,0.5167804558046688,[[ 94689 696][ 37889 1614]],94689,696,37889,1614
18,154,1.2599629163742065,avg,0.7139478678607437,0.7064574091448836,0.5167804558046688,0.4539704733915484,0.046341997041039584,0.5167804558046688,,,,,
