client,round,loss,class,accuracy,precision,recall,f1_score,cohen_kappa_score,roc_auc_score,confusion_matrix,TP,FP,FN,TN
1,171,0.8875605463981628,awake,0.5725639048692248,0.7131365171903422,0.6617287833516801,0.6864715542649571,0.01807136647615104,0.5094963943085515,[[ 14113 25390][ 32266 63119]],14113,25390,32266,63119
1,171,0.8875605463981628,asleep,0.5725639048692248,0.304297203475711,0.3572640052654229,0.3286602547681703,0.01807136647615104,0.5094963943085515,[[ 63119 32266][ 25390 14113]],63119,32266,25390,14113
1,171,0.8875605463981628,avg,0.5725639048692248,0.5087168603330265,0.5094963943085515,0.5075659045165637,0.01807136647615104,0.5094963943085515,,,,,
