client,round,loss,class,accuracy,precision,recall,f1_score,cohen_kappa_score,roc_auc_score,confusion_matrix,TP,FP,FN,TN
11,163,0.7195049524307251,awake,0.688111618527964,0.7810460617178522,0.7766734811553179,0.77885363443302,0.24995150081583306,0.6254706291430843,[[ 18735 20768][ 21302 74083]],18735,20768,21302,74083
11,163,0.7195049524307251,asleep,0.688111618527964,0.4679421535080051,0.47426777713085083,0.4710837314558713,0.24995150081583306,0.6254706291430844,[[ 74083 21302][ 20768 18735]],74083,21302,20768,18735
11,163,0.7195049524307251,avg,0.688111618527964,0.6244941076129287,0.6254706291430844,0.6249686829444456,0.24995150081583306,0.6254706291430843,,,,,
