client,round,loss,class,accuracy,precision,recall,f1_score,cohen_kappa_score,roc_auc_score,confusion_matrix,TP,FP,FN,TN
1,111,0.8728572130203247,awake,0.5792361069924679,0.7158165260629086,0.6716150338103475,0.6930116832540026,0.026627519319195048,0.5138952570768063,[[ 14070 25433][ 31323 64062]],14070,25433,31323,64062
1,111,0.8728572130203247,asleep,0.5792361069924679,0.3099596854140506,0.35617548034326507,0.33146437994722955,0.026627519319195048,0.5138952570768063,[[ 64062 31323][ 25433 14070]],64062,31323,25433,14070
1,111,0.8728572130203247,avg,0.5792361069924679,0.5128881057384795,0.5138952570768063,0.5122380316006161,0.026627519319195048,0.5138952570768063,,,,,
