client,round,loss,class,accuracy,precision,recall,f1_score,cohen_kappa_score,roc_auc_score,confusion_matrix,TP,FP,FN,TN
8,11,0.6805523633956909,awake,0.6848496530454896,0.7741597619022929,0.7826492635110343,0.7783813654752472,0.23315784133238482,0.6156746811188566,[[ 17725 21778][ 20732 74653]],17725,21778,20732,74653
8,11,0.6805523633956909,asleep,0.6848496530454896,0.4609043867176327,0.448700098726679,0.4547203694202155,0.23315784133238482,0.6156746811188566,[[ 74653 20732][ 21778 17725]],74653,20732,21778,17725
8,11,0.6805523633956909,avg,0.6848496530454896,0.6175320743099628,0.6156746811188566,0.6165508674477314,0.23315784133238482,0.6156746811188566,,,,,
