client,round,loss,class,accuracy,precision,recall,f1_score,cohen_kappa_score,roc_auc_score,confusion_matrix,TP,FP,FN,TN
4,38,1.0992029905319214,awake,0.7117756953917324,0.7232931060372557,0.9594695182680715,0.8248075848519258,0.0951276256764898,0.5365785431504395,[[ 4491 35012][ 3866 91519]],4491,35012,3866,91519
4,38,1.0992029905319214,asleep,0.7117756953917324,0.5373938016034462,0.11368756803280763,0.18767237776849144,0.0951276256764898,0.5365785431504395,[[ 91519 3866][ 35012 4491]],91519,3866,35012,4491
4,38,1.0992029905319214,avg,0.7117756953917324,0.630343453820351,0.5365785431504395,0.5062399813102086,0.0951276256764898,0.5365785431504395,,,,,
