client,round,loss,class,accuracy,precision,recall,f1_score,cohen_kappa_score,roc_auc_score,confusion_matrix,TP,FP,FN,TN
13,153,1.093530535697937,awake,0.6454391791708677,0.7874732528197875,0.682906117314043,0.731471499797871,0.21745283563806495,0.6189383129415063,[[ 21923 17580][ 30246 65139]],21923,17580,30246,65139
13,153,1.093530535697937,asleep,0.6454391791708677,0.42023040502980696,0.5549705085689695,0.4782921720918055,0.21745283563806495,0.6189383129415064,[[ 65139 30246][ 17580 21923]],65139,30246,17580,21923
13,153,1.093530535697937,avg,0.6454391791708677,0.6038518289247973,0.6189383129415063,0.6048818359448382,0.21745283563806495,0.6189383129415063,,,,,
