client,round,loss,class,accuracy,precision,recall,f1_score,cohen_kappa_score,roc_auc_score,confusion_matrix,TP,FP,FN,TN
0,193,0.9379239678382874,awake,0.7181365280825573,0.7501984490443915,0.9016302353619542,0.8189730697444101,0.2061279023831808,0.5883489758689628,[[ 10866 28637][ 9383 86002]],10866,28637,9383,86002
0,193,0.9379239678382874,asleep,0.7181365280825573,0.5366190923008544,0.27506771637597144,0.36370330700227604,0.2061279023831808,0.5883489758689627,[[ 86002 9383][ 28637 10866]],86002,9383,28637,10866
0,193,0.9379239678382874,avg,0.7181365280825573,0.6434087706726229,0.5883489758689628,0.5913381883733431,0.2061279023831808,0.5883489758689628,,,,,
