client,round,loss,class,accuracy,precision,recall,f1_score,cohen_kappa_score,roc_auc_score,confusion_matrix,TP,FP,FN,TN
16,56,0.8123443126678467,awake,0.7277148449083685,0.7669892306711941,0.8832940189757299,0.8210432969196136,0.2636177215807014,0.6176716152140123,[[ 13907 25596][ 11132 84253]],13907,25596,11132,84253
16,56,0.8123443126678467,asleep,0.7277148449083685,0.5554135548544271,0.3520492114522948,0.43094419137925694,0.2636177215807014,0.6176716152140124,[[ 84253 11132][ 25596 13907]],84253,11132,25596,13907
16,56,0.8123443126678467,avg,0.7277148449083685,0.6612013927628106,0.6176716152140124,0.6259937441494353,0.2636177215807014,0.6176716152140123,,,,,
