client,round,loss,class,accuracy,precision,recall,f1_score,cohen_kappa_score,roc_auc_score,confusion_matrix,TP,FP,FN,TN
17,58,0.717852771282196,awake,0.7167427791945911,0.7431015569860288,0.9161608219321696,0.820606242722458,0.1812377921452275,0.5756917316252752,[[ 9292 30211][ 7997 87388]],9292,30211,7997,87388
17,58,0.717852771282196,asleep,0.7167427791945911,0.5374515587946093,0.2352226413183809,0.3272291872094661,0.1812377921452275,0.5756917316252753,[[ 87388 7997][ 30211 9292]],87388,7997,30211,9292
17,58,0.717852771282196,avg,0.7167427791945911,0.640276557890319,0.5756917316252752,0.573917714965962,0.1812377921452275,0.5756917316252752,,,,,
