client,round,loss,class,accuracy,precision,recall,f1_score,cohen_kappa_score,roc_auc_score,confusion_matrix,TP,FP,FN,TN
10,95,1.0048962831497192,awake,0.493172113160548,0.8189480145427074,0.3636735335744614,0.5036771378581852,0.12168725979559092,0.5847681897171347,[[ 31834 7669][ 60696 34689]],31834,7669,60696,34689
10,95,1.0048962831497192,asleep,0.493172113160548,0.34403977088511833,0.8058628458598082,0.48221278013829877,0.12168725979559092,0.5847681897171348,[[ 34689 60696][ 7669 31834]],34689,60696,7669,31834
10,95,1.0048962831497192,avg,0.493172113160548,0.5814938927139128,0.5847681897171348,0.492944958998242,0.12168725979559092,0.5847681897171348,,,,,
