client,round,loss,class,accuracy,precision,recall,f1_score,cohen_kappa_score,roc_auc_score,confusion_matrix,TP,FP,FN,TN
7,158,1.1760780811309814,awake,0.5521173121404425,0.7526185763612985,0.5461445719976935,0.632969222731194,0.09437150878886968,0.5563419110906119,[[ 22380 17123][ 43291 52094]],22380,17123,43291,52094
7,158,1.1760780811309814,asleep,0.5521173121404425,0.34078969408110127,0.5665392501835304,0.425580466655257,0.09437150878886968,0.556341911090612,[[ 52094 43291][ 17123 22380]],52094,43291,17123,22380
7,158,1.1760780811309814,avg,0.5521173121404425,0.5467041352211999,0.5563419110906119,0.5292748446932255,0.09437150878886968,0.556341911090612,,,,,
