client,round,loss,class,accuracy,precision,recall,f1_score,cohen_kappa_score,roc_auc_score,confusion_matrix,TP,FP,FN,TN
6,10,0.7257091999053955,awake,0.6464548366051835,0.7432823944667741,0.7638622424909577,0.7534318110138514,0.12935530489152736,0.563411008848952,[[ 14338 25165][ 22524 72861]],14338,25165,22524,72861
6,10,0.7257091999053955,asleep,0.6464548366051835,0.38896424502197385,0.36295977520694633,0.37551234204151124,0.12935530489152736,0.5634110088489519,[[ 72861 22524][ 25165 14338]],72861,22524,25165,14338
6,10,0.7257091999053955,avg,0.6464548366051835,0.566123319744374,0.563411008848952,0.5644720765276813,0.12935530489152736,0.5634110088489519,,,,,
