client,round,loss,class,accuracy,precision,recall,f1_score,cohen_kappa_score,roc_auc_score,confusion_matrix,TP,FP,FN,TN
10,51,1.075068712234497,awake,0.4749792420378388,0.8277564307823674,0.32521884992399225,0.4669692385274836,0.11320258121208371,0.5809067694674768,[[ 33048 6455][ 64364 31021]],33048,6455,64364,31021
10,51,1.075068712234497,asleep,0.4749792420378388,0.33926005009649735,0.8365946890109612,0.4827520724537122,0.11320258121208371,0.5809067694674768,[[ 31021 64364][ 6455 33048]],31021,64364,6455,33048
10,51,1.075068712234497,avg,0.4749792420378388,0.5835082404394324,0.5809067694674768,0.4748606554905979,0.11320258121208371,0.5809067694674768,,,,,
