client,round,loss,class,accuracy,precision,recall,f1_score,cohen_kappa_score,roc_auc_score,confusion_matrix,TP,FP,FN,TN
14,189,1.3487974405288696,awake,0.7468121700966728,0.7722846242095995,0.9103947161503381,0.8356718055314972,0.3001870846374265,0.631108048402486,[[ 13898 25605][ 8547 86838]],13898,25605,8547,86838
14,189,1.3487974405288696,asleep,0.7468121700966728,0.6192024949877478,0.3518213806546338,0.4486989087621876,0.3001870846374265,0.6311080484024859,[[ 86838 8547][ 25605 13898]],86838,8547,25605,13898
14,189,1.3487974405288696,avg,0.7468121700966728,0.6957435595986736,0.6311080484024859,0.6421853571468424,0.3001870846374265,0.631108048402486,,,,,
