client,round,loss,class,accuracy,precision,recall,f1_score,cohen_kappa_score,roc_auc_score,confusion_matrix,TP,FP,FN,TN
11,25,0.6336202025413513,awake,0.7221398493565032,0.7744078704186372,0.8566021911201971,0.8134339502424163,0.2746872801089234,0.6270328374531193,[[ 15701 23802][ 13678 81707]],15701,23802,13678,81707
11,25,0.6336202025413513,asleep,0.7221398493565032,0.5344293543006909,0.39746348378604157,0.4558810719781655,0.2746872801089234,0.6270328374531193,[[ 81707 13678][ 23802 15701]],81707,13678,23802,15701
11,25,0.6336202025413513,avg,0.7221398493565032,0.654418612359664,0.6270328374531193,0.6346575111102909,0.2746872801089234,0.6270328374531193,,,,,
