client,round,loss,class,accuracy,precision,recall,f1_score,cohen_kappa_score,roc_auc_score,confusion_matrix,TP,FP,FN,TN
4,148,1.5554934740066528,awake,0.7191670126327027,0.7265721040189125,0.9666299732662368,0.8295836426209595,0.1151842731563395,0.544133152342052,[[ 4805 34698][ 3183 92202]],4805,34698,3183,92202
4,148,1.5554934740066528,asleep,0.7191670126327027,0.6015272909364046,0.12163633141786699,0.20235413025625906,0.1151842731563395,0.5441331523420518,[[ 92202 3183][ 34698 4805]],92202,3183,34698,4805
4,148,1.5554934740066528,avg,0.7191670126327027,0.6640496974776585,0.5441331523420518,0.5159688864386093,0.1151842731563395,0.5441331523420518,,,,,
