client,round,loss,class,accuracy,precision,recall,f1_score,cohen_kappa_score,roc_auc_score,confusion_matrix,TP,FP,FN,TN
14,43,0.9619568586349487,awake,0.7330896743965364,0.7386621224056718,0.9634009540284112,0.8361943846654321,0.178867255537293,0.5701874273724062,[[ 6991 32512][ 3491 91894]],6991,32512,3491,91894
14,43,0.9619568586349487,asleep,0.7330896743965364,0.6669528715893913,0.1769739007164013,0.27972391717515255,0.178867255537293,0.5701874273724062,[[ 91894 3491][ 32512 6991]],91894,3491,32512,6991
14,43,0.9619568586349487,avg,0.7330896743965364,0.7028074969975315,0.5701874273724062,0.5579591509202924,0.178867255537293,0.5701874273724062,,,,,
