client,round,loss,class,accuracy,precision,recall,f1_score,cohen_kappa_score,roc_auc_score,confusion_matrix,TP,FP,FN,TN
0,82,0.8775835037231445,awake,0.7185665144416108,0.7319053042235092,0.9499921371284793,0.8268093726048396,0.1390604071684738,0.5548760776774716,[[ 6311 33192][ 4770 90615]],6311,33192,4770,90615
0,82,0.8775835037231445,asleep,0.7185665144416108,0.5695334356105045,0.15976001822646382,0.24952554167325638,0.1390604071684738,0.5548760776774716,[[ 90615 4770][ 33192 6311]],90615,4770,33192,6311
0,82,0.8775835037231445,avg,0.7185665144416108,0.6507193699170069,0.5548760776774716,0.538167457139048,0.1390604071684738,0.5548760776774716,,,,,
