client,round,loss,class,accuracy,precision,recall,f1_score,cohen_kappa_score,roc_auc_score,confusion_matrix,TP,FP,FN,TN
3,4,0.7967480421066284,awake,0.6160073542494514,0.7897626803164263,0.6227603920951932,0.6963892145369285,0.19351769327871748,0.6112308403024633,[[ 23690 15813][ 35983 59402]],23690,15813,35983,59402
3,4,0.7967480421066284,asleep,0.6160073542494514,0.3969969668024064,0.5997012885097335,0.4777365491651206,0.19351769327871748,0.6112308403024633,[[ 59402 35983][ 15813 23690]],59402,35983,15813,23690
3,4,0.7967480421066284,avg,0.6160073542494514,0.5933798235594163,0.6112308403024633,0.5870628818510245,0.19351769327871748,0.6112308403024633,,,,,
