client,round,loss,class,accuracy,precision,recall,f1_score,cohen_kappa_score,roc_auc_score,confusion_matrix,TP,FP,FN,TN
11,19,0.6194183826446533,awake,0.7047995373939862,0.7971888838970541,0.7813178172668659,0.7891735629080167,0.29716960103350176,0.6506771350972458,[[ 20543 18960][ 20859 74526]],20543,18960,20859,74526
11,19,0.6194183826446533,asleep,0.7047995373939862,0.49618375923868413,0.5200364529276258,0.5078301711884309,0.29716960103350176,0.6506771350972458,[[ 74526 20859][ 18960 20543]],74526,20859,18960,20543
11,19,0.6194183826446533,avg,0.7047995373939862,0.6466863215678691,0.6506771350972458,0.6485018670482238,0.29716960103350176,0.6506771350972458,,,,,
