client,round,loss,class,accuracy,precision,recall,f1_score,cohen_kappa_score,roc_auc_score,confusion_matrix,TP,FP,FN,TN
14,150,1.3473150730133057,awake,0.7465378684538284,0.7628739325417963,0.9309325365623525,0.838565890557788,0.27509035735576315,0.6161130546012026,[[ 11902 27601][ 6588 88797]],11902,27601,6588,88797
14,150,1.3473150730133057,asleep,0.7465378684538284,0.6436992969172526,0.30129357264005263,0.4104633317814219,0.27509035735576315,0.6161130546012025,[[ 88797 6588][ 27601 11902]],88797,6588,27601,11902
14,150,1.3473150730133057,avg,0.7465378684538284,0.7032866147295245,0.6161130546012026,0.6245146111696049,0.27509035735576315,0.6161130546012026,,,,,
