client,round,loss,class,accuracy,precision,recall,f1_score,cohen_kappa_score,roc_auc_score,confusion_matrix,TP,FP,FN,TN
10,173,1.2266286611557007,awake,0.47984253602989146,0.8243069485161755,0.33604864496514125,0.4774523165836256,0.11494316747480682,0.5815498775037082,[[ 32671 6832][ 63331 32054]],32671,6832,63331,32054
10,173,1.2266286611557007,asleep,0.47984253602989146,0.3403158267536093,0.8270511100422753,0.4822109885244087,0.11494316747480682,0.5815498775037082,[[ 32054 63331][ 6832 32671]],32054,63331,6832,32671
10,173,1.2266286611557007,avg,0.47984253602989146,0.5823113876348924,0.5815498775037082,0.47983165255401716,0.11494316747480682,0.5815498775037082,,,,,
