client,round,loss,class,accuracy,precision,recall,f1_score,cohen_kappa_score,roc_auc_score,confusion_matrix,TP,FP,FN,TN
5,141,0.8991022109985352,awake,0.5959536800901488,0.7531517027863777,0.6375950096975416,0.6905725721747523,0.11997977528935089,0.5665002109723563,[[ 19570 19933][ 34568 60817]],19570,19933,34568,60817
5,141,0.8991022109985352,asleep,0.5959536800901488,0.3614836159444383,0.4954054122471711,0.41797930393737787,0.11997977528935089,0.5665002109723564,[[ 60817 34568][ 19933 19570]],60817,34568,19933,19570
5,141,0.8991022109985352,avg,0.5959536800901488,0.557317659365408,0.5665002109723564,0.5542759380560651,0.11997977528935089,0.5665002109723563,,,,,
