client,round,loss,class,accuracy,precision,recall,f1_score,cohen_kappa_score,roc_auc_score,confusion_matrix,TP,FP,FN,TN
10,46,1.0672565698623657,awake,0.48136972896032265,0.8391847188133603,0.32977931540598626,0.4734889251819461,0.12396021142906877,0.5885916550196526,[[ 33475 6028][ 63929 31456]],33475,6028,63929,31456
10,46,1.0672565698623657,asleep,0.48136972896032265,0.3436717177939304,0.847403994633319,0.489018092573791,0.12396021142906877,0.5885916550196526,[[ 31456 63929][ 6028 33475]],31456,63929,6028,33475
10,46,1.0672565698623657,avg,0.48136972896032265,0.5914282183036453,0.5885916550196526,0.48125350887786855,0.12396021142906877,0.5885916550196526,,,,,
