client,round,loss,class,accuracy,precision,recall,f1_score,cohen_kappa_score,roc_auc_score,confusion_matrix,TP,FP,FN,TN
14,114,1.2744238376617432,awake,0.7363368127631813,0.7515051629612189,0.9369607380615401,0.8340480334470322,0.22880326003868234,0.5944328283376581,[[ 9951 29552][ 6013 89372]],9951,29552,6013,89372
14,114,1.2744238376617432,asleep,0.7363368127631813,0.6233400150338261,0.2519049186137762,0.3588079398561307,0.22880326003868234,0.5944328283376582,[[ 89372 6013][ 29552 9951]],89372,6013,29552,9951
14,114,1.2744238376617432,avg,0.7363368127631813,0.6874225889975225,0.5944328283376581,0.5964279866515814,0.22880326003868234,0.5944328283376581,,,,,
