client,round,loss,class,accuracy,precision,recall,f1_score,cohen_kappa_score,roc_auc_score,confusion_matrix,TP,FP,FN,TN
7,85,1.099368691444397,awake,0.5733200877765257,0.7594256168310178,0.5805105624574094,0.6580232682503654,0.11697575586078257,0.5682341689081215,[[ 21962 17541][ 40013 55372]],21962,17541,40013,55372
7,85,1.099368691444397,asleep,0.5733200877765257,0.3543686970552642,0.5559577753588335,0.43284258657048813,0.11697575586078257,0.5682341689081214,[[ 55372 40013][ 17541 21962]],55372,40013,17541,21962
7,85,1.099368691444397,avg,0.5733200877765257,0.556897156943141,0.5682341689081214,0.5454329274104268,0.11697575586078257,0.5682341689081214,,,,,
