client,round,loss,class,accuracy,precision,recall,f1_score,cohen_kappa_score,roc_auc_score,confusion_matrix,TP,FP,FN,TN
0,76,0.8185526132583618,awake,0.7271662416226795,0.7622594884008272,0.8925512397127431,0.8222760945362528,0.25068185470573345,0.6101872215068791,[[ 12950 26553][ 10249 85136]],12950,26553,10249,85136
0,76,0.8185526132583618,asleep,0.7271662416226795,0.5582137161084529,0.3278232033010151,0.413064974004019,0.25068185470573345,0.6101872215068791,[[ 85136 10249][ 26553 12950]],85136,10249,26553,12950
0,76,0.8185526132583618,avg,0.7271662416226795,0.6602366022546401,0.6101872215068791,0.6176705342701359,0.25068185470573345,0.6101872215068791,,,,,
