client,round,loss,class,accuracy,precision,recall,f1_score,cohen_kappa_score,roc_auc_score,confusion_matrix,TP,FP,FN,TN
15,13,1.1247214078903198,awake,0.35410118023842,0.630981449183447,0.20860722335797033,0.31355184368105893,-0.05835068523326514,0.4570110009911893,[[ 27866 11637][ 75487 19898]],27866,11637,75487,19898
15,13,1.1247214078903198,asleep,0.35410118023842,0.26961965303377744,0.7054147786244083,0.3901271210169681,-0.05835068523326514,0.4570110009911893,[[ 19898 75487][ 11637 27866]],19898,75487,11637,27866
15,13,1.1247214078903198,avg,0.35410118023842,0.4503005511086122,0.4570110009911893,0.3518394823490135,-0.05835068523326514,0.4570110009911893,,,,,
