client,round,loss,class,accuracy,precision,recall,f1_score,cohen_kappa_score,roc_auc_score,confusion_matrix,TP,FP,FN,TN
8,10,0.6579161286354065,awake,0.7026347784828895,0.7695977056344623,0.8271006971746082,0.7973137541246205,0.24198548336362735,0.6145983702565444,[[ 15884 23619][ 16492 78893]],15884,23619,16492,78893
8,10,0.6579161286354065,asleep,0.7026347784828895,0.49061032863849763,0.40209604333848065,0.4419649689060783,0.24198548336362735,0.6145983702565445,[[ 78893 16492][ 23619 15884]],78893,16492,23619,15884
8,10,0.6579161286354065,avg,0.7026347784828895,0.63010401713648,0.6145983702565444,0.6196393615153494,0.24198548336362735,0.6145983702565445,,,,,
