client,round,loss,class,accuracy,precision,recall,f1_score,cohen_kappa_score,roc_auc_score,confusion_matrix,TP,FP,FN,TN
8,170,0.8473767638206482,awake,0.6998398671490421,0.7727367573851611,0.8153168737222833,0.7934559701264118,0.24590712590292585,0.6181614366333109,[[ 16631 22872][ 17616 77769]],16631,22872,17616,77769
8,170,0.8473767638206482,asleep,0.6998398671490421,0.4856191783221888,0.4210059995443384,0.4510101694915254,0.24590712590292585,0.6181614366333109,[[ 77769 17616][ 22872 16631]],77769,17616,22872,16631
8,170,0.8473767638206482,avg,0.6998398671490421,0.629177967853675,0.6181614366333109,0.6222330698089686,0.24590712590292585,0.6181614366333109,,,,,
