client,round,loss,class,accuracy,precision,recall,f1_score,cohen_kappa_score,roc_auc_score,confusion_matrix,TP,FP,FN,TN
12,115,1.662116289138794,awake,0.7002179586026926,0.7449754792688363,0.8759134035749856,0.8051557568602886,0.17345624206169452,0.5759462215708004,[[ 10902 28601][ 11836 83549]],10902,28601,11836,83549
12,115,1.662116289138794,asleep,0.7002179586026926,0.4794616940803941,0.2759790395666152,0.3503157082951752,0.17345624206169452,0.5759462215708004,[[ 83549 11836][ 28601 10902]],83549,11836,28601,10902
12,115,1.662116289138794,avg,0.7002179586026926,0.6122185866746153,0.5759462215708004,0.5777357325777319,0.17345624206169452,0.5759462215708004,,,,,
