client,round,loss,class,accuracy,precision,recall,f1_score,cohen_kappa_score,roc_auc_score,confusion_matrix,TP,FP,FN,TN
5,16,0.7494771480560303,awake,0.5904009252120278,0.7715751153695208,0.5977250091733501,0.6736138186887841,0.14701164880669504,0.5852205027133996,[[ 22624 16879][ 38371 57014]],22624,16879,38371,57014
5,16,0.7494771480560303,asleep,0.5904009252120278,0.37091564882367406,0.5727159962534492,0.450237815677924,0.14701164880669504,0.5852205027133996,[[ 57014 38371][ 16879 22624]],57014,38371,16879,22624
5,16,0.7494771480560303,avg,0.5904009252120278,0.5712453820965975,0.5852205027133996,0.5619258171833541,0.14701164880669504,0.5852205027133996,,,,,
