client,round,loss,class,accuracy,precision,recall,f1_score,cohen_kappa_score,roc_auc_score,confusion_matrix,TP,FP,FN,TN
2,127,0.821940004825592,awake,0.7447215467647234,0.7888481332992123,0.872558578392829,0.828594468669733,0.33364413725155506,0.6543007052913946,[[ 17225 22278][ 12156 83229]],17225,22278,12156,83229
2,127,0.821940004825592,asleep,0.7447215467647234,0.5862632313399816,0.43604283218996026,0.5001161372742581,0.33364413725155506,0.6543007052913946,[[ 83229 12156][ 22278 17225]],83229,12156,22278,17225
2,127,0.821940004825592,avg,0.7447215467647234,0.687555682319597,0.6543007052913946,0.6643553029719955,0.33364413725155506,0.6543007052913946,,,,,
