client,round,loss,class,accuracy,precision,recall,f1_score,cohen_kappa_score,roc_auc_score,confusion_matrix,TP,FP,FN,TN
7,155,1.1563527584075928,awake,0.5645127809738449,0.7627454073511064,0.557603396760497,0.6442379902613921,0.11661557837097569,0.5693998807967738,[[ 22959 16544][ 42198 53187]],22959,16544,42198,53187
7,155,1.1563527584075928,asleep,0.5645127809738449,0.3523642893319214,0.5811963648330507,0.4387349512707816,0.11661557837097569,0.5693998807967738,[[ 53187 42198][ 16544 22959]],53187,42198,16544,22959
7,155,1.1563527584075928,avg,0.5645127809738449,0.5575548483415139,0.5693998807967738,0.5414864707660868,0.11661557837097569,0.5693998807967738,,,,,
