client,round,loss,class,accuracy,precision,recall,f1_score,cohen_kappa_score,roc_auc_score,confusion_matrix,TP,FP,FN,TN
11,185,0.7340806126594543,awake,0.686525117134215,0.7733698506018142,0.78746134088169,0.7803519853720365,0.23326950325907503,0.615131576701129,[[ 17492 22011][ 20273 75112]],17492,22011,20273,75112
11,185,0.7340806126594543,asleep,0.686525117134215,0.4631801933006752,0.44280181252056805,0.45276181601697985,0.23326950325907503,0.615131576701129,[[ 75112 20273][ 22011 17492]],75112,20273,22011,17492
11,185,0.7340806126594543,avg,0.686525117134215,0.6182750219512447,0.615131576701129,0.6165569006945082,0.23326950325907503,0.615131576701129,,,,,
