client,round,loss,class,accuracy,precision,recall,f1_score,cohen_kappa_score,roc_auc_score,confusion_matrix,TP,FP,FN,TN
2,163,0.7605098485946655,awake,0.7474274954035941,0.7871513403143323,0.8810714472925513,0.8314675663241834,0.333985059478603,0.6528993415993425,[[ 16778 22725][ 11344 84041]],16778,22725,11344,84041
2,163,0.7605098485946655,asleep,0.7474274954035941,0.5966147500177796,0.4247272359061337,0.49620702402957495,0.333985059478603,0.6528993415993424,[[ 84041 11344][ 22725 16778]],84041,11344,22725,16778
2,163,0.7605098485946655,avg,0.7474274954035941,0.691883045166056,0.6528993415993425,0.6638372951768792,0.333985059478603,0.6528993415993425,,,,,
