client,round,loss,class,accuracy,precision,recall,f1_score,cohen_kappa_score,roc_auc_score,confusion_matrix,TP,FP,FN,TN
17,57,0.6950094103813171,awake,0.7152155862641599,0.7498399333421041,0.8962939665565864,0.8165520534861509,0.2022074051221977,0.5871364271180016,[[ 10981 28522][ 9892 85493]],10981,28522,9892,85493
17,57,0.6950094103813171,asleep,0.7152155862641599,0.5260863316245867,0.27797888767941675,0.36375380946071284,0.2022074051221977,0.5871364271180015,[[ 85493 9892][ 28522 10981]],85493,9892,28522,10981
17,57,0.6950094103813171,avg,0.7152155862641599,0.6379631324833455,0.5871364271180016,0.5901529314734318,0.2022074051221977,0.5871364271180015,,,,,
