client,round,loss,class,accuracy,precision,recall,f1_score,cohen_kappa_score,roc_auc_score,confusion_matrix,TP,FP,FN,TN
12,168,1.436057209968567,awake,0.6965111796453354,0.7604021196411149,0.8334329297059286,0.7952443593039599,0.2138569284697872,0.5996645953746969,[[ 14454 25049][ 15888 79497]],14454,25049,15888,79497
12,168,1.436057209968567,asleep,0.6965111796453354,0.47636938896579,0.36589626104346507,0.4138878946238098,0.2138569284697872,0.5996645953746969,[[ 79497 15888][ 25049 14454]],79497,15888,25049,14454
12,168,1.436057209968567,avg,0.6965111796453354,0.6183857543034524,0.5996645953746969,0.6045661269638849,0.2138569284697872,0.5996645953746969,,,,,
