client,round,loss,class,accuracy,precision,recall,f1_score,cohen_kappa_score,roc_auc_score,confusion_matrix,TP,FP,FN,TN
12,95,1.6163431406021118,awake,0.7082987367297313,0.7435460598369348,0.8968076741626042,0.8130170934890771,0.17551686228582897,0.5749638451819528,[[ 9999 29504][ 9843 85542]],9999,29504,9843,85542
12,95,1.6163431406021118,asleep,0.7082987367297313,0.5039310553371636,0.25312001620130115,0.3369786839666357,0.17551686228582897,0.5749638451819526,[[ 85542 9843][ 29504 9999]],85542,9843,29504,9999
12,95,1.6163431406021118,avg,0.7082987367297313,0.6237385575870492,0.5749638451819526,0.5749978887278564,0.17551686228582897,0.5749638451819528,,,,,
