client,round,loss,class,accuracy,precision,recall,f1_score,cohen_kappa_score,roc_auc_score,confusion_matrix,TP,FP,FN,TN
14,48,0.906789243221283,awake,0.7318590237826937,0.7389784816052432,0.9598469361010641,0.8350548844166564,0.17905277275224618,0.5706001255195849,[[ 7164 32339][ 3830 91555]],7164,32339,3830,91555
14,48,0.906789243221283,asleep,0.7318590237826937,0.65162816081499,0.18135331493810597,0.2837396280967186,0.17905277275224618,0.570600125519585,[[ 91555 3830][ 32339 7164]],91555,3830,32339,7164
14,48,0.906789243221283,avg,0.7318590237826937,0.6953033212101165,0.570600125519585,0.5593972562566876,0.17905277275224618,0.5706001255195849,,,,,
