client,round,loss,class,accuracy,precision,recall,f1_score,cohen_kappa_score,roc_auc_score,confusion_matrix,TP,FP,FN,TN
12,93,1.4698495864868164,awake,0.7121982681928711,0.7463760540804237,0.8982334748650207,0.8152937761981568,0.1883284584435424,0.5806130794824813,[[ 10389 29114][ 9707 85678]],10389,29114,9707,85678
12,93,1.4698495864868164,asleep,0.7121982681928711,0.516968550955414,0.26299268409994175,0.3486300105706472,0.1883284584435424,0.5806130794824812,[[ 85678 9707][ 29114 10389]],85678,9707,29114,10389
12,93,1.4698495864868164,avg,0.7121982681928711,0.631672302517919,0.5806130794824812,0.581961893384402,0.1883284584435424,0.5806130794824813,,,,,
