client,round,loss,class,accuracy,precision,recall,f1_score,cohen_kappa_score,roc_auc_score,confusion_matrix,TP,FP,FN,TN
15,93,1.3896809816360474,awake,0.36777178103315344,0.6255310690948843,0.2639513550348587,0.37124909683412716,-0.08346456250068024,0.44120535627600466,[[ 24431 15072][ 70208 25177]],24431,15072,70208,25177
15,93,1.3896809816360474,asleep,0.36777178103315344,0.25814938872980486,0.6184593575171506,0.36425578864188696,-0.08346456250068024,0.4412053562760047,[[ 25177 70208][ 15072 24431]],25177,70208,15072,24431
15,93,1.3896809816360474,avg,0.36777178103315344,0.4418402289123446,0.44120535627600466,0.36775244273800706,-0.08346456250068024,0.44120535627600466,,,,,
