client,round,loss,class,accuracy,precision,recall,f1_score,cohen_kappa_score,roc_auc_score,confusion_matrix,TP,FP,FN,TN
16,90,0.9155007004737854,awake,0.7294273767866675,0.7600187216305481,0.9022697489123028,0.8250576398575421,0.24705385398249324,0.6071736563208199,[[ 12328 27175][ 9322 86063]],12328,27175,9322,86063
16,90,0.9155007004737854,asleep,0.7294273767866675,0.5694226327944573,0.31207756372933704,0.40318545288048013,0.24705385398249324,0.60717365632082,[[ 86063 9322][ 27175 12328]],86063,9322,27175,12328
16,90,0.9155007004737854,avg,0.7294273767866675,0.6647206772125027,0.6071736563208199,0.6141215463690111,0.24705385398249324,0.6071736563208199,,,,,
