client,round,loss,class,accuracy,precision,recall,f1_score,cohen_kappa_score,roc_auc_score,confusion_matrix,TP,FP,FN,TN
10,167,1.3232355117797852,awake,0.4231065773085819,0.8269137732127573,0.2329506735859936,0.3634995419447717,0.07639823922367572,0.557606390130718,[[ 34852 4651][ 73165 22220]],34852,4651,73165,22220
10,167,1.3232355117797852,asleep,0.4231065773085819,0.32265291574474386,0.8822621066754424,0.47250542299349235,0.07639823922367572,0.557606390130718,[[ 22220 73165][ 4651 34852]],22220,73165,4651,34852
10,167,1.3232355117797852,avg,0.4231065773085819,0.5747833444787506,0.557606390130718,0.418002482469132,0.07639823922367572,0.557606390130718,,,,,
