client,round,loss,class,accuracy,precision,recall,f1_score,cohen_kappa_score,roc_auc_score,confusion_matrix,TP,FP,FN,TN
17,154,0.7751132249832153,awake,0.7224363916730917,0.7354090661639839,0.9488808512868899,0.828616942387095,0.15671441581783474,0.5622691981417363,[[ 6939 32564][ 4876 90509]],6939,32564,4876,90509
17,154,0.7751132249832153,asleep,0.7224363916730917,0.5873042742276767,0.17565754499658254,0.2704314275692739,0.15671441581783474,0.5622691981417361,[[ 90509 4876][ 32564 6939]],90509,4876,32564,6939
17,154,0.7751132249832153,avg,0.7224363916730917,0.6613566701958303,0.5622691981417363,0.5495241849781844,0.15671441581783474,0.5622691981417363,,,,,
