client,round,loss,class,accuracy,precision,recall,f1_score,cohen_kappa_score,roc_auc_score,confusion_matrix,TP,FP,FN,TN
4,20,1.1017439365386963,awake,0.7041767985291502,0.7101368036723378,0.9828379724275306,0.8245242943020858,0.01942940538606286,0.5070760249196864,[[ 1237 38266][ 1637 93748]],1237,38266,1637,93748
4,20,1.1017439365386963,asleep,0.7041767985291502,0.43041057759220597,0.03131407741184214,0.058380725393491754,0.01942940538606286,0.5070760249196864,[[ 93748 1637][ 38266 1237]],93748,1637,38266,1237
4,20,1.1017439365386963,avg,0.7041767985291502,0.5702736906322718,0.5070760249196864,0.4414525098477888,0.01942940538606286,0.5070760249196864,,,,,
