client,round,loss,class,accuracy,precision,recall,f1_score,cohen_kappa_score,roc_auc_score,confusion_matrix,TP,FP,FN,TN
7,134,1.1343317031860352,awake,0.5699320918095012,0.769560325428423,0.5593017770089637,0.6477970238420487,0.1298151412471502,0.5774510555804001,[[ 23528 15975][ 42036 53349]],23528,15975,42036,53349
7,134,1.1343317031860352,asleep,0.5699320918095012,0.3588554694649503,0.5956003341518366,0.4478665994079968,0.1298151412471502,0.5774510555804001,[[ 53349 42036][ 15975 23528]],53349,42036,15975,23528
7,134,1.1343317031860352,avg,0.5699320918095012,0.5642078974466866,0.5774510555804001,0.5478318116250227,0.1298151412471502,0.5774510555804001,,,,,
