client,round,loss,class,accuracy,precision,recall,f1_score,cohen_kappa_score,roc_auc_score,confusion_matrix,TP,FP,FN,TN
11,187,0.7503203749656677,awake,0.656255560168436,0.7951682443336464,0.6922052733658332,0.7401229689663096,0.23970209546536225,0.6308278474264044,[[ 22495 17008][ 29359 66026]],22495,17008,29359,66026
11,187,0.7503203749656677,asleep,0.656255560168436,0.43381417055579125,0.5694504214869757,0.4924636316866797,0.23970209546536225,0.6308278474264045,[[ 66026 29359][ 17008 22495]],66026,29359,17008,22495
11,187,0.7503203749656677,avg,0.656255560168436,0.6144912074447189,0.6308278474264044,0.6162933003264947,0.23970209546536225,0.6308278474264044,,,,,
