client,round,loss,class,accuracy,precision,recall,f1_score,cohen_kappa_score,roc_auc_score,confusion_matrix,TP,FP,FN,TN
18,94,1.1014015674591064,awake,0.7153860980961984,0.7182774943701457,0.9831105519735808,0.8300824558841104,0.07040227029276869,0.5260210127662756,[[ 2723 36780][ 1611 93774]],2723,36780,1611,93774
18,94,1.1014015674591064,asleep,0.7153860980961984,0.6282879556991232,0.06893147355897021,0.12423295389739263,0.07040227029276869,0.5260210127662754,[[ 93774 1611][ 36780 2723]],93774,1611,36780,2723
18,94,1.1014015674591064,avg,0.7153860980961984,0.6732827250346345,0.5260210127662754,0.47715770489075154,0.07040227029276869,0.5260210127662754,,,,,
