client,round,loss,class,accuracy,precision,recall,f1_score,cohen_kappa_score,roc_auc_score,confusion_matrix,TP,FP,FN,TN
2,186,0.7911415100097656,awake,0.7435946859616868,0.7828623535651478,0.8820569271898098,0.8295046732657648,0.3199956131284215,0.6456584916940367,[[ 16167 23336][ 11250 84135]],16167,23336,11250,84135
2,186,0.7911415100097656,asleep,0.7435946859616868,0.5896706423022212,0.40926005619826344,0.4831739390316796,0.3199956131284215,0.6456584916940367,[[ 84135 11250][ 23336 16167]],84135,11250,23336,16167
2,186,0.7911415100097656,avg,0.7435946859616868,0.6862664979336845,0.6456584916940367,0.6563393061487222,0.3199956131284215,0.6456584916940367,,,,,
