client,round,loss,class,accuracy,precision,recall,f1_score,cohen_kappa_score,roc_auc_score,confusion_matrix,TP,FP,FN,TN
4,150,1.713423252105713,awake,0.7192559753276793,0.7309508512688725,0.9542171200922577,0.8277938200586618,0.13537742238683848,0.5530648165329779,[[ 6001 33502][ 4367 91018]],6001,33502,4367,91018
4,150,1.713423252105713,asleep,0.7192559753276793,0.5788001543209876,0.1519125129736982,0.24066090513524896,0.13537742238683848,0.5530648165329779,[[ 91018 4367][ 33502 6001]],91018,4367,33502,6001
4,150,1.713423252105713,avg,0.7192559753276793,0.65487550279493,0.5530648165329779,0.5342273625969554,0.13537742238683848,0.5530648165329779,,,,,
