client,round,loss,class,accuracy,precision,recall,f1_score,cohen_kappa_score,roc_auc_score,confusion_matrix,TP,FP,FN,TN
5,167,0.9635631442070007,awake,0.5641346895201945,0.7689718032401281,0.5483776275095665,0.6402051319710905,0.1251633169748484,0.5752798701302484,[[ 23788 15715][ 43078 52307]],23788,15715,43078,52307
5,167,0.9635631442070007,asleep,0.5641346895201945,0.3557562886967966,0.6021821127509303,0.4472731716947607,0.1251633169748484,0.5752798701302484,[[ 52307 43078][ 15715 23788]],52307,43078,15715,23788
5,167,0.9635631442070007,avg,0.5641346895201945,0.5623640459684623,0.5752798701302484,0.5437391518329256,0.1251633169748484,0.5752798701302484,,,,,
