client,round,loss,class,accuracy,precision,recall,f1_score,cohen_kappa_score,roc_auc_score,confusion_matrix,TP,FP,FN,TN
0,189,1.0358824729919434,awake,0.7135920170808374,0.7333053787841416,0.9350421974104943,0.8219767661547112,0.1414362358107225,0.5569573440537017,[[ 7066 32437][ 6196 89189]],7066,32437,6196,89189
0,189,1.0358824729919434,asleep,0.7135920170808374,0.5328004825818127,0.1788724906969091,0.2678290533497584,0.1414362358107225,0.5569573440537017,[[ 89189 6196][ 32437 7066]],89189,6196,32437,7066
0,189,1.0358824729919434,avg,0.7135920170808374,0.6330529306829771,0.5569573440537017,0.5449029097522348,0.1414362358107225,0.5569573440537017,,,,,
