client,round,loss,class,accuracy,precision,recall,f1_score,cohen_kappa_score,roc_auc_score,confusion_matrix,TP,FP,FN,TN
2,29,0.6907286047935486,awake,0.7548262262024791,0.7890259740259741,0.8917230172458982,0.8372370007628517,0.34803527493011366,0.6579972957783551,[[ 16760 22743][ 10328 85057]],16760,22743,10328,85057
2,29,0.6907286047935486,asleep,0.7548262262024791,0.6187241582988777,0.42427157431081186,0.503371326455527,0.34803527493011366,0.6579972957783551,[[ 85057 10328][ 22743 16760]],85057,10328,22743,16760
2,29,0.6907286047935486,avg,0.7548262262024791,0.7038750661624259,0.6579972957783551,0.6703041636091893,0.34803527493011366,0.6579972957783551,,,,,
