client,round,loss,class,accuracy,precision,recall,f1_score,cohen_kappa_score,roc_auc_score,confusion_matrix,TP,FP,FN,TN
15,15,1.1541873216629028,awake,0.3473993238835182,0.6250382405928142,0.19277664202966924,0.2946700426268389,-0.058064886998921095,0.4567660138482903,[[ 28472 11031][ 76997 18388]],28472,11031,76997,18388
15,15,1.1541873216629028,asleep,0.3473993238835182,0.269956100844798,0.7207553856669113,0.39279309107965676,-0.058064886998921095,0.4567660138482903,[[ 18388 76997][ 11031 28472]],18388,76997,11031,28472
15,15,1.1541873216629028,avg,0.3473993238835182,0.4474971707188061,0.4567660138482903,0.3437315668532478,-0.058064886998921095,0.4567660138482903,,,,,
