client,round,loss,class,accuracy,precision,recall,f1_score,cohen_kappa_score,roc_auc_score,confusion_matrix,TP,FP,FN,TN
3,193,1.2125215530395508,awake,0.6541130419310835,0.7863682843408046,0.7014205587880694,0.7414693072379286,0.22417489739464513,0.620651802822635,[[ 21327 18176][ 28480 66905]],21327,18176,28480,66905
3,193,1.2125215530395508,asleep,0.6541130419310835,0.42819282430180494,0.5398830468572007,0.4775948941887806,0.22417489739464513,0.6206518028226351,[[ 66905 28480][ 18176 21327]],66905,28480,18176,21327
3,193,1.2125215530395508,avg,0.6541130419310835,0.6072805543213048,0.6206518028226351,0.6095321007133546,0.22417489739464513,0.6206518028226351,,,,,
