client,round,loss,class,accuracy,precision,recall,f1_score,cohen_kappa_score,roc_auc_score,confusion_matrix,TP,FP,FN,TN
0,142,0.8963859677314758,awake,0.7274331297076093,0.7644999142684391,0.8881375478324685,0.8216939222875322,0.2569181615959276,0.6137647463740222,[[ 13407 26096][ 10670 84715]],13407,26096,10670,84715
0,142,0.8963859677314758,asleep,0.7274331297076093,0.556838476554388,0.339391944915576,0.4217363950927965,0.2569181615959276,0.6137647463740222,[[ 84715 10670][ 26096 13407]],84715,10670,26096,13407
0,142,0.8963859677314758,avg,0.7274331297076093,0.6606691954114136,0.6137647463740222,0.6217151586901644,0.2569181615959276,0.6137647463740222,,,,,
