client,round,loss,class,accuracy,precision,recall,f1_score,cohen_kappa_score,roc_auc_score,confusion_matrix,TP,FP,FN,TN
1,126,0.8380074501037598,awake,0.581022774449914,0.7317774173543863,0.6432982125072076,0.6846912188889571,0.06812307791220906,0.5369745245762628,[[ 17012 22491][ 34024 61361]],17012,22491,34024,61361
1,126,0.8380074501037598,asleep,0.581022774449914,0.3333333333333333,0.43065083664531806,0.37579385679099614,0.06812307791220906,0.5369745245762629,[[ 61361 34024][ 22491 17012]],61361,34024,22491,17012
1,126,0.8380074501037598,avg,0.581022774449914,0.5325553753438598,0.5369745245762628,0.5302425378399767,0.06812307791220906,0.5369745245762629,,,,,
