client,round,loss,class,accuracy,precision,recall,f1_score,cohen_kappa_score,roc_auc_score,confusion_matrix,TP,FP,FN,TN
5,39,0.7718052864074707,awake,0.6098022062748354,0.7668264429798283,0.6440425643444986,0.7000917394599337,0.1537537551214051,0.5855835432663433,[[ 20823 18680][ 33953 61432]],20823,18680,33953,61432
5,39,0.7718052864074707,asleep,0.6098022062748354,0.3801482401051555,0.5271245221881883,0.441731456634033,0.1537537551214051,0.5855835432663435,[[ 61432 33953][ 18680 20823]],61432,33953,18680,20823
5,39,0.7718052864074707,avg,0.6098022062748354,0.5734873415424919,0.5855835432663434,0.5709115980469834,0.1537537551214051,0.5855835432663434,,,,,
