client,round,loss,class,accuracy,precision,recall,f1_score,cohen_kappa_score,roc_auc_score,confusion_matrix,TP,FP,FN,TN
9,188,0.9372344613075256,awake,0.7557158531522449,0.7793967600465408,0.9129527703517325,0.8409048113366969,0.3288591853440579,0.6445000795788229,[[ 14855 24648][ 8303 87082]],14855,24648,8303,87082
9,188,0.9372344613075256,asleep,0.7557158531522449,0.6414629933500302,0.3760473888059135,0.47413861891766806,0.3288591853440579,0.6445000795788229,[[ 87082 8303][ 24648 14855]],87082,8303,24648,14855
9,188,0.9372344613075256,avg,0.7557158531522449,0.7104298766982855,0.6445000795788229,0.6575217151271825,0.3288591853440579,0.6445000795788229,,,,,
