client,round,loss,class,accuracy,precision,recall,f1_score,cohen_kappa_score,roc_auc_score,confusion_matrix,TP,FP,FN,TN
6,96,0.9899899363517761,awake,0.6670793547239191,0.8102596253134681,0.6910206007233842,0.745904839503658,0.2719805210433809,0.6501453913674385,[[ 24068 15435][ 29472 65913]],24068,15435,29472,65913
6,96,0.9899899363517761,asleep,0.6670793547239191,0.449533059394845,0.6092701820114927,0.5173521919972486,0.2719805210433809,0.6501453913674384,[[ 65913 29472][ 15435 24068]],65913,29472,15435,24068
6,96,0.9899899363517761,avg,0.6670793547239191,0.6298963423541566,0.6501453913674384,0.6316285157504533,0.2719805210433809,0.6501453913674384,,,,,
