client,round,loss,class,accuracy,precision,recall,f1_score,cohen_kappa_score,roc_auc_score,confusion_matrix,TP,FP,FN,TN
1,104,0.9012076258659363,awake,0.5389285926101655,0.7055283102987071,0.5972637207108036,0.6468975149460919,-0.004208466072501027,0.4976673766453038,[[ 15725 23778][ 38415 56970]],15725,23778,38415,56970
1,104,0.9012076258659363,asleep,0.5389285926101655,0.2904506834133727,0.3980710325798041,0.33584998344777506,-0.004208466072501027,0.4976673766453038,[[ 56970 38415][ 23778 15725]],56970,38415,23778,15725
1,104,0.9012076258659363,avg,0.5389285926101655,0.4979894968560399,0.4976673766453038,0.4913737491969335,-0.004208466072501027,0.4976673766453038,,,,,
