client,round,loss,class,accuracy,precision,recall,f1_score,cohen_kappa_score,roc_auc_score,confusion_matrix,TP,FP,FN,TN
9,47,0.8431321978569031,awake,0.7544777889804876,0.7650268572352796,0.9421816847512712,0.8444127070629246,0.29110476484759074,0.6217123141625884,[[ 11900 27603][ 5515 89870]],11900,27603,5515,89870
9,47,0.8431321978569031,asleep,0.7544777889804876,0.6833189778926213,0.3012429435739058,0.41814540215748974,0.29110476484759074,0.6217123141625885,[[ 89870 5515][ 27603 11900]],89870,5515,27603,11900
9,47,0.8431321978569031,avg,0.7544777889804876,0.7241729175639504,0.6217123141625884,0.6312790546102072,0.29110476484759074,0.6217123141625884,,,,,
