client,round,loss,class,accuracy,precision,recall,f1_score,cohen_kappa_score,roc_auc_score,confusion_matrix,TP,FP,FN,TN
2,82,0.7465817332267761,awake,0.7414002728189313,0.7860202142445186,0.8715730984955706,0.8265888482341711,0.3235645898117071,0.649327292988767,[[ 16871 22632][ 12250 83135]],16871,22632,12250,83135
2,82,0.7465817332267761,asleep,0.7414002728189313,0.5793413687716767,0.4270814874819634,0.4916938680345069,0.3235645898117071,0.649327292988767,[[ 83135 12250][ 22632 16871]],83135,12250,22632,16871
2,82,0.7465817332267761,avg,0.7414002728189313,0.6826807915080977,0.649327292988767,0.659141358134339,0.3235645898117071,0.649327292988767,,,,,
