client,round,loss,class,accuracy,precision,recall,f1_score,cohen_kappa_score,roc_auc_score,confusion_matrix,TP,FP,FN,TN
2,194,0.7797278761863708,awake,0.7486655595753514,0.7773026998259049,0.9034020024112805,0.8356218847578596,0.3145272945648563,0.6392184049471283,[[ 14815 24688][ 9214 86171]],14815,24688,9214,86171
2,194,0.7797278761863708,asleep,0.7486655595753514,0.6165466727704024,0.37503480748297596,0.4663791475162123,0.3145272945648563,0.6392184049471282,[[ 86171 9214][ 24688 14815]],86171,9214,24688,14815
2,194,0.7797278761863708,avg,0.7486655595753514,0.6969246862981537,0.6392184049471282,0.6510005161370359,0.3145272945648563,0.6392184049471283,,,,,
