client,round,loss,class,accuracy,precision,recall,f1_score,cohen_kappa_score,roc_auc_score,confusion_matrix,TP,FP,FN,TN
11,91,0.7145421504974365,awake,0.7220657137773561,0.797786213210711,0.8130418828956335,0.8053418071175634,0.31975903990668364,0.6577170531355367,[[ 19846 19657][ 17833 77552]],19846,19657,17833,77552
11,91,0.7145421504974365,asleep,0.7220657137773561,0.526712492369755,0.5023922233754399,0.5142649840636419,0.31975903990668364,0.6577170531355367,[[ 77552 17833][ 19657 19846]],77552,17833,19657,19846
11,91,0.7145421504974365,avg,0.7220657137773561,0.662249352790233,0.6577170531355367,0.6598033955906026,0.31975903990668364,0.6577170531355367,,,,,
