client,round,loss,class,accuracy,precision,recall,f1_score,cohen_kappa_score,roc_auc_score,confusion_matrix,TP,FP,FN,TN
14,137,1.4837303161621094,awake,0.7358771721724691,0.7447413256446381,0.9532001887089165,0.8361743512868501,0.20488753936827342,0.5821616972706924,[[ 8340 31163][ 4464 90921]],8340,31163,4464,90921
14,137,1.4837303161621094,asleep,0.7358771721724691,0.6513589503280225,0.2111232058324684,0.31888657349876687,0.20488753936827342,0.5821616972706926,[[ 90921 4464][ 31163 8340]],90921,4464,31163,8340
14,137,1.4837303161621094,avg,0.7358771721724691,0.6980501379863303,0.5821616972706924,0.5775304623928085,0.20488753936827342,0.5821616972706924,,,,,
