client,round,loss,class,accuracy,precision,recall,f1_score,cohen_kappa_score,roc_auc_score,confusion_matrix,TP,FP,FN,TN
11,127,0.7262718677520752,awake,0.6702894253009904,0.7820585269642877,0.7399486292393982,0.7604210435588308,0.23315722719985787,0.6210185391089784,[[ 19834 19669][ 24805 70580]],19834,19669,24805,70580
11,127,0.7262718677520752,asleep,0.6702894253009904,0.44431998924707095,0.5020884489785586,0.4714411352237884,0.23315722719985787,0.6210185391089783,[[ 70580 24805][ 19669 19834]],70580,24805,19669,19834
11,127,0.7262718677520752,avg,0.6702894253009904,0.6131892581056793,0.6210185391089784,0.6159310893913096,0.23315722719985787,0.6210185391089784,,,,,
