client,round,loss,class,accuracy,precision,recall,f1_score,cohen_kappa_score,roc_auc_score,confusion_matrix,TP,FP,FN,TN
18,156,1.0454888343811035,awake,0.7315180001186169,0.7415535851336567,0.9521832573255753,0.8337716822039538,0.18880967150617234,0.575438513709493,[[ 7849 31654][ 4561 90824]],7849,31654,4561,90824
18,156,1.0454888343811035,asleep,0.7315180001186169,0.6324738114423851,0.19869377009341063,0.30239053801552596,0.18880967150617234,0.575438513709493,[[ 90824 4561][ 31654 7849]],90824,4561,31654,7849
18,156,1.0454888343811035,avg,0.7315180001186169,0.6870136982880208,0.575438513709493,0.5680811101097398,0.18880967150617234,0.575438513709493,,,,,
