client,round,loss,class,accuracy,precision,recall,f1_score,cohen_kappa_score,roc_auc_score,confusion_matrix,TP,FP,FN,TN
16,125,1.0227307081222534,awake,0.7363071585315224,0.7672982393422111,0.9000681448865125,0.828397057049813,0.27455675499488186,0.6204768236267106,[[ 13466 26037][ 9532 85853]],13466,26037,9532,85853
16,125,1.0227307081222534,asleep,0.7363071585315224,0.5855291764501261,0.34088550236690884,0.43090510551831174,0.27455675499488186,0.6204768236267106,[[ 85853 9532][ 26037 13466]],85853,9532,26037,13466
16,125,1.0227307081222534,avg,0.7363071585315224,0.6764137078961686,0.6204768236267106,0.6296510812840623,0.27455675499488186,0.6204768236267106,,,,,
