client,round,loss,class,accuracy,precision,recall,f1_score,cohen_kappa_score,roc_auc_score,confusion_matrix,TP,FP,FN,TN
9,195,1.156887173652649,awake,0.7508747998339363,0.7543328091423303,0.9605179011374955,0.8450300218592339,0.2543588359702029,0.6025914316461343,[[ 9665 29838][ 3766 91619]],9665,29838,3766,91619
9,195,1.156887173652649,asleep,0.7508747998339363,0.7196039014220832,0.24466496215477307,0.36517172327804437,0.2543588359702029,0.6025914316461342,[[ 91619 3766][ 29838 9665]],91619,3766,29838,9665
9,195,1.156887173652649,avg,0.7508747998339363,0.7369683552822067,0.6025914316461343,0.6051008725686391,0.2543588359702029,0.6025914316461343,,,,,
