client,round,loss,class,accuracy,precision,recall,f1_score,cohen_kappa_score,roc_auc_score,confusion_matrix,TP,FP,FN,TN
0,47,0.7688568830490112,awake,0.726973489116897,0.7549570260456124,0.9089164963044504,0.8248137683020806,0.22969795697841977,0.5982827678089602,[[ 11363 28140][ 8688 86697]],11363,28140,8688,86697
0,47,0.7688568830490112,asleep,0.726973489116897,0.5667049024986285,0.28764903931346986,0.3816032508311784,0.22969795697841977,0.5982827678089601,[[ 86697 8688][ 28140 11363]],86697,8688,28140,11363
0,47,0.7688568830490112,avg,0.726973489116897,0.6608309642721204,0.5982827678089602,0.6032085095666295,0.22969795697841977,0.5982827678089602,,,,,
