client,round,loss,class,accuracy,precision,recall,f1_score,cohen_kappa_score,roc_auc_score,confusion_matrix,TP,FP,FN,TN
18,95,1.1222199201583862,awake,0.719315283790997,0.7225024368356722,0.9791371808984641,0.831467476218668,0.0949296464406797,0.5355397825105945,[[ 3632 35871][ 1990 93395]],3632,35871,1990,93395
18,95,1.1222199201583862,asleep,0.719315283790997,0.6460334400569192,0.09194238412272486,0.16097506925207758,0.0949296464406797,0.5355397825105945,[[ 93395 1990][ 35871 3632]],93395,1990,35871,3632
18,95,1.1222199201583862,avg,0.719315283790997,0.6842679384462957,0.5355397825105945,0.4962212727353728,0.0949296464406797,0.5355397825105945,,,,,
