client,round,loss,class,accuracy,precision,recall,f1_score,cohen_kappa_score,roc_auc_score,confusion_matrix,TP,FP,FN,TN
17,25,0.6424762010574341,awake,0.7318960915722673,0.7523371255699007,0.9255438486135137,0.8300004700794434,0.22678239001321476,0.5949264442166371,[[ 10441 29062][ 7102 88283]],10441,29062,7102,88283
17,25,0.6424762010574341,asleep,0.7318960915722673,0.595166163141994,0.2643090398197605,0.36605546401149947,0.22678239001321476,0.5949264442166371,[[ 88283 7102][ 29062 10441]],88283,7102,29062,10441
17,25,0.6424762010574341,avg,0.7318960915722673,0.6737516443559474,0.5949264442166371,0.5980279670454715,0.22678239001321476,0.5949264442166371,,,,,
