client,round,loss,class,accuracy,precision,recall,f1_score,cohen_kappa_score,roc_auc_score,confusion_matrix,TP,FP,FN,TN
8,105,0.7787936925888062,awake,0.6960441254967084,0.7663920373835438,0.8201604025790219,0.7923651132876199,0.2278150346788389,0.6082550234549161,[[ 15657 23846][ 17154 78231]],15657,23846,17154,78231
8,105,0.7787936925888062,asleep,0.6960441254967084,0.4771875285727348,0.3963496443308103,0.4330281826478967,0.2278150346788389,0.6082550234549161,[[ 78231 17154][ 23846 15657]],78231,17154,23846,15657
8,105,0.7787936925888062,avg,0.6960441254967084,0.6217897829781392,0.6082550234549161,0.6126966479677584,0.2278150346788389,0.6082550234549161,,,,,
