client,round,loss,class,accuracy,precision,recall,f1_score,cohen_kappa_score,roc_auc_score,confusion_matrix,TP,FP,FN,TN
1,196,0.891812264919281,awake,0.6036637803214518,0.7281652734238941,0.7013471719872097,0.7145046647121337,0.06738659334324892,0.5345710115055914,[[ 14529 24974][ 28487 66898]],14529,24974,28487,66898
1,196,0.891812264919281,asleep,0.6036637803214518,0.3377580435186907,0.36779485102397286,0.3521370835807511,0.06738659334324892,0.5345710115055913,[[ 66898 28487][ 24974 14529]],66898,28487,24974,14529
1,196,0.891812264919281,avg,0.6036637803214518,0.5329616584712924,0.5345710115055913,0.5333208741464424,0.06738659334324892,0.5345710115055913,,,,,
