client,round,loss,class,accuracy,precision,recall,f1_score,cohen_kappa_score,roc_auc_score,confusion_matrix,TP,FP,FN,TN
8,108,0.7970983386039734,awake,0.7095368009014886,0.7612752070956406,0.8584368611416889,0.8069418164616842,0.22911921767072507,0.6042177977075176,[[ 13826 25677][ 13503 81882]],13826,25677,13503,81882
8,108,0.7970983386039734,asleep,0.7095368009014886,0.5059094734531084,0.3499987342733463,0.4137538903519272,0.22911921767072507,0.6042177977075176,[[ 81882 13503][ 25677 13826]],81882,13503,25677,13826
8,108,0.7970983386039734,avg,0.7095368009014886,0.6335923402743745,0.6042177977075176,0.6103478534068056,0.22911921767072507,0.6042177977075176,,,,,
