client,round,loss,class,accuracy,precision,recall,f1_score,cohen_kappa_score,roc_auc_score,confusion_matrix,TP,FP,FN,TN
12,44,1.1135300397872925,awake,0.7063267303244173,0.7548342288993676,0.8659642501441527,0.806589425475922,0.20854225210313715,0.5934129784249862,[[ 12675 26828][ 12785 82600]],12675,26828,12785,82600
12,44,1.1135300397872925,asleep,0.7063267303244173,0.49783974862529456,0.3208617067058198,0.390222126441205,0.20854225210313715,0.5934129784249863,[[ 82600 12785][ 26828 12675]],82600,12785,26828,12675
12,44,1.1135300397872925,avg,0.7063267303244173,0.6263369887623311,0.5934129784249862,0.5984057759585635,0.20854225210313715,0.5934129784249862,,,,,
