client,round,loss,class,accuracy,precision,recall,f1_score,cohen_kappa_score,roc_auc_score,confusion_matrix,TP,FP,FN,TN
16,150,1.1251956224441528,awake,0.7266991874740526,0.7613947006378531,0.8935262357813073,0.822185671633152,0.24781927744209598,0.6087001859614332,[[ 12794 26709][ 10156 85229]],12794,26709,10156,85229
16,150,1.1251956224441528,asleep,0.7266991874740526,0.5574727668845316,0.32387413614155885,0.40971610651209706,0.24781927744209598,0.6087001859614332,[[ 85229 10156][ 26709 12794]],85229,10156,26709,12794
16,150,1.1251956224441528,avg,0.7266991874740526,0.6594337337611924,0.608700185961433,0.6159508890726245,0.24781927744209598,0.6087001859614332,,,,,
