client,round,loss,class,accuracy,precision,recall,f1_score,cohen_kappa_score,roc_auc_score,confusion_matrix,TP,FP,FN,TN
18,191,1.0473870038986206,awake,0.7244009845204911,0.7307430075474092,0.9663259422341038,0.832182953309167,0.13804731501512768,0.5532842277304737,[[ 5540 33963][ 3212 92173]],5540,33963,3212,92173
18,191,1.0473870038986206,asleep,0.7244009845204911,0.6329981718464351,0.14024251322684353,0.22961351155320692,0.13804731501512768,0.5532842277304737,[[ 92173 3212][ 33963 5540]],92173,3212,33963,5540
18,191,1.0473870038986206,avg,0.7244009845204911,0.6818705896969222,0.5532842277304737,0.530898232431187,0.13804731501512768,0.5532842277304737,,,,,
