client,round,loss,class,accuracy,precision,recall,f1_score,cohen_kappa_score,roc_auc_score,confusion_matrix,TP,FP,FN,TN
8,172,0.8362364172935486,awake,0.6830333313563846,0.7845110928512736,0.7607170938826859,0.7724308989391995,0.2507929704362849,0.628086567598002,[[ 19572 19931][ 22824 72561]],19572,19931,22824,72561
8,172,0.8362364172935486,asleep,0.6830333313563846,0.4616473252193603,0.495456041313318,0.47795455377965546,0.2507929704362849,0.628086567598002,[[ 72561 22824][ 19931 19572]],72561,22824,19931,19572
8,172,0.8362364172935486,avg,0.6830333313563846,0.623079209035317,0.628086567598002,0.6251927263594275,0.2507929704362849,0.628086567598002,,,,,
