client,round,loss,class,accuracy,precision,recall,f1_score,cohen_kappa_score,roc_auc_score,confusion_matrix,TP,FP,FN,TN
12,130,1.5364686250686646,awake,0.7135104679437756,0.7543321768908731,0.8821617654767521,0.8132544676080296,0.21410534280290605,0.5942211505661359,[[ 12099 27404][ 11240 84145]],12099,27404,11240,84145
12,130,1.5364686250686646,asleep,0.7135104679437756,0.5184026736364026,0.3062805356555198,0.3850609465007479,0.21410534280290605,0.594221150566136,[[ 84145 11240][ 27404 12099]],84145,11240,27404,12099
12,130,1.5364686250686646,avg,0.7135104679437756,0.6363674252636378,0.5942211505661359,0.5991577070543888,0.21410534280290605,0.5942211505661359,,,,,
