client,round,loss,class,accuracy,precision,recall,f1_score,cohen_kappa_score,roc_auc_score,confusion_matrix,TP,FP,FN,TN
17,126,0.6951555013656616,awake,0.7243194353834292,0.7680178313208624,0.8742045394978246,0.8176781494229204,0.26225419365105507,0.6183036974885776,[[ 14316 25187][ 11999 83386]],14316,25187,11999,83386
17,126,0.6951555013656616,asleep,0.7243194353834292,0.5440243207296219,0.3624028554793307,0.43501777629219973,0.26225419365105507,0.6183036974885777,[[ 83386 11999][ 25187 14316]],83386,11999,25187,14316
17,126,0.6951555013656616,avg,0.7243194353834292,0.6560210760252422,0.6183036974885776,0.6263479628575601,0.26225419365105507,0.6183036974885776,,,,,
