client,round,loss,class,accuracy,precision,recall,f1_score,cohen_kappa_score,roc_auc_score,confusion_matrix,TP,FP,FN,TN
10,34,1.0855705738067627,awake,0.49042168317418894,0.8199236476265936,0.35801226607957226,0.4984018564735759,0.12024076588618082,0.5840766340143956,[[ 32003 7500][ 61236 34149]],32003,7500,61236,34149
10,34,1.0855705738067627,asleep,0.49042168317418894,0.3432361994444385,0.810141001949219,0.48218348375043313,0.12024076588618082,0.5840766340143957,[[ 34149 61236][ 7500 32003]],34149,61236,7500,32003
10,34,1.0855705738067627,avg,0.49042168317418894,0.5815799235355161,0.5840766340143957,0.4902926701120045,0.12024076588618082,0.5840766340143957,,,,,
