client,round,loss,class,accuracy,precision,recall,f1_score,cohen_kappa_score,roc_auc_score,confusion_matrix,TP,FP,FN,TN
15,118,1.2562901973724365,awake,0.4237070754996738,0.6709608678806664,0.3631074068249725,0.4712084622972008,-0.050478125536884466,0.4665700312863186,[[ 22518 16985][ 60750 34635]],22518,16985,60750,34635
15,118,1.2562901973724365,asleep,0.4237070754996738,0.2704280155642023,0.5700326557476647,0.3668293000790089,-0.050478125536884466,0.4665700312863186,[[ 34635 60750][ 16985 22518]],34635,60750,16985,22518
15,118,1.2562901973724365,avg,0.4237070754996738,0.47069444172243435,0.4665700312863186,0.4190188811881048,-0.050478125536884466,0.4665700312863186,,,,,
