client,round,loss,class,accuracy,precision,recall,f1_score,cohen_kappa_score,roc_auc_score,confusion_matrix,TP,FP,FN,TN
10,7,0.9686260223388672,awake,0.4877157345353182,0.8412797340812299,0.33963411437857105,0.4839087928420455,0.1300580265424599,0.5924558441168606,[[ 33391 6112][ 62989 32396]],33391,6112,62989,32396
10,7,0.9686260223388672,asleep,0.4877157345353182,0.34645154596389294,0.8452775738551502,0.49146692375057954,0.1300580265424599,0.5924558441168606,[[ 32396 62989][ 6112 33391]],32396,62989,6112,33391
10,7,0.9686260223388672,avg,0.4877157345353182,0.5938656400225615,0.5924558441168606,0.48768785829631256,0.1300580265424599,0.5924558441168606,,,,,
