client,round,loss,class,accuracy,precision,recall,f1_score,cohen_kappa_score,roc_auc_score,confusion_matrix,TP,FP,FN,TN
13,128,1.0841803550720215,awake,0.655892295830615,0.8066964788997031,0.6751690517376946,0.7350957093449303,0.25509653723198333,0.6422575886742038,[[ 24071 15432][ 30984 64401]],24071,15432,30984,64401
13,128,1.0841803550720215,asleep,0.655892295830615,0.43721732812641906,0.6093461256107131,0.5091266735760062,0.25509653723198333,0.6422575886742039,[[ 64401 30984][ 15432 24071]],64401,30984,15432,24071
13,128,1.0841803550720215,avg,0.655892295830615,0.6219569035130611,0.6422575886742039,0.6221111914604682,0.25509653723198333,0.6422575886742039,,,,,
