client,round,loss,class,accuracy,precision,recall,f1_score,cohen_kappa_score,roc_auc_score,confusion_matrix,TP,FP,FN,TN
15,163,1.2724937200546265,awake,0.4304830674337228,0.6704620583265996,0.38274361796928236,0.48730286911777465,-0.05485122726306546,0.46424981824976025,[[ 21559 17944][ 58877 36508]],21559,17944,58877,36508
15,163,1.2724937200546265,asleep,0.4304830674337228,0.2680267541896663,0.5457560185302383,0.35949941220120235,-0.05485122726306546,0.4642498182497603,[[ 36508 58877][ 17944 21559]],36508,58877,17944,21559
15,163,1.2724937200546265,avg,0.4304830674337228,0.4692444062581329,0.4642498182497603,0.42340114065948853,-0.05485122726306546,0.4642498182497603,,,,,
