client,round,loss,class,accuracy,precision,recall,f1_score,cohen_kappa_score,roc_auc_score,confusion_matrix,TP,FP,FN,TN
14,119,1.2613070011138916,awake,0.7365666330585374,0.7512784126690906,0.938009120930964,0.8343233338617481,0.22830388306237126,0.5940836683813364,[[ 9882 29621][ 5913 89472]],9882,29621,5913,89472
14,119,1.2613070011138916,asleep,0.7365666330585374,0.6256410256410256,0.250158215831709,0.3574089478823827,0.22830388306237126,0.5940836683813365,[[ 89472 5913][ 29621 9882]],89472,5913,29621,9882
14,119,1.2613070011138916,avg,0.7365666330585374,0.6884597191550581,0.5940836683813365,0.5958661408720654,0.22830388306237126,0.5940836683813364,,,,,
