client,round,loss,class,accuracy,precision,recall,f1_score,cohen_kappa_score,roc_auc_score,confusion_matrix,TP,FP,FN,TN
13,150,1.3231873512268066,awake,0.6140205207283079,0.7917278347183127,0.6162918697908476,0.6930803966186023,0.19436494129835769,0.6124139651716054,[[ 24039 15464][ 36600 58785]],24039,15464,36600,58785
13,150,1.3231873512268066,asleep,0.6140205207283079,0.3964280413595211,0.6085360605523631,0.4800982604701324,0.19436494129835769,0.6124139651716054,[[ 58785 36600][ 15464 24039]],58785,36600,15464,24039
13,150,1.3231873512268066,avg,0.6140205207283079,0.5940779380389168,0.6124139651716054,0.5865893285443673,0.19436494129835769,0.6124139651716054,,,,,
