client,round,loss,class,accuracy,precision,recall,f1_score,cohen_kappa_score,roc_auc_score,confusion_matrix,TP,FP,FN,TN
16,65,0.8149176836013794,awake,0.7269660755589823,0.7651992753623188,0.8856528804319337,0.8210316592560196,0.2581976737876307,0.6147247770511439,[[ 13581 25922][ 10907 84478]],13581,25922,10907,84478
16,65,0.8149176836013794,asleep,0.7269660755589823,0.5545981705325057,0.34379667367035416,0.42446594052288605,0.2581976737876307,0.6147247770511439,[[ 84478 10907][ 25922 13581]],84478,10907,25922,13581
16,65,0.8149176836013794,avg,0.7269660755589823,0.6598987229474123,0.6147247770511439,0.6227487998894529,0.2581976737876307,0.6147247770511439,,,,,
