client,round,loss,class,accuracy,precision,recall,f1_score,cohen_kappa_score,roc_auc_score,confusion_matrix,TP,FP,FN,TN
12,27,1.0513198375701904,awake,0.6984905996085642,0.7515424010886456,0.8569167059810243,0.8007778822791756,0.19189853096539766,0.5864336966352987,[[ 12481 27022][ 13648 81737]],12481,27022,13648,81737
12,27,1.0513198375701904,asleep,0.6984905996085642,0.47766849094875424,0.31595068728957293,0.3803327645051195,0.19189853096539766,0.5864336966352987,[[ 81737 13648][ 27022 12481]],81737,13648,27022,12481
12,27,1.0513198375701904,avg,0.6984905996085642,0.6146054460186999,0.5864336966352987,0.5905553233921476,0.19189853096539766,0.5864336966352987,,,,,
