client,round,loss,class,accuracy,precision,recall,f1_score,cohen_kappa_score,roc_auc_score,confusion_matrix,TP,FP,FN,TN
3,196,1.1829760074615479,awake,0.6687993001601329,0.786484226701618,0.7297478639199035,0.7570545274595001,0.2391752082422871,0.6256895662155779,[[ 20606 18897][ 25778 69607]],20606,18897,25778,69607
3,196,1.1829760074615479,asleep,0.6687993001601329,0.4442480165574336,0.5216312685112523,0.47983978949084266,0.2391752082422871,0.6256895662155779,[[ 69607 25778][ 18897 20606]],69607,25778,18897,20606
3,196,1.1829760074615479,avg,0.6687993001601329,0.6153661216295259,0.6256895662155779,0.6184471584751714,0.2391752082422871,0.6256895662155779,,,,,
