client,round,loss,class,accuracy,precision,recall,f1_score,cohen_kappa_score,roc_auc_score,confusion_matrix,TP,FP,FN,TN
7,145,1.1052991151809692,awake,0.5811413913765494,0.7646386280114332,0.5889605283849662,0.6653993070978057,0.13008228322242898,0.5756108112395428,[[ 22211 17292][ 39207 56178]],22211,17292,39207,56178
7,145,1.1052991151809692,asleep,0.5811413913765494,0.36163665374971504,0.5622610940941194,0.4401660704907799,0.13008228322242898,0.5756108112395428,[[ 56178 39207][ 17292 22211]],56178,39207,17292,22211
7,145,1.1052991151809692,avg,0.5811413913765494,0.5631376408805742,0.5756108112395428,0.5527826887942928,0.13008228322242898,0.5756108112395428,,,,,
