client,round,loss,class,accuracy,precision,recall,f1_score,cohen_kappa_score,roc_auc_score,confusion_matrix,TP,FP,FN,TN
14,82,1.2871761322021484,awake,0.7383014056105807,0.7504773180146905,0.9436808722545473,0.8360625284452411,0.2274918295106323,0.5930337632163555,[[ 9575 29928][ 5372 90013]],9575,29928,5372,90013
14,82,1.2871761322021484,asleep,0.7383014056105807,0.6405967752726299,0.24238665417816369,0.35169880624426075,0.2274918295106323,0.5930337632163555,[[ 90013 5372][ 29928 9575]],90013,5372,29928,9575
14,82,1.2871761322021484,avg,0.7383014056105807,0.6955370466436602,0.5930337632163555,0.593880667344751,0.2274918295106323,0.5930337632163555,,,,,
