client,round,loss,class,accuracy,precision,recall,f1_score,cohen_kappa_score,roc_auc_score,confusion_matrix,TP,FP,FN,TN
14,66,1.140032172203064,awake,0.7386053614850839,0.7492414067552107,0.9474445667557793,0.8367661560256108,0.22362380290661232,0.5908905997082949,[[ 9257 30246][ 5013 90372]],9257,30246,5013,90372
14,66,1.140032172203064,asleep,0.7386053614850839,0.6487035739313245,0.23433663266081056,0.34429918360515505,0.22362380290661232,0.5908905997082949,[[ 90372 5013][ 30246 9257]],90372,5013,30246,9257
14,66,1.140032172203064,avg,0.7386053614850839,0.6989724903432676,0.5908905997082949,0.5905326698153829,0.22362380290661232,0.5908905997082949,,,,,
