client,round,loss,class,accuracy,precision,recall,f1_score,cohen_kappa_score,roc_auc_score,confusion_matrix,TP,FP,FN,TN
10,65,0.9723014235496521,awake,0.49773145127809737,0.8231332288767802,0.3690098023798291,0.5095768245189872,0.127717402363545,0.5887779943727108,[[ 31940 7563][ 60187 35198]],31940,7563,60187,35198
10,65,0.9723014235496521,asleep,0.49773145127809737,0.34669532276097126,0.8085461863655925,0.4852997037149586,0.127717402363545,0.5887779943727108,[[ 35198 60187][ 7563 31940]],35198,60187,7563,31940
10,65,0.9723014235496521,avg,0.49773145127809737,0.5849142758188757,0.5887779943727108,0.4974382641169729,0.127717402363545,0.5887779943727108,,,,,
