client,round,loss,class,accuracy,precision,recall,f1_score,cohen_kappa_score,roc_auc_score,confusion_matrix,TP,FP,FN,TN
1,72,0.8448875546455383,awake,0.5490110313741771,0.6959707790734607,0.643224825706348,0.6685590685459926,-0.03346156319253457,0.4823723551360386,[[ 12701 26802][ 34031 61354]],12701,26802,34031,61354
1,72,0.8448875546455383,asleep,0.5490110313741771,0.271783788410511,0.32151988456572916,0.29456717110222064,-0.03346156319253457,0.4823723551360386,[[ 61354 34031][ 26802 12701]],61354,34031,26802,12701
1,72,0.8448875546455383,avg,0.5490110313741771,0.48387728374198585,0.4823723551360386,0.4815631198241066,-0.03346156319253457,0.4823723551360386,,,,,
