client,round,loss,class,accuracy,precision,recall,f1_score,cohen_kappa_score,roc_auc_score,confusion_matrix,TP,FP,FN,TN
6,159,0.8146480917930603,awake,0.6814394164047209,0.7979309952822146,0.735859936048645,0.7656394873193346,0.2709840497895025,0.642947055334147,[[ 21728 17775][ 25195 70190]],21728,17775,25195,70190
6,159,0.8146480917930603,asleep,0.6814394164047209,0.4630564968139292,0.5500341746196491,0.5028116539004466,0.2709840497895025,0.6429470553341471,[[ 70190 25195][ 17775 21728]],70190,25195,17775,21728
6,159,0.8146480917930603,avg,0.6814394164047209,0.6304937460480718,0.642947055334147,0.6342255706098906,0.2709840497895025,0.642947055334147,,,,,
