client,round,loss,class,accuracy,precision,recall,f1_score,cohen_kappa_score,roc_auc_score,confusion_matrix,TP,FP,FN,TN
9,199,1.0519644021987915,awake,0.7594596998991756,0.7750325552127669,0.9297059286051266,0.8453523731447146,0.3237903378896274,0.6390422663808865,[[ 13762 25741][ 6705 88680]],13762,25741,6705,88680
9,199,1.0519644021987915,asleep,0.7594596998991756,0.6723994723212977,0.34837860415664634,0.4589628147407037,0.3237903378896274,0.6390422663808865,[[ 88680 6705][ 25741 13762]],88680,6705,25741,13762
9,199,1.0519644021987915,avg,0.7594596998991756,0.7237160137670323,0.6390422663808865,0.6521575939427091,0.3237903378896274,0.6390422663808865,,,,,
