client,round,loss,class,accuracy,precision,recall,f1_score,cohen_kappa_score,roc_auc_score,confusion_matrix,TP,FP,FN,TN
7,131,1.1631546020507812,awake,0.5633859201708084,0.7662682602921647,0.5504743932484143,0.6406886790150571,0.12094554453965711,0.5725184157721199,[[ 23487 16016][ 42878 52507]],23487,16016,42878,52507
7,131,1.1631546020507812,asleep,0.5633859201708084,0.35390642658027577,0.5945624382958257,0.4437034798050402,0.12094554453965711,0.57251841577212,[[ 52507 42878][ 16016 23487]],52507,42878,16016,23487
7,131,1.1631546020507812,avg,0.5633859201708084,0.5600873434362202,0.5725184157721199,0.5421960794100487,0.12094554453965711,0.5725184157721199,,,,,
