client,round,loss,class,accuracy,precision,recall,f1_score,cohen_kappa_score,roc_auc_score,confusion_matrix,TP,FP,FN,TN
16,11,0.7827884554862976,awake,0.7229775814008659,0.7565578844963297,0.8968286418199927,0.8207430860377539,0.2302107593231003,0.6000104022202766,[[ 11977 27526][ 9841 85544]],11977,27526,9841,85544
16,11,0.7827884554862976,asleep,0.7229775814008659,0.548950407920066,0.3031921626205605,0.39063289900686554,0.2302107593231003,0.6000104022202766,[[ 85544 9841][ 27526 11977]],85544,9841,27526,11977
16,11,0.7827884554862976,avg,0.7229775814008659,0.6527541462081978,0.6000104022202766,0.6056879925223098,0.2302107593231003,0.6000104022202766,,,,,
