client,round,loss,class,accuracy,precision,recall,f1_score,cohen_kappa_score,roc_auc_score,confusion_matrix,TP,FP,FN,TN
15,137,1.391251564025879,awake,0.3800263922661764,0.6379528815468368,0.2850238507102794,0.394011637596829,-0.07586719289779542,0.4472229599601064,[[ 24074 15429][ 68198 27187]],24074,15429,68198,27187
15,137,1.391251564025879,asleep,0.3800263922661764,0.2609025489856078,0.6094220692099335,0.3653803832289888,-0.07586719289779542,0.4472229599601064,[[ 27187 68198][ 15429 24074]],27187,68198,15429,24074
15,137,1.391251564025879,avg,0.3800263922661764,0.44942771526622227,0.4472229599601064,0.3796960104129089,-0.07586719289779542,0.4472229599601064,,,,,
