client,round,loss,class,accuracy,precision,recall,f1_score,cohen_kappa_score,roc_auc_score,confusion_matrix,TP,FP,FN,TN
3,161,1.1462748050689697,awake,0.6611707490658917,0.7876023202232231,0.7131729307543114,0.7485420013644666,0.23319088028461743,0.6243889107610506,[[ 21158 18345][ 27359 68026]],21158,18345,27359,68026
3,161,1.1462748050689697,asleep,0.6611707490658917,0.4360945647917225,0.5356048907677898,0.48075437400590776,0.23319088028461743,0.6243889107610507,[[ 68026 27359][ 18345 21158]],68026,27359,18345,21158
3,161,1.1462748050689697,avg,0.6611707490658917,0.6118484425074728,0.6243889107610506,0.6146481876851871,0.23319088028461743,0.6243889107610507,,,,,
