client,round,loss,class,accuracy,precision,recall,f1_score,cohen_kappa_score,roc_auc_score,confusion_matrix,TP,FP,FN,TN
5,107,0.9361344575881958,awake,0.604879603819465,0.7625577043044292,0.6407611259632018,0.6963739425185861,0.14286084448622693,0.5795001235213068,[[ 20472 19031][ 34266 61119]],20472,19031,34266,61119
5,107,0.9361344575881958,asleep,0.604879603819465,0.37399978077386825,0.5182391210794117,0.43446058509565905,0.14286084448622693,0.5795001235213068,[[ 61119 34266][ 19031 20472]],61119,34266,19031,20472
5,107,0.9361344575881958,avg,0.604879603819465,0.5682787425391487,0.5795001235213068,0.5654172638071225,0.14286084448622693,0.5795001235213068,,,,,
