client,round,loss,class,accuracy,precision,recall,f1_score,cohen_kappa_score,roc_auc_score,confusion_matrix,TP,FP,FN,TN
5,166,0.8758565187454224,awake,0.6028408753929185,0.7462456272599851,0.664223934580909,0.7028499162441897,0.1102746048089055,0.5594238170233862,[[ 17959 21544][ 32028 63357]],17959,21544,32028,63357
5,166,0.8758565187454224,asleep,0.6028408753929185,0.3592734110868826,0.45462369946586334,0.4013632808134987,0.1102746048089055,0.5594238170233861,[[ 63357 32028][ 21544 17959]],63357,32028,21544,17959
5,166,0.8758565187454224,avg,0.6028408753929185,0.5527595191734338,0.5594238170233862,0.5521065985288443,0.1102746048089055,0.5594238170233861,,,,,
