client,round,loss,class,accuracy,precision,recall,f1_score,cohen_kappa_score,roc_auc_score,confusion_matrix,TP,FP,FN,TN
17,90,0.8264533281326294,awake,0.712279817329933,0.7297947180724458,0.9418357184043613,0.8223668552388277,0.12564488230076976,0.5499118596578423,[[ 6241 33262][ 5548 89837]],6241,33262,5548,89837
17,90,0.8264533281326294,asleep,0.712279817329933,0.5293918059207736,0.1579880009113232,0.24335178975278796,0.12564488230076976,0.5499118596578423,[[ 89837 5548][ 33262 6241]],89837,5548,33262,6241
17,90,0.8264533281326294,avg,0.712279817329933,0.6295932619966097,0.5499118596578423,0.5328593224958078,0.12564488230076976,0.5499118596578423,,,,,
