client,round,loss,class,accuracy,precision,recall,f1_score,cohen_kappa_score,roc_auc_score,confusion_matrix,TP,FP,FN,TN
0,194,0.9586679339408875,awake,0.7280039736670423,0.7599422508015802,0.8995020181370237,0.8238536250462103,0.2452602394316521,0.6067011141238241,[[ 12400 27103][ 9586 85799]],12400,27103,9586,85799
0,194,0.9586679339408875,asleep,0.7280039736670423,0.5639952697170927,0.3139002101106245,0.4033241718030867,0.2452602394316521,0.6067011141238241,[[ 85799 9586][ 27103 12400]],85799,9586,27103,12400
0,194,0.9586679339408875,avg,0.7280039736670423,0.6619687602593365,0.6067011141238241,0.6135888984246485,0.2452602394316521,0.6067011141238241,,,,,
