client,round,loss,class,accuracy,precision,recall,f1_score,cohen_kappa_score,roc_auc_score,confusion_matrix,TP,FP,FN,TN
4,110,1.3346306085586548,awake,0.725646462250163,0.7368814010485141,0.9519316454369136,0.8307144784933693,0.16530664293971886,0.5655919270649621,[[ 7081 32422][ 4585 90800]],7081,32422,4585,90800
4,110,1.3346306085586548,asleep,0.725646462250163,0.6069775415738042,0.17925220869301065,0.2767691375637593,0.16530664293971886,0.5655919270649621,[[ 90800 4585][ 32422 7081]],90800,4585,32422,7081
4,110,1.3346306085586548,avg,0.725646462250163,0.6719294713111592,0.5655919270649621,0.5537418080285643,0.16530664293971886,0.5655919270649621,,,,,
