client,round,loss,class,accuracy,precision,recall,f1_score,cohen_kappa_score,roc_auc_score,confusion_matrix,TP,FP,FN,TN
16,106,0.8704763650894165,awake,0.7226662119684479,0.7721366879459256,0.8622739424437804,0.8147197939625069,0.27014549477122174,0.6239197978426532,[[ 15231 24272][ 13137 82248]],15231,24272,13137,82248
16,106,0.8704763650894165,asleep,0.7226662119684479,0.5369077834179357,0.385565653241526,0.4488220300275523,0.27014549477122174,0.6239197978426532,[[ 82248 13137][ 24272 15231]],82248,13137,24272,15231
16,106,0.8704763650894165,avg,0.7226662119684479,0.6545222356819307,0.6239197978426532,0.6317709119950297,0.27014549477122174,0.6239197978426532,,,,,
