client,round,loss,class,accuracy,precision,recall,f1_score,cohen_kappa_score,roc_auc_score,confusion_matrix,TP,FP,FN,TN
10,67,1.0754104852676392,awake,0.49062926279580094,0.8218051098940867,0.3571106568118677,0.49787333557449176,0.1215307521395177,0.5850687577657293,[[ 32117 7386][ 61322 34063]],32117,7386,61322,34063
10,67,1.0754104852676392,asleep,0.49062926279580094,0.34372157236271794,0.8130268587195909,0.4831731130869101,0.1215307521395177,0.5850687577657292,[[ 34063 61322][ 7386 32117]],34063,61322,7386,32117
10,67,1.0754104852676392,avg,0.49062926279580094,0.5827633411284023,0.5850687577657293,0.49052322433070095,0.1215307521395177,0.5850687577657292,,,,,
