client,round,loss,class,accuracy,precision,recall,f1_score,cohen_kappa_score,roc_auc_score,confusion_matrix,TP,FP,FN,TN
18,117,1.2181082963943481,awake,0.7183515212620841,0.7208378865067028,0.9820202337893799,0.8313991417070886,0.08566450039644469,0.5318551160086813,[[ 3227 36276][ 1715 93670]],3227,36276,1715,93670
18,117,1.2181082963943481,asleep,0.7183515212620841,0.6529745042492918,0.08168999822798269,0.14521318483518955,0.08566450039644469,0.5318551160086813,[[ 93670 1715][ 36276 3227]],93670,1715,36276,3227
18,117,1.2181082963943481,avg,0.7183515212620841,0.6869061953779974,0.5318551160086813,0.48830616327113907,0.08566450039644469,0.5318551160086813,,,,,
