client,round,loss,class,accuracy,precision,recall,f1_score,cohen_kappa_score,roc_auc_score,confusion_matrix,TP,FP,FN,TN
13,19,0.8550010323524475,awake,0.6493906055394105,0.8009813247884644,0.6708811658017508,0.7301813700599622,0.24072423327872616,0.6341900449670477,[[ 23603 15900][ 31393 63992]],23603,15900,31393,63992
13,19,0.8550010323524475,asleep,0.6493906055394105,0.4291766673939923,0.5974989241323444,0.4995396776685467,0.24072423327872616,0.6341900449670476,[[ 63992 31393][ 15900 23603]],63992,31393,15900,23603
13,19,0.8550010323524475,avg,0.6493906055394105,0.6150789960912284,0.6341900449670477,0.6148605238642544,0.24072423327872616,0.6341900449670477,,,,,
