client,round,loss,class,accuracy,precision,recall,f1_score,cohen_kappa_score,roc_auc_score,confusion_matrix,TP,FP,FN,TN
8,196,0.8301071524620056,awake,0.6823957653757191,0.7760997961199739,0.774220265240866,0.7751588913555755,0.2344924650977298,0.6174470690556404,[[ 18198 21305][ 21536 73849]],18198,21305,21536,73849
8,196,0.8301071524620056,asleep,0.6823957653757191,0.45799567121357027,0.4606738728704149,0.4593308681550286,0.2344924650977298,0.6174470690556405,[[ 73849 21536][ 21305 18198]],73849,21536,21305,18198
8,196,0.8301071524620056,avg,0.6823957653757191,0.6170477336667721,0.6174470690556404,0.6172448797553021,0.2344924650977298,0.6174470690556404,,,,,
