client,round,loss,class,accuracy,precision,recall,f1_score,cohen_kappa_score,roc_auc_score,confusion_matrix,TP,FP,FN,TN
15,159,1.0771480798721313,awake,0.4772403772018267,0.6794729322114621,0.49357865492477854,0.5717963977312751,-0.057504127180671105,0.46568409494840296,[[ 17294 22209][ 48305 47080]],17294,22209,48305,47080
15,159,1.0771480798721313,asleep,0.4772403772018267,0.2636320675620055,0.43778953497202744,0.32908983653974233,-0.057504127180671105,0.465684094948403,[[ 47080 48305][ 22209 17294]],47080,48305,22209,17294
15,159,1.0771480798721313,avg,0.4772403772018267,0.4715524998867338,0.465684094948403,0.4504431171355087,-0.057504127180671105,0.465684094948403,,,,,
