client,round,loss,class,accuracy,precision,recall,f1_score,cohen_kappa_score,roc_auc_score,confusion_matrix,TP,FP,FN,TN
3,110,1.031465768814087,awake,0.6381961330881917,0.7982278675510256,0.6535618807988678,0.7186871336096332,0.22572053529639047,0.6273277343138202,[[ 23745 15758][ 33045 62340]],23745,15758,33045,62340
3,110,1.031465768814087,asleep,0.6381961330881917,0.4181193872160592,0.6010935878287725,0.49318226662374215,0.22572053529639047,0.62732773431382,[[ 62340 33045][ 15758 23745]],62340,33045,15758,23745
3,110,1.031465768814087,avg,0.6381961330881917,0.6081736273835424,0.6273277343138202,0.6059347001166877,0.22572053529639047,0.6273277343138202,,,,,
