client,round,loss,class,accuracy,precision,recall,f1_score,cohen_kappa_score,roc_auc_score,confusion_matrix,TP,FP,FN,TN
15,120,1.1827020645141602,awake,0.4226840045074432,0.6552317129383399,0.3874718247103842,0.4869722183792188,-0.08131606076118225,0.44759005001562296,[[ 20056 19447][ 58426 36959]],20056,19447,58426,36959
15,120,1.1827020645141602,asleep,0.4226840045074432,0.25554904309268367,0.5077082753208617,0.33997542060431407,-0.08131606076118225,0.44759005001562296,[[ 36959 58426][ 19447 20056]],36959,58426,19447,20056
15,120,1.1827020645141602,avg,0.4226840045074432,0.4553903780155118,0.44759005001562296,0.4134738194917664,-0.08131606076118225,0.44759005001562296,,,,,
