client,round,loss,class,accuracy,precision,recall,f1_score,cohen_kappa_score,roc_auc_score,confusion_matrix,TP,FP,FN,TN
14,118,1.311266541481018,awake,0.7347503113694324,0.7518847194050033,0.9326728521255963,0.832577618679956,0.22834980834185237,0.5947570523443464,[[ 10146 29357][ 6422 88963]],10146,29357,6422,88963
14,118,1.311266541481018,asleep,0.7347503113694324,0.6123853211009175,0.2568412525630965,0.36189830750298735,0.22834980834185237,0.5947570523443464,[[ 88963 6422][ 29357 10146]],88963,6422,29357,10146
14,118,1.311266541481018,avg,0.7347503113694324,0.6821350202529604,0.5947570523443464,0.5972379630914717,0.22834980834185237,0.5947570523443464,,,,,
