client,round,loss,class,accuracy,precision,recall,f1_score,cohen_kappa_score,roc_auc_score,confusion_matrix,TP,FP,FN,TN
3,118,1.0667439699172974,awake,0.6622383014056106,0.8024572947903894,0.6929391413744299,0.7436878347360368,0.2563045158604115,0.6405231868682645,[[ 23232 16271][ 29289 66096]],23232,16271,29289,66096
3,118,1.0667439699172974,asleep,0.6622383014056106,0.4423373507739761,0.588107232362099,0.5049117621490047,0.2563045158604115,0.6405231868682645,[[ 66096 29289][ 16271 23232]],66096,29289,16271,23232
3,118,1.0667439699172974,avg,0.6622383014056106,0.6223973227821827,0.6405231868682645,0.6242997984425207,0.2563045158604115,0.6405231868682645,,,,,
