client,round,loss,class,accuracy,precision,recall,f1_score,cohen_kappa_score,roc_auc_score,confusion_matrix,TP,FP,FN,TN
4,49,1.1749268770217896,awake,0.72443063875215,0.733270288031544,0.959228390208104,0.8311659997365588,0.1492379135540317,0.5583550502289792,[[ 6221 33282][ 3889 91496]],6221,33282,3889,91496
4,49,1.1749268770217896,asleep,0.72443063875215,0.6153313550939664,0.15748171024985444,0.25078104529054884,0.1492379135540317,0.5583550502289792,[[ 91496 3889][ 33282 6221]],91496,3889,33282,6221
4,49,1.1749268770217896,avg,0.72443063875215,0.6743008215627553,0.5583550502289792,0.5409735225135538,0.1492379135540317,0.5583550502289792,,,,,
