client,round,loss,class,accuracy,precision,recall,f1_score,cohen_kappa_score,roc_auc_score,confusion_matrix,TP,FP,FN,TN
1,116,0.8604841232299805,awake,0.5829280588339956,0.7186867727115215,0.6740367982387168,0.6956460582978078,0.03541500403609865,0.5184856294562948,[[ 14337 25166][ 31092 64293]],14337,25166,31092,64293
1,116,0.8604841232299805,asleep,0.5829280588339956,0.3155913623456382,0.36293446067387286,0.3376112654829746,0.03541500403609865,0.5184856294562948,[[ 64293 31092][ 25166 14337]],64293,31092,25166,14337
1,116,0.8604841232299805,avg,0.5829280588339956,0.5171390675285799,0.5184856294562948,0.5166286618903912,0.03541500403609865,0.5184856294562948,,,,,
