client,round,loss,class,accuracy,precision,recall,f1_score,cohen_kappa_score,roc_auc_score,confusion_matrix,TP,FP,FN,TN
5,138,0.9291931986808777,awake,0.5876134274360951,0.7516742837610301,0.6224668448917545,0.6809960200488605,0.11227201025075162,0.5629611393281394,[[ 19888 19615][ 36011 59374]],19888,19615,36011,59374
5,138,0.9291931986808777,asleep,0.5876134274360951,0.3557845399738815,0.5034554337645242,0.41693046267373846,0.11227201025075162,0.5629611393281393,[[ 59374 36011][ 19615 19888]],59374,36011,19615,19888
5,138,0.9291931986808777,avg,0.5876134274360951,0.5537294118674558,0.5629611393281393,0.5489632413612995,0.11227201025075162,0.5629611393281393,,,,,
