client,round,loss,class,accuracy,precision,recall,f1_score,cohen_kappa_score,roc_auc_score,confusion_matrix,TP,FP,FN,TN
14,167,1.3887248039245605,awake,0.752387165648538,0.7697791627858392,0.9271164229176495,0.8411535864095954,0.3011322536564618,0.6287988260956878,[[ 13055 26448][ 6952 88433]],13055,26448,6952,88433
14,167,1.3887248039245605,asleep,0.752387165648538,0.6525216174338981,0.33048122927372603,0.4387497899512687,0.3011322536564618,0.6287988260956878,[[ 88433 6952][ 26448 13055]],88433,6952,26448,13055
14,167,1.3887248039245605,avg,0.752387165648538,0.7111503901098687,0.6287988260956878,0.639951688180432,0.3011322536564618,0.6287988260956878,,,,,
