client,round,loss,class,accuracy,precision,recall,f1_score,cohen_kappa_score,roc_auc_score,confusion_matrix,TP,FP,FN,TN
9,12,0.8457388281822205,awake,0.7536993653994425,0.7679304161925451,0.933930911568905,0.842834773805638,0.2980020262527714,0.6262191833494475,[[ 12582 26921][ 6302 89083]],12582,26921,6302,89083
9,12,0.8457388281822205,asleep,0.7536993653994425,0.6662783308621055,0.3185074551299901,0.4309863497011321,0.2980020262527714,0.6262191833494475,[[ 89083 6302][ 26921 12582]],89083,6302,26921,12582
9,12,0.8457388281822205,avg,0.7536993653994425,0.7171043735273253,0.6262191833494475,0.636910561753385,0.2980020262527714,0.6262191833494475,,,,,
