client,round,loss,class,accuracy,precision,recall,f1_score,cohen_kappa_score,roc_auc_score,confusion_matrix,TP,FP,FN,TN
6,58,0.7613606452941895,awake,0.687436984757725,0.8081804706318325,0.7316454369135609,0.7680109168743844,0.2927277635043676,0.6561677555425713,[[ 22939 16564][ 25597 69788]],22939,16564,25597,69788
6,58,0.7613606452941895,asleep,0.687436984757725,0.4726182627328169,0.5806900741715819,0.5211099626301979,0.2927277635043676,0.6561677555425713,[[ 69788 25597][ 16564 22939]],69788,25597,16564,22939
6,58,0.7613606452941895,avg,0.687436984757725,0.6403993666823247,0.6561677555425713,0.6445604397522912,0.2927277635043676,0.6561677555425713,,,,,
