client,round,loss,class,accuracy,precision,recall,f1_score,cohen_kappa_score,roc_auc_score,confusion_matrix,TP,FP,FN,TN
15,143,1.1750545501708984,awake,0.4372219915781982,0.6710889314519671,0.40038790166168686,0.501543068013185,-0.05714524261050857,0.4632752357965423,[[ 20785 18718][ 57194 38191]],20785,18718,57194,38191
15,143,1.1750545501708984,asleep,0.4372219915781982,0.26654612139165673,0.5261625699313977,0.35384143953967423,-0.05714524261050857,0.4632752357965423,[[ 38191 57194][ 18718 20785]],38191,57194,18718,20785
15,143,1.1750545501708984,avg,0.4372219915781982,0.46881752642181196,0.4632752357965423,0.4276922537764296,-0.05714524261050857,0.4632752357965423,,,,,
