client,round,loss,class,accuracy,precision,recall,f1_score,cohen_kappa_score,roc_auc_score,confusion_matrix,TP,FP,FN,TN
8,46,0.7425849437713623,awake,0.6998991756123599,0.7585200252375437,0.8444514336635739,0.7991824423542485,0.21232448591505182,0.5976554310307085,[[ 13860 25643][ 14837 80548]],13860,25643,14837,80548
8,46,0.7425849437713623,asleep,0.6998991756123599,0.4829773147018852,0.3508594283978432,0.40645161290322573,0.21232448591505182,0.5976554310307086,[[ 80548 14837][ 25643 13860]],80548,14837,25643,13860
8,46,0.7425849437713623,avg,0.6998991756123599,0.6207486699697145,0.5976554310307085,0.6028170276287371,0.21232448591505182,0.5976554310307085,,,,,
