client,round,loss,class,accuracy,precision,recall,f1_score,cohen_kappa_score,roc_auc_score,confusion_matrix,TP,FP,FN,TN
4,42,1.1114238500595093,awake,0.7107081430520136,0.7215195843388174,0.9623211196729046,0.8247021616862231,0.08571074889658359,0.5327389209735811,[[ 4075 35428][ 3594 91791]],4075,35428,3594,91791
4,42,1.1114238500595093,asleep,0.7107081430520136,0.5313600208632155,0.10315672227425765,0.17277198337997116,0.08571074889658359,0.532738920973581,[[ 91791 3594][ 35428 4075]],91791,3594,35428,4075
4,42,1.1114238500595093,avg,0.7107081430520136,0.6264398026010165,0.5327389209735811,0.4987370725330971,0.08571074889658359,0.5327389209735811,,,,,
