client,round,loss,class,accuracy,precision,recall,f1_score,cohen_kappa_score,roc_auc_score,confusion_matrix,TP,FP,FN,TN
16,66,0.8956567645072937,awake,0.7309249154854398,0.7561601553694359,0.9143366357393721,0.8277596655324763,0.23753621491981536,0.6011953537910084,[[ 11379 28124][ 8171 87214]],11379,28124,8171,87214
16,66,0.8956567645072937,asleep,0.7309249154854398,0.5820460358056266,0.28805407184264487,0.3853826223900564,0.23753621491981536,0.6011953537910085,[[ 87214 8171][ 28124 11379]],87214,8171,28124,11379
16,66,0.8956567645072937,avg,0.7309249154854398,0.6691030955875312,0.6011953537910084,0.6065711439612663,0.23753621491981536,0.6011953537910084,,,,,
