client,round,loss,class,accuracy,precision,recall,f1_score,cohen_kappa_score,roc_auc_score,confusion_matrix,TP,FP,FN,TN
7,48,0.8411121368408203,awake,0.612359883755412,0.7788836113735489,0.6309377784766997,0.6971480202951603,0.17493608197066113,0.5992194904585104,[[ 22418 17085][ 35203 60182]],22418,17085,35203,60182
7,48,0.8411121368408203,asleep,0.612359883755412,0.3890595442633762,0.567501202440321,0.4616366706478316,0.17493608197066113,0.5992194904585103,[[ 60182 35203][ 17085 22418]],60182,35203,17085,22418
7,48,0.8411121368408203,avg,0.612359883755412,0.5839715778184625,0.5992194904585104,0.579392345471496,0.17493608197066113,0.5992194904585104,,,,,
