client,round,loss,class,accuracy,precision,recall,f1_score,cohen_kappa_score,roc_auc_score,confusion_matrix,TP,FP,FN,TN
10,71,1.0645323991775513,awake,0.47917531581756717,0.8282654127481713,0.3324002725795461,0.47440990536041594,0.11660550230433897,0.5829912660773842,[[ 32929 6574][ 63679 31706]],32929,6574,63679,31706
10,71,1.0645323991775513,asleep,0.47917531581756717,0.34085168930109305,0.8335822595752221,0.483855088861297,0.11660550230433897,0.5829912660773842,[[ 31706 63679][ 6574 32929]],31706,63679,6574,32929
10,71,1.0645323991775513,avg,0.47917531581756717,0.5845585510246322,0.5829912660773842,0.4791324971108565,0.11660550230433897,0.5829912660773842,,,,,
