client,round,loss,class,accuracy,precision,recall,f1_score,cohen_kappa_score,roc_auc_score,confusion_matrix,TP,FP,FN,TN
4,83,1.222774624824524,awake,0.7244232251942352,0.7358501268120345,0.9520574513812444,0.83010658330134,0.16010176180350855,0.5634144938601283,[[ 6904 32599][ 4573 90812]],6904,32599,4573,90812
4,83,1.222774624824524,asleep,0.7244232251942352,0.6015509279428422,0.17477153633901224,0.2708513142408788,0.16010176180350855,0.5634144938601284,[[ 90812 4573][ 32599 6904]],90812,4573,32599,6904
4,83,1.222774624824524,avg,0.7244232251942352,0.6687005273774383,0.5634144938601283,0.5504789487711095,0.16010176180350855,0.5634144938601284,,,,,
