client,round,loss,class,accuracy,precision,recall,f1_score,cohen_kappa_score,roc_auc_score,confusion_matrix,TP,FP,FN,TN
8,126,0.8103160858154297,awake,0.6971413320680862,0.769009165441648,0.8171725114011638,0.7923596145244581,0.23488875945855603,0.6122416742763863,[[ 16090 23413][ 17439 77946]],16090,23413,17439,77946
8,126,0.8103160858154297,asleep,0.6971413320680862,0.4798830862835158,0.40731083715160876,0.44062876547266955,0.23488875945855603,0.6122416742763861,[[ 77946 17439][ 23413 16090]],77946,17439,23413,16090
8,126,0.8103160858154297,avg,0.6971413320680862,0.6244461258625819,0.6122416742763863,0.6164941899985639,0.23488875945855603,0.6122416742763862,,,,,
