client,round,loss,class,accuracy,precision,recall,f1_score,cohen_kappa_score,roc_auc_score,confusion_matrix,TP,FP,FN,TN
8,9,0.6641324162483215,awake,0.6935605835952791,0.7840909090909091,0.7819782984746029,0.7830331788381895,0.2615446661054628,0.6310215518396354,[[ 18964 20539][ 20796 74589]],18964,20539,20796,74589
8,9,0.6641324162483215,asleep,0.6935605835952791,0.47696177062374245,0.480064805204668,0.47850825732056573,0.2615446661054628,0.6310215518396354,[[ 74589 20796][ 20539 18964]],74589,20796,20539,18964
8,9,0.6641324162483215,avg,0.6935605835952791,0.6305263398573258,0.6310215518396354,0.6307707180793776,0.2615446661054628,0.6310215518396354,,,,,
