client,round,loss,class,accuracy,precision,recall,f1_score,cohen_kappa_score,roc_auc_score,confusion_matrix,TP,FP,FN,TN
12,6,0.9362305402755737,awake,0.6964370440661882,0.7343959904929214,0.8940713948734078,0.8064054011886019,0.13388502637596789,0.5566476256446882,[[ 8660 30843][ 10104 85281]],8660,30843,10104,85281
12,6,0.9362305402755737,asleep,0.6964370440661882,0.46152206352590064,0.21922385641596842,0.29725230404860387,0.13388502637596789,0.5566476256446881,[[ 85281 10104][ 30843 8660]],85281,10104,30843,8660
12,6,0.9362305402755737,avg,0.6964370440661882,0.5979590270094111,0.5566476256446882,0.5518288526186029,0.13388502637596789,0.5566476256446882,,,,,
