client,round,loss,class,accuracy,precision,recall,f1_score,cohen_kappa_score,roc_auc_score,confusion_matrix,TP,FP,FN,TN
16,37,0.8238723874092102,awake,0.7231777474645632,0.7704219971487938,0.8668448917544688,0.8157941472462853,0.2667324624087105,0.6215600556790216,[[ 14864 24639][ 12701 82684]],14864,24639,12701,82684
16,37,0.8238723874092102,asleep,0.7231777474645632,0.5392345365499728,0.3762752196035744,0.44325162521619843,0.2667324624087105,0.6215600556790216,[[ 82684 12701][ 24639 14864]],82684,12701,24639,14864
16,37,0.8238723874092102,avg,0.7231777474645632,0.6548282668493832,0.6215600556790216,0.6295228862312419,0.2667324624087105,0.6215600556790216,,,,,
