client,round,loss,class,accuracy,precision,recall,f1_score,cohen_kappa_score,roc_auc_score,confusion_matrix,TP,FP,FN,TN
4,5,0.805705189704895,awake,0.7115681157701204,0.7428473147869459,0.905614090265765,0.8161950205508575,0.17589377668404682,0.5743168038853823,[[ 9600 29903][ 9003 86382]],9600,29903,9003,86382
4,5,0.805705189704895,asleep,0.7115681157701204,0.516045799064667,0.24301951750499962,0.33043059236567657,0.17589377668404682,0.5743168038853823,[[ 86382 9003][ 29903 9600]],86382,9003,29903,9600
4,5,0.805705189704895,avg,0.7115681157701204,0.6294465569258064,0.5743168038853823,0.573312806458267,0.17589377668404682,0.5743168038853823,,,,,
