client,round,loss,class,accuracy,precision,recall,f1_score,cohen_kappa_score,roc_auc_score,confusion_matrix,TP,FP,FN,TN
1,195,0.8880078196525574,awake,0.6249110373050234,0.7216405059282278,0.7644388530691408,0.7424233939326059,0.054738501960094554,0.5262211479228194,[[ 11377 28126][ 22469 72916]],11377,28126,22469,72916
1,195,0.8880078196525574,asleep,0.6249110373050234,0.336140164273474,0.288003442776498,0.3102155448608706,0.054738501960094554,0.5262211479228194,[[ 72916 22469][ 28126 11377]],72916,22469,28126,11377
1,195,0.8880078196525574,avg,0.6249110373050234,0.5288903351008509,0.5262211479228194,0.5263194693967382,0.054738501960094554,0.5262211479228194,,,,,
