client,round,loss,class,accuracy,precision,recall,f1_score,cohen_kappa_score,roc_auc_score,confusion_matrix,TP,FP,FN,TN
6,176,0.8598260283470154,awake,0.6679319138841112,0.7925973049563356,0.7183938774440426,0.7536735591728992,0.24805313104156967,0.6322394924521177,[[ 21572 17931][ 26861 68524]],21572,17931,26861,68524
6,176,0.8598260283470154,asleep,0.6679319138841112,0.4453987983399748,0.5460851074601929,0.49062954876273657,0.24805313104156967,0.6322394924521177,[[ 68524 26861][ 17931 21572]],68524,26861,17931,21572
6,176,0.8598260283470154,avg,0.6679319138841112,0.6189980516481552,0.6322394924521177,0.622151553967818,0.24805313104156967,0.6322394924521177,,,,,
