client,round,loss,class,accuracy,precision,recall,f1_score,cohen_kappa_score,roc_auc_score,confusion_matrix,TP,FP,FN,TN
11,118,0.721848726272583,awake,0.6900391435857897,0.8036270898271465,0.7433034544215548,0.7722890910081149,0.28936561369458025,0.6523645844621253,[[ 22178 17325][ 24485 70900]],22178,17325,24485,70900
11,118,0.721848726272583,asleep,0.6900391435857897,0.475280200587189,0.561425714502696,0.5147738086948448,0.28936561369458025,0.6523645844621253,[[ 70900 24485][ 17325 22178]],70900,24485,17325,22178
11,118,0.721848726272583,avg,0.6900391435857897,0.6394536452071677,0.6523645844621253,0.6435314498514799,0.28936561369458025,0.6523645844621253,,,,,
