client,round,loss,class,accuracy,precision,recall,f1_score,cohen_kappa_score,roc_auc_score,confusion_matrix,TP,FP,FN,TN
15,128,1.1807849407196045,awake,0.4430861158887373,0.6782108558764555,0.40424595062116686,0.5065587661505921,-0.04579798799605972,0.4705582840213143,[[ 21208 18295][ 56826 38559]],21208,18295,56826,38559
15,128,1.1807849407196045,asleep,0.4430861158887373,0.2717789681420919,0.5368706174214617,0.36087359725022755,-0.04579798799605972,0.4705582840213143,[[ 38559 56826][ 18295 21208]],38559,56826,18295,21208
15,128,1.1807849407196045,avg,0.4430861158887373,0.4749949120092737,0.4705582840213143,0.4337161817004098,-0.04579798799605972,0.4705582840213143,,,,,
