client,round,loss,class,accuracy,precision,recall,f1_score,cohen_kappa_score,roc_auc_score,confusion_matrix,TP,FP,FN,TN
5,64,0.8747319579124451,awake,0.5804148627009075,0.7529806162114215,0.6051790113749541,0.6710375653164542,0.110461486563321,0.5628988492816345,[[ 20566 18937][ 37660 57725]],20566,18937,37660,57725
5,64,0.8747319579124451,asleep,0.5804148627009075,0.3532099062274585,0.5206186871883148,0.4208781426188747,0.110461486563321,0.5628988492816345,[[ 57725 37660][ 18937 20566]],57725,37660,18937,20566
5,64,0.8747319579124451,avg,0.5804148627009075,0.55309526121944,0.5628988492816345,0.5459578539676644,0.110461486563321,0.5628988492816345,,,,,
