client,round,loss,class,accuracy,precision,recall,f1_score,cohen_kappa_score,roc_auc_score,confusion_matrix,TP,FP,FN,TN
10,139,1.2549864053726196,awake,0.4659347013818872,0.8513212544392945,0.2965455784452482,0.4398690625218683,0.11738528344584132,0.5857458925312335,[[ 34563 4940][ 67099 28286]],34563,4940,67099,28286
10,139,1.2549864053726196,asleep,0.4659347013818872,0.33997954004446107,0.8749462066172189,0.48968228668579317,0.11738528344584132,0.5857458925312335,[[ 28286 67099][ 4940 34563]],28286,67099,4940,34563
10,139,1.2549864053726196,avg,0.4659347013818872,0.5956503972418778,0.5857458925312335,0.46477567460383074,0.11738528344584132,0.5857458925312335,,,,,
