client,round,loss,class,accuracy,precision,recall,f1_score,cohen_kappa_score,roc_auc_score,confusion_matrix,TP,FP,FN,TN
13,159,1.2272562980651855,awake,0.6060954273174782,0.8022836538461539,0.5878282748859883,0.678513731825525,0.20018351321790628,0.6190160284386147,[[ 25685 13818][ 39315 56070]],25685,13818,39315,56070
13,159,1.2272562980651855,asleep,0.6060954273174782,0.39515384615384613,0.6502037819912412,0.4915648354592691,0.20018351321790628,0.6190160284386148,[[ 56070 39315][ 13818 25685]],56070,39315,13818,25685
13,159,1.2272562980651855,avg,0.6060954273174782,0.59871875,0.6190160284386148,0.585039283642397,0.20018351321790628,0.6190160284386148,,,,,
