client,round,loss,class,accuracy,precision,recall,f1_score,cohen_kappa_score,roc_auc_score,confusion_matrix,TP,FP,FN,TN
18,47,1.0014241933822632,awake,0.7158828064764842,0.7180147480227715,0.985091995596792,0.8306121546961326,0.06912046101935576,0.5254675480604014,[[ 2601 36902][ 1422 93963]],2601,36902,1422,93963
18,47,1.0014241933822632,asleep,0.7158828064764842,0.6465324384787472,0.06584310052401084,0.11951477277948812,0.06912046101935576,0.5254675480604014,[[ 93963 1422][ 36902 2601]],93963,1422,36902,2601
18,47,1.0014241933822632,avg,0.7158828064764842,0.6822735932507593,0.5254675480604014,0.47506346373781033,0.06912046101935576,0.5254675480604014,,,,,
