client,round,loss,class,accuracy,precision,recall,f1_score,cohen_kappa_score,roc_auc_score,confusion_matrix,TP,FP,FN,TN
11,87,0.6675196290016174,awake,0.7144816440306032,0.7951323300467047,0.8031766000943544,0.799134221712259,0.3056804242811604,0.6517465158788862,[[ 19764 19739][ 18774 76611]],19764,19739,18774,76611
11,87,0.6675196290016174,asleep,0.7144816440306032,0.5128444652031761,0.500316431663418,0.5065029920170168,0.3056804242811604,0.6517465158788863,[[ 76611 18774][ 19739 19764]],76611,18774,19739,19764
11,87,0.6675196290016174,avg,0.7144816440306032,0.6539883976249403,0.6517465158788862,0.6528186068646379,0.3056804242811604,0.6517465158788862,,,,,
