client,round,loss,class,accuracy,precision,recall,f1_score,cohen_kappa_score,roc_auc_score,confusion_matrix,TP,FP,FN,TN
15,4,1.0686343908309937,awake,0.34159450803629676,0.6033063046074549,0.20124757561461445,0.3018167810507614,-0.08038244954026896,0.4408637695808434,[[ 26881 12622][ 76189 19196]],26881,12622,76189,19196
15,4,1.0686343908309937,asleep,0.34159450803629676,0.2608033375375958,0.6804799635470724,0.3770840201160108,-0.08038244954026896,0.4408637695808434,[[ 19196 76189][ 12622 26881]],19196,76189,12622,26881
15,4,1.0686343908309937,avg,0.34159450803629676,0.43205482107252535,0.44086376958084345,0.33945040058338605,-0.08038244954026896,0.4408637695808434,,,,,
