client,round,loss,class,accuracy,precision,recall,f1_score,cohen_kappa_score,roc_auc_score,confusion_matrix,TP,FP,FN,TN
4,120,1.636395812034607,awake,0.7152304133799893,0.7208272932348313,0.9748492949625203,0.828811323445522,0.0841795905370577,0.5315985076944084,[[ 3490 36013][ 2399 92986]],3490,36013,2399,92986
4,120,1.636395812034607,asleep,0.7152304133799893,0.5926303277296655,0.08834772042629674,0.15377158970743746,0.0841795905370577,0.5315985076944085,[[ 92986 2399][ 36013 3490]],92986,2399,36013,3490
4,120,1.636395812034607,avg,0.7152304133799893,0.6567288104822484,0.5315985076944085,0.4912914565764797,0.0841795905370577,0.5315985076944085,,,,,
