client,round,loss,class,accuracy,precision,recall,f1_score,cohen_kappa_score,roc_auc_score,confusion_matrix,TP,FP,FN,TN
2,5,0.6323595643043518,awake,0.7120055156870886,0.7902897866135425,0.806835456308644,0.7984769177296944,0.2942189915571035,0.644931030941452,[[ 19081 20422][ 18425 76960]],19081,20422,18425,76960
2,5,0.6323595643043518,asleep,0.7120055156870886,0.5087452674238788,0.4830266055742602,0.4955524678933631,0.2942189915571035,0.6449310309414521,[[ 76960 18425][ 20422 19081]],76960,18425,20422,19081
2,5,0.6323595643043518,avg,0.7120055156870886,0.6495175270187107,0.6449310309414521,0.6470146928115288,0.2942189915571035,0.644931030941452,,,,,
