client,round,loss,class,accuracy,precision,recall,f1_score,cohen_kappa_score,roc_auc_score,confusion_matrix,TP,FP,FN,TN
9,82,0.9273902177810669,awake,0.750570843959433,0.7586596953396009,0.9492373014624941,0.8433155902035571,0.2676605282906894,0.6100514026741375,[[ 10700 28803][ 4842 90543]],10700,28803,4842,90543
9,82,0.9273902177810669,asleep,0.750570843959433,0.6884570840303693,0.27086550388578085,0.38877282223635207,0.2676605282906894,0.6100514026741375,[[ 90543 4842][ 28803 10700]],90543,4842,28803,10700
9,82,0.9273902177810669,avg,0.750570843959433,0.7235583896849851,0.6100514026741375,0.6160442062199546,0.2676605282906894,0.6100514026741375,,,,,
