client,round,loss,class,accuracy,precision,recall,f1_score,cohen_kappa_score,roc_auc_score,confusion_matrix,TP,FP,FN,TN
1,167,0.9014361500740051,awake,0.5506271869995848,0.7230333042541182,0.5908581013786235,0.6502974044180855,0.039265552209164944,0.5221713234280911,[[ 17914 21589][ 39026 56359]],17914,21589,39026,56359
1,167,0.9014361500740051,asleep,0.5506271869995848,0.31461187214611874,0.4534845454775587,0.37149404311354894,0.039265552209164944,0.522171323428091,[[ 56359 39026][ 21589 17914]],56359,39026,21589,17914
1,167,0.9014361500740051,avg,0.5506271869995848,0.5188225882001185,0.5221713234280911,0.5108957237658172,0.039265552209164944,0.5221713234280911,,,,,
