client,round,loss,class,accuracy,precision,recall,f1_score,cohen_kappa_score,roc_auc_score,confusion_matrix,TP,FP,FN,TN
15,176,1.1098508834838867,awake,0.47449736077338234,0.686987712737541,0.47185616187031504,0.559453076444997,-0.038697585430311765,0.47636551606666655,[[ 18996 20507][ 50377 45008]],18996,20507,50377,45008
15,176,1.1098508834838867,asleep,0.47449736077338234,0.27382411024461967,0.480874870263018,0.34894742643006726,-0.038697585430311765,0.47636551606666655,[[ 45008 50377][ 20507 18996]],45008,50377,20507,18996
15,176,1.1098508834838867,avg,0.47449736077338234,0.48040591149108036,0.47636551606666655,0.4542002514375321,-0.038697585430311765,0.47636551606666655,,,,,
