client,round,loss,class,accuracy,precision,recall,f1_score,cohen_kappa_score,roc_auc_score,confusion_matrix,TP,FP,FN,TN
7,166,1.098249077796936,awake,0.553659332186703,0.7591760354811616,0.5401583058132831,0.6312081934677676,0.10499313387051046,0.5632087886305106,[[ 23159 16344][ 43862 51523]],23159,16344,43862,51523
7,166,1.098249077796936,asleep,0.553659332186703,0.3455484101997881,0.5862592714477382,0.4348128121362322,0.10499313387051046,0.5632087886305106,[[ 51523 43862][ 16344 23159]],51523,43862,16344,23159
7,166,1.098249077796936,avg,0.553659332186703,0.5523622228404749,0.5632087886305106,0.5330105028019999,0.10499313387051046,0.5632087886305106,,,,,
