client,round,loss,class,accuracy,precision,recall,f1_score,cohen_kappa_score,roc_auc_score,confusion_matrix,TP,FP,FN,TN
16,73,0.8947426080703735,awake,0.7260245537038136,0.7564497581615007,0.9034334538973633,0.8234338569735886,0.23312098096464362,0.6005408668874205,[[ 11758 27745][ 9211 86174]],11758,27745,9211,86174
16,73,0.8947426080703735,asleep,0.7260245537038136,0.5607325098955601,0.29764827987747766,0.3888741897076333,0.23312098096464362,0.6005408668874205,[[ 86174 9211][ 27745 11758]],86174,9211,27745,11758
16,73,0.8947426080703735,avg,0.7260245537038136,0.6585911340285304,0.6005408668874205,0.606154023340611,0.23312098096464362,0.6005408668874205,,,,,
