client,round,loss,class,accuracy,precision,recall,f1_score,cohen_kappa_score,roc_auc_score,confusion_matrix,TP,FP,FN,TN
18,73,1.1704312562942505,awake,0.711657078465097,0.714724462723216,0.9856581223462808,0.828606430233378,0.048785544390410274,0.5178524771162333,[[ 1977 37526][ 1368 94017]],1977,37526,1368,94017
18,73,1.1704312562942505,asleep,0.711657078465097,0.5910313901345291,0.05004683188618586,0.09227968633308439,0.048785544390410274,0.5178524771162333,[[ 94017 1368][ 37526 1977]],94017,1368,37526,1977
18,73,1.1704312562942505,avg,0.711657078465097,0.6528779264288725,0.5178524771162334,0.4604430582832312,0.048785544390410274,0.5178524771162333,,,,,
