client,round,loss,class,accuracy,precision,recall,f1_score,cohen_kappa_score,roc_auc_score,confusion_matrix,TP,FP,FN,TN
13,2,0.6955301761627197,awake,0.719834232845027,0.7343238888798477,0.9461026366829166,0.8268683657154376,0.15022797464516124,0.5597915659175918,[[ 6853 32650][ 5141 90244]],6853,32650,5141,90244
13,2,0.6955301761627197,asleep,0.719834232845027,0.5713690178422545,0.1734804951522669,0.2661514262966775,0.15022797464516124,0.5597915659175917,[[ 90244 5141][ 32650 6853]],90244,5141,32650,6853
13,2,0.6955301761627197,avg,0.719834232845027,0.6528464533610511,0.5597915659175917,0.5465098960060576,0.15022797464516124,0.5597915659175918,,,,,
