client,round,loss,class,accuracy,precision,recall,f1_score,cohen_kappa_score,roc_auc_score,confusion_matrix,TP,FP,FN,TN
9,50,0.8427057862281799,awake,0.752854219797165,0.764682796983244,0.9396655658646538,0.8431915784324331,0.28806481407384543,0.6207200573165509,[[ 11921 27582][ 5755 89630]],11921,27582,5755,89630
9,50,0.8427057862281799,asleep,0.752854219797165,0.6744172889794071,0.30177454876844795,0.4169712656744609,0.28806481407384543,0.6207200573165509,[[ 89630 5755][ 27582 11921]],89630,5755,27582,11921
9,50,0.8427057862281799,avg,0.752854219797165,0.7195500429813255,0.6207200573165509,0.630081422053447,0.28806481407384543,0.6207200573165509,,,,,
