client,round,loss,class,accuracy,precision,recall,f1_score,cohen_kappa_score,roc_auc_score,confusion_matrix,TP,FP,FN,TN
8,60,0.6969757080078125,awake,0.6938867801435264,0.7662263519499183,0.8161031608743513,0.7903786698074414,0.2252541335708692,0.6074415001901058,[[ 15753 23750][ 17541 77844]],15753,23750,17541,77844
8,60,0.6969757080078125,asleep,0.6938867801435264,0.47314831501171384,0.3987798395058603,0.43279256013297257,0.2252541335708692,0.6074415001901058,[[ 77844 17541][ 23750 15753]],77844,17541,23750,15753
8,60,0.6969757080078125,avg,0.6938867801435264,0.6196873334808161,0.6074415001901058,0.611585614970207,0.2252541335708692,0.6074415001901058,,,,,
