client,round,loss,class,accuracy,precision,recall,f1_score,cohen_kappa_score,roc_auc_score,confusion_matrix,TP,FP,FN,TN
9,160,1.0593959093093872,awake,0.7526243995018089,0.7681677058920185,0.931215599937097,0.8418698108200326,0.29723284101041425,0.6263044559187295,[[ 12696 26807][ 6561 88824]],12696,26807,6561,88824
9,160,1.0593959093093872,asleep,0.7526243995018089,0.6592927247234772,0.321393311900362,0.43213070115724983,0.29723284101041425,0.6263044559187295,[[ 88824 6561][ 26807 12696]],88824,6561,26807,12696
9,160,1.0593959093093872,avg,0.7526243995018089,0.7137302153077478,0.6263044559187295,0.6370002559886412,0.29723284101041425,0.6263044559187295,,,,,
