client,round,loss,class,accuracy,precision,recall,f1_score,cohen_kappa_score,roc_auc_score,confusion_matrix,TP,FP,FN,TN
1,145,0.8703783750534058,awake,0.5737500741355791,0.727280361834607,0.6355401792734706,0.6783224608085577,0.05516803742870735,0.5300451067240451,[[ 16771 22732][ 34764 60621]],16771,22732,34764,60621
1,145,0.8703783750534058,asleep,0.5737500741355791,0.3254293198796934,0.4245500341746197,0.36843955271425116,0.05516803742870735,0.5300451067240451,[[ 60621 34764][ 22732 16771]],60621,34764,22732,16771
1,145,0.8703783750534058,avg,0.5737500741355791,0.5263548408571502,0.5300451067240451,0.5233810067614044,0.05516803742870735,0.5300451067240451,,,,,
