client,round,loss,class,accuracy,precision,recall,f1_score,cohen_kappa_score,roc_auc_score,confusion_matrix,TP,FP,FN,TN
16,131,0.9992678165435791,awake,0.7321926338888559,0.7787100354613264,0.8679247261099754,0.8209005542940435,0.29639323777886906,0.6361875105121428,[[ 15977 23526][ 12598 82787]],15977,23526,12598,82787
16,131,0.9992678165435791,asleep,0.7321926338888559,0.5591251093613299,0.4044502949143103,0.46937336584506006,0.29639323777886906,0.6361875105121428,[[ 82787 12598][ 23526 15977]],82787,12598,23526,15977
16,131,0.9992678165435791,avg,0.7321926338888559,0.6689175724113281,0.6361875105121428,0.6451369600695518,0.29639323777886906,0.6361875105121428,,,,,
