client,round,loss,class,accuracy,precision,recall,f1_score,cohen_kappa_score,roc_auc_score,confusion_matrix,TP,FP,FN,TN
13,186,1.098565936088562,awake,0.6444531759682106,0.8055720213396562,0.6553860669916654,0.7227595137206841,0.24158345612449839,0.6367201959898204,[[ 24415 15088][ 32871 62514]],24415,15088,32871,62514
13,186,1.098565936088562,asleep,0.6444531759682106,0.4261948818210383,0.6180543249879756,0.5044994782464951,0.24158345612449839,0.6367201959898205,[[ 62514 32871][ 15088 24415]],62514,32871,15088,24415
13,186,1.098565936088562,avg,0.6444531759682106,0.6158834515803473,0.6367201959898205,0.6136294959835896,0.24158345612449839,0.6367201959898205,,,,,
