client,round,loss,class,accuracy,precision,recall,f1_score,cohen_kappa_score,roc_auc_score,confusion_matrix,TP,FP,FN,TN
9,72,0.9641181826591492,awake,0.7455518652511713,0.7546817260449946,0.9484929496252031,0.8405600512853865,0.2493028236580258,0.6020089232342405,[[ 10094 29409][ 4913 90472]],10094,29409,4913,90472
9,72,0.9641181826591492,asleep,0.7455518652511713,0.6726194442593456,0.2555248968432777,0.3703540634745918,0.2493028236580258,0.6020089232342405,[[ 90472 4913][ 29409 10094]],90472,4913,29409,10094
9,72,0.9641181826591492,avg,0.7455518652511713,0.7136505851521702,0.6020089232342405,0.6054570573799891,0.2493028236580258,0.6020089232342405,,,,,
