client,round,loss,class,accuracy,precision,recall,f1_score,cohen_kappa_score,roc_auc_score,confusion_matrix,TP,FP,FN,TN
5,142,0.9417684674263,awake,0.5960352292272107,0.7704659991269956,0.6106620537820412,0.6813189383926169,0.14945335755924283,0.5856894806793405,[[ 22150 17353][ 37137 58248]],22150,17353,37137,58248
5,142,0.9417684674263,asleep,0.5960352292272107,0.37360635552481997,0.5607169075766397,0.44842595404393154,0.14945335755924283,0.5856894806793405,[[ 58248 37137][ 17353 22150]],58248,37137,17353,22150
5,142,0.9417684674263,avg,0.5960352292272107,0.5720361773259078,0.5856894806793405,0.5648724462182743,0.14945335755924283,0.5856894806793405,,,,,
