client,round,loss,class,accuracy,precision,recall,f1_score,cohen_kappa_score,roc_auc_score,confusion_matrix,TP,FP,FN,TN
14,41,0.861015796661377,awake,0.7535955755886365,0.7688387867042722,0.9316664045709493,0.8424570201591688,0.3002665885648277,0.6276436976908869,[[ 12784 26719][ 6518 88867]],12784,26719,6518,88867
14,41,0.861015796661377,asleep,0.7535955755886365,0.6623147860325355,0.3236209908108245,0.4347929597823314,0.3002665885648277,0.6276436976908869,[[ 88867 6518][ 26719 12784]],88867,6518,26719,12784
14,41,0.861015796661377,avg,0.7535955755886365,0.7155767863684038,0.6276436976908869,0.6386249899707501,0.3002665885648277,0.6276436976908869,,,,,
