client,round,loss,class,accuracy,precision,recall,f1_score,cohen_kappa_score,roc_auc_score,confusion_matrix,TP,FP,FN,TN
14,79,1.1425870656967163,awake,0.7425271336219679,0.7592692330708796,0.9311107616501546,0.8364554196215824,0.2598813059837175,0.6091394124176146,[[ 11344 28159][ 6571 88814]],11344,28159,6571,88814
14,79,1.1425870656967163,asleep,0.7425271336219679,0.6332123918504047,0.28716806318507454,0.3951374133546971,0.2598813059837175,0.6091394124176146,[[ 88814 6571][ 28159 11344]],88814,6571,28159,11344
14,79,1.1425870656967163,avg,0.7425271336219679,0.6962408124606421,0.6091394124176146,0.6157964164881398,0.2598813059837175,0.6091394124176146,,,,,
