client,round,loss,class,accuracy,precision,recall,f1_score,cohen_kappa_score,roc_auc_score,confusion_matrix,TP,FP,FN,TN
17,125,0.7341208457946777,awake,0.7317181661823142,0.7487164404856939,0.9341196204854013,0.8312048136573533,0.21472262388331353,0.5885569117286638,[[ 9599 29904][ 6284 89101]],9599,29904,6284,89101
17,125,0.7341208457946777,asleep,0.7317181661823142,0.6043568595353522,0.24299420297192617,0.34662189000830534,0.21472262388331353,0.5885569117286636,[[ 89101 6284][ 29904 9599]],89101,6284,29904,9599
17,125,0.7341208457946777,avg,0.7317181661823142,0.676536650010523,0.5885569117286638,0.5889133518328293,0.21472262388331353,0.5885569117286638,,,,,
