client,round,loss,class,accuracy,precision,recall,f1_score,cohen_kappa_score,roc_auc_score,confusion_matrix,TP,FP,FN,TN
0,119,0.8532247543334961,awake,0.7302799359468596,0.759588902478728,0.9050165120301934,0.825950093765548,0.24679339391090638,0.6066864196988675,[[ 12181 27322][ 9060 86325]],12181,27322,9060,86325
0,119,0.8532247543334961,asleep,0.7302799359468596,0.5734664093027635,0.3083563273675417,0.40106018701435536,0.24679339391090638,0.6066864196988676,[[ 86325 9060][ 27322 12181]],86325,9060,27322,12181
0,119,0.8532247543334961,avg,0.7302799359468596,0.6665276558907458,0.6066864196988675,0.6135051403899516,0.24679339391090638,0.6066864196988675,,,,,
