client,round,loss,class,accuracy,precision,recall,f1_score,cohen_kappa_score,roc_auc_score,confusion_matrix,TP,FP,FN,TN
4,155,1.3346664905548096,awake,0.7244825336575529,0.7364765517745591,0.9504743932484143,0.8299021447598474,0.16271218297882395,0.5646354701730516,[[ 7063 32440][ 4724 90661]],7063,32440,4724,90661
4,155,1.3346664905548096,asleep,0.7244825336575529,0.5992194790871299,0.17879654709768877,0.2754143107818288,0.16271218297882395,0.5646354701730515,[[ 90661 4724][ 32440 7063]],90661,4724,32440,7063
4,155,1.3346664905548096,avg,0.7244825336575529,0.6678480154308445,0.5646354701730516,0.5526582277708381,0.16271218297882395,0.5646354701730516,,,,,
