client,round,loss,class,accuracy,precision,recall,f1_score,cohen_kappa_score,roc_auc_score,confusion_matrix,TP,FP,FN,TN
0,136,0.8570758104324341,awake,0.7290048039855287,0.7463795428466132,0.9342244587723436,0.8298040749431966,0.20401829471634303,0.5838501986543286,[[ 9223 30280][ 6274 89111]],9223,30280,6274,89111
0,136,0.8570758104324341,asleep,0.7290048039855287,0.5951474478931406,0.2334759385363137,0.33538181818181817,0.20401829471634303,0.5838501986543286,[[ 89111 6274][ 30280 9223]],89111,6274,30280,9223
0,136,0.8570758104324341,avg,0.7290048039855287,0.6707634953698769,0.5838501986543286,0.5825929465625074,0.20401829471634303,0.5838501986543286,,,,,
