client,round,loss,class,accuracy,precision,recall,f1_score,cohen_kappa_score,roc_auc_score,confusion_matrix,TP,FP,FN,TN
6,125,1.008839726448059,awake,0.6496278393926813,0.7995021160069704,0.6733972846883682,0.7310513586569924,0.2389703087075008,0.6328153929707188,[[ 23395 16108][ 31153 64232]],23395,16108,31153,64232
6,125,1.008839726448059,asleep,0.6496278393926813,0.42888831854513454,0.5922335012530694,0.497496039382888,0.2389703087075008,0.632815392970719,[[ 64232 31153][ 16108 23395]],64232,31153,16108,23395
6,125,1.008839726448059,avg,0.6496278393926813,0.6141952172760525,0.6328153929707188,0.6142736990199402,0.2389703087075008,0.6328153929707189,,,,,
