client,round,loss,class,accuracy,precision,recall,f1_score,cohen_kappa_score,roc_auc_score,confusion_matrix,TP,FP,FN,TN
14,123,1.2500852346420288,awake,0.7412149338710634,0.7599594229810354,0.9267704565707396,0.8351164581237275,0.26036037344170815,0.6099690320471094,[[ 11581 27922][ 6985 88400]],11581,27922,6985,88400
14,123,1.2500852346420288,asleep,0.7412149338710634,0.6237746418183777,0.29316760752347926,0.3988703094594362,0.26036037344170815,0.6099690320471095,[[ 88400 6985][ 27922 11581]],88400,6985,27922,11581
14,123,1.2500852346420288,avg,0.7412149338710634,0.6918670323997065,0.6099690320471094,0.6169933837915819,0.26036037344170815,0.6099690320471094,,,,,
