client,round,loss,class,accuracy,precision,recall,f1_score,cohen_kappa_score,roc_auc_score,confusion_matrix,TP,FP,FN,TN
0,28,0.7415797114372253,awake,0.7411926931973193,0.7680985946712772,0.9082140797819364,0.8323005236105107,0.28257190916752384,0.6230562336230898,[[ 13348 26155][ 8755 86630]],13348,26155,8755,86630
0,28,0.7415797114372253,asleep,0.7411926931973193,0.6038999230873637,0.3378983874642432,0.4333344154790118,0.28257190916752384,0.6230562336230898,[[ 86630 8755][ 26155 13348]],86630,8755,26155,13348
0,28,0.7415797114372253,avg,0.7411926931973193,0.6859992588793205,0.6230562336230898,0.6328174695447613,0.28257190916752384,0.6230562336230898,,,,,
