client,round,loss,class,accuracy,precision,recall,f1_score,cohen_kappa_score,roc_auc_score,confusion_matrix,TP,FP,FN,TN
15,131,1.2436695098876953,awake,0.43847488286578495,0.6733260386149448,0.3999790323426115,0.50184482429775,-0.05329080387100271,0.4657035125766421,[[ 20993 18510][ 57233 38152]],20993,18510,57233,38152
15,131,1.2436695098876953,asleep,0.43847488286578495,0.26836345971927494,0.5314279928106727,0.35663260539034564,-0.05329080387100271,0.4657035125766421,[[ 38152 57233][ 18510 20993]],38152,57233,18510,20993
15,131,1.2436695098876953,avg,0.43847488286578495,0.47084474916710983,0.4657035125766421,0.42923871484404785,-0.05329080387100271,0.4657035125766421,,,,,
