client,round,loss,class,accuracy,precision,recall,f1_score,cohen_kappa_score,roc_auc_score,confusion_matrix,TP,FP,FN,TN
6,133,1.0240478515625,awake,0.6470182670067018,0.8121455267766132,0.6515385018608796,0.7230304757805092,0.25234511678327476,0.643821044465108,[[ 25128 14375][ 33238 62147]],25128,14375,33238,62147
6,133,1.0240478515625,asleep,0.6470182670067018,0.43052462049823526,0.6361035870693365,0.5135027434632008,0.25234511678327476,0.643821044465108,[[ 62147 33238][ 14375 25128]],62147,33238,14375,25128
6,133,1.0240478515625,avg,0.6470182670067018,0.6213350736374242,0.643821044465108,0.618266609621855,0.25234511678327476,0.643821044465108,,,,,
