client,round,loss,class,accuracy,precision,recall,f1_score,cohen_kappa_score,roc_auc_score,confusion_matrix,TP,FP,FN,TN
10,154,1.1373645067214966,awake,0.49726439712947035,0.8204258088508739,0.37005818524925305,0.5100535369809767,0.12567976125040525,0.5872390513619375,[[ 31777 7726][ 60087 35298]],31777,7726,60087,35298
10,154,1.1373645067214966,asleep,0.49726439712947035,0.3459135243403292,0.8044199174746222,0.48378968843012327,0.12567976125040525,0.5872390513619377,[[ 35298 60087][ 7726 31777]],35298,60087,7726,31777
10,154,1.1373645067214966,avg,0.49726439712947035,0.5831696665956015,0.5872390513619377,0.49692161270554996,0.12567976125040525,0.5872390513619377,,,,,
