client,round,loss,class,accuracy,precision,recall,f1_score,cohen_kappa_score,roc_auc_score,confusion_matrix,TP,FP,FN,TN
8,68,0.7116033434867859,awake,0.6963184271395528,0.77348838144247,0.8068249724799497,0.7898050605241148,0.24374168719976308,0.6181556703019448,[[ 16966 22537][ 18426 76959]],16966,22537,18426,76959
8,68,0.7116033434867859,asleep,0.6963184271395528,0.479373869801085,0.42948636812394,0.4530609519994659,0.24374168719976308,0.6181556703019447,[[ 76959 18426][ 22537 16966]],76959,18426,22537,16966
8,68,0.7116033434867859,avg,0.6963184271395528,0.6264311256217775,0.6181556703019448,0.6214330062617903,0.24374168719976308,0.6181556703019448,,,,,
