client,round,loss,class,accuracy,precision,recall,f1_score,cohen_kappa_score,roc_auc_score,confusion_matrix,TP,FP,FN,TN
6,117,0.991504967212677,awake,0.6774954035940929,0.8101084240852091,0.7104681029511978,0.7570236486109093,0.28366846465457807,0.6541733725398219,[[ 23618 15885][ 27617 67768]],23618,15885,27617,67768
6,117,0.991504967212677,asleep,0.6774954035940929,0.4609739435932468,0.597878642128446,0.5205757235116489,0.28366846465457807,0.654173372539822,[[ 67768 27617][ 15885 23618]],67768,27617,15885,23618
6,117,0.991504967212677,avg,0.6774954035940929,0.635541183839228,0.6541733725398219,0.6387996860612791,0.28366846465457807,0.654173372539822,,,,,
