client,round,loss,class,accuracy,precision,recall,f1_score,cohen_kappa_score,roc_auc_score,confusion_matrix,TP,FP,FN,TN
9,141,1.0027049779891968,awake,0.7550486329399205,0.7679526191826981,0.9366147717146301,0.8439393724701137,0.2998250355954245,0.626624475698593,[[ 12508 26995][ 6046 89339]],12508,26995,6046,89339
9,141,1.0027049779891968,asleep,0.7550486329399205,0.6741403470949661,0.31663417968255575,0.4308868870248204,0.2998250355954245,0.626624475698593,[[ 89339 6046][ 26995 12508]],89339,6046,26995,12508
9,141,1.0027049779891968,avg,0.7550486329399205,0.7210464831388321,0.6266244756985929,0.6374131297474671,0.2998250355954245,0.626624475698593,,,,,
