client,round,loss,class,accuracy,precision,recall,f1_score,cohen_kappa_score,roc_auc_score,confusion_matrix,TP,FP,FN,TN
4,9,1.0185917615890503,awake,0.7080096079710575,0.7204945465999921,0.959186454893327,0.8228807842784547,0.07927350737488026,0.5303488662589056,[[ 4010 35493][ 3893 91492]],4010,35493,3893,91492
4,9,1.0185917615890503,asleep,0.7080096079710575,0.5074022523092496,0.10151127762448421,0.16917689743914271,0.07927350737488026,0.5303488662589056,[[ 91492 3893][ 35493 4010]],91492,3893,35493,4010
4,9,1.0185917615890503,avg,0.7080096079710575,0.6139483994546209,0.5303488662589056,0.4960288408587987,0.07927350737488026,0.5303488662589056,,,,,
