client,round,loss,class,accuracy,precision,recall,f1_score,cohen_kappa_score,roc_auc_score,confusion_matrix,TP,FP,FN,TN
7,105,1.2327303886413574,awake,0.5746990095486626,0.7947191342232972,0.5373696073806155,0.6411853742134824,0.16452214844644342,0.6011025947441518,[[ 26263 13240][ 44128 51257]],26263,13240,44128,51257
7,105,1.2327303886413574,asleep,0.5746990095486626,0.37310167493003366,0.664835582107688,0.4779696798733325,0.16452214844644342,0.6011025947441516,[[ 51257 44128][ 13240 26263]],51257,44128,13240,26263
7,105,1.2327303886413574,avg,0.5746990095486626,0.5839104045766654,0.6011025947441517,0.5595775270434075,0.16452214844644342,0.6011025947441517,,,,,
