client,round,loss,class,accuracy,precision,recall,f1_score,cohen_kappa_score,roc_auc_score,confusion_matrix,TP,FP,FN,TN
8,66,0.7117682099342346,awake,0.6976157997746278,0.7676612183666865,0.8208103999580647,0.7933466414016032,0.2323348930103093,0.6104786121249453,[[ 15807 23696][ 17092 78293]],15807,23696,17092,78293
8,66,0.7117682099342346,asleep,0.6976157997746278,0.4804705310191799,0.40014682429182596,0.43664539653600726,0.2323348930103093,0.6104786121249454,[[ 78293 17092][ 23696 15807]],78293,17092,23696,15807
8,66,0.7117682099342346,avg,0.6976157997746278,0.6240658746929333,0.6104786121249454,0.6149960189688052,0.2323348930103093,0.6104786121249453,,,,,
