client,round,loss,class,accuracy,precision,recall,f1_score,cohen_kappa_score,roc_auc_score,confusion_matrix,TP,FP,FN,TN
2,93,0.7295715808868408,awake,0.7455889330407449,0.7847046098761749,0.8822980552497772,0.8306445643108477,0.3265078331181025,0.6488927432920532,[[ 16413 23090][ 11227 84158]],16413,23090,11227,84158
2,93,0.7295715808868408,asleep,0.7455889330407449,0.5938133140376266,0.415487431334329,0.4888968321343997,0.3265078331181025,0.6488927432920532,[[ 84158 11227][ 23090 16413]],84158,11227,23090,16413
2,93,0.7295715808868408,avg,0.7455889330407449,0.6892589619569007,0.6488927432920532,0.6597706982226237,0.3265078331181025,0.6488927432920532,,,,,
