client,round,loss,class,accuracy,precision,recall,f1_score,cohen_kappa_score,roc_auc_score,confusion_matrix,TP,FP,FN,TN
3,12,0.783172070980072,awake,0.6270313148686317,0.8062228260869565,0.6220894270587619,0.702287185253129,0.22474713015549097,0.6305267781826985,[[ 25241 14262][ 36047 59338]],25241,14262,36047,59338
3,12,0.783172070980072,asleep,0.6270313148686317,0.4118424487664796,0.6389641293066349,0.5008582115466659,0.22474713015549097,0.6305267781826983,[[ 59338 36047][ 14262 25241]],59338,36047,14262,25241
3,12,0.783172070980072,avg,0.6270313148686317,0.6090326374267181,0.6305267781826984,0.6015726983998975,0.22474713015549097,0.6305267781826984,,,,,
