client,round,loss,class,accuracy,precision,recall,f1_score,cohen_kappa_score,roc_auc_score,confusion_matrix,TP,FP,FN,TN
1,13,0.7484917640686035,awake,0.6169711167783642,0.7076655614983423,0.7809508832625675,0.7425042861129939,0.0021279407362706504,0.500986035763375,[[ 8731 30772][ 20894 74491]],8731,30772,20894,74491
1,13,0.7484917640686035,asleep,0.6169711167783642,0.2947172995780591,0.22102118826418246,0.25260386529336887,0.0021279407362706504,0.5009860357633749,[[ 74491 20894][ 30772 8731]],74491,20894,30772,8731
1,13,0.7484917640686035,avg,0.6169711167783642,0.5011914305382007,0.500986035763375,0.4975540757031814,0.0021279407362706504,0.5009860357633749,,,,,
