client,round,loss,class,accuracy,precision,recall,f1_score,cohen_kappa_score,roc_auc_score,confusion_matrix,TP,FP,FN,TN
12,20,0.9567697048187256,awake,0.7149931795267185,0.7544803668314309,0.8849294962520312,0.8145149617392479,0.21600615612280982,0.5947949508954256,[[ 12035 27468][ 10976 84409]],12035,27468,10976,84409
12,20,0.9567697048187256,asleep,0.7149931795267185,0.5230107339967841,0.30466040553881985,0.38503375243945354,0.21600615612280982,0.5947949508954254,[[ 84409 10976][ 27468 12035]],84409,10976,27468,12035
12,20,0.9567697048187256,avg,0.7149931795267185,0.6387455504141075,0.5947949508954256,0.5997743570893507,0.21600615612280982,0.5947949508954256,,,,,
