client,round,loss,class,accuracy,precision,recall,f1_score,cohen_kappa_score,roc_auc_score,confusion_matrix,TP,FP,FN,TN
0,67,0.779542088508606,awake,0.7267362552636262,0.7573862486916291,0.9027415212035436,0.8237004725554344,0.23660940217931004,0.6022453777194591,[[ 11920 27583][ 9277 86108]],11920,27583,9277,86108
0,67,0.779542088508606,asleep,0.7267362552636262,0.5623437278860216,0.30174923423537453,0.3927512355848435,0.23660940217931004,0.602245377719459,[[ 86108 9277][ 27583 11920]],86108,9277,27583,11920
0,67,0.779542088508606,avg,0.7267362552636262,0.6598649882888253,0.6022453777194591,0.608225854070139,0.23660940217931004,0.602245377719459,,,,,
