client,round,loss,class,accuracy,precision,recall,f1_score,cohen_kappa_score,roc_auc_score,confusion_matrix,TP,FP,FN,TN
0,147,0.8651557564735413,awake,0.7220212324298677,0.7737094440609368,0.8577763799339518,0.8135770183062039,0.272978761072875,0.6259998017432967,[[ 15573 23930][ 13566 81819]],15573,23930,13566,81819
0,147,0.8651557564735413,asleep,0.7220212324298677,0.5344383815504994,0.39422322355264156,0.4537455202354244,0.272978761072875,0.6259998017432967,[[ 81819 13566][ 23930 15573]],81819,13566,23930,15573
0,147,0.8651557564735413,avg,0.7220212324298677,0.654073912805718,0.6259998017432967,0.6336612692708141,0.272978761072875,0.6259998017432967,,,,,
