client,round,loss,class,accuracy,precision,recall,f1_score,cohen_kappa_score,roc_auc_score,confusion_matrix,TP,FP,FN,TN
3,18,0.781754732131958,awake,0.6419770476246961,0.8075657035372799,0.6481522251926404,0.7191303993811831,0.24149948099049212,0.63760926197738,[[ 24771 14732][ 33561 61824]],24771,14732,33561,61824
3,18,0.781754732131958,asleep,0.6419770476246961,0.4246554206953302,0.6270662987621193,0.5063831961976797,0.24149948099049212,0.6376092619773798,[[ 61824 33561][ 14732 24771]],61824,33561,14732,24771
3,18,0.781754732131958,avg,0.6419770476246961,0.616110562116305,0.6376092619773799,0.6127567977894314,0.24149948099049212,0.6376092619773799,,,,,
