client,round,loss,class,accuracy,precision,recall,f1_score,cohen_kappa_score,roc_auc_score,confusion_matrix,TP,FP,FN,TN
6,123,0.9730173349380493,awake,0.6595397663246545,0.8039377143067828,0.6857891702049589,0.7401783289580882,0.25539818917098567,0.6409732120422055,[[ 23550 15953][ 29971 65414]],23550,15953,29971,65414
6,123,0.9730173349380493,asleep,0.6595397663246545,0.4400142000336317,0.5961572538794522,0.5063209494324045,0.25539818917098567,0.6409732120422054,[[ 65414 29971][ 15953 23550]],65414,29971,15953,23550
6,123,0.9730173349380493,avg,0.6595397663246545,0.6219759571702073,0.6409732120422056,0.6232496391952463,0.25539818917098567,0.6409732120422054,,,,,
