client,round,loss,class,accuracy,precision,recall,f1_score,cohen_kappa_score,roc_auc_score,confusion_matrix,TP,FP,FN,TN
15,35,1.1928812265396118,awake,0.3793591720538521,0.6427173540779881,0.2754416312837448,0.3856219223119996,-0.06713992987342254,0.4528614378730954,[[ 24898 14605][ 69112 26273]],24898,14605,69112,26273
15,35,1.1928812265396118,asleep,0.3793591720538521,0.264844165514307,0.6302812444624459,0.3729674263929355,-0.06713992987342254,0.45286143787309535,[[ 26273 69112][ 14605 24898]],26273,69112,14605,24898
15,35,1.1928812265396118,avg,0.3793591720538521,0.45378075979614757,0.4528614378730954,0.37929467435246755,-0.06713992987342254,0.4528614378730954,,,,,
