client,round,loss,class,accuracy,precision,recall,f1_score,cohen_kappa_score,roc_auc_score,confusion_matrix,TP,FP,FN,TN
13,83,0.9660628437995911,awake,0.6512291679022596,0.814010289455906,0.6568747706662473,0.7270490899702362,0.25909532916406086,0.6472359575934583,[[ 25187 14316][ 32729 62656]],25187,14316,32729,62656
13,83,0.9660628437995911,asleep,0.6512291679022596,0.4348884591477312,0.6375971445206693,0.5170859893860541,0.25909532916406086,0.6472359575934583,[[ 62656 32729][ 14316 25187]],62656,32729,14316,25187
13,83,0.9660628437995911,avg,0.6512291679022596,0.6244493743018187,0.6472359575934583,0.6220675396781452,0.25909532916406086,0.6472359575934583,,,,,
