client,round,loss,class,accuracy,precision,recall,f1_score,cohen_kappa_score,roc_auc_score,confusion_matrix,TP,FP,FN,TN
17,93,0.8342707753181458,awake,0.7141851017140146,0.7268307869150822,0.9545840540965561,0.8252824493902357,0.11343739380286388,0.5441477088952265,[[ 5282 34221][ 4332 91053]],5282,34221,4332,91053
17,93,0.8342707753181458,asleep,0.7141851017140146,0.549407114624506,0.13371136369389666,0.21507828246839178,0.11343739380286388,0.5441477088952263,[[ 91053 4332][ 34221 5282]],91053,4332,34221,5282
17,93,0.8342707753181458,avg,0.7141851017140146,0.6381189507697941,0.5441477088952263,0.5201803659293137,0.11343739380286388,0.5441477088952265,,,,,
