client,round,loss,class,accuracy,precision,recall,f1_score,cohen_kappa_score,roc_auc_score,confusion_matrix,TP,FP,FN,TN
7,159,1.0635603666305542,awake,0.5762706838265821,0.7672870666871757,0.5752581642815956,0.6575393354024613,0.13081663700210122,0.5769868524367248,[[ 22861 16642][ 40514 54871]],22861,16642,40514,54871
7,159,1.0635603666305542,asleep,0.5762706838265821,0.3607258382642998,0.5787155405918538,0.4444293240537336,0.13081663700210122,0.5769868524367248,[[ 54871 40514][ 16642 22861]],54871,40514,16642,22861
7,159,1.0635603666305542,avg,0.5762706838265821,0.5640064524757378,0.5769868524367248,0.5509843297280974,0.13081663700210122,0.5769868524367248,,,,,
