client,round,loss,class,accuracy,precision,recall,f1_score,cohen_kappa_score,roc_auc_score,confusion_matrix,TP,FP,FN,TN
1,107,0.8331459760665894,awake,0.6002387165648538,0.7160559446389861,0.7203124180950883,0.718177874640033,0.030747241430128414,0.5153089822546424,[[ 12258 27245][ 26678 68707]],12258,27245,26678,68707
1,107,0.8331459760665894,asleep,0.6002387165648538,0.3148243271008835,0.3103055464141964,0.31254860464819795,0.030747241430128414,0.5153089822546424,[[ 68707 26678][ 27245 12258]],68707,26678,27245,12258
1,107,0.8331459760665894,avg,0.6002387165648538,0.5154401358699348,0.5153089822546424,0.5153632396441155,0.030747241430128414,0.5153089822546424,,,,,
