client,round,loss,class,accuracy,precision,recall,f1_score,cohen_kappa_score,roc_auc_score,confusion_matrix,TP,FP,FN,TN
6,54,0.7747915983200073,awake,0.686888381472036,0.772217897238384,0.7903443937726058,0.7811760073364454,0.23126480526400206,0.6137125609092885,[[ 17266 22237][ 19998 75387]],17266,22237,19998,75387
6,54,0.7747915983200073,asleep,0.686888381472036,0.4633426363246028,0.4370807280459712,0.4498287024372452,0.23126480526400206,0.6137125609092885,[[ 75387 19998][ 22237 17266]],75387,19998,22237,17266
6,54,0.7747915983200073,avg,0.686888381472036,0.6177802667814933,0.6137125609092885,0.6155023548868453,0.23126480526400206,0.6137125609092885,,,,,
