client,round,loss,class,accuracy,precision,recall,f1_score,cohen_kappa_score,roc_auc_score,confusion_matrix,TP,FP,FN,TN
0,75,0.840775191783905,awake,0.7298573631457209,0.7610031703299622,0.9009173350107459,0.8250706889350814,0.25027527138777594,0.6088643582124078,[[ 12515 26988][ 9451 85934]],12515,26988,9451,85934
0,75,0.840775191783905,asleep,0.7298573631457209,0.5697441500500774,0.31681138141406984,0.4071971237534367,0.25027527138777594,0.6088643582124078,[[ 85934 9451][ 26988 12515]],85934,9451,26988,12515
0,75,0.840775191783905,avg,0.7298573631457209,0.6653736601900198,0.6088643582124078,0.616133906344259,0.25027527138777594,0.6088643582124078,,,,,
