client,round,loss,class,accuracy,precision,recall,f1_score,cohen_kappa_score,roc_auc_score,confusion_matrix,TP,FP,FN,TN
5,52,0.7949944734573364,awake,0.6014841942945258,0.766920571413916,0.6269958588876657,0.6899352241199305,0.1478047900869469,0.5834394528724333,[[ 21327 18176][ 35579 59806]],21327,18176,35579,59806
5,52,0.7949944734573364,asleep,0.6014841942945258,0.37477594629740274,0.5398830468572007,0.4424275741891317,0.1478047900869469,0.5834394528724333,[[ 59806 35579][ 18176 21327]],59806,35579,18176,21327
5,52,0.7949944734573364,avg,0.6014841942945258,0.5708482588556594,0.5834394528724332,0.566181399154531,0.1478047900869469,0.5834394528724333,,,,,
