client,round,loss,class,accuracy,precision,recall,f1_score,cohen_kappa_score,roc_auc_score,confusion_matrix,TP,FP,FN,TN
10,126,1.142357349395752,awake,0.42590148864242927,0.7949898086659215,0.2535199454840908,0.3844423423924707,0.0645576592385293,0.5478292586190674,[[ 33267 6236][ 71203 24182]],33267,6236,71203,24182
10,126,1.142357349395752,asleep,0.42590148864242927,0.31843591461663634,0.842138571754044,0.46212831572586527,0.0645576592385293,0.5478292586190674,[[ 24182 71203][ 6236 33267]],24182,71203,6236,33267
10,126,1.142357349395752,avg,0.42590148864242927,0.5567128616412789,0.5478292586190674,0.423285329059168,0.0645576592385293,0.5478292586190674,,,,,
