client,round,loss,class,accuracy,precision,recall,f1_score,cohen_kappa_score,roc_auc_score,confusion_matrix,TP,FP,FN,TN
3,133,1.0961207151412964,awake,0.655684716209003,0.7863017865708837,0.7045761912250353,0.7431990091564559,0.22561963622330916,0.62110312231935,[[ 21238 18265][ 28179 67206]],21238,18265,28179,67206
3,133,1.0961207151412964,asleep,0.655684716209003,0.4297711313920311,0.5376300534136648,0.4776878092667567,0.22561963622330916,0.6211031223193502,[[ 67206 28179][ 18265 21238]],67206,28179,18265,21238
3,133,1.0961207151412964,avg,0.655684716209003,0.6080364589814574,0.62110312231935,0.6104434092116062,0.22561963622330916,0.6211031223193502,,,,,
