client,round,loss,class,accuracy,precision,recall,f1_score,cohen_kappa_score,roc_auc_score,confusion_matrix,TP,FP,FN,TN
8,48,0.7474980354309082,awake,0.6622827827530988,0.7821527659815413,0.7240970802537087,0.7520060972290271,0.22529335038339338,0.6185607037599961,[[ 20266 19237][ 26317 69068]],20266,19237,26317,69068
8,48,0.7474980354309082,asleep,0.6622827827530988,0.4350514136058219,0.5130243272662836,0.47083149408730807,0.22529335038339338,0.6185607037599962,[[ 69068 26317][ 19237 20266]],69068,26317,19237,20266
8,48,0.7474980354309082,avg,0.6622827827530988,0.6086020897936816,0.6185607037599961,0.6114187956581676,0.22529335038339338,0.6185607037599961,,,,,
