client,round,loss,class,accuracy,precision,recall,f1_score,cohen_kappa_score,roc_auc_score,confusion_matrix,TP,FP,FN,TN
4,157,1.3771812915802002,awake,0.7223548425360299,0.7408297306285334,0.9341825234575667,0.8263464168965756,0.17789245488366134,0.5725262919796503,[[ 8330 31173][ 6278 89107]],8330,31173,6278,89107
4,157,1.3771812915802002,asleep,0.7223548425360299,0.5702354874041621,0.21087006050173404,0.30788564247565187,0.17789245488366134,0.5725262919796503,[[ 89107 6278][ 31173 8330]],89107,6278,31173,8330
4,157,1.3771812915802002,avg,0.7223548425360299,0.6555326090163478,0.5725262919796503,0.5671160296861137,0.17789245488366134,0.5725262919796503,,,,,
