client,round,loss,class,accuracy,precision,recall,f1_score,cohen_kappa_score,roc_auc_score,confusion_matrix,TP,FP,FN,TN
0,18,0.7117654085159302,awake,0.7214207342387758,0.7730295473437618,0.8579546050217539,0.8132810597816635,0.2707345622530224,0.6248485021665993,[[ 15475 24028][ 13549 81836]],15475,24028,13549,81836
0,18,0.7117654085159302,asleep,0.7214207342387758,0.5331794377067255,0.3917423993114447,0.4516467961533411,0.2707345622530224,0.6248485021665993,[[ 81836 13549][ 24028 15475]],81836,13549,24028,15475
0,18,0.7117654085159302,avg,0.7214207342387758,0.6531044925252436,0.6248485021665993,0.6324639279675023,0.2707345622530224,0.6248485021665993,,,,,
