client,round,loss,class,accuracy,precision,recall,f1_score,cohen_kappa_score,roc_auc_score,confusion_matrix,TP,FP,FN,TN
12,68,1.4304124116897583,awake,0.7040952493920882,0.7401653894445166,0.8961367091261728,0.8107175036752501,0.160436320833514,0.5682617575957675,[[ 9496 30007][ 9907 85478]],9496,30007,9907,85478
12,68,1.4304124116897583,asleep,0.7040952493920882,0.4894088543008813,0.2403868060653621,0.3224119784062744,0.160436320833514,0.5682617575957675,[[ 85478 9907][ 30007 9496]],85478,9907,30007,9496
12,68,1.4304124116897583,avg,0.7040952493920882,0.614787121872699,0.5682617575957675,0.5665647410407623,0.160436320833514,0.5682617575957675,,,,,
