client,round,loss,class,accuracy,precision,recall,f1_score,cohen_kappa_score,roc_auc_score,confusion_matrix,TP,FP,FN,TN
15,50,1.333938717842102,awake,0.36032115532886544,0.6193724420190996,0.24750222781359751,0.3536752533688886,-0.0840622982488104,0.4401194909920834,[[ 24995 14508][ 71777 23608]],24995,14508,71777,23608
15,50,1.333938717842102,asleep,0.36032115532886544,0.2582875211838135,0.6327367541705693,0.36683177398642447,-0.0840622982488104,0.4401194909920834,[[ 23608 71777][ 14508 24995]],23608,71777,14508,24995
15,50,1.333938717842102,avg,0.36032115532886544,0.43882998160145653,0.4401194909920834,0.36025351367765657,-0.0840622982488104,0.4401194909920834,,,,,
