client,round,loss,class,accuracy,precision,recall,f1_score,cohen_kappa_score,roc_auc_score,confusion_matrix,TP,FP,FN,TN
13,184,1.0518710613250732,awake,0.6596657968092047,0.8091602099475131,0.6788174241232898,0.7382799806162881,0.2623480675867246,0.6461195947794132,[[ 24232 15271][ 30636 64749]],24232,15271,30636,64749
13,184,1.0518710613250732,asleep,0.6596657968092047,0.44164175840198294,0.6134217654355365,0.5135475940702122,0.2623480675867246,0.6461195947794132,[[ 64749 30636][ 15271 24232]],64749,30636,15271,24232
13,184,1.0518710613250732,avg,0.6596657968092047,0.6254009841747481,0.6461195947794132,0.6259137873432501,0.2623480675867246,0.6461195947794132,,,,,
