client,round,loss,class,accuracy,precision,recall,f1_score,cohen_kappa_score,roc_auc_score,confusion_matrix,TP,FP,FN,TN
5,42,0.8104377388954163,awake,0.5861158887373228,0.7643583677506449,0.5995387115374535,0.6719897533518996,0.13296396698128465,0.5766217467263756,[[ 21873 17630][ 38198 57187]],21873,17630,38198,57187
5,42,0.8104377388954163,asleep,0.5861158887373228,0.36411912570125354,0.5537047819152976,0.43933155241328065,0.13296396698128465,0.5766217467263756,[[ 57187 38198][ 17630 21873]],57187,38198,17630,21873
5,42,0.8104377388954163,avg,0.5861158887373228,0.5642387467259492,0.5766217467263756,0.5556606528825901,0.13296396698128465,0.5766217467263756,,,,,
