client,round,loss,class,accuracy,precision,recall,f1_score,cohen_kappa_score,roc_auc_score,confusion_matrix,TP,FP,FN,TN
0,97,0.9478773474693298,awake,0.7268919399798351,0.7400095108472853,0.9462284426272475,0.8305091764013047,0.17873450639722188,0.5717522994342729,[[ 7793 31710][ 5129 90256]],7793,31710,5129,90256
0,97,0.9478773474693298,asleep,0.7268919399798351,0.6030800185729763,0.19727615624129813,0.29730090605627085,0.17873450639722188,0.5717522994342727,[[ 90256 5129][ 31710 7793]],90256,5129,31710,7793
0,97,0.9478773474693298,avg,0.7268919399798351,0.6715447647101308,0.5717522994342727,0.5639050412287878,0.17873450639722188,0.5717522994342727,,,,,
