client,round,loss,class,accuracy,precision,recall,f1_score,cohen_kappa_score,roc_auc_score,confusion_matrix,TP,FP,FN,TN
11,33,0.6256901025772095,awake,0.7024568530929364,0.7919079420093833,0.7856895738323636,0.7887865025444556,0.2855843105435242,0.6435852370085798,[[ 19810 19693][ 20442 74943]],19810,19693,20442,74943
11,33,0.6256901025772095,asleep,0.7024568530929364,0.49214945841200436,0.5014809001847961,0.4967713622970346,0.2855843105435242,0.6435852370085798,[[ 74943 20442][ 19693 19810]],74943,20442,19693,19810
11,33,0.6256901025772095,avg,0.7024568530929364,0.6420287002106938,0.6435852370085798,0.6427789324207451,0.2855843105435242,0.6435852370085798,,,,,
