client,round,loss,class,accuracy,precision,recall,f1_score,cohen_kappa_score,roc_auc_score,confusion_matrix,TP,FP,FN,TN
9,71,0.9424834847450256,awake,0.748079888500089,0.756791569086651,0.9485977879121456,0.8419083951708576,0.25891681256009214,0.6062508976013656,[[ 10425 29078][ 4903 90482]],10425,29078,4903,90482
9,71,0.9424834847450256,asleep,0.748079888500089,0.6801278705636743,0.26390400729058555,0.3802593423428353,0.25891681256009214,0.6062508976013656,[[ 90482 4903][ 29078 10425]],90482,4903,29078,10425
9,71,0.9424834847450256,avg,0.748079888500089,0.7184597198251627,0.6062508976013655,0.6110838687568465,0.25891681256009214,0.6062508976013656,,,,,
