client,round,loss,class,accuracy,precision,recall,f1_score,cohen_kappa_score,roc_auc_score,confusion_matrix,TP,FP,FN,TN
8,103,0.7787232398986816,awake,0.7016710159539766,0.7750049870337123,0.8146144571997693,0.7943162360397659,0.2527044459020946,0.6217846100645835,[[ 16945 22558][ 17683 77702]],16945,22558,17683,77702
8,103,0.7787232398986816,asleep,0.7016710159539766,0.489343883562435,0.42895476292939777,0.4571636697198203,0.2527044459020946,0.6217846100645835,[[ 77702 17683][ 22558 16945]],77702,17683,22558,16945
8,103,0.7787232398986816,avg,0.7016710159539766,0.6321744352980737,0.6217846100645835,0.6257399528797931,0.2527044459020946,0.6217846100645835,,,,,
