client,round,loss,class,accuracy,precision,recall,f1_score,cohen_kappa_score,roc_auc_score,confusion_matrix,TP,FP,FN,TN
15,192,1.1917781829833984,awake,0.44001690291204554,0.6764569924972442,0.39888871415841065,0.5018498855774874,-0.04788695358445971,0.4691074206439978,[[ 21305 18198][ 57337 38048]],21305,18198,57337,38048
15,192,1.1917781829833984,asleep,0.44001690291204554,0.27091121792426437,0.539326127129585,0.36065851284438616,-0.04788695358445971,0.46910742064399785,[[ 38048 57337][ 18198 21305]],38048,57337,18198,21305
15,192,1.1917781829833984,avg,0.44001690291204554,0.4736841052107543,0.46910742064399785,0.4312541992109368,-0.04788695358445971,0.4691074206439978,,,,,
