client,round,loss,class,accuracy,precision,recall,f1_score,cohen_kappa_score,roc_auc_score,confusion_matrix,TP,FP,FN,TN
17,4,0.6421744227409363,awake,0.7189075381056876,0.7298778390227122,0.9564816270902133,0.8279548424568026,0.13036415734386142,0.5508682089327988,[[ 5738 33765][ 4151 91234]],5738,33765,4151,91234
17,4,0.6421744227409363,asleep,0.7189075381056876,0.5802406714531297,0.14525479077538414,0.23234531908001294,0.13036415734386142,0.5508682089327988,[[ 91234 4151][ 33765 5738]],91234,4151,33765,5738
17,4,0.6421744227409363,avg,0.7189075381056876,0.655059255237921,0.5508682089327988,0.5301500807684077,0.13036415734386142,0.5508682089327988,,,,,
