client,round,loss,class,accuracy,precision,recall,f1_score,cohen_kappa_score,roc_auc_score,confusion_matrix,TP,FP,FN,TN
2,48,0.7096120119094849,awake,0.7485247019749718,0.7917576471034994,0.8743408292708497,0.8310025458476775,0.34448072883083625,0.6595332731524994,[[ 17568 21935][ 11986 83399]],17568,21935,11986,83399
2,48,0.7096120119094849,asleep,0.7485247019749718,0.594437301211342,0.4447257170341493,0.508797080672488,0.34448072883083625,0.6595332731524995,[[ 83399 11986][ 21935 17568]],83399,11986,21935,17568
2,48,0.7096120119094849,avg,0.7485247019749718,0.6930974741574207,0.6595332731524994,0.6698998132600827,0.34448072883083625,0.6595332731524994,,,,,
