client,round,loss,class,accuracy,precision,recall,f1_score,cohen_kappa_score,roc_auc_score,confusion_matrix,TP,FP,FN,TN
15,7,1.2268202304840088,awake,0.31269645928473994,0.5706068601583113,0.11336163967080778,0.18914593081733502,-0.05911613645206781,0.4536886420261235,[[ 31366 8137][ 84572 10813]],31366,8137,84572,10813
15,7,1.2268202304840088,asleep,0.31269645928473994,0.27054115130500783,0.7940156443814393,0.403574346536628,-0.05911613645206781,0.4536886420261236,[[ 10813 84572][ 8137 31366]],10813,84572,8137,31366
15,7,1.2268202304840088,avg,0.31269645928473994,0.4205740057316596,0.4536886420261236,0.2963601386769815,-0.05911613645206781,0.4536886420261236,,,,,
