client,round,loss,class,accuracy,precision,recall,f1_score,cohen_kappa_score,roc_auc_score,confusion_matrix,TP,FP,FN,TN
18,151,1.0953264236450195,awake,0.7390131071703933,0.7528422220168223,0.9392986318603554,0.8357976435907722,0.23604789185722364,0.5973484780191329,[[ 10089 29414][ 5790 89595]],10089,29414,5790,89595
18,151,1.0953264236450195,asleep,0.7390131071703933,0.6353674664651426,0.25539832417791053,0.36434220504857173,0.23604789185722364,0.5973484780191329,[[ 89595 5790][ 29414 10089]],89595,5790,29414,10089
18,151,1.0953264236450195,avg,0.7390131071703933,0.6941048442409825,0.5973484780191329,0.600069924319672,0.23604789185722364,0.5973484780191329,,,,,
