client,round,loss,class,accuracy,precision,recall,f1_score,cohen_kappa_score,roc_auc_score,confusion_matrix,TP,FP,FN,TN
5,20,0.74066162109375,awake,0.6140131071703933,0.7741702741702742,0.6412014467683598,0.7014399009100448,0.16903011753325103,0.594782431102581,[[ 21662 17841][ 34224 61161]],21662,17841,34224,61161
5,20,0.74066162109375,asleep,0.6140131071703933,0.38761049278889165,0.5483634154368022,0.4541823480694839,0.16903011753325103,0.594782431102581,[[ 61161 34224][ 17841 21662]],61161,34224,17841,21662
5,20,0.74066162109375,avg,0.6140131071703933,0.5808903834795829,0.594782431102581,0.5778111244897643,0.16903011753325103,0.594782431102581,,,,,
