client,round,loss,class,accuracy,precision,recall,f1_score,cohen_kappa_score,roc_auc_score,confusion_matrix,TP,FP,FN,TN
11,175,0.7893030047416687,awake,0.685331534309946,0.7953581789779067,0.7472873093253656,0.770573768276533,0.2714158782144651,0.6415093863792612,[[ 21163 18340][ 24105 71280]],21163,18340,24105,71280
11,175,0.7893030047416687,asleep,0.685331534309946,0.4675046390386145,0.535731463433157,0.49929810902313293,0.2714158782144651,0.6415093863792612,[[ 71280 24105][ 18340 21163]],71280,24105,18340,21163
11,175,0.7893030047416687,avg,0.685331534309946,0.6314314090082607,0.6415093863792614,0.634935938649833,0.2714158782144651,0.6415093863792612,,,,,
