client,round,loss,class,accuracy,precision,recall,f1_score,cohen_kappa_score,roc_auc_score,confusion_matrix,TP,FP,FN,TN
4,54,1.0324748754501343,awake,0.7164462368780025,0.7311423416425965,0.947392147612308,0.8253372423304199,0.1342823354366547,0.5530951067909906,[[ 6273 33230][ 5018 90367]],6273,33230,5018,90367
4,54,1.0324748754501343,asleep,0.7164462368780025,0.5555752369143566,0.1587980659696732,0.2469976768909714,0.1342823354366547,0.5530951067909907,[[ 90367 5018][ 33230 6273]],90367,5018,33230,6273
4,54,1.0324748754501343,avg,0.7164462368780025,0.6433587892784766,0.5530951067909906,0.5361674596106957,0.1342823354366547,0.5530951067909906,,,,,
