client,round,loss,class,accuracy,precision,recall,f1_score,cohen_kappa_score,roc_auc_score,confusion_matrix,TP,FP,FN,TN
6,14,0.7516800761222839,awake,0.6576270683826582,0.7849539584177911,0.7104785867798921,0.7458617653532909,0.22536496259075534,0.6202444828692262,[[ 20937 18566][ 27616 67769]],20937,18566,27616,67769
6,14,0.7516800761222839,asleep,0.6576270683826582,0.43121949210141497,0.5300103789585601,0.4755382938130281,0.22536496259075534,0.620244482869226,[[ 67769 27616][ 18566 20937]],67769,27616,18566,20937
6,14,0.7516800761222839,avg,0.6576270683826582,0.6080867252596031,0.6202444828692261,0.6107000295831595,0.22536496259075534,0.6202444828692261,,,,,
