client,round,loss,class,accuracy,precision,recall,f1_score,cohen_kappa_score,roc_auc_score,confusion_matrix,TP,FP,FN,TN
0,141,0.9107385277748108,awake,0.7275739873079888,0.7590795822066698,0.9005818524925303,0.823798495332077,0.242362493742592,0.6052032113891657,[[ 12239 27264][ 9483 85902]],12239,27264,9483,85902
0,141,0.9107385277748108,asleep,0.7275739873079888,0.5634379891354387,0.30982457028580107,0.39980400163331975,0.242362493742592,0.6052032113891657,[[ 85902 9483][ 27264 12239]],85902,9483,27264,12239
0,141,0.9107385277748108,avg,0.7275739873079888,0.6612587856710543,0.6052032113891657,0.6118012484826985,0.242362493742592,0.6052032113891657,,,,,
