client,round,loss,class,accuracy,precision,recall,f1_score,cohen_kappa_score,roc_auc_score,confusion_matrix,TP,FP,FN,TN
0,7,0.7166762351989746,awake,0.6916849534428563,0.7407261564896769,0.8677255333647849,0.7992120662018888,0.1528777873497127,0.5671690978471141,[[ 10532 28971][ 12617 82768]],10532,28971,12617,82768
0,7,0.7166762351989746,asleep,0.6916849534428563,0.4549656572638127,0.2666126623294433,0.336206346166124,0.1528777873497127,0.5671690978471141,[[ 82768 12617][ 28971 10532]],82768,12617,28971,10532
0,7,0.7166762351989746,avg,0.6916849534428563,0.5978459068767448,0.5671690978471141,0.5677092061840063,0.1528777873497127,0.5671690978471141,,,,,
