client,round,loss,class,accuracy,precision,recall,f1_score,cohen_kappa_score,roc_auc_score,confusion_matrix,TP,FP,FN,TN
9,49,0.8279066681861877,awake,0.7541219382005813,0.7662048723719227,0.9387325051108665,0.8437393991933965,0.29389688899766464,0.6235444162392041,[[ 12181 27322][ 5844 89541]],12181,27322,5844,89541
9,49,0.8279066681861877,asleep,0.7541219382005813,0.6757836338418862,0.3083563273675417,0.4234807398136559,0.29389688899766464,0.6235444162392041,[[ 89541 5844][ 27322 12181]],89541,5844,27322,12181
9,49,0.8279066681861877,avg,0.7541219382005813,0.7209942531069045,0.6235444162392041,0.6336100695035262,0.29389688899766464,0.6235444162392041,,,,,
