client,round,loss,class,accuracy,precision,recall,f1_score,cohen_kappa_score,roc_auc_score,confusion_matrix,TP,FP,FN,TN
10,148,1.2879234552383423,awake,0.4009993476069035,0.836648972997923,0.19002987891177858,0.3097137975224264,0.06494107413964367,0.5502208731824416,[[ 35964 3539][ 77259 18126]],35964,3539,77259,18126
10,148,1.2879234552383423,asleep,0.4009993476069035,0.3176386423253226,0.9104118674531049,0.4709610675327056,0.06494107413964367,0.5502208731824417,[[ 18126 77259][ 3539 35964]],18126,77259,3539,35964
10,148,1.2879234552383423,avg,0.4009993476069035,0.5771438076616228,0.5502208731824417,0.39033743252756603,0.06494107413964367,0.5502208731824416,,,,,
