client,round,loss,class,accuracy,precision,recall,f1_score,cohen_kappa_score,roc_auc_score,confusion_matrix,TP,FP,FN,TN
0,43,0.7334272861480713,awake,0.7234075677599193,0.763450127923645,0.8822037007915291,0.8185421702568493,0.24964412067082398,0.611088939983897,[[ 13430 26073][ 11236 84149]],13430,26073,11236,84149
0,43,0.7334272861480713,asleep,0.7234075677599193,0.5444741749777021,0.3399741791762651,0.4185821814271689,0.24964412067082398,0.6110889399838971,[[ 84149 11236][ 26073 13430]],84149,11236,26073,13430
0,43,0.7334272861480713,avg,0.7234075677599193,0.6539621514506735,0.6110889399838971,0.6185621758420091,0.24964412067082398,0.611088939983897,,,,,
