client,round,loss,class,accuracy,precision,recall,f1_score,cohen_kappa_score,roc_auc_score,confusion_matrix,TP,FP,FN,TN
14,174,1.363252878189087,awake,0.7462709803688986,0.7626335497612422,0.9309430203910468,0.8384248964927934,0.27408474225251134,0.615649977653691,[[ 11865 27638][ 6587 88798]],11865,27638,6587,88798
14,174,1.363252878189087,asleep,0.7462709803688986,0.6430197268588771,0.30035693491633547,0.4094556121128462,0.27408474225251134,0.6156499776536911,[[ 88798 6587][ 27638 11865]],88798,6587,27638,11865
14,174,1.363252878189087,avg,0.7462709803688986,0.7028266383100596,0.6156499776536911,0.6239402543028199,0.27408474225251134,0.615649977653691,,,,,
