client,round,loss,class,accuracy,precision,recall,f1_score,cohen_kappa_score,roc_auc_score,confusion_matrix,TP,FP,FN,TN
7,114,1.2302916049957275,awake,0.5454747642488583,0.7388177906112895,0.5525816428159563,0.6322709115554862,0.06865510481634651,0.5404479740292981,[[ 20870 18633][ 42677 52708]],20870,18633,42677,52708
7,114,1.2302916049957275,asleep,0.5454747642488583,0.32841833603474596,0.5283143052426398,0.40504609412906356,0.06865510481634651,0.5404479740292981,[[ 52708 42677][ 18633 20870]],52708,42677,18633,20870
7,114,1.2302916049957275,avg,0.5454747642488583,0.5336180633230178,0.540447974029298,0.5186585028422749,0.06865510481634651,0.5404479740292981,,,,,
