client,round,loss,class,accuracy,precision,recall,f1_score,cohen_kappa_score,roc_auc_score,confusion_matrix,TP,FP,FN,TN
9,66,0.9353139400482178,awake,0.7474868038669118,0.7597594035920027,0.9402107249567542,0.8404076373433289,0.2672353455128713,0.6111705980301073,[[ 11145 28358][ 5703 89682]],11145,28358,5703,89682
9,66,0.9353139400482178,asleep,0.7474868038669118,0.6615028490028491,0.2821304711034605,0.3955564231335735,0.2672353455128713,0.6111705980301073,[[ 89682 5703][ 28358 11145]],89682,5703,28358,11145
9,66,0.9353139400482178,avg,0.7474868038669118,0.7106311262974259,0.6111705980301073,0.6179820302384512,0.2672353455128713,0.6111705980301073,,,,,
