client,round,loss,class,accuracy,precision,recall,f1_score,cohen_kappa_score,roc_auc_score,confusion_matrix,TP,FP,FN,TN
1,124,0.84690922498703,awake,0.5800812525947453,0.7228632896538236,0.6587199245164334,0.6893026011211918,0.04602918281094204,0.5244590686551992,[[ 15414 24089][ 32553 62832]],15414,24089,32553,62832
1,124,0.84690922498703,asleep,0.5800812525947453,0.32134592532366,0.390198212793965,0.3524408368583514,0.04602918281094204,0.5244590686551992,[[ 62832 32553][ 24089 15414]],62832,32553,24089,15414
1,124,0.84690922498703,avg,0.5800812525947453,0.5221046074887419,0.5244590686551992,0.5208717189897716,0.04602918281094204,0.5244590686551992,,,,,
