client,round,loss,class,accuracy,precision,recall,f1_score,cohen_kappa_score,roc_auc_score,confusion_matrix,TP,FP,FN,TN
17,115,0.7207188010215759,awake,0.7364257754581579,0.7568778979907265,0.9241075640824029,0.8321744671811939,0.24575868493220165,0.6036759373205474,[[ 11189 28314][ 7239 88146]],11189,28314,7239,88146
17,115,0.7207188010215759,asleep,0.7364257754581579,0.6071738658563056,0.28324431055869176,0.386287134694723,0.24575868493220165,0.6036759373205474,[[ 88146 7239][ 28314 11189]],88146,7239,28314,11189
17,115,0.7207188010215759,avg,0.7364257754581579,0.6820258819235161,0.6036759373205474,0.6092308009379584,0.24575868493220165,0.6036759373205474,,,,,
