client,round,loss,class,accuracy,precision,recall,f1_score,cohen_kappa_score,roc_auc_score,confusion_matrix,TP,FP,FN,TN
5,93,0.8430182933807373,awake,0.6177272996856652,0.754900706167037,0.6802851601404833,0.7156532959821773,0.1373557690069147,0.5734792886746515,[[ 18435 21068][ 30496 64889]],18435,21068,30496,64889
5,93,0.8430182933807373,asleep,0.6177272996856652,0.37675502237845127,0.4666734172088196,0.41692109369699437,0.1373557690069147,0.5734792886746515,[[ 64889 30496][ 21068 18435]],64889,30496,21068,18435
5,93,0.8430182933807373,avg,0.6177272996856652,0.5658278642727441,0.5734792886746515,0.5662871948395858,0.1373557690069147,0.5734792886746515,,,,,
