client,round,loss,class,accuracy,precision,recall,f1_score,cohen_kappa_score,roc_auc_score,confusion_matrix,TP,FP,FN,TN
0,116,0.8829796314239502,awake,0.7296571970820236,0.7565689203194538,0.9107301986685538,0.8265225540660114,0.23737535707256452,0.6015818423664516,[[ 11552 27951][ 8515 86870]],11552,27951,8515,86870
0,116,0.8829796314239502,asleep,0.7296571970820236,0.5756715004734141,0.29243348606434955,0.38784623132449214,0.23737535707256452,0.6015818423664517,[[ 86870 8515][ 27951 11552]],86870,8515,27951,11552
0,116,0.8829796314239502,avg,0.7296571970820236,0.6661202103964339,0.6015818423664516,0.6071843926952518,0.23737535707256452,0.6015818423664516,,,,,
