client,round,loss,class,accuracy,precision,recall,f1_score,cohen_kappa_score,roc_auc_score,confusion_matrix,TP,FP,FN,TN
13,72,0.8076963424682617,awake,0.6921520075914833,0.7760296016891822,0.7937411542695393,0.7847854592193712,0.24454097119874985,0.6202966460409286,[[ 17652 21851][ 19674 75711]],17652,21851,19674,75711
13,72,0.8076963424682617,asleep,0.6921520075914833,0.47291432245619675,0.44685213781231803,0.4595139856043942,0.24454097119874985,0.6202966460409286,[[ 75711 19674][ 21851 17652]],75711,19674,21851,17652
13,72,0.8076963424682617,avg,0.6921520075914833,0.6244719620726895,0.6202966460409287,0.6221497224118827,0.24454097119874985,0.6202966460409286,,,,,
