client,round,loss,class,accuracy,precision,recall,f1_score,cohen_kappa_score,roc_auc_score,confusion_matrix,TP,FP,FN,TN
6,122,0.9902759790420532,awake,0.692834054919637,0.7966025288620121,0.7595638727263196,0.7776424182252396,0.2819962889243032,0.6456351627004,[[ 21004 18499][ 22934 72451]],21004,18499,22934,72451
6,122,0.9902759790420532,asleep,0.692834054919637,0.4780372342846739,0.5317064526744805,0.5034455483515299,0.2819962889243032,0.6456351627004001,[[ 72451 22934][ 18499 21004]],72451,22934,18499,21004
6,122,0.9902759790420532,avg,0.692834054919637,0.637319881573343,0.6456351627004,0.6405439832883848,0.2819962889243032,0.6456351627004,,,,,
