client,round,loss,class,accuracy,precision,recall,f1_score,cohen_kappa_score,roc_auc_score,confusion_matrix,TP,FP,FN,TN
3,71,0.9408708810806274,awake,0.6420956645513315,0.8081612894785043,0.6475965822718457,0.7190240893032785,0.2423522277182084,0.6382047919080162,[[ 24840 14663][ 33614 61771]],24840,14663,33614,61771
3,71,0.9408708810806274,asleep,0.6420956645513315,0.424949532966093,0.6288130015441865,0.5071613054707679,0.2423522277182084,0.6382047919080162,[[ 61771 33614][ 14663 24840]],61771,33614,14663,24840
3,71,0.9408708810806274,avg,0.6420956645513315,0.6165554112222986,0.638204791908016,0.6130926973870232,0.2423522277182084,0.6382047919080162,,,,,
