client,round,loss,class,accuracy,precision,recall,f1_score,cohen_kappa_score,roc_auc_score,confusion_matrix,TP,FP,FN,TN
16,122,1.0331685543060303,awake,0.7342091216416583,0.7670527439598791,0.8963463857000576,0.8266746596534655,0.27141355267443934,0.619527267224127,[[ 13538 25965][ 9887 85498]],13538,25965,9887,85498
16,122,1.0331685543060303,asleep,0.7342091216416583,0.5779295624332977,0.34270814874819633,0.4302695143656242,0.27141355267443934,0.6195272672241271,[[ 85498 9887][ 25965 13538]],85498,9887,25965,13538
16,122,1.0331685543060303,avg,0.7342091216416583,0.6724911531965885,0.619527267224127,0.6284720870095448,0.27141355267443934,0.619527267224127,,,,,
