client,round,loss,class,accuracy,precision,recall,f1_score,cohen_kappa_score,roc_auc_score,confusion_matrix,TP,FP,FN,TN
9,7,0.8416481614112854,awake,0.748702627364925,0.7616510638297872,0.9382397651622373,0.8407731874016487,0.2742563997866668,0.6146404759537738,[[ 11497 28006][ 5891 89494]],11497,28006,5891,89494
9,7,0.8416481614112854,asleep,0.748702627364925,0.661203128594433,0.2910411867453105,0.4041764075161273,0.2742563997866668,0.6146404759537739,[[ 89494 5891][ 28006 11497]],89494,5891,28006,11497
9,7,0.8416481614112854,avg,0.748702627364925,0.7114270962121101,0.6146404759537739,0.622474797458888,0.2742563997866668,0.6146404759537738,,,,,
