client,round,loss,class,accuracy,precision,recall,f1_score,cohen_kappa_score,roc_auc_score,confusion_matrix,TP,FP,FN,TN
3,112,1.0988091230392456,awake,0.6396491904394758,0.808480611975732,0.6426482151281648,0.7160888992728017,0.24020640684094618,0.6375279401843897,[[ 24982 14521][ 34086 61299]],24982,14521,34086,61299
3,112,1.0988091230392456,asleep,0.6396491904394758,0.42293627683348006,0.6324076652406146,0.5068833632609997,0.24020640684094618,0.6375279401843896,[[ 61299 34086][ 14521 24982]],61299,34086,14521,24982
3,112,1.0988091230392456,avg,0.6396491904394758,0.615708444404606,0.6375279401843897,0.6114861312669007,0.24020640684094618,0.6375279401843896,,,,,
