client,round,loss,class,accuracy,precision,recall,f1_score,cohen_kappa_score,roc_auc_score,confusion_matrix,TP,FP,FN,TN
16,95,0.8715291023254395,awake,0.7254166419548069,0.7593084751788809,0.8955915500340724,0.8218384722689884,0.24065002984282124,0.6050496544692296,[[ 12424 27079][ 9959 85426]],12424,27079,9959,85426
16,95,0.8715291023254395,asleep,0.7254166419548069,0.5550641111557879,0.31450775890438704,0.40151245839123556,0.24065002984282124,0.6050496544692296,[[ 85426 9959][ 27079 12424]],85426,9959,27079,12424
16,95,0.8715291023254395,avg,0.7254166419548069,0.6571862931673345,0.6050496544692298,0.611675465330112,0.24065002984282124,0.6050496544692296,,,,,
