client,round,loss,class,accuracy,precision,recall,f1_score,cohen_kappa_score,roc_auc_score,confusion_matrix,TP,FP,FN,TN
9,36,0.7889149188995361,awake,0.7501779253899531,0.7609985191453353,0.9428211983016197,0.8422082787038773,0.2741713545159077,0.6139187630877261,[[ 11259 28244][ 5454 89931]],11259,28244,5454,89931
9,36,0.7889149188995361,asleep,0.7501779253899531,0.6736672051696284,0.28501632787383235,0.400562117546606,0.2741713545159077,0.613918763087726,[[ 89931 5454][ 28244 11259]],89931,5454,28244,11259
9,36,0.7889149188995361,avg,0.7501779253899531,0.7173328621574819,0.6139187630877261,0.6213851981252416,0.2741713545159077,0.6139187630877261,,,,,
