client,round,loss,class,accuracy,precision,recall,f1_score,cohen_kappa_score,roc_auc_score,confusion_matrix,TP,FP,FN,TN
10,162,1.2335330247879028,awake,0.46245032916197143,0.8431331373372533,0.2946480054515909,0.4366876684871697,0.11113963135502047,0.5811391560052932,[[ 34274 5229][ 67280 28105]],34274,5229,67280,28105
10,162,1.2335330247879028,asleep,0.46245032916197143,0.33749532268546784,0.8676303065589955,0.4859595766250523,0.11113963135502047,0.5811391560052932,[[ 28105 67280][ 5229 34274]],28105,67280,5229,34274
10,162,1.2335330247879028,avg,0.46245032916197143,0.5903142300113605,0.5811391560052932,0.46132362255611103,0.11113963135502047,0.5811391560052932,,,,,
