client,round,loss,class,accuracy,precision,recall,f1_score,cohen_kappa_score,roc_auc_score,confusion_matrix,TP,FP,FN,TN
1,14,0.760416567325592,awake,0.603841705711405,0.6994257026585022,0.7711904387482309,0.7335570436334807,-0.031326038297887715,0.48547370961536296,[[ 7891 31612][ 21825 73560]],7891,31612,21825,73560
1,14,0.760416567325592,asleep,0.603841705711405,0.26554717997038635,0.199756980482495,0.22800098238922836,-0.031326038297887715,0.48547370961536296,[[ 73560 21825][ 31612 7891]],73560,21825,31612,7891
1,14,0.760416567325592,avg,0.603841705711405,0.4824864413144443,0.48547370961536296,0.48077901301135456,-0.031326038297887715,0.48547370961536296,,,,,
