client,round,loss,class,accuracy,precision,recall,f1_score,cohen_kappa_score,roc_auc_score,confusion_matrix,TP,FP,FN,TN
6,132,1.0155597925186157,awake,0.6574565565506197,0.8093860090588827,0.6744246999004037,0.7357675921425099,0.2602189899909819,0.645454761918913,[[ 24353 15150][ 31055 64330]],24353,15150,31055,64330
6,132,1.0155597925186157,asleep,0.6574565565506197,0.43952136875541437,0.6164848239374224,0.5131755012590743,0.2602189899909819,0.645454761918913,[[ 64330 31055][ 15150 24353]],64330,31055,15150,24353
6,132,1.0155597925186157,avg,0.6574565565506197,0.6244536889071486,0.645454761918913,0.6244715467007921,0.2602189899909819,0.645454761918913,,,,,
