client,round,loss,class,accuracy,precision,recall,f1_score,cohen_kappa_score,roc_auc_score,confusion_matrix,TP,FP,FN,TN
2,114,0.7366122007369995,awake,0.7492141628610403,0.7934891438052465,0.8724013209624155,0.8310762224352828,0.34869219536140805,0.6620822390954902,[[ 17846 21657][ 12171 83214]],17846,21657,12171,83214
2,114,0.7366122007369995,asleep,0.7492141628610403,0.5945297664656695,0.4517631572285649,0.5134062140391255,0.34869219536140805,0.6620822390954902,[[ 83214 12171][ 21657 17846]],83214,12171,21657,17846
2,114,0.7366122007369995,avg,0.7492141628610403,0.694009455135458,0.6620822390954902,0.6722412182372042,0.34869219536140805,0.6620822390954902,,,,,
