client,round,loss,class,accuracy,precision,recall,f1_score,cohen_kappa_score,roc_auc_score,confusion_matrix,TP,FP,FN,TN
6,162,0.8441946506500244,awake,0.6717498962101892,0.7980962157622136,0.7172616239450648,0.755522917138298,0.2604585113364286,0.6395588427550045,[[ 22195 17308][ 26969 68416]],22195,17308,26969,68416
6,162,0.8441946506500244,asleep,0.6717573097681039,0.4514573968228139,0.5618560615649444,0.5006428619764057,0.2604700966724264,0.6395640846693516,[[ 68417 26968][ 17308 22195]],68417,26968,17308,22195
6,162,0.8441946506500244,avg,0.6717536029891465,0.6247768062925138,0.6395588427550045,0.6280828895573518,0.2604643040044275,0.639561463712178,,,,,
