client,round,loss,class,accuracy,precision,recall,f1_score,cohen_kappa_score,roc_auc_score,confusion_matrix,TP,FP,FN,TN
15,94,1.4364283084869385,awake,0.3728055868572445,0.630873786407767,0.2724956754206636,0.38059816231650617,-0.08024516669870829,0.44375612821991334,[[ 24295 15208][ 69393 25992]],24295,15208,69393,25992
15,94,1.4364283084869385,asleep,0.3728055868572445,0.2593181624114081,0.6150165810191631,0.36481443941407454,-0.08024516669870829,0.4437561282199134,[[ 25992 69393][ 15208 24295]],25992,69393,15208,24295
15,94,1.4364283084869385,avg,0.3728055868572445,0.4450959744095876,0.4437561282199134,0.37270630086529033,-0.08024516669870829,0.4437561282199134,,,,,
