client,round,loss,class,accuracy,precision,recall,f1_score,cohen_kappa_score,roc_auc_score,confusion_matrix,TP,FP,FN,TN
16,31,0.8516426086425781,awake,0.7289010141747228,0.7601256025828137,0.9009383026681343,0.8245634235271541,0.2467672081852802,0.6072167401247919,[[ 12384 27119][ 9449 85936]],12384,27119,9449,85936
16,31,0.8516426086425781,asleep,0.7289010141747228,0.5672147666376586,0.3134951775814495,0.40380853006391026,0.2467672081852802,0.607216740124792,[[ 85936 9449][ 27119 12384]],85936,9449,27119,12384
16,31,0.8516426086425781,avg,0.7289010141747228,0.6636701846102362,0.6072167401247919,0.6141859767955322,0.2467672081852802,0.6072167401247919,,,,,
