client,round,loss,class,accuracy,precision,recall,f1_score,cohen_kappa_score,roc_auc_score,confusion_matrix,TP,FP,FN,TN
4,85,1.1202244758605957,awake,0.724141509993476,0.7446651021558286,0.9281438381296849,0.8263422192353643,0.19340093805773495,0.5798479360762088,[[ 9147 30356][ 6854 88531]],9147,30356,6854,88531
4,85,1.1202244758605957,asleep,0.724141509993476,0.5716517717642647,0.23155203402273244,0.32959786682040926,0.19340093805773495,0.5798479360762087,[[ 88531 6854][ 30356 9147]],88531,6854,30356,9147
4,85,1.1202244758605957,avg,0.724141509993476,0.6581584369600466,0.5798479360762087,0.5779700430278868,0.19340093805773495,0.5798479360762088,,,,,
