client,round,loss,class,accuracy,precision,recall,f1_score,cohen_kappa_score,roc_auc_score,confusion_matrix,TP,FP,FN,TN
1,134,0.8356574177742004,awake,0.5992304726884526,0.7324244673910598,0.6826440215966871,0.7066586357149447,0.07677122961614269,0.5402309544228785,[[ 15715 23788][ 30271 65114]],15715,23788,30271,65114
1,134,0.8356574177742004,asleep,0.5992304726884526,0.3417344409168008,0.3978178872490697,0.3676496391348595,0.07677122961614269,0.5402309544228784,[[ 65114 30271][ 23788 15715]],65114,30271,23788,15715
1,134,0.8356574177742004,avg,0.5992304726884526,0.5370794541539303,0.5402309544228784,0.537154137424902,0.07677122961614269,0.5402309544228785,,,,,
