client,round,loss,class,accuracy,precision,recall,f1_score,cohen_kappa_score,roc_auc_score,confusion_matrix,TP,FP,FN,TN
5,80,0.8185675740242004,awake,0.5961019512484431,0.7446352958063204,0.652649787702469,0.6956147653181516,0.10319329700403579,0.5561049105588263,[[ 18154 21349][ 33132 62253]],18154,21349,33132,62253
5,80,0.8185675740242004,asleep,0.5961019512484431,0.3539757438677222,0.45956003341518364,0.3999162894183216,0.10319329700403579,0.5561049105588263,[[ 62253 33132][ 21349 18154]],62253,33132,21349,18154
5,80,0.8185675740242004,avg,0.5961019512484431,0.5493055198370212,0.5561049105588263,0.5477655273682366,0.10319329700403579,0.5561049105588263,,,,,
