client,round,loss,class,accuracy,precision,recall,f1_score,cohen_kappa_score,roc_auc_score,confusion_matrix,TP,FP,FN,TN
13,147,1.2337878942489624,awake,0.6175938556432002,0.7844535359438924,0.6332127693033496,0.700765750087017,0.18752087100393533,0.6065463892082907,[[ 22907 16596][ 34986 60399]],22907,16596,34986,60399
13,147,1.2337878942489624,asleep,0.6175938556432002,0.39567823398338314,0.5798800091132319,0.4703889276767013,0.18752087100393533,0.6065463892082907,[[ 60399 34986][ 16596 22907]],60399,34986,16596,22907
13,147,1.2337878942489624,avg,0.6175938556432002,0.5900658849636378,0.6065463892082907,0.5855773388818591,0.18752087100393533,0.6065463892082907,,,,,
