client,round,loss,class,accuracy,precision,recall,f1_score,cohen_kappa_score,roc_auc_score,confusion_matrix,TP,FP,FN,TN
11,54,0.6447134017944336,awake,0.7217839985765969,0.7967725719913415,0.814247523195471,0.805415271022804,0.3176949990932342,0.6563833115053375,[[ 19693 19810][ 17718 77667]],19693,19810,17718,77667
11,54,0.6447134017944336,asleep,0.7217839985765969,0.5263959797920398,0.4985190998152039,0.51207842525418,0.3176949990932342,0.6563833115053375,[[ 77667 17718][ 19810 19693]],77667,17718,19810,19693
11,54,0.6447134017944336,avg,0.7217839985765969,0.6615842758916907,0.6563833115053375,0.6587468481384919,0.3176949990932342,0.6563833115053375,,,,,
