client,round,loss,class,accuracy,precision,recall,f1_score,cohen_kappa_score,roc_auc_score,confusion_matrix,TP,FP,FN,TN
1,57,0.7703208923339844,awake,0.6058359527904632,0.7062162346987623,0.757865492477853,0.7311298332203939,-0.003578247024846881,0.4983034269467208,[[ 9431 30072][ 23096 72289]],9431,30072,23096,72289
1,57,0.7703208923339844,asleep,0.6058359527904632,0.2899437390475605,0.2387413614155887,0.26186311259197553,-0.003578247024846881,0.4983034269467208,[[ 72289 23096][ 30072 9431]],72289,23096,30072,9431
1,57,0.7703208923339844,avg,0.6058359527904632,0.49807998687316135,0.4983034269467208,0.4964964729061847,-0.003578247024846881,0.4983034269467208,,,,,
