client,round,loss,class,accuracy,precision,recall,f1_score,cohen_kappa_score,roc_auc_score,confusion_matrix,TP,FP,FN,TN
13,8,0.7840104103088379,awake,0.6639730739576537,0.7809683104520503,0.7293704460869109,0.7542880065919292,0.22492230875310693,0.6177166383789996,[[ 19991 19512][ 25814 69571]],19991,19512,25814,69571
13,8,0.7840104103088379,asleep,0.6639730739576537,0.43643707018884403,0.5060628306710883,0.4686782013410231,0.22492230875310693,0.6177166383789997,[[ 69571 25814][ 19512 19991]],69571,25814,19512,19991
13,8,0.7840104103088379,avg,0.6639730739576537,0.6087026903204471,0.6177166383789996,0.6114831039664761,0.22492230875310693,0.6177166383789996,,,,,
