client,round,loss,class,accuracy,precision,recall,f1_score,cohen_kappa_score,roc_auc_score,confusion_matrix,TP,FP,FN,TN
11,151,0.7439976930618286,awake,0.7020639345234565,0.7891197083503567,0.7897153640509514,0.78941742383752,0.280283458122608,0.6400669066413277,[[ 19373 20130][ 20058 75327]],19373,20130,20058,75327
11,151,0.7439976930618286,asleep,0.7020639345234565,0.49131394080799373,0.4904184492317039,0.4908657866065321,0.280283458122608,0.6400669066413277,[[ 75327 20058][ 20130 19373]],75327,20058,20130,19373
11,151,0.7439976930618286,avg,0.7020639345234565,0.6402168245791753,0.6400669066413277,0.640141605222026,0.280283458122608,0.6400669066413277,,,,,
