client,round,loss,class,accuracy,precision,recall,f1_score,cohen_kappa_score,roc_auc_score,confusion_matrix,TP,FP,FN,TN
3,37,0.8165774941444397,awake,0.6657300871834411,0.8062124053283978,0.6941447816742674,0.745993206054836,0.26519042427557793,0.6456319939052552,[[ 23588 15915][ 29174 66211]],23588,15915,29174,66211
3,37,0.8165774941444397,asleep,0.6657300871834411,0.4470641749744134,0.5971192061362428,0.511309814122365,0.26519042427557793,0.645631993905255,[[ 66211 29174][ 15915 23588]],66211,29174,15915,23588
3,37,0.8165774941444397,avg,0.6657300871834411,0.6266382901514056,0.645631993905255,0.6286515100886005,0.26519042427557793,0.645631993905255,,,,,
