client,round,loss,class,accuracy,precision,recall,f1_score,cohen_kappa_score,roc_auc_score,confusion_matrix,TP,FP,FN,TN
0,120,0.9387919902801514,awake,0.7321110847517941,0.747613714247505,0.9377365413849138,0.8319513363438079,0.21135647761602094,0.5866694503496981,[[ 9307 30196][ 5939 89446]],9307,30196,5939,89446
0,120,0.9387919902801514,asleep,0.7321110847517941,0.6104552013642923,0.23560235931448245,0.3399879449852965,0.21135647761602094,0.5866694503496982,[[ 89446 5939][ 30196 9307]],89446,5939,30196,9307
0,120,0.9387919902801514,avg,0.7321110847517941,0.6790344578058987,0.5866694503496981,0.5859696406645523,0.21135647761602094,0.5866694503496981,,,,,
