client,round,loss,class,accuracy,precision,recall,f1_score,cohen_kappa_score,roc_auc_score,confusion_matrix,TP,FP,FN,TN
9,62,0.9961820244789124,awake,0.7495107051776289,0.7583961876316165,0.9476752109870524,0.8425359779285662,0.2655744212525166,0.6093463010356369,[[ 10706 28797][ 4991 90394]],10706,28797,4991,90394
9,62,0.9961820244789124,asleep,0.7495107051776289,0.6820411543607059,0.27101739108422146,0.38789855072463764,0.2655744212525166,0.6093463010356369,[[ 90394 4991][ 28797 10706]],90394,4991,28797,10706
9,62,0.9961820244789124,avg,0.7495107051776289,0.7202186709961612,0.6093463010356369,0.6152172643266018,0.2655744212525166,0.6093463010356369,,,,,
