client,round,loss,class,accuracy,precision,recall,f1_score,cohen_kappa_score,roc_auc_score,confusion_matrix,TP,FP,FN,TN
2,112,0.7491685748100281,awake,0.7516309827412372,0.78742951629834,0.8886722230958746,0.8349931538560045,0.3403520145909321,0.6546998813882026,[[ 16620 22883][ 10619 84766]],16620,22883,10619,84766
2,112,0.7491685748100281,asleep,0.7516309827412372,0.6101545578031499,0.4207275396805306,0.4980372179437235,0.3403520145909321,0.6546998813882026,[[ 84766 10619][ 22883 16620]],84766,10619,22883,16620
2,112,0.7491685748100281,avg,0.7516309827412372,0.698792037050745,0.6546998813882026,0.666515185899864,0.3403520145909321,0.6546998813882026,,,,,
