client,round,loss,class,accuracy,precision,recall,f1_score,cohen_kappa_score,roc_auc_score,confusion_matrix,TP,FP,FN,TN
8,101,0.8249275088310242,awake,0.6992616096316945,0.7638700361010831,0.8318603554017927,0.7964167419451973,0.22511809982974662,0.6054727440882594,[[ 14975 24528][ 16038 79347]],14975,24528,16038,79347
8,101,0.8249275088310242,asleep,0.6992616096316945,0.48286202560216684,0.379085132774726,0.4247263032503262,0.22511809982974662,0.6054727440882594,[[ 79347 16038][ 24528 14975]],79347,16038,24528,14975
8,101,0.8249275088310242,avg,0.6992616096316945,0.6233660308516249,0.6054727440882594,0.6105715225977617,0.22511809982974662,0.6054727440882594,,,,,
