client,round,loss,class,accuracy,precision,recall,f1_score,cohen_kappa_score,roc_auc_score,confusion_matrix,TP,FP,FN,TN
17,82,0.8130336999893188,awake,0.7103819465037661,0.7278774489572964,0.9429784557320333,0.8215822212479105,0.11596640857078289,0.5458633260357759,[[ 5876 33627][ 5439 89946]],5876,33627,5439,89946
17,82,0.8130336999893188,asleep,0.7103819465037661,0.5193106495802032,0.14874819633951852,0.23125664134755403,0.11596640857078289,0.5458633260357759,[[ 89946 5439][ 33627 5876]],89946,5439,33627,5876
17,82,0.8130336999893188,avg,0.7103819465037661,0.6235940492687498,0.5458633260357759,0.5264194312977323,0.11596640857078289,0.5458633260357759,,,,,
