client,round,loss,class,accuracy,precision,recall,f1_score,cohen_kappa_score,roc_auc_score,confusion_matrix,TP,FP,FN,TN
9,74,1.070986032485962,awake,0.7444917264693672,0.7498523525165693,0.9583896839125648,0.8413921959345965,0.23204197513831526,0.593198841652508,[[ 9007 30496][ 3969 91416]],9007,30496,3969,91416
9,74,1.070986032485962,asleep,0.7444917264693672,0.6941276202219482,0.2280079993924512,0.34326111396939724,0.23204197513831526,0.593198841652508,[[ 91416 3969][ 30496 9007]],91416,3969,30496,9007
9,74,1.070986032485962,avg,0.7444917264693672,0.7219899863692587,0.593198841652508,0.5923266549519969,0.23204197513831526,0.593198841652508,,,,,
