client,round,loss,class,accuracy,precision,recall,f1_score,cohen_kappa_score,roc_auc_score,confusion_matrix,TP,FP,FN,TN
9,37,0.9135127663612366,awake,0.7510156574343159,0.7559218154712606,0.956859044923206,0.8446038172353962,0.2596600689199483,0.605419877624502,[[ 10033 29470][ 4115 91270]],10033,29470,4115,91270
9,37,0.9135127663612366,asleep,0.7510156574343159,0.7091461690698332,0.25398071032579805,0.37400980410430373,0.2596600689199483,0.605419877624502,[[ 91270 4115][ 29470 10033]],91270,4115,29470,10033
9,37,0.9135127663612366,avg,0.7510156574343159,0.7325339922705469,0.605419877624502,0.60930681066985,0.2596600689199483,0.605419877624502,,,,,
