client,round,loss,class,accuracy,precision,recall,f1_score,cohen_kappa_score,roc_auc_score,confusion_matrix,TP,FP,FN,TN
17,19,0.6874122023582458,awake,0.7317255797402289,0.739307601507042,0.958662263458615,0.8348161098456666,0.18024754894306805,0.5712102295193489,[[ 7259 32244][ 3943 91442]],7259,32244,3943,91442
17,19,0.6874122023582458,asleep,0.7317255797402289,0.6480092840564184,0.18375819558008252,0.28632284784538015,0.18024754894306805,0.5712102295193487,[[ 91442 3943][ 32244 7259]],91442,3943,32244,7259
17,19,0.6874122023582458,avg,0.7317255797402289,0.6936584427817303,0.5712102295193487,0.5605694788455233,0.18024754894306805,0.5712102295193489,,,,,
