client,round,loss,class,accuracy,precision,recall,f1_score,cohen_kappa_score,roc_auc_score,confusion_matrix,TP,FP,FN,TN
0,2,0.7374624013900757,awake,0.6584129055216179,0.7212574823430167,0.8425748283273051,0.7772104402990127,0.06390878082014917,0.5281527155331688,[[ 8443 31060][ 15016 80369]],8443,31060,15016,80369
0,2,0.7374624013900757,asleep,0.6584129055216179,0.35990451425891984,0.21373060273903247,0.2681935135478542,0.06390878082014917,0.5281527155331689,[[ 80369 15016][ 31060 8443]],80369,15016,31060,8443
0,2,0.7374624013900757,avg,0.6584129055216179,0.5405809983009683,0.5281527155331688,0.5227019769234335,0.06390878082014917,0.5281527155331689,,,,,
