client,round,loss,class,accuracy,precision,recall,f1_score,cohen_kappa_score,roc_auc_score,confusion_matrix,TP,FP,FN,TN
13,62,0.8816336989402771,awake,0.653297550560465,0.784198650876229,0.7032342611521728,0.7415129171687247,0.2198951467629059,0.6179766475747954,[[ 21044 18459][ 28307 67078]],21044,18459,28307,67078
13,62,0.8816336989402771,asleep,0.653297550560465,0.4264148649470122,0.5327190339974179,0.4736759177977356,0.2198951467629059,0.6179766475747953,[[ 67078 28307][ 18459 21044]],67078,28307,18459,21044
13,62,0.8816336989402771,avg,0.653297550560465,0.6053067579116206,0.6179766475747954,0.6075944174832302,0.2198951467629059,0.6179766475747954,,,,,
