client,round,loss,class,accuracy,precision,recall,f1_score,cohen_kappa_score,roc_auc_score,confusion_matrix,TP,FP,FN,TN
16,27,0.8383029103279114,awake,0.7272996856651445,0.7692639936774585,0.8775908161660638,0.8198646438330671,0.26876313738268787,0.620996759879098,[[ 14395 25108][ 11676 83709]],14395,25108,11676,83709
16,27,0.8383029103279114,asleep,0.7272996856651445,0.5521460626750029,0.3644027035921322,0.4390459633391283,0.26876313738268787,0.6209967598790981,[[ 83709 11676][ 25108 14395]],83709,11676,25108,14395
16,27,0.8383029103279114,avg,0.7272996856651445,0.6607050281762307,0.620996759879098,0.6294553035860977,0.26876313738268787,0.620996759879098,,,,,
