client,round,loss,class,accuracy,precision,recall,f1_score,cohen_kappa_score,roc_auc_score,confusion_matrix,TP,FP,FN,TN
11,106,0.7131875157356262,awake,0.6969930609097919,0.8004696129551443,0.7612622529747864,0.7803737815559544,0.29292109212066697,0.6515346021727841,[[ 21403 18100][ 22772 72613]],21403,18100,22772,72613
11,106,0.7131875157356262,asleep,0.6969930609097919,0.4845048104131296,0.5418069513707819,0.5115562035421497,0.29292109212066697,0.6515346021727841,[[ 72613 22772][ 18100 21403]],72613,22772,18100,21403
11,106,0.7131875157356262,avg,0.6969930609097919,0.6424872116841369,0.6515346021727841,0.645964992549052,0.29292109212066697,0.6515346021727841,,,,,
