client,round,loss,class,accuracy,precision,recall,f1_score,cohen_kappa_score,roc_auc_score,confusion_matrix,TP,FP,FN,TN
13,97,0.9960512518882751,awake,0.667057114050175,0.7981499639680083,0.7082979504114902,0.7505443476715251,0.25543459038980376,0.6378869191593689,[[ 22417 17086][ 27824 67561]],22417,17086,27824,67561
13,97,0.9960512518882751,asleep,0.667057114050175,0.4461893672498557,0.5674758879072476,0.49957657336423605,0.25543459038980376,0.637886919159369,[[ 67561 27824][ 17086 22417]],67561,27824,17086,22417
13,97,0.9960512518882751,avg,0.667057114050175,0.6221696656089319,0.6378869191593689,0.6250604605178806,0.25543459038980376,0.637886919159369,,,,,
