client,round,loss,class,accuracy,precision,recall,f1_score,cohen_kappa_score,roc_auc_score,confusion_matrix,TP,FP,FN,TN
13,13,0.8088470101356506,awake,0.6454688334025266,0.7824238465649308,0.6907165696912513,0.733715685728604,0.20955605041732406,0.6134645046264018,[[ 21182 18321][ 29501 65884]],21182,18321,29501,65884
13,13,0.8088470101356506,asleep,0.6454688334025266,0.41793106169721606,0.5362124395615523,0.4697403144612246,0.20955605041732406,0.6134645046264018,[[ 65884 29501][ 18321 21182]],65884,29501,18321,21182
13,13,0.8088470101356506,avg,0.6454688334025266,0.6001774541310734,0.6134645046264018,0.6017280000949143,0.20955605041732406,0.6134645046264018,,,,,
