client,round,loss,class,accuracy,precision,recall,f1_score,cohen_kappa_score,roc_auc_score,confusion_matrix,TP,FP,FN,TN
8,55,0.7427657842636108,awake,0.6718981673684835,0.7719169485395793,0.7608219321696283,0.7663292836815402,0.21580839468532953,0.6090011997379544,[[ 18060 21443][ 22814 72571]],18060,21443,22814,72571
8,55,0.7427657842636108,asleep,0.6718981673684835,0.4418456720653716,0.45718046730628054,0.4493822859773318,0.21580839468532953,0.6090011997379544,[[ 72571 22814][ 21443 18060]],72571,22814,21443,18060
8,55,0.7427657842636108,avg,0.6718981673684835,0.6068813103024755,0.6090011997379544,0.607855784829436,0.21580839468532953,0.6090011997379544,,,,,
