client,round,loss,class,accuracy,precision,recall,f1_score,cohen_kappa_score,roc_auc_score,confusion_matrix,TP,FP,FN,TN
11,6,0.5696278810501099,awake,0.713162030721784,0.7796830909485566,0.8284740787335535,0.8033384331525525,0.27538992959536635,0.6316002776018474,[[ 17173 22330][ 16361 79024]],17173,22330,16361,79024
11,6,0.5696278810501099,asleep,0.713162030721784,0.5121071151666965,0.4347264764701415,0.4702548023604475,0.27538992959536635,0.6316002776018474,[[ 79024 16361][ 22330 17173]],79024,16361,22330,17173
11,6,0.5696278810501099,avg,0.713162030721784,0.6458951030576265,0.6316002776018474,0.6367966177565,0.27538992959536635,0.6316002776018474,,,,,
