client,round,loss,class,accuracy,precision,recall,f1_score,cohen_kappa_score,roc_auc_score,confusion_matrix,TP,FP,FN,TN
5,5,0.6974401473999023,awake,0.5830763299922899,0.7905934052882403,0.5582848456256225,0.6544346265868676,0.16659803830882347,0.6006116783123936,[[ 25398 14105][ 42133 53252]],25398,14105,42133,53252
5,5,0.6974401473999023,asleep,0.5830763299922899,0.3760939420414328,0.6429385109991647,0.47457817142216496,0.16659803830882347,0.6006116783123936,[[ 53252 42133][ 14105 25398]],53252,42133,14105,25398
5,5,0.6974401473999023,avg,0.5830763299922899,0.5833436736648365,0.6006116783123936,0.5645063990045163,0.16659803830882347,0.6006116783123936,,,,,
