client,round,loss,class,accuracy,precision,recall,f1_score,cohen_kappa_score,roc_auc_score,confusion_matrix,TP,FP,FN,TN
17,169,0.7687037587165833,awake,0.7168688096791412,0.7312962034326016,0.9479058552183257,0.8256301849577441,0.13524002721109152,0.5534532187262933,[[ 6281 33222][ 4969 90416]],6281,33222,4969,90416
17,169,0.7687037587165833,asleep,0.7168688096791412,0.5583111111111111,0.1590005822342607,0.24751246231749846,0.13524002721109152,0.5534532187262932,[[ 90416 4969][ 33222 6281]],90416,4969,33222,6281
17,169,0.7687037587165833,avg,0.7168688096791412,0.6448036572718563,0.5534532187262932,0.5365713236376213,0.13524002721109152,0.5534532187262933,,,,,
