client,round,loss,class,accuracy,precision,recall,f1_score,cohen_kappa_score,roc_auc_score,confusion_matrix,TP,FP,FN,TN
2,22,0.6725193858146667,awake,0.7405180594270803,0.7977397341327759,0.8480788383917807,0.8221394488513079,0.3442423348493223,0.6644388825277892,[[ 18993 20510][ 14491 80894]],18993,20510,14491,80894
2,22,0.6725193858146667,asleep,0.7405180594270803,0.5672261378568869,0.4807989266637977,0.520448847054955,0.3442423348493223,0.6644388825277892,[[ 80894 14491][ 20510 18993]],80894,14491,20510,18993
2,22,0.6725193858146667,avg,0.7405180594270803,0.6824829359948315,0.6644388825277892,0.6712941479531314,0.3442423348493223,0.6644388825277892,,,,,
