client,round,loss,class,accuracy,precision,recall,f1_score,cohen_kappa_score,roc_auc_score,confusion_matrix,TP,FP,FN,TN
4,169,1.440720796585083,awake,0.7215245240495819,0.7370142646335465,0.9425066834407926,0.8271892899040784,0.16248581425473663,0.5652208884889962,[[ 7424 32079][ 5484 89901]],7424,32079,5484,89901
4,169,1.440720796585083,asleep,0.7215245240495819,0.575147195537651,0.1879350935371997,0.2832993073973021,0.16248581425473663,0.5652208884889961,[[ 89901 5484][ 32079 7424]],89901,5484,32079,7424
4,169,1.440720796585083,avg,0.7215245240495819,0.6560807300855988,0.5652208884889961,0.5552442986506902,0.16248581425473663,0.5652208884889962,,,,,
