client,round,loss,class,accuracy,precision,recall,f1_score,cohen_kappa_score,roc_auc_score,confusion_matrix,TP,FP,FN,TN
10,145,1.0687708854675293,awake,0.5082957713065654,0.8082962019944834,0.3993814541070399,0.5346103918885732,0.1256894617168447,0.5853323238942663,[[ 30468 9035][ 57290 38095]],30468,9035,57290,38095
10,145,1.0687708854675293,asleep,0.5082957713065654,0.34718202329132386,0.7712831936814926,0.4788269776286529,0.1256894617168447,0.5853323238942663,[[ 38095 57290][ 9035 30468]],38095,57290,9035,30468
10,145,1.0687708854675293,avg,0.5082957713065654,0.5777391126429037,0.5853323238942663,0.506718684758613,0.1256894617168447,0.5853323238942663,,,,,
