client,round,loss,class,accuracy,precision,recall,f1_score,cohen_kappa_score,roc_auc_score,confusion_matrix,TP,FP,FN,TN
1,108,0.8573333621025085,awake,0.5692722851550917,0.7156274217240941,0.6486449651412696,0.6804918555669207,0.0246311667246778,0.513130927498868,[[ 14917 24586][ 33514 61871]],14917,24586,33514,61871
1,108,0.8573333621025085,asleep,0.5692722851550917,0.30800520327889164,0.3776168898564666,0.33927718516159844,0.0246311667246778,0.513130927498868,[[ 61871 33514][ 24586 14917]],61871,33514,24586,14917
1,108,0.8573333621025085,avg,0.5692722851550917,0.5118163125014928,0.513130927498868,0.5098845203642596,0.0246311667246778,0.513130927498868,,,,,
