client,round,loss,class,accuracy,precision,recall,f1_score,cohen_kappa_score,roc_auc_score,confusion_matrix,TP,FP,FN,TN
15,53,1.4720851182937622,awake,0.35086145542968983,0.6096842931643582,0.22797085495623,0.33185553715728994,-0.08624170572343548,0.43778362002045357,[[ 25582 13921][ 73640 21745]],25582,13921,73640,21745
15,53,1.4720851182937622,asleep,0.35086145542968983,0.25782588538832113,0.6475963850846771,0.36881600288340244,-0.08624170572343548,0.43778362002045357,[[ 21745 73640][ 13921 25582]],21745,73640,13921,25582
15,53,1.4720851182937622,avg,0.35086145542968983,0.43375508927633966,0.43778362002045357,0.3503357700203462,-0.08624170572343548,0.43778362002045357,,,,,
