client,round,loss,class,accuracy,precision,recall,f1_score,cohen_kappa_score,roc_auc_score,confusion_matrix,TP,FP,FN,TN
7,129,1.0473519563674927,awake,0.5803184864480161,0.7521492020965288,0.6063007810452378,0.6713955675261504,0.10894011337881582,0.56194086213237,[[ 20446 19057][ 37553 57832]],20446,19057,37553,57832
7,129,1.0473519563674927,asleep,0.5803184864480161,0.3525233193675753,0.5175809432195023,0.41939652519948306,0.10894011337881582,0.5619408621323699,[[ 57832 37553][ 19057 20446]],57832,37553,19057,20446
7,129,1.0473519563674927,avg,0.5803184864480161,0.5523362607320521,0.56194086213237,0.5453960463628167,0.10894011337881582,0.56194086213237,,,,,
