client,round,loss,class,accuracy,precision,recall,f1_score,cohen_kappa_score,roc_auc_score,confusion_matrix,TP,FP,FN,TN
15,5,1.1098341941833496,awake,0.3326759978648953,0.6015043277771478,0.16683964984012162,0.2612235518130038,-0.06620990728909537,0.4499742638234353,[[ 28960 10543][ 79471 15914]],28960,10543,79471,15914
15,5,1.1098341941833496,asleep,0.3326759978648953,0.2670822919644751,0.7331088778067488,0.3915259507618262,-0.06620990728909537,0.4499742638234352,[[ 15914 79471][ 10543 28960]],15914,79471,10543,28960
15,5,1.1098341941833496,avg,0.3326759978648953,0.43429330987081144,0.4499742638234352,0.326374751287415,-0.06620990728909537,0.44997426382343525,,,,,
