client,round,loss,class,accuracy,precision,recall,f1_score,cohen_kappa_score,roc_auc_score,confusion_matrix,TP,FP,FN,TN
9,10,0.8789259195327759,awake,0.7515865013937489,0.760936854268051,0.9458719924516433,0.8433854322464851,0.2757303410569216,0.6141657762425293,[[ 11158 28345][ 5163 90222]],11158,28345,5163,90222
9,10,0.8789259195327759,asleep,0.7515865013937489,0.6836590895165737,0.28245956003341516,0.3997563771854399,0.2757303410569216,0.6141657762425293,[[ 90222 5163][ 28345 11158]],90222,5163,28345,11158
9,10,0.8789259195327759,avg,0.7515865013937489,0.7222979718923124,0.6141657762425292,0.6215709047159625,0.2757303410569216,0.6141657762425293,,,,,
