client,round,loss,class,accuracy,precision,recall,f1_score,cohen_kappa_score,roc_auc_score,confusion_matrix,TP,FP,FN,TN
8,54,0.7337822318077087,awake,0.6937014411956586,0.7733491066824401,0.8018556376788804,0.7873444303758377,0.24068016871235287,0.6172025321523531,[[ 17087 22416][ 18900 76485]],17087,22416,18900,76485
8,54,0.7337822318077087,asleep,0.6937014411956586,0.4748103481812877,0.4325494266258259,0.4526957212875878,0.24068016871235287,0.6172025321523531,[[ 76485 18900][ 22416 17087]],76485,18900,22416,17087
8,54,0.7337822318077087,avg,0.6937014411956586,0.6240797274318639,0.6172025321523531,0.6200200758317127,0.24068016871235287,0.6172025321523531,,,,,
