client,round,loss,class,accuracy,precision,recall,f1_score,cohen_kappa_score,roc_auc_score,confusion_matrix,TP,FP,FN,TN
4,88,1.1828423738479614,awake,0.723674455844849,0.7340356981764289,0.955412276563401,0.8302199629219676,0.15193726162853516,0.5597631972392481,[[ 6483 33020][ 4253 91132]],6483,33020,4253,91132
4,88,1.1828423738479614,asleep,0.723674455844849,0.6038561847988078,0.16411411791509506,0.2580863472600967,0.15193726162853516,0.5597631972392481,[[ 91132 4253][ 33020 6483]],91132,4253,33020,6483
4,88,1.1828423738479614,avg,0.723674455844849,0.6689459414876183,0.5597631972392481,0.5441531550910321,0.15193726162853516,0.5597631972392481,,,,,
