client,round,loss,class,accuracy,precision,recall,f1_score,cohen_kappa_score,roc_auc_score,confusion_matrix,TP,FP,FN,TN
1,160,0.857858419418335,awake,0.6014100587153787,0.730740231516388,0.690926246265136,0.7102757405441524,0.07336097045117496,0.5380940625548903,[[ 15219 24284][ 29481 65904]],15219,24284,29481,65904
1,160,0.857858419418335,asleep,0.6014100587153787,0.34046979865771815,0.3852618788446447,0.3614835575929599,0.07336097045117496,0.5380940625548903,[[ 65904 29481][ 24284 15219]],65904,29481,24284,15219
1,160,0.857858419418335,avg,0.6014100587153787,0.535605015087053,0.5380940625548903,0.5358796490685562,0.07336097045117496,0.5380940625548903,,,,,
