client,round,loss,class,accuracy,precision,recall,f1_score,cohen_kappa_score,roc_auc_score,confusion_matrix,TP,FP,FN,TN
18,59,0.9679915904998779,awake,0.7190632228218967,0.7257413457309795,0.9688420611207212,0.8298543918175655,0.1111069643037228,0.5423913112985325,[[ 4580 34923][ 2972 92413]],4580,34923,2972,92413
18,59,0.9679915904998779,asleep,0.7190632228218967,0.6064618644067796,0.11594056147634357,0.19466581659759857,0.1111069643037228,0.5423913112985325,[[ 92413 2972][ 34923 4580]],92413,2972,34923,4580
18,59,0.9679915904998779,avg,0.7190632228218967,0.6661016050688795,0.5423913112985324,0.5122601042075821,0.1111069643037228,0.5423913112985325,,,,,
