client,round,loss,class,accuracy,precision,recall,f1_score,cohen_kappa_score,roc_auc_score,confusion_matrix,TP,FP,FN,TN
8,43,0.7189592123031616,awake,0.6820769823853864,0.7622925430401375,0.799821774912198,0.7806063458606612,0.20471781806220135,0.5987945165475604,[[ 15713 23790][ 19094 76291]],15713,23790,19094,76291
8,43,0.7189592123031616,asleep,0.6820769823853864,0.45143218318154393,0.3977672581829228,0.4229040505988426,0.20471781806220135,0.5987945165475604,[[ 76291 19094][ 23790 15713]],76291,19094,23790,15713
8,43,0.7189592123031616,avg,0.6820769823853864,0.6068623631108407,0.5987945165475603,0.601755198229752,0.20471781806220135,0.5987945165475604,,,,,
