client,round,loss,class,accuracy,precision,recall,f1_score,cohen_kappa_score,roc_auc_score,confusion_matrix,TP,FP,FN,TN
17,85,0.7594728469848633,awake,0.7206942055631339,0.7528656057206955,0.9006762069507784,0.8201644892289628,0.2169015993067933,0.5933905298733844,[[ 11302 28201][ 9474 85911]],11302,28201,9474,85911
17,85,0.7594728469848633,asleep,0.7206942055631339,0.5439930689256834,0.2861048527959902,0.37498963154664144,0.2169015993067933,0.5933905298733844,[[ 85911 9474][ 28201 11302]],85911,9474,28201,11302
17,85,0.7594728469848633,avg,0.7206942055631339,0.6484293373231895,0.5933905298733844,0.5975770603878021,0.2169015993067933,0.5933905298733844,,,,,
