client,round,loss,class,accuracy,precision,recall,f1_score,cohen_kappa_score,roc_auc_score,confusion_matrix,TP,FP,FN,TN
7,118,1.040124535560608,awake,0.5825647944961746,0.7544273139226001,0.6074015830581329,0.6729778546994152,0.11424659786356528,0.5649974019130879,[[ 20644 18859][ 37448 57937]],20644,18859,37448,57937
7,118,1.040124535560608,asleep,0.5825647944961746,0.3553673483440061,0.5225932207680429,0.4230544597571597,0.11424659786356528,0.5649974019130879,[[ 57937 37448][ 18859 20644]],57937,37448,18859,20644
7,118,1.040124535560608,avg,0.5825647944961746,0.5548973311333031,0.5649974019130879,0.5480161572282874,0.11424659786356528,0.5649974019130879,,,,,
