client,round,loss,class,accuracy,precision,recall,f1_score,cohen_kappa_score,roc_auc_score,confusion_matrix,TP,FP,FN,TN
8,147,0.8608359098434448,awake,0.6896239843425657,0.780395033268717,0.7808041096608481,0.7805995178702442,0.25035494901371314,0.625131062753873,[[ 18545 20958][ 20908 74477]],18545,20958,20908,74477
8,147,0.8608359098434448,asleep,0.6896239843425657,0.4700529744252655,0.4694580158468977,0.4697553067531283,0.25035494901371314,0.625131062753873,[[ 74477 20908][ 20958 18545]],74477,20908,20958,18545
8,147,0.8608359098434448,avg,0.6896239843425657,0.6252240038469912,0.6251310627538729,0.6251774123116862,0.25035494901371314,0.625131062753873,,,,,
