client,round,loss,class,accuracy,precision,recall,f1_score,cohen_kappa_score,roc_auc_score,confusion_matrix,TP,FP,FN,TN
13,113,1.081754207611084,awake,0.6628981080600201,0.7966198388361977,0.7026891020600723,0.7467121204525325,0.2487601035316518,0.6347534060537052,[[ 22391 17112][ 28359 67026]],22391,17112,28359,67026
13,113,1.081754207611084,asleep,0.6628981080600201,0.44120197044334974,0.5668177100473382,0.49618295236723436,0.2487601035316518,0.6347534060537052,[[ 67026 28359][ 17112 22391]],67026,28359,17112,22391
13,113,1.081754207611084,avg,0.6628981080600201,0.6189109046397737,0.6347534060537052,0.6214475364098835,0.2487601035316518,0.6347534060537052,,,,,
