client,round,loss,class,accuracy,precision,recall,f1_score,cohen_kappa_score,roc_auc_score,confusion_matrix,TP,FP,FN,TN
3,129,1.0550352334976196,awake,0.6729657197082024,0.7668026559540412,0.7724380143628453,0.7696100192718481,0.20628758806393588,0.6026076358931661,[[ 17096 22407][ 21706 73679]],17096,22407,21706,73679
3,129,1.0550352334976196,asleep,0.6729657197082024,0.44059584557497034,0.4327772574234868,0.43665155481769996,0.20628758806393588,0.602607635893166,[[ 73679 21706][ 22407 17096]],73679,21706,22407,17096
3,129,1.0550352334976196,avg,0.6729657197082024,0.6036992507645058,0.602607635893166,0.6031307870447741,0.20628758806393588,0.602607635893166,,,,,
