client,round,loss,class,accuracy,precision,recall,f1_score,cohen_kappa_score,roc_auc_score,confusion_matrix,TP,FP,FN,TN
10,88,1.2291905879974365,awake,0.4252416819880197,0.8242364818244544,0.23795145987314567,0.36929109516604025,0.07679317975700284,0.5577145598988542,[[ 34663 4840][ 72688 22697]],34663,4840,72688,22697
10,88,1.2291905879974365,asleep,0.4252416819880197,0.3228940578103604,0.8774776599245627,0.47207430509213233,0.07679317975700284,0.5577145598988542,[[ 22697 72688][ 4840 34663]],22697,72688,4840,34663
10,88,1.2291905879974365,avg,0.4252416819880197,0.5735652698174074,0.5577145598988542,0.42068270012908626,0.07679317975700284,0.5577145598988542,,,,,
