client,round,loss,class,accuracy,precision,recall,f1_score,cohen_kappa_score,roc_auc_score,confusion_matrix,TP,FP,FN,TN
18,49,0.9886729121208191,awake,0.713058240910978,0.7137287138569209,0.9921790637940976,0.8302285696740546,0.043180160145883884,0.5156323514297425,[[ 1544 37959][ 746 94639]],1544,37959,746,94639
18,49,0.9886729121208191,asleep,0.713058240910978,0.674235807860262,0.03908563906538744,0.07388797166989687,0.043180160145883884,0.5156323514297425,[[ 94639 746][ 37959 1544]],94639,746,37959,1544
18,49,0.9886729121208191,avg,0.713058240910978,0.6939822608585915,0.5156323514297425,0.45205827067197574,0.043180160145883884,0.5156323514297425,,,,,
