client,round,loss,class,accuracy,precision,recall,f1_score,cohen_kappa_score,roc_auc_score,confusion_matrix,TP,FP,FN,TN
18,75,1.086920142173767,awake,0.720872130953087,0.723799482114338,0.9787702468941657,0.832193108735086,0.10243863464265424,0.5384573458099414,[[ 3877 35626][ 2025 93360]],3877,35626,2025,93360
18,75,1.086920142173767,asleep,0.720872130953087,0.6568959674686546,0.09814444472571704,0.1707741438167603,0.10243863464265424,0.5384573458099414,[[ 93360 2025][ 35626 3877]],93360,2025,35626,3877
18,75,1.086920142173767,avg,0.720872130953087,0.6903477247914963,0.5384573458099413,0.5014836262759231,0.10243863464265424,0.5384573458099414,,,,,
