client,round,loss,class,accuracy,precision,recall,f1_score,cohen_kappa_score,roc_auc_score,confusion_matrix,TP,FP,FN,TN
15,188,1.244065523147583,awake,0.4253602989146551,0.6651634723788049,0.3773129947056665,0.48149733765017527,-0.06225477913332189,0.45934479950710005,[[ 21386 18117][ 59395 35990]],21386,18117,59395,35990
15,188,1.244065523147583,asleep,0.4253602989146551,0.2647404711503943,0.5413766043085335,0.3555917661534369,-0.06225477913332189,0.45934479950709994,[[ 35990 59395][ 18117 21386]],35990,59395,18117,21386
15,188,1.244065523147583,avg,0.4253602989146551,0.46495197176459957,0.4593447995071,0.41854455190180606,-0.06225477913332189,0.4593447995071,,,,,
