client,round,loss,class,accuracy,precision,recall,f1_score,cohen_kappa_score,roc_auc_score,confusion_matrix,TP,FP,FN,TN
14,44,0.9301168918609619,awake,0.7418969811992171,0.7544145566961811,0.9414897520574513,0.8376340224696045,0.24429244506985592,0.6007223460942903,[[ 10269 29234][ 5581 89804]],10269,29234,5581,89804
14,44,0.9301168918609619,asleep,0.7418969811992171,0.6478864353312302,0.2599549401311293,0.3710368001734324,0.24429244506985592,0.6007223460942904,[[ 89804 5581][ 29234 10269]],89804,5581,29234,10269
14,44,0.9301168918609619,avg,0.7418969811992171,0.7011504960137056,0.6007223460942903,0.6043354113215185,0.24429244506985592,0.6007223460942903,,,,,
