client,round,loss,class,accuracy,precision,recall,f1_score,cohen_kappa_score,roc_auc_score,confusion_matrix,TP,FP,FN,TN
0,117,0.8596568703651428,awake,0.7298870173773797,0.761242975909808,0.9004350788908109,0.825009245428916,0.2509704910777143,0.6092560934792763,[[ 12565 26938][ 9497 85888]],12565,26938,9497,85888
0,117,0.8596568703651428,asleep,0.7298870173773797,0.5695313208231348,0.3180771080677417,0.4081864695849915,0.2509704910777143,0.6092560934792762,[[ 85888 9497][ 26938 12565]],85888,9497,26938,12565
0,117,0.8596568703651428,avg,0.7298870173773797,0.6653871483664715,0.6092560934792763,0.6165978575069537,0.2509704910777143,0.6092560934792763,,,,,
