client,round,loss,class,accuracy,precision,recall,f1_score,cohen_kappa_score,roc_auc_score,confusion_matrix,TP,FP,FN,TN
16,134,0.9626715779304504,awake,0.7313623154024079,0.778944191354706,0.8658174765424334,0.820086590403559,0.2958594984119398,0.6362603824501398,[[ 16066 23437][ 12799 82586]],16066,23437,12799,82586
16,134,0.9626715779304504,asleep,0.7313623154024079,0.5565910271955655,0.40670328835784625,0.46998595834308454,0.2958594984119398,0.6362603824501398,[[ 82586 12799][ 23437 16066]],82586,12799,23437,16066
16,134,0.9626715779304504,avg,0.7313623154024079,0.6677676092751358,0.6362603824501398,0.6450362743733218,0.2958594984119398,0.6362603824501398,,,,,
