client,round,loss,class,accuracy,precision,recall,f1_score,cohen_kappa_score,roc_auc_score,confusion_matrix,TP,FP,FN,TN
17,51,0.7004568576812744,awake,0.7157790166656782,0.7323914974050628,0.9424228128112386,0.824237589627918,0.13917105222349835,0.555470829740556,[[ 6657 32846][ 5492 89893]],6657,32846,5492,89893
17,51,0.7004568576812744,asleep,0.7157790166656782,0.5479463330315252,0.16851884666987318,0.257763494153179,0.13917105222349835,0.555470829740556,[[ 89893 5492][ 32846 6657]],89893,5492,32846,6657
17,51,0.7004568576812744,avg,0.7157790166656782,0.640168915218294,0.555470829740556,0.5410005418905486,0.13917105222349835,0.555470829740556,,,,,
