client,round,loss,class,accuracy,precision,recall,f1_score,cohen_kappa_score,roc_auc_score,confusion_matrix,TP,FP,FN,TN
2,136,0.7433403134346008,awake,0.7481688511950655,0.784380730121687,0.8879698065733606,0.8329670005458113,0.3293351188938489,0.649285766512258,[[ 16220 23283][ 10686 84699]],16220,23283,10686,84699
2,136,0.7433403134346008,asleep,0.7481688511950655,0.6028395153497361,0.4106017264511556,0.48848800614374555,0.3293351188938489,0.6492857665122581,[[ 84699 10686][ 23283 16220]],84699,10686,23283,16220
2,136,0.7433403134346008,avg,0.7481688511950655,0.6936101227357115,0.6492857665122581,0.6607275033447784,0.3293351188938489,0.649285766512258,,,,,
