client,round,loss,class,accuracy,precision,recall,f1_score,cohen_kappa_score,roc_auc_score,confusion_matrix,TP,FP,FN,TN
18,170,1.0159034729003906,awake,0.7326596880374829,0.7448531475458553,0.94598731456728,0.8334572593718105,0.20215061941264734,0.5817702059002008,[[ 8594 30909][ 5152 90233]],8594,30909,5152,90233
18,170,1.0159034729003906,asleep,0.7326596880374829,0.6252000581987487,0.21755309723312152,0.3227854044207403,0.20215061941264734,0.5817702059002007,[[ 90233 5152][ 30909 8594]],90233,5152,30909,8594
18,170,1.0159034729003906,avg,0.7326596880374829,0.685026602872302,0.5817702059002008,0.5781213318962753,0.20215061941264734,0.5817702059002008,,,,,
