client,round,loss,class,accuracy,precision,recall,f1_score,cohen_kappa_score,roc_auc_score,confusion_matrix,TP,FP,FN,TN
3,104,0.9633379578590393,awake,0.6588428918806714,0.7847690905524983,0.7131414792682288,0.7472427278319712,0.22626624152227293,0.6204367751250899,[[ 20847 18656][ 27362 68023]],20847,18656,27362,68023
3,104,0.9633379578590393,asleep,0.6588428918806714,0.4324296293223257,0.5277320709819507,0.4753511492156148,0.22626624152227293,0.6204367751250897,[[ 68023 27362][ 18656 20847]],68023,27362,18656,20847
3,104,0.9633379578590393,avg,0.6588428918806714,0.608599359937412,0.6204367751250898,0.611296938523793,0.22626624152227293,0.6204367751250898,,,,,
