client,round,loss,class,accuracy,precision,recall,f1_score,cohen_kappa_score,roc_auc_score,confusion_matrix,TP,FP,FN,TN
18,41,0.9252228736877441,awake,0.7187370262736492,0.7214947793766098,0.980887980290402,0.8314294219840667,0.08934937349292049,0.5333141519050674,[[ 3387 36116][ 1823 93562]],3387,36116,1823,93562
18,41,0.9252228736877441,asleep,0.7187370262736492,0.6500959692898273,0.08574032351973268,0.15149956388522354,0.08934937349292049,0.5333141519050674,[[ 93562 1823][ 36116 3387]],93562,1823,36116,3387
18,41,0.9252228736877441,avg,0.7187370262736492,0.6857953743332186,0.5333141519050674,0.4914644929346451,0.08934937349292049,0.5333141519050674,,,,,
