client,round,loss,class,accuracy,precision,recall,f1_score,cohen_kappa_score,roc_auc_score,confusion_matrix,TP,FP,FN,TN
3,35,0.8332232236862183,awake,0.6364836012098927,0.8021065529962327,0.6450909472139226,0.7150809422538321,0.2290736127952031,0.6303955103130342,[[ 24322 15181][ 33853 61532]],24322,15181,33853,61532
3,35,0.8332232236862183,asleep,0.6364836012098927,0.41808336914482164,0.6157000734121459,0.4980036446282683,0.2290736127952031,0.6303955103130343,[[ 61532 33853][ 15181 24322]],61532,33853,15181,24322
3,35,0.8332232236862183,avg,0.6364836012098927,0.6100949610705272,0.6303955103130343,0.6065422934410503,0.2290736127952031,0.6303955103130343,,,,,
