client,round,loss,class,accuracy,precision,recall,f1_score,cohen_kappa_score,roc_auc_score,confusion_matrix,TP,FP,FN,TN
12,15,0.9353001117706299,awake,0.7100631635134333,0.7548731884057971,0.8737013157205011,0.809952134509318,0.2122743713964661,0.5943197108435683,[[ 12441 27062][ 12047 83338]],12441,27062,12047,83338
12,15,0.9353001117706299,asleep,0.7100631635134333,0.5080447566154851,0.31493810596663546,0.38883593005266365,0.2122743713964661,0.5943197108435683,[[ 83338 12047][ 27062 12441]],83338,12047,27062,12441
12,15,0.9353001117706299,avg,0.7100631635134333,0.6314589725106411,0.5943197108435683,0.5993940322809909,0.2122743713964661,0.5943197108435683,,,,,
