client,round,loss,class,accuracy,precision,recall,f1_score,cohen_kappa_score,roc_auc_score,confusion_matrix,TP,FP,FN,TN
11,7,0.5717295408248901,awake,0.7145928473993239,0.7940352509432987,0.8052733658332023,0.7996148240682905,0.3039493624985208,0.6504533044390172,[[ 19579 19924][ 18574 76811]],19579,19924,18574,76811
11,7,0.5717295408248901,asleep,0.7145928473993239,0.5131706549943648,0.49563324304483203,0.5042495106624086,0.3039493624985208,0.6504533044390172,[[ 76811 18574][ 19924 19579]],76811,18574,19924,19579
11,7,0.5717295408248901,avg,0.7145928473993239,0.6536029529688318,0.6504533044390172,0.6519321673653495,0.3039493624985208,0.6504533044390172,,,,,
