client,round,loss,class,accuracy,precision,recall,f1_score,cohen_kappa_score,roc_auc_score,confusion_matrix,TP,FP,FN,TN
15,196,1.3439674377441406,awake,0.40723414981317835,0.6558446805931553,0.34033653090108507,0.44812710946073725,-0.06781966141849027,0.45455172999753896,[[ 22468 17035][ 62922 32463]],22468,17035,62922,32463
15,196,1.3439674377441406,asleep,0.40723414981317835,0.2631221454502869,0.5687669290939928,0.3597959853634711,-0.06781966141849027,0.454551729997539,[[ 32463 62922][ 17035 22468]],32463,62922,17035,22468
15,196,1.3439674377441406,avg,0.40723414981317835,0.4594834130217211,0.45455172999753896,0.4039615474121042,-0.06781966141849027,0.454551729997539,,,,,
