client,round,loss,class,accuracy,precision,recall,f1_score,cohen_kappa_score,roc_auc_score,confusion_matrix,TP,FP,FN,TN
17,14,0.6759063601493835,awake,0.727596227981733,0.738178598409462,0.9526864811028988,0.8318260041741422,0.1721591361599768,0.568386882806468,[[ 7272 32231][ 4513 90872]],7272,32231,4513,90872
17,14,0.6759063601493835,asleep,0.727596227981733,0.6170555791260076,0.18408728451003722,0.2835751052877867,0.1721591361599768,0.568386882806468,[[ 90872 4513][ 32231 7272]],90872,4513,32231,7272
17,14,0.6759063601493835,avg,0.727596227981733,0.6776170887677349,0.568386882806468,0.5577005547309645,0.1721591361599768,0.568386882806468,,,,,
