client,round,loss,class,accuracy,precision,recall,f1_score,cohen_kappa_score,roc_auc_score,confusion_matrix,TP,FP,FN,TN
7,196,0.9676498174667358,awake,0.5957831682581104,0.7446092693030663,0.6520102741521203,0.6952400116260872,0.10296874489932872,0.5560129845813129,[[ 18172 21331][ 33193 62192]],18172,21331,33193,62192
7,196,0.9676498174667358,asleep,0.5957831682581104,0.3537817580064246,0.46001569501050554,0.3999647840824052,0.10296874489932872,0.5560129845813129,[[ 62192 33193][ 21331 18172]],62192,33193,21331,18172
7,196,0.9676498174667358,avg,0.5957831682581104,0.5491955136547454,0.5560129845813129,0.5476023978542461,0.10296874489932872,0.5560129845813129,,,,,
