client,round,loss,class,accuracy,precision,recall,f1_score,cohen_kappa_score,roc_auc_score,confusion_matrix,TP,FP,FN,TN
15,142,1.2579149007797241,awake,0.40277118794852024,0.6623308369465247,0.3170938826859569,0.42886615479507406,-0.0535231089855861,0.4633718913467756,[[ 24083 15420][ 65139 30246]],24083,15420,65139,30246
15,142,1.2579149007797241,asleep,0.40277118794852024,0.2699222164936899,0.6096499000075943,0.37417751019615464,-0.0535231089855861,0.46337189134677564,[[ 30246 65139][ 15420 24083]],30246,65139,15420,24083
15,142,1.2579149007797241,avg,0.40277118794852024,0.46612652672010735,0.4633718913467756,0.40152183249561435,-0.0535231089855861,0.4633718913467756,,,,,
