client,round,loss,class,accuracy,precision,recall,f1_score,cohen_kappa_score,roc_auc_score,confusion_matrix,TP,FP,FN,TN
4,69,1.2202366590499878,awake,0.7124429156040567,0.72057023936647,0.9691985112963254,0.8265931098613211,0.08158321682705627,0.5308362503067962,[[ 3653 35850][ 2938 92447]],3653,35850,2938,92447
4,69,1.2202366590499878,asleep,0.7124429156040567,0.5542406311637081,0.09247398931726704,0.15850219117455633,0.08158321682705627,0.5308362503067962,[[ 92447 2938][ 35850 3653]],92447,2938,35850,3653
4,69,1.2202366590499878,avg,0.7124429156040567,0.6374054352650891,0.5308362503067963,0.4925476505179387,0.08158321682705627,0.5308362503067962,,,,,
