client,round,loss,class,accuracy,precision,recall,f1_score,cohen_kappa_score,roc_auc_score,confusion_matrix,TP,FP,FN,TN
11,117,0.7364877462387085,awake,0.7269364213273234,0.7835667654636679,0.8481102898778634,0.8145619679097001,0.2999318015936676,0.6412285241759517,[[ 17158 22345][ 14488 80897]],17158,22345,14488,80897
11,117,0.7364877462387085,asleep,0.7269364213273234,0.5421854262782027,0.43434675847404,0.4823117682609735,0.2999318015936676,0.6412285241759517,[[ 80897 14488][ 22345 17158]],80897,14488,22345,17158
11,117,0.7364877462387085,avg,0.7269364213273234,0.6628760958709352,0.6412285241759517,0.6484368680853368,0.2999318015936676,0.6412285241759517,,,,,
