client,round,loss,class,accuracy,precision,recall,f1_score,cohen_kappa_score,roc_auc_score,confusion_matrix,TP,FP,FN,TN
9,44,0.8948485851287842,awake,0.7492660577664433,0.7533706477899416,0.9595533888976254,0.8440530259365995,0.24931608612319156,0.6005270172091094,[[ 9540 29963][ 3858 91527]],9540,29963,3858,91527
9,44,0.8948485851287842,asleep,0.7492660577664433,0.7120465741155396,0.24150064552059336,0.3606737112719986,0.24931608612319156,0.6005270172091093,[[ 91527 3858][ 29963 9540]],91527,3858,29963,9540
9,44,0.8948485851287842,avg,0.7492660577664433,0.7327086109527405,0.6005270172091094,0.6023633686042991,0.24931608612319156,0.6005270172091093,,,,,
