client,round,loss,class,accuracy,precision,recall,f1_score,cohen_kappa_score,roc_auc_score,confusion_matrix,TP,FP,FN,TN
3,192,1.1679720878601074,awake,0.6521706897574284,0.7783636008592072,0.7104051999790324,0.7428333388145274,0.20905130961476437,0.6109806421635283,[[ 20208 19295][ 27623 67762]],20208,19295,27623,67762
3,192,1.1679720878601074,asleep,0.6521706897574284,0.4224875081014405,0.5115560843480242,0.4627750933198983,0.20905130961476437,0.6109806421635283,[[ 67762 27623][ 19295 20208]],67762,27623,19295,20208
3,192,1.1679720878601074,avg,0.6521706897574284,0.6004255544803239,0.6109806421635283,0.6028042160672129,0.20905130961476437,0.6109806421635283,,,,,
