client,round,loss,class,accuracy,precision,recall,f1_score,cohen_kappa_score,roc_auc_score,confusion_matrix,TP,FP,FN,TN
8,120,0.7857685685157776,awake,0.6982756064290374,0.7628578569917902,0.8319337422026524,0.7958998430345975,0.22167214234914445,0.6037374201735486,[[ 14835 24668][ 16031 79354]],14835,24668,16031,79354
8,120,0.7857685685157776,asleep,0.6982756064290374,0.48062593144560356,0.37554109814444475,0.4216345265670963,0.22167214234914445,0.6037374201735486,[[ 79354 16031][ 24668 14835]],79354,16031,24668,14835
8,120,0.7857685685157776,avg,0.6982756064290374,0.6217418942186969,0.6037374201735486,0.6087671848008469,0.22167214234914445,0.6037374201735486,,,,,
