client,round,loss,class,accuracy,precision,recall,f1_score,cohen_kappa_score,roc_auc_score,confusion_matrix,TP,FP,FN,TN
18,131,1.3459807634353638,awake,0.7121018919399799,0.7143756112724323,0.9878282748859883,0.8291373711952551,0.04683419877935091,0.5170769352051895,[[ 1830 37673][ 1161 94224]],1830,37673,1161,94224
18,131,1.3459807634353638,asleep,0.7121018919399799,0.6118355065195586,0.046325595524390556,0.08612980656092627,0.04683419877935091,0.5170769352051895,[[ 94224 1161][ 37673 1830]],94224,1161,37673,1830
18,131,1.3459807634353638,avg,0.7121018919399799,0.6631055588959955,0.5170769352051895,0.4576335888780907,0.04683419877935091,0.5170769352051895,,,,,
