client,round,loss,class,accuracy,precision,recall,f1_score,cohen_kappa_score,roc_auc_score,confusion_matrix,TP,FP,FN,TN
0,101,0.9531353712081909,awake,0.7317848882035466,0.7443177128897546,0.9454945746186507,0.8329308107558958,0.19936374226764297,0.580625170001779,[[ 8523 30980][ 5199 90186]],8523,30980,5199,90186
0,101,0.9531353712081909,asleep,0.7317848882035466,0.6211193703541757,0.21575576538490748,0.3202630342883983,0.19936374226764297,0.580625170001779,[[ 90186 5199][ 30980 8523]],90186,5199,30980,8523
0,101,0.9531353712081909,avg,0.7317848882035466,0.6827185416219652,0.580625170001779,0.576596922522147,0.19936374226764297,0.580625170001779,,,,,
