client,round,loss,class,accuracy,precision,recall,f1_score,cohen_kappa_score,roc_auc_score,confusion_matrix,TP,FP,FN,TN
13,94,0.8132621049880981,awake,0.7191373584010439,0.7890260575840438,0.8228337788960528,0.80557537065643,0.30069604588198795,0.6457914939084471,[[ 18517 20986][ 16899 78486]],18517,20986,16899,78486
13,94,0.8132621049880981,asleep,0.7191373584010439,0.5228427829229727,0.46874920892084143,0.49432053284213623,0.30069604588198795,0.6457914939084471,[[ 78486 16899][ 20986 18517]],78486,16899,20986,18517
13,94,0.8132621049880981,avg,0.7191373584010439,0.6559344202535082,0.6457914939084471,0.6499479517492831,0.30069604588198795,0.6457914939084471,,,,,
