client,round,loss,class,accuracy,precision,recall,f1_score,cohen_kappa_score,roc_auc_score,confusion_matrix,TP,FP,FN,TN
3,162,1.2005178928375244,awake,0.6664714429749126,0.7906947232412727,0.7185511348744561,0.7528986581862721,0.24355175172288857,0.6296347806615402,[[ 21360 18143][ 26846 68539]],21360,18143,26846,68539
3,162,1.2005178928375244,asleep,0.6664714429749126,0.4430983694975729,0.5407184264486241,0.4870651814523025,0.24355175172288857,0.6296347806615401,[[ 68539 26846][ 18143 21360]],68539,26846,18143,21360
3,162,1.2005178928375244,avg,0.6664714429749126,0.6168965463694228,0.6296347806615401,0.6199819198192873,0.24355175172288857,0.6296347806615401,,,,,
