client,round,loss,class,accuracy,precision,recall,f1_score,cohen_kappa_score,roc_auc_score,confusion_matrix,TP,FP,FN,TN
9,75,1.0029376745224,awake,0.7456260008303185,0.7548765117812518,0.9481679509356817,0.8405531752744037,0.25001084899370696,0.6023653718174852,[[ 10135 29368][ 4944 90441]],10135,29368,4944,90441
9,75,1.0029376745224,asleep,0.7456260008303185,0.6721267988593408,0.25656279269928867,0.37136785020702795,0.25001084899370696,0.6023653718174852,[[ 90441 4944][ 29368 10135]],90441,4944,29368,10135
9,75,1.0029376745224,avg,0.7456260008303185,0.7135016553202963,0.6023653718174852,0.6059605127407158,0.25001084899370696,0.6023653718174852,,,,,
