client,round,loss,class,accuracy,precision,recall,f1_score,cohen_kappa_score,roc_auc_score,confusion_matrix,TP,FP,FN,TN
17,166,0.8317224979400635,awake,0.7211019512484431,0.7276345552131525,0.9678985165382398,0.8307433435613184,0.12144218170199361,0.546539441293194,[[ 4945 34558][ 3062 92323]],4945,34558,3062,92323
17,166,0.8317224979400635,asleep,0.7211019512484431,0.6175846134632197,0.12518036604814825,0.20816670174700064,0.12144218170199361,0.5465394412931941,[[ 92323 3062][ 34558 4945]],92323,3062,34558,4945
17,166,0.8317224979400635,avg,0.7211019512484431,0.6726095843381861,0.546539441293194,0.5194550226541595,0.12144218170199361,0.5465394412931941,,,,,
