client,round,loss,class,accuracy,precision,recall,f1_score,cohen_kappa_score,roc_auc_score,confusion_matrix,TP,FP,FN,TN
12,89,1.4476346969604492,awake,0.7049107407627069,0.7441983076017328,0.8878964197725009,0.8097213989330172,0.17484461850528676,0.5754825237358314,[[ 10392 29111][ 10693 84692]],10392,29111,10693,84692
12,89,1.4476346969604492,asleep,0.7049107407627069,0.49286222433009247,0.2630686276991621,0.3430382253911666,0.17484461850528676,0.5754825237358315,[[ 84692 10693][ 29111 10392]],84692,10693,29111,10392
12,89,1.4476346969604492,avg,0.7049107407627069,0.6185302659659127,0.5754825237358315,0.5763798121620919,0.17484461850528676,0.5754825237358314,,,,,
