client,round,loss,class,accuracy,precision,recall,f1_score,cohen_kappa_score,roc_auc_score,confusion_matrix,TP,FP,FN,TN
7,122,1.0751585960388184,awake,0.5778201174307573,0.772463069551164,0.571242857891702,0.6567865817276688,0.13928199764326532,0.5824723010315154,[[ 23453 16050][ 40897 54488]],23453,16050,40897,54488
7,122,1.0751585960388184,asleep,0.5778201174307573,0.36445998445998445,0.5937017441713287,0.45165763145985194,0.13928199764326532,0.5824723010315154,[[ 54488 40897][ 16050 23453]],54488,40897,16050,23453
7,122,1.0751585960388184,avg,0.5778201174307573,0.5684615270055742,0.5824723010315154,0.5542221065937604,0.13928199764326532,0.5824723010315154,,,,,
