client,round,loss,class,accuracy,precision,recall,f1_score,cohen_kappa_score,roc_auc_score,confusion_matrix,TP,FP,FN,TN
1,16,0.752582311630249,awake,0.618691062214578,0.7128192215690642,0.7716622110394716,0.7410744850083566,0.0222863111846342,0.5104925236398785,[[ 9849 29654][ 21780 73605]],9849,29654,21780,73605
1,16,0.752582311630249,asleep,0.618691062214578,0.3113914445603718,0.24932283624028556,0.276921779227352,0.0222863111846342,0.5104925236398786,[[ 73605 21780][ 29654 9849]],73605,21780,29654,9849
1,16,0.752582311630249,avg,0.618691062214578,0.5121053330647181,0.5104925236398786,0.5089981321178543,0.0222863111846342,0.5104925236398785,,,,,
