client,round,loss,class,accuracy,precision,recall,f1_score,cohen_kappa_score,roc_auc_score,confusion_matrix,TP,FP,FN,TN
11,111,0.723874568939209,awake,0.7193597651384852,0.8013809144629311,0.8018766053362688,0.8016286832714106,0.3221299355715763,0.6609945009315574,[[ 20546 18957][ 18898 76487]],20546,18957,18898,76487
11,111,0.723874568939209,asleep,0.7193597651384852,0.5208903762295913,0.520112396526846,0.5205010956717798,0.3221299355715763,0.6609945009315574,[[ 76487 18898][ 18957 20546]],76487,18898,18957,20546
11,111,0.723874568939209,avg,0.7193597651384852,0.6611356453462612,0.6609945009315574,0.6610648894715951,0.3221299355715763,0.6609945009315574,,,,,
