client,round,loss,class,accuracy,precision,recall,f1_score,cohen_kappa_score,roc_auc_score,confusion_matrix,TP,FP,FN,TN
1,181,0.8856440186500549,awake,0.5734831860506494,0.7143649975648707,0.6612360434030508,0.6867745377730351,0.021687949881590507,0.5114144169120157,[[ 14284 25219][ 32313 63072]],14284,25219,32313,63072
1,181,0.8856440186500549,asleep,0.5734831860506494,0.3065433396999807,0.3615927904209807,0.3318002322880372,0.021687949881590507,0.5114144169120157,[[ 63072 32313][ 25219 14284]],63072,32313,25219,14284
1,181,0.8856440186500549,avg,0.5734831860506494,0.5104541686324258,0.5114144169120157,0.5092873850305362,0.021687949881590507,0.5114144169120157,,,,,
