client,round,loss,class,accuracy,precision,recall,f1_score,cohen_kappa_score,roc_auc_score,confusion_matrix,TP,FP,FN,TN
18,81,1.0274269580841064,awake,0.7250830318486448,0.731909307875895,0.9645227236986947,0.8322681321663614,0.14376645553624134,0.5557241368284629,[[ 5804 33699][ 3384 92001]],5804,33699,3384,92001
18,81,1.0274269580841064,asleep,0.7250830318486448,0.6316935132781889,0.146925549958231,0.23840134727156967,0.14376645553624134,0.5557241368284629,[[ 92001 3384][ 33699 5804]],92001,3384,33699,5804
18,81,1.0274269580841064,avg,0.7250830318486448,0.681801410577042,0.5557241368284629,0.5353347397189655,0.14376645553624134,0.5557241368284629,,,,,
