client,round,loss,class,accuracy,precision,recall,f1_score,cohen_kappa_score,roc_auc_score,confusion_matrix,TP,FP,FN,TN
1,151,0.8565073609352112,awake,0.5970508866615266,0.7192864319459586,0.7055092519788226,0.7123312321705487,0.04012999478349255,0.5203368349355673,[[ 13240 26263][ 28090 67295]],13240,26263,28090,67295
1,151,0.8565073609352112,asleep,0.5970508866615266,0.32034841519477375,0.335164417892312,0.3275889797483701,0.04012999478349255,0.5203368349355674,[[ 67295 28090][ 26263 13240]],67295,28090,26263,13240
1,151,0.8565073609352112,avg,0.5970508866615266,0.5198174235703662,0.5203368349355673,0.5199601059594594,0.04012999478349255,0.5203368349355673,,,,,
