client,round,loss,class,accuracy,precision,recall,f1_score,cohen_kappa_score,roc_auc_score,confusion_matrix,TP,FP,FN,TN
4,105,1.3752707242965698,awake,0.7211390190380167,0.7303061712645511,0.9602662892488337,0.8296460677973779,0.13380277612115643,0.5520011040199058,[[ 5678 33825][ 3790 91595]],5678,33825,3790,91595
4,105,1.3752707242965698,asleep,0.7211390190380167,0.5997042670046472,0.1437359187909779,0.2318923444487554,0.13380277612115643,0.5520011040199058,[[ 91595 3790][ 33825 5678]],91595,3790,33825,5678
4,105,1.3752707242965698,avg,0.7211390190380167,0.6650052191345992,0.5520011040199058,0.5307692061230667,0.13380277612115643,0.5520011040199058,,,,,
