client,round,loss,class,accuracy,precision,recall,f1_score,cohen_kappa_score,roc_auc_score,confusion_matrix,TP,FP,FN,TN
14,90,1.268035888671875,awake,0.7358326908249807,0.7479706512176093,0.9447711904387482,0.8349307675559489,0.21636080975923577,0.5880476968319099,[[ 9138 30365][ 5268 90117]],9138,30365,5268,90117
14,90,1.268035888671875,asleep,0.7358326908249807,0.6343190337359433,0.23132420322507152,0.33901574876180235,0.21636080975923577,0.5880476968319098,[[ 90117 5268][ 30365 9138]],90117,5268,30365,9138
14,90,1.268035888671875,avg,0.7358326908249807,0.6911448424767763,0.5880476968319099,0.5869732581588756,0.21636080975923577,0.5880476968319099,,,,,
