client,round,loss,class,accuracy,precision,recall,f1_score,cohen_kappa_score,roc_auc_score,confusion_matrix,TP,FP,FN,TN
5,56,0.8026778101921082,awake,0.5919429452582884,0.7630367598158749,0.6134612360434031,0.6801222743967642,0.13476067019285298,0.5767227705164488,[[ 21331 18172][ 36870 58515]],21331,18172,36870,58515
5,56,0.8026778101921082,asleep,0.5919429452582884,0.36650573014209376,0.5399843049894945,0.43664537787603375,0.13476067019285298,0.5767227705164488,[[ 58515 36870][ 18172 21331]],58515,36870,18172,21331
5,56,0.8026778101921082,avg,0.5919429452582884,0.5647712449789843,0.5767227705164488,0.5583838261363989,0.13476067019285298,0.5767227705164488,,,,,
