client,round,loss,class,accuracy,precision,recall,f1_score,cohen_kappa_score,roc_auc_score,confusion_matrix,TP,FP,FN,TN
9,39,0.9017531275749207,awake,0.7420897337049998,0.7441496905621454,0.9681396445982072,0.8414942523498617,0.20887266443012464,0.5822016097582839,[[ 7753 31750][ 3039 92346]],7753,31750,3039,92346
9,39,0.9017531275749207,asleep,0.7420897337049998,0.7184025203854707,0.19626357491836063,0.308301023958644,0.20887266443012464,0.5822016097582838,[[ 92346 3039][ 31750 7753]],92346,3039,31750,7753
9,39,0.9017531275749207,avg,0.7420897337049998,0.7312761054738081,0.5822016097582839,0.5748976381542529,0.20887266443012464,0.5822016097582838,,,,,
