client,round,loss,class,accuracy,precision,recall,f1_score,cohen_kappa_score,roc_auc_score,confusion_matrix,TP,FP,FN,TN
14,91,1.2987068891525269,awake,0.7348985825277267,0.7468535753320306,0.9456308643916759,0.8345693176718774,0.21150649183540882,0.5858448223687363,[[ 8930 30573][ 5186 90199]],8930,30573,5186,90199
14,91,1.2987068891525269,asleep,0.7348985825277267,0.632615471805044,0.22605878034579652,0.3330908819634831,0.21150649183540882,0.5858448223687361,[[ 90199 5186][ 30573 8930]],90199,5186,30573,8930
14,91,1.2987068891525269,avg,0.7348985825277267,0.6897345235685373,0.5858448223687363,0.5838300998176802,0.21150649183540882,0.5858448223687363,,,,,
