client,round,loss,class,accuracy,precision,recall,f1_score,cohen_kappa_score,roc_auc_score,confusion_matrix,TP,FP,FN,TN
10,125,1.014936923980713,awake,0.5197645454006287,0.8057703450618394,0.42279184358127586,0.5545883356024038,0.13224935956808426,0.5883546337871952,[[ 29782 9721][ 55057 40328]],29782,9721,55057,40328
10,125,1.014936923980713,asleep,0.5197645454006287,0.3510413842690272,0.7539174239931145,0.47903363304434543,0.13224935956808426,0.5883546337871951,[[ 40328 55057][ 9721 29782]],40328,55057,9721,29782
10,125,1.014936923980713,avg,0.5197645454006287,0.5784058646654333,0.5883546337871952,0.5168109843233746,0.13224935956808426,0.5883546337871952,,,,,
