client,round,loss,class,accuracy,precision,recall,f1_score,cohen_kappa_score,roc_auc_score,confusion_matrix,TP,FP,FN,TN
0,96,0.8621006011962891,awake,0.7313623154024079,0.7494622658220375,0.9314986633118415,0.8306238255943311,0.21686326850461135,0.589803200982301,[[ 9801 29702][ 6534 88851]],9801,29702,6534,88851
0,96,0.8621006011962891,asleep,0.7313623154024079,0.6,0.24810773865276056,0.35105125541745763,0.21686326850461135,0.5898032009823011,[[ 88851 6534][ 29702 9801]],88851,6534,29702,9801
0,96,0.8621006011962891,avg,0.7313623154024079,0.6747311329110187,0.589803200982301,0.5908375405058943,0.21686326850461135,0.5898032009823011,,,,,
