client,round,loss,class,accuracy,precision,recall,f1_score,cohen_kappa_score,roc_auc_score,confusion_matrix,TP,FP,FN,TN
3,39,0.8181218504905701,awake,0.6623495047743313,0.8035248836812745,0.69162866278765,0.7433896567072518,0.25787930248958624,0.6416399648900152,[[ 23372 16131][ 29414 65971]],23372,16131,29414,65971
3,39,0.8181218504905701,asleep,0.6623495047743313,0.44276891600045465,0.5916512669923804,0.5064958987528307,0.25787930248958624,0.6416399648900152,[[ 65971 29414][ 16131 23372]],65971,29414,16131,23372
3,39,0.8181218504905701,avg,0.6623495047743313,0.6231468998408646,0.6416399648900152,0.6249427777300413,0.25787930248958624,0.6416399648900152,,,,,
