client,round,loss,class,accuracy,precision,recall,f1_score,cohen_kappa_score,roc_auc_score,confusion_matrix,TP,FP,FN,TN
2,57,0.7563707828521729,awake,0.7558492971947097,0.7826240428651594,0.9065261833621638,0.840030893132107,0.3361937623210819,0.6492735212687082,[[ 15486 24017][ 8916 86469]],15486,24017,8916,86469
2,57,0.7563707828521729,asleep,0.7558492971947097,0.6346201131054832,0.39202085917525253,0.48465691260464755,0.3361937623210819,0.6492735212687082,[[ 86469 8916][ 24017 15486]],86469,8916,24017,15486
2,57,0.7563707828521729,avg,0.7558492971947097,0.7086220779853213,0.6492735212687082,0.6623439028683773,0.3361937623210819,0.6492735212687082,,,,,
