client,round,loss,class,accuracy,precision,recall,f1_score,cohen_kappa_score,roc_auc_score,confusion_matrix,TP,FP,FN,TN
10,164,1.1924127340316772,awake,0.45759444872783345,0.8438825095174719,0.28584158934843007,0.42703650915469793,0.10775483447380352,0.5790775422630058,[[ 34459 5044][ 68120 27265]],34459,5044,68120,27265
10,164,1.1924127340316772,asleep,0.45759444872783345,0.3359264566821669,0.8723134951775815,0.4850579242972368,0.10775483447380352,0.5790775422630058,[[ 27265 68120][ 5044 34459]],27265,68120,5044,34459
10,164,1.1924127340316772,avg,0.45759444872783345,0.5899044830998195,0.5790775422630058,0.4560472167259674,0.10775483447380352,0.5790775422630058,,,,,
