client,round,loss,class,accuracy,precision,recall,f1_score,cohen_kappa_score,roc_auc_score,confusion_matrix,TP,FP,FN,TN
8,163,0.8371884226799011,awake,0.686317537512603,0.777239152919544,0.7799444357079205,0.7785894443804878,0.24078073887719675,0.6200939807580435,[[ 18181 21322][ 20990 74395]],18181,21322,20990,74395
8,163,0.8371884226799011,asleep,0.686317537512603,0.464144392535294,0.46024352580816646,0.46218572844904293,0.24078073887719675,0.6200939807580435,[[ 74395 20990][ 21322 18181]],74395,20990,21322,18181
8,163,0.8371884226799011,avg,0.686317537512603,0.620691772727419,0.6200939807580435,0.6203875864147654,0.24078073887719675,0.6200939807580435,,,,,
