client,round,loss,class,accuracy,precision,recall,f1_score,cohen_kappa_score,roc_auc_score,confusion_matrix,TP,FP,FN,TN
1,94,0.8248165249824524,awake,0.568716268311488,0.7025144225536084,0.6766263039261938,0.689327387786708,-0.014833256684982699,0.492390057514574,[[ 12173 27330][ 30845 64540]],12173,27330,30845,64540
1,94,0.8248165249824524,asleep,0.568716268311488,0.2829745687851597,0.3081538111029542,0.29502793228390345,-0.014833256684982699,0.49239005751457404,[[ 64540 30845][ 27330 12173]],64540,30845,27330,12173
1,94,0.8248165249824524,avg,0.568716268311488,0.49274449566938405,0.492390057514574,0.4921776600353057,-0.014833256684982699,0.492390057514574,,,,,
