client,round,loss,class,accuracy,precision,recall,f1_score,cohen_kappa_score,roc_auc_score,confusion_matrix,TP,FP,FN,TN
3,98,0.9611814022064209,awake,0.6721650554534132,0.8005615997368235,0.7143576033967605,0.7550069529471077,0.26449839169022527,0.6423217022375798,[[ 22528 16975][ 27246 68139]],22528,16975,27246,68139
3,98,0.9611814022064209,asleep,0.6721650554534132,0.45260577811708924,0.5702858010783991,0.5046764564221466,0.26449839169022527,0.6423217022375798,[[ 68139 27246][ 16975 22528]],68139,27246,16975,22528
3,98,0.9611814022064209,avg,0.6721650554534132,0.6265836889269564,0.6423217022375798,0.6298417046846272,0.26449839169022527,0.6423217022375798,,,,,
