client,round,loss,class,accuracy,precision,recall,f1_score,cohen_kappa_score,roc_auc_score,confusion_matrix,TP,FP,FN,TN
18,112,1.2378225326538086,awake,0.7319479864776703,0.7400110223201984,0.9572469465848928,0.8347267233774129,0.18322674180114407,0.5725910200610462,[[ 7424 32079][ 4078 91307]],7424,32079,4078,91307
18,112,1.2378225326538086,asleep,0.7319479864776703,0.645452964701791,0.1879350935371997,0.2911087148318792,0.18322674180114407,0.5725910200610463,[[ 91307 4078][ 32079 7424]],91307,4078,32079,7424
18,112,1.2378225326538086,avg,0.7319479864776703,0.6927319935109948,0.5725910200610462,0.562917719104646,0.18322674180114407,0.5725910200610462,,,,,
