client,round,loss,class,accuracy,precision,recall,f1_score,cohen_kappa_score,roc_auc_score,confusion_matrix,TP,FP,FN,TN
15,135,1.343900203704834,awake,0.41426220271632763,0.6749273628439583,0.3312051161084028,0.44435380082001225,-0.03968548853058085,0.47300959043148927,[[ 24287 15216][ 63793 31592]],24287,15216,63793,31592
15,135,1.343900203704834,asleep,0.41426220271632763,0.2757379654859219,0.6148140647545756,0.38072470470203706,-0.03968548853058085,0.47300959043148916,[[ 31592 63793][ 15216 24287]],31592,63793,15216,24287
15,135,1.343900203704834,avg,0.41426220271632763,0.4753326641649401,0.47300959043148916,0.41253925276102466,-0.03968548853058085,0.4730095904314892,,,,,
