client,round,loss,class,accuracy,precision,recall,f1_score,cohen_kappa_score,roc_auc_score,confusion_matrix,TP,FP,FN,TN
4,171,1.3762013912200928,awake,0.7249273471324358,0.7417476211413544,0.9373696073806154,0.8281633522595705,0.1835717833564281,0.5746640964022536,[[ 8373 31130][ 5974 89411]],8373,31130,5974,89411
4,171,1.3762013912200928,asleep,0.7249273471324358,0.5836063288492368,0.21195858542389184,0.310974930362117,0.1835717833564281,0.5746640964022537,[[ 89411 5974][ 31130 8373]],89411,5974,31130,8373
4,171,1.3762013912200928,avg,0.7249273471324358,0.6626769749952957,0.5746640964022536,0.5695691413108437,0.1835717833564281,0.5746640964022536,,,,,
