client,round,loss,class,accuracy,precision,recall,f1_score,cohen_kappa_score,roc_auc_score,confusion_matrix,TP,FP,FN,TN
0,89,0.8919677138328552,awake,0.721391080007117,0.7450111052711891,0.921350317135818,0.8238503470871398,0.19207017535077564,0.5799572384099463,[[ 9424 30079][ 7502 87883]],9424,30079,7502,87883
0,89,0.8919677138328552,asleep,0.721391080007117,0.5567765567765568,0.23856415968407463,0.33401265306845773,0.19207017535077564,0.5799572384099463,[[ 87883 7502][ 30079 9424]],87883,7502,30079,9424
0,89,0.8919677138328552,avg,0.721391080007117,0.650893831023873,0.5799572384099463,0.5789315000777988,0.19207017535077564,0.5799572384099463,,,,,
