client,round,loss,class,accuracy,precision,recall,f1_score,cohen_kappa_score,roc_auc_score,confusion_matrix,TP,FP,FN,TN
14,20,0.7641997933387756,awake,0.7363887076685843,0.7421537913560159,0.9611469308591497,0.8375724021999306,0.19566645996289267,0.5774142117020098,[[ 7651 31852][ 3706 91679]],7651,31852,3706,91679
14,20,0.7641997933387756,asleep,0.7363887076685843,0.6736814299550937,0.19368149254487002,0.3008651199370822,0.19566645996289267,0.5774142117020099,[[ 91679 3706][ 31852 7651]],91679,3706,31852,7651
14,20,0.7641997933387756,avg,0.7363887076685843,0.7079176106555548,0.5774142117020099,0.5692187610685064,0.19566645996289267,0.5774142117020098,,,,,
