client,round,loss,class,accuracy,precision,recall,f1_score,cohen_kappa_score,roc_auc_score,confusion_matrix,TP,FP,FN,TN
16,8,0.7608543038368225,awake,0.7262692011149992,0.7623402498564044,0.890527860774755,0.8214632825457306,0.24989492139259895,0.6100868552285288,[[ 13022 26481][ 10442 84943]],13022,26481,10442,84943
16,8,0.7608543038368225,asleep,0.7262692011149992,0.5549778383907262,0.3296458496823026,0.41361348007686566,0.24989492139259895,0.6100868552285287,[[ 84943 10442][ 26481 13022]],84943,10442,26481,13022
16,8,0.7608543038368225,avg,0.7262692011149992,0.6586590441235654,0.6100868552285288,0.6175383813112981,0.24989492139259895,0.6100868552285288,,,,,
