client,round,loss,class,accuracy,precision,recall,f1_score,cohen_kappa_score,roc_auc_score,confusion_matrix,TP,FP,FN,TN
14,197,1.251160740852356,awake,0.7463747701797047,0.7722522875351586,0.9095874613408816,0.835312636894475,0.2995430055633074,0.6309322517954187,[[ 13916 25587][ 8624 86761]],13916,25587,8624,86761
14,197,1.251160740852356,asleep,0.7463747701797047,0.6173913043478261,0.3522770422499557,0.4485921054752349,0.2995430055633074,0.6309322517954187,[[ 86761 8624][ 25587 13916]],86761,8624,25587,13916
14,197,1.251160740852356,avg,0.7463747701797047,0.6948217959414924,0.6309322517954187,0.6419523711848549,0.2995430055633074,0.6309322517954187,,,,,
