client,round,loss,class,accuracy,precision,recall,f1_score,cohen_kappa_score,roc_auc_score,confusion_matrix,TP,FP,FN,TN
1,170,0.8918546438217163,awake,0.5800664254789158,0.7360385060622677,0.6332547046181265,0.6807889546351084,0.07726011514110687,0.5424456445906621,[[ 17841 21662][ 34982 60403]],17841,21662,34982,60403
1,170,0.8918546438217163,asleep,0.5800664254789158,0.3377506010639305,0.4516365845631977,0.3864783484608887,0.07726011514110687,0.5424456445906621,[[ 60403 34982][ 21662 17841]],60403,34982,21662,17841
1,170,0.8918546438217163,avg,0.5800664254789158,0.5368945535630991,0.5424456445906621,0.5336336515479985,0.07726011514110687,0.5424456445906621,,,,,
