client,round,loss,class,accuracy,precision,recall,f1_score,cohen_kappa_score,roc_auc_score,confusion_matrix,TP,FP,FN,TN
10,130,1.1057851314544678,awake,0.4799166716090386,0.8075273010920437,0.3473082769827541,0.4857157518932036,0.10507027123959423,0.5737123619174459,[[ 31607 7896][ 62257 33128]],31607,7896,62257,33128
10,130,1.1057851314544678,asleep,0.4799166716090386,0.3367318673825961,0.8001164468521378,0.4739853187070264,0.10507027123959423,0.573712361917446,[[ 33128 62257][ 7896 31607]],33128,62257,7896,31607
10,130,1.1057851314544678,avg,0.4799166716090386,0.57212958423732,0.573712361917446,0.479850535300115,0.10507027123959423,0.573712361917446,,,,,
