client,round,loss,class,accuracy,precision,recall,f1_score,cohen_kappa_score,roc_auc_score,confusion_matrix,TP,FP,FN,TN
18,176,1.1448160409927368,awake,0.725728011387225,0.7339509091346192,0.9602033862766682,0.8319692606756474,0.1531549488602153,0.5598804441192723,[[ 6303 33200][ 3796 91589]],6303,33200,3796,91589
18,176,1.1448160409927368,asleep,0.725728011387225,0.6241212001188237,0.15955750196187632,0.25414297810572156,0.1531549488602153,0.5598804441192723,[[ 91589 3796][ 33200 6303]],91589,3796,33200,6303
18,176,1.1448160409927368,avg,0.725728011387225,0.6790360546267215,0.5598804441192723,0.5430561193906844,0.1531549488602153,0.5598804441192723,,,,,
