client,round,loss,class,accuracy,precision,recall,f1_score,cohen_kappa_score,roc_auc_score,confusion_matrix,TP,FP,FN,TN
13,160,1.2065021991729736,awake,0.6318056461657079,0.8131249486343588,0.6223515227761178,0.7050614343997006,0.23756231707177633,0.6384926740276053,[[ 25860 13643][ 36022 59363]],25860,13643,36022,59363
13,160,1.2065021991729736,asleep,0.6318056461657079,0.41789211725542164,0.6546338252790928,0.51013463530108,0.23756231707177633,0.6384926740276052,[[ 59363 36022][ 13643 25860]],59363,36022,13643,25860
13,160,1.2065021991729736,avg,0.6318056461657079,0.6155085329448902,0.6384926740276053,0.6075980348503903,0.23756231707177633,0.6384926740276053,,,,,
