client,round,loss,class,accuracy,precision,recall,f1_score,cohen_kappa_score,roc_auc_score,confusion_matrix,TP,FP,FN,TN
11,186,0.7681394219398499,awake,0.706853092936362,0.7735229866478581,0.8278240813545107,0.7997528688483082,0.25525144166947233,0.621288695614855,[[ 16384 23119][ 16423 78962]],16384,23119,16423,78962
11,186,0.7681394219398499,asleep,0.706853092936362,0.4994056146554089,0.41475330987519937,0.4531600055317383,0.25525144166947233,0.621288695614855,[[ 78962 16423][ 23119 16384]],78962,16423,23119,16384
11,186,0.7681394219398499,avg,0.706853092936362,0.6364643006516335,0.621288695614855,0.6264564371900232,0.25525144166947233,0.621288695614855,,,,,
