client,round,loss,class,accuracy,precision,recall,f1_score,cohen_kappa_score,roc_auc_score,confusion_matrix,TP,FP,FN,TN
10,33,1.2951419353485107,awake,0.4585359705830022,0.8389552872656677,0.2899512501965718,0.43095885501476416,0.10633725335928224,0.5777781970548461,[[ 34194 5309][ 67728 27657]],34194,5309,67728,27657
10,33,1.2951419353485107,asleep,0.4585359705830022,0.33549184670630483,0.8656051439131205,0.4835637263567262,0.10633725335928224,0.5777781970548461,[[ 27657 67728][ 5309 34194]],27657,67728,5309,34194
10,33,1.2951419353485107,avg,0.4585359705830022,0.5872235669859862,0.5777781970548461,0.45726129068574517,0.10633725335928224,0.5777781970548461,,,,,
