client,round,loss,class,accuracy,precision,recall,f1_score,cohen_kappa_score,roc_auc_score,confusion_matrix,TP,FP,FN,TN
18,140,1.104209065437317,awake,0.7237189371923374,0.7325575811898779,0.9596477433558736,0.8308651668565256,0.14561485192804813,0.5568433385538702,[[ 6085 33418][ 3849 91536]],6085,33418,3849,91536
18,140,1.104209065437317,asleep,0.7237189371923374,0.6125427823635997,0.15403893375186695,0.24617189554382343,0.14561485192804813,0.5568433385538701,[[ 91536 3849][ 33418 6085]],91536,3849,33418,6085
18,140,1.104209065437317,avg,0.7237189371923374,0.6725501817767388,0.5568433385538702,0.5385185312001745,0.14561485192804813,0.5568433385538702,,,,,
