client,round,loss,class,accuracy,precision,recall,f1_score,cohen_kappa_score,roc_auc_score,confusion_matrix,TP,FP,FN,TN
3,164,1.1237150430679321,awake,0.664877528023249,0.785440438675328,0.7238140168789642,0.7533690516460614,0.23342751406316664,0.6231909615569668,[[ 20643 18860][ 26344 69041]],20643,18860,26344,69041
3,164,1.1237150430679321,asleep,0.664877528023249,0.43933428395088003,0.5225679062349695,0.47734998265695455,0.23342751406316664,0.6231909615569668,[[ 69041 26344][ 18860 20643]],69041,26344,18860,20643
3,164,1.1237150430679321,avg,0.664877528023249,0.612387361313104,0.6231909615569668,0.6153595171515079,0.23342751406316664,0.6231909615569668,,,,,
