client,round,loss,class,accuracy,precision,recall,f1_score,cohen_kappa_score,roc_auc_score,confusion_matrix,TP,FP,FN,TN
18,142,1.0527523756027222,awake,0.7325633117845917,0.7450523480172208,0.9452639303873774,0.8333009861276698,0.20277641745660957,0.5821173207363057,[[ 8650 30853][ 5221 90164]],8650,30853,5221,90164
18,142,1.0527523756027222,asleep,0.7325633117845917,0.6236032009227885,0.21897071108523403,0.32412785251245924,0.20277641745660957,0.5821173207363056,[[ 90164 5221][ 30853 8650]],90164,5221,30853,8650
18,142,1.0527523756027222,avg,0.7325633117845917,0.6843277744700047,0.5821173207363057,0.5787144193200645,0.20277641745660957,0.5821173207363057,,,,,
