client,round,loss,class,accuracy,precision,recall,f1_score,cohen_kappa_score,roc_auc_score,confusion_matrix,TP,FP,FN,TN
10,161,1.2172328233718872,awake,0.433307632999229,0.8293064488093169,0.2500917335010746,0.38429319371727755,0.08420111771400307,0.5628986880552483,[[ 34593 4910][ 71530 23855]],34593,4910,71530,23855
10,161,1.2172328233718872,asleep,0.433307632999229,0.325970807459269,0.8757056426094221,0.47509373326191745,0.08420111771400307,0.5628986880552483,[[ 23855 71530][ 4910 34593]],23855,71530,4910,34593
10,161,1.2172328233718872,avg,0.433307632999229,0.5776386281342929,0.5628986880552483,0.42969346348959747,0.08420111771400307,0.5628986880552483,,,,,
