client,round,loss,class,accuracy,precision,recall,f1_score,cohen_kappa_score,roc_auc_score,confusion_matrix,TP,FP,FN,TN
14,65,1.0988770723342896,awake,0.7407701203961805,0.7509303252815895,0.9477695654453007,0.8379454333952812,0.23166547139567029,0.5943566456191391,[[ 9518 29985][ 4982 90403]],9518,29985,4982,90403
14,65,1.0988770723342896,asleep,0.7407701203961805,0.6564137931034483,0.24094372579297774,0.3524989352443383,0.23166547139567029,0.5943566456191393,[[ 90403 4982][ 29985 9518]],90403,4982,29985,9518
14,65,1.0988770723342896,avg,0.7407701203961805,0.703672059192519,0.5943566456191391,0.5952221843198098,0.23166547139567029,0.5943566456191391,,,,,
