client,round,loss,class,accuracy,precision,recall,f1_score,cohen_kappa_score,roc_auc_score,confusion_matrix,TP,FP,FN,TN
2,39,0.7091537714004517,awake,0.7504077456853093,0.790120903296166,0.8810819311212454,0.8331259820273506,0.3439689961526211,0.6579801473949138,[[ 17179 22324][ 11343 84042]],17179,22324,11343,84042
2,39,0.7091537714004517,asleep,0.7504077456853093,0.6023069910945936,0.4348783636685821,0.5050790150679897,0.3439689961526211,0.6579801473949138,[[ 84042 11343][ 22324 17179]],84042,11343,22324,17179
2,39,0.7091537714004517,avg,0.7504077456853093,0.6962139471953799,0.6579801473949138,0.6691024985476701,0.3439689961526211,0.6579801473949138,,,,,
