client,round,loss,class,accuracy,precision,recall,f1_score,cohen_kappa_score,roc_auc_score,confusion_matrix,TP,FP,FN,TN
14,188,1.5589903593063354,awake,0.7363887076685843,0.7445931692000752,0.9546888923834984,0.8366531302254644,0.204846804807314,0.5819820686508029,[[ 8267 31236][ 4322 91063]],8267,31236,4322,91063
14,188,1.5589903593063354,asleep,0.7363887076685843,0.6566844070220034,0.20927524491810748,0.3173999846425555,0.204846804807314,0.5819820686508029,[[ 91063 4322][ 31236 8267]],91063,4322,31236,8267
14,188,1.5589903593063354,avg,0.7363887076685843,0.7006387881110393,0.5819820686508029,0.5770265574340099,0.204846804807314,0.5819820686508029,,,,,
