client,round,loss,class,accuracy,precision,recall,f1_score,cohen_kappa_score,roc_auc_score,confusion_matrix,TP,FP,FN,TN
1,155,0.9093008041381836,awake,0.5624740525472985,0.7252223240605415,0.6138596215337841,0.6649103183570574,0.04713702722247626,0.5261283526497871,[[ 17318 22185][ 36832 58553]],17318,22185,36832,58553
1,155,0.9093008041381836,asleep,0.5624740525472985,0.3198153277931671,0.43839708376578995,0.36983332087599974,0.04713702722247626,0.5261283526497871,[[ 58553 36832][ 22185 17318]],58553,36832,22185,17318
1,155,0.9093008041381836,avg,0.5624740525472985,0.5225188259268543,0.5261283526497871,0.5173718196165286,0.04713702722247626,0.5261283526497871,,,,,
