client,round,loss,class,accuracy,precision,recall,f1_score,cohen_kappa_score,roc_auc_score,confusion_matrix,TP,FP,FN,TN
9,23,0.8695997595787048,awake,0.7484357392799953,0.7554114713216957,0.9527284164176757,0.8426733430697544,0.25498250555487245,0.6039367976324259,[[ 10079 29424][ 4509 90876]],10079,29424,4509,90876
9,23,0.8695997595787048,asleep,0.7484357392799953,0.6909103372635043,0.2551451788471762,0.37266828122977946,0.25498250555487245,0.6039367976324259,[[ 90876 4509][ 29424 10079]],90876,4509,29424,10079
9,23,0.8695997595787048,avg,0.7484357392799953,0.7231609042925999,0.6039367976324259,0.6076708121497669,0.25498250555487245,0.6039367976324259,,,,,
