client,round,loss,class,accuracy,precision,recall,f1_score,cohen_kappa_score,roc_auc_score,confusion_matrix,TP,FP,FN,TN
11,70,0.6725900173187256,awake,0.7194264871597177,0.7847760455332838,0.8311789065366672,0.8073112366987424,0.2930198624190069,0.6403825069604582,[[ 17760 21743][ 16103 79282]],17760,21743,16103,79282
11,70,0.6725900173187256,asleep,0.7194264871597177,0.5244662315801908,0.4495861073842493,0.484147970449527,0.2930198624190069,0.6403825069604583,[[ 79282 16103][ 21743 17760]],79282,16103,21743,17760
11,70,0.6725900173187256,avg,0.7194264871597177,0.6546211385567373,0.6403825069604583,0.6457296035741347,0.2930198624190069,0.6403825069604583,,,,,
