client,round,loss,class,accuracy,precision,recall,f1_score,cohen_kappa_score,roc_auc_score,confusion_matrix,TP,FP,FN,TN
3,194,1.1846600770950317,awake,0.6521187948520254,0.7871261316774897,0.6963778371861403,0.7389763757627674,0.22340929072586058,0.6208137825274549,[[ 21539 17964][ 28961 66424]],21539,17964,28961,66424
3,194,1.1846600770950317,asleep,0.6521187948520254,0.4265148514851485,0.5452497278687695,0.47862849016143905,0.22340929072586058,0.6208137825274549,[[ 66424 28961][ 17964 21539]],66424,28961,17964,21539
3,194,1.1846600770950317,avg,0.6521187948520254,0.6068204915813191,0.6208137825274549,0.6088024329621032,0.22340929072586058,0.6208137825274549,,,,,
