client,round,loss,class,accuracy,precision,recall,f1_score,cohen_kappa_score,roc_auc_score,confusion_matrix,TP,FP,FN,TN
16,7,0.7786874175071716,awake,0.7300278749777593,0.7617470815393493,0.8995858887665775,0.8249483247608518,0.2525133797469079,0.6100972250708314,[[ 12665 26838][ 9578 85807]],12665,26838,9578,85807
16,7,0.7786874175071716,asleep,0.7300278749777593,0.5693926179022614,0.3206085613750854,0.4102290026884332,0.2525133797469079,0.6100972250708315,[[ 85807 9578][ 26838 12665]],85807,9578,26838,12665
16,7,0.7786874175071716,avg,0.7300278749777593,0.6655698497208054,0.6100972250708314,0.6175886637246425,0.2525133797469079,0.6100972250708314,,,,,
