client,round,loss,class,accuracy,precision,recall,f1_score,cohen_kappa_score,roc_auc_score,confusion_matrix,TP,FP,FN,TN
1,61,0.7833306789398193,awake,0.6009504181246664,0.7277300425233441,0.6961367091261729,0.7115828729725819,0.06524430872900555,0.533623881991383,[[ 14660 24843][ 28984 66401]],14660,24843,28984,66401
1,61,0.7833306789398193,asleep,0.6009504181246664,0.33589955091192375,0.3711110548565932,0.3526284772751873,0.06524430872900555,0.5336238819913831,[[ 66401 28984][ 24843 14660]],66401,28984,24843,14660
1,61,0.7833306789398193,avg,0.6009504181246664,0.5318147967176339,0.533623881991383,0.5321056751238846,0.06524430872900555,0.533623881991383,,,,,
