client,round,loss,class,accuracy,precision,recall,f1_score,cohen_kappa_score,roc_auc_score,confusion_matrix,TP,FP,FN,TN
5,1,0.7058305144309998,awake,0.5216031077634778,0.7761370348493798,0.45459977983959743,0.573366654766155,0.10671944362549235,0.5689954573450575,[[ 26996 12507][ 52023 43362]],26996,12507,52023,43362
5,1,0.7058305144309998,asleep,0.5216031077634778,0.34163935256077654,0.6833911348505177,0.45554411839152226,0.10671944362549235,0.5689954573450575,[[ 43362 52023][ 12507 26996]],43362,52023,12507,26996
5,1,0.7058305144309998,avg,0.5216031077634778,0.5588881937050781,0.5689954573450575,0.5144553865788386,0.10671944362549235,0.5689954573450575,,,,,
