client,round,loss,class,accuracy,precision,recall,f1_score,cohen_kappa_score,roc_auc_score,confusion_matrix,TP,FP,FN,TN
3,147,1.1828508377075195,awake,0.6696592728782397,0.7827247847273213,0.7376002516118887,0.7594928510128406,0.23367869929775786,0.6216037103438276,[[ 19973 19530][ 25029 70356]],19973,19530,25029,70356
3,147,1.1828508377075195,asleep,0.6696592728782397,0.44382471890138214,0.5056071690757664,0.4727057570557955,0.23367869929775786,0.6216037103438276,[[ 70356 25029][ 19530 19973]],70356,25029,19530,19973
3,147,1.1828508377075195,avg,0.6696592728782397,0.6132747518143518,0.6216037103438276,0.616099304034318,0.23367869929775786,0.6216037103438276,,,,,
