client,round,loss,class,accuracy,precision,recall,f1_score,cohen_kappa_score,roc_auc_score,confusion_matrix,TP,FP,FN,TN
7,188,1.1027425527572632,awake,0.5738390368305557,0.7656773542317992,0.5725743041358704,0.6551939249253212,0.12684085564805359,0.5747335991732183,[[ 22789 16714][ 40770 54615]],22789,16714,40770,54615
7,188,1.1027425527572632,asleep,0.5738390368305557,0.35854874998033326,0.5768928942105663,0.4422386524616251,0.12684085564805359,0.5747335991732184,[[ 54615 40770][ 16714 22789]],54615,40770,16714,22789
7,188,1.1027425527572632,avg,0.5738390368305557,0.5621130521060662,0.5747335991732183,0.5487162886934731,0.12684085564805359,0.5747335991732183,,,,,
