client,round,loss,class,accuracy,precision,recall,f1_score,cohen_kappa_score,roc_auc_score,confusion_matrix,TP,FP,FN,TN
16,200,1.039591670036316,awake,0.7349578909910445,0.7711671729205697,0.8889867379567018,0.8258961834588956,0.28255663664874553,0.6260112283814342,[[ 14341 25162][ 10589 84796]],14341,25162,10589,84796
16,200,1.039591670036316,asleep,0.7349578909910445,0.5752507019655034,0.36303571880616664,0.445144568776869,0.28255663664874553,0.6260112283814342,[[ 84796 10589][ 25162 14341]],84796,10589,25162,14341
16,200,1.039591670036316,avg,0.7349578909910445,0.6732089374430366,0.6260112283814342,0.6355203761178823,0.28255663664874553,0.6260112283814342,,,,,
