client,round,loss,class,accuracy,precision,recall,f1_score,cohen_kappa_score,roc_auc_score,confusion_matrix,TP,FP,FN,TN
0,166,0.8944443464279175,awake,0.7225920763893008,0.7718192560913848,0.8627771662211039,0.8147675126602016,0.2693243718739755,0.6234372882721853,[[ 15173 24330][ 13089 82296]],15173,24330,13089,82296
0,166,0.8944443464279175,asleep,0.7225920763893008,0.5368692944589909,0.3840974103232666,0.4478122924813695,0.2693243718739755,0.6234372882721853,[[ 82296 13089][ 24330 15173]],82296,13089,24330,15173
0,166,0.8944443464279175,avg,0.7225920763893008,0.6543442752751878,0.6234372882721853,0.6312899025707855,0.2693243718739755,0.6234372882721853,,,,,
