client,round,loss,class,accuracy,precision,recall,f1_score,cohen_kappa_score,roc_auc_score,confusion_matrix,TP,FP,FN,TN
18,122,1.361130714416504,awake,0.7188408160844553,0.7206978137626942,0.9835823242648215,0.8318651551894592,0.08513667952966864,0.5315856081238544,[[ 3144 36359][ 1566 93819]],3144,36359,1566,93819
18,122,1.361130714416504,asleep,0.7188408160844553,0.6675159235668789,0.07958889198288738,0.1422206138466062,0.08513667952966864,0.5315856081238544,[[ 93819 1566][ 36359 3144]],93819,1566,36359,3144
18,122,1.361130714416504,avg,0.7188408160844553,0.6941068686647865,0.5315856081238545,0.48704288451803274,0.08513667952966864,0.5315856081238544,,,,,
