client,round,loss,class,accuracy,precision,recall,f1_score,cohen_kappa_score,roc_auc_score,confusion_matrix,TP,FP,FN,TN
18,153,1.011985182762146,awake,0.7418599134096435,0.7474970373094684,0.9588509723751114,0.8400845044548545,0.22094589528974107,0.5883792365356305,[[ 8608 30895][ 3925 91460]],8608,30895,3925,91460
18,153,1.011985182762146,asleep,0.7418599134096435,0.6868267773079071,0.21790750069614967,0.3308478745483896,0.22094589528974107,0.5883792365356305,[[ 91460 3925][ 30895 8608]],91460,3925,30895,8608
18,153,1.011985182762146,avg,0.7418599134096435,0.7171619073086877,0.5883792365356305,0.585466189501622,0.22094589528974107,0.5883792365356305,,,,,
