client,round,loss,class,accuracy,precision,recall,f1_score,cohen_kappa_score,roc_auc_score,confusion_matrix,TP,FP,FN,TN
7,59,0.6323014497756958,awake,0.6939016072593559,0.773948184009561,0.8011217696702836,0.7873005733596402,0.2421400146345739,0.6180633530021165,[[ 17184 22319][ 18970 76415]],17184,22319,18970,76415
7,59,0.6323014497756958,asleep,0.6939016072593559,0.47530010510593573,0.4350049363339493,0.454260676474087,0.2421400146345739,0.6180633530021165,[[ 76415 18970][ 22319 17184]],76415,18970,22319,17184
7,59,0.6323014497756958,avg,0.6939016072593559,0.6246241445577484,0.6180633530021165,0.6207806249168636,0.2421400146345739,0.6180633530021165,,,,,
