client,round,loss,class,accuracy,precision,recall,f1_score,cohen_kappa_score,roc_auc_score,confusion_matrix,TP,FP,FN,TN
11,100,0.6766217947006226,awake,0.7071941166004388,0.7829966074231607,0.8105781831524873,0.7965487044763819,0.2749899022876656,0.6340691842274347,[[ 18075 21428][ 18068 77317]],18075,21428,18068,77317
11,100,0.6766217947006226,asleep,0.7071941166004388,0.5000968375619068,0.45756018530238207,0.4778838273008486,0.2749899022876656,0.6340691842274346,[[ 77317 18068][ 21428 18075]],77317,18068,21428,18075
11,100,0.6766217947006226,avg,0.7071941166004388,0.6415467224925337,0.6340691842274346,0.6372162658886152,0.2749899022876656,0.6340691842274346,,,,,
