client,round,loss,class,accuracy,precision,recall,f1_score,cohen_kappa_score,roc_auc_score,confusion_matrix,TP,FP,FN,TN
18,117,1.0411159992218018,awake,0.7316366170452524,0.7355380452085323,0.9688420611207212,0.8362221468159711,0.16465714492865635,0.5638580353448074,[[ 6276 33227][ 2972 92413]],6276,33227,2972,92413
18,117,1.0411159992218018,asleep,0.7316366170452524,0.6786332179930796,0.1588740095688935,0.25747164160735164,0.16465714492865635,0.5638580353448073,[[ 92413 2972][ 33227 6276]],92413,2972,33227,6276
18,117,1.0411159992218018,avg,0.7316366170452524,0.707085631600806,0.5638580353448074,0.5468468942116613,0.16465714492865635,0.5638580353448073,,,,,
