client,round,loss,class,accuracy,precision,recall,f1_score,cohen_kappa_score,roc_auc_score,confusion_matrix,TP,FP,FN,TN
0,199,0.8889936208724976,awake,0.713525295059605,0.7797012865381772,0.829155527598679,0.8036683263895946,0.2758525097901421,0.6317384857698227,[[ 17157 22346][ 16296 79089]],17157,22346,16296,79089
0,199,0.8889936208724976,asleep,0.713525295059605,0.5128688010043942,0.4343214439409665,0.4703382860902462,0.2758525097901421,0.6317384857698227,[[ 79089 16296][ 22346 17157]],79089,16296,22346,17157
0,199,0.8889936208724976,avg,0.713525295059605,0.6462850437712857,0.6317384857698227,0.6370033062399204,0.2758525097901421,0.6317384857698227,,,,,
