client,round,loss,class,accuracy,precision,recall,f1_score,cohen_kappa_score,roc_auc_score,confusion_matrix,TP,FP,FN,TN
7,39,0.6227133274078369,awake,0.7225772492734713,0.7822335618572764,0.8421240236934529,0.8110747047805608,0.29184510758834403,0.6380202175526222,[[ 17141 22362][ 15059 80326]],17141,22362,15059,80326
7,39,0.6227133274078369,asleep,0.7225772492734713,0.5323291925465838,0.4339164114117915,0.47811109716469324,0.29184510758834403,0.6380202175526222,[[ 80326 15059][ 22362 17141]],80326,15059,22362,17141
7,39,0.6227133274078369,avg,0.7225772492734713,0.6572813772019301,0.6380202175526222,0.644592900972627,0.29184510758834403,0.6380202175526222,,,,,
