client,round,loss,class,accuracy,precision,recall,f1_score,cohen_kappa_score,roc_auc_score,confusion_matrix,TP,FP,FN,TN
9,152,0.9458155632019043,awake,0.7529505960500563,0.7647811729369501,0.939634114378571,0.8432387170826708,0.28846204736220415,0.620906847838097,[[ 11937 27566][ 5758 89627]],11937,27566,5758,89627
9,152,0.9458155632019043,asleep,0.7529505960500563,0.6745973438824526,0.30217958129762296,0.41739221651106684,0.28846204736220415,0.620906847838097,[[ 89627 5758][ 27566 11937]],89627,5758,27566,11937
9,152,0.9458155632019043,avg,0.7529505960500563,0.7196892584097014,0.620906847838097,0.6303154667968689,0.28846204736220415,0.620906847838097,,,,,
