client,round,loss,class,accuracy,precision,recall,f1_score,cohen_kappa_score,roc_auc_score,confusion_matrix,TP,FP,FN,TN
12,29,1.0385981798171997,awake,0.707942885949825,0.7604476778803215,0.8569376736384128,0.8058144750656815,0.22533733870612804,0.6025568807652357,[[ 13754 25749][ 13646 81739]],13754,25749,13646,81739
12,29,1.0385981798171997,asleep,0.707942885949825,0.5019708029197081,0.34817608789205884,0.41116242918852675,0.22533733870612804,0.6025568807652357,[[ 81739 13646][ 25749 13754]],81739,13646,25749,13754
12,29,1.0385981798171997,avg,0.707942885949825,0.6312092404000148,0.6025568807652358,0.6084884521271041,0.22533733870612804,0.6025568807652357,,,,,
