client,round,loss,class,accuracy,precision,recall,f1_score,cohen_kappa_score,roc_auc_score,confusion_matrix,TP,FP,FN,TN
9,39,0.8180832862854004,awake,0.756360832690825,0.7656827665921588,0.944498610892698,0.8457422340715152,0.29536694060153723,0.6232884670290136,[[ 11933 27570][ 5294 90091]],11933,27570,5294,90091
9,39,0.8180832862854004,asleep,0.756360832690825,0.6926917048818715,0.30207832316532923,0.42069451789176804,0.29536694060153723,0.6232884670290136,[[ 90091 5294][ 27570 11933]],90091,5294,27570,11933
9,39,0.8180832862854004,avg,0.756360832690825,0.7291872357370152,0.6232884670290136,0.6332183759816417,0.29536694060153723,0.6232884670290136,,,,,
