client,round,loss,class,accuracy,precision,recall,f1_score,cohen_kappa_score,roc_auc_score,confusion_matrix,TP,FP,FN,TN
8,106,0.8333450555801392,awake,0.6896388114583951,0.7687849660007433,0.8024427320857577,0.7852533522103556,0.22672300098096332,0.6098510903676136,[[ 16483 23020][ 18844 76541]],16483,23020,18844,76541
8,106,0.8333450555801392,asleep,0.6896388114583951,0.4665836329153339,0.4172594486494697,0.4405452358679674,0.22672300098096332,0.6098510903676136,[[ 76541 18844][ 23020 16483]],76541,18844,23020,16483
8,106,0.8333450555801392,avg,0.6896388114583951,0.6176842994580386,0.6098510903676136,0.6128992940391615,0.22672300098096332,0.6098510903676136,,,,,
