client,round,loss,class,accuracy,precision,recall,f1_score,cohen_kappa_score,roc_auc_score,confusion_matrix,TP,FP,FN,TN
12,171,1.2684129476547241,awake,0.7091735365636677,0.7590364780338396,0.8625570058185249,0.8074924305252259,0.22286575495819505,0.6006833582367059,[[ 13384 26119][ 13110 82275]],13384,26119,13110,82275
12,171,1.2684129476547241,asleep,0.7091735365636677,0.5051709821091568,0.33880971065488696,0.40559419367547006,0.22286575495819505,0.6006833582367059,[[ 82275 13110][ 26119 13384]],82275,13110,26119,13384
12,171,1.2684129476547241,avg,0.7091735365636677,0.6321037300714982,0.6006833582367059,0.606543312100348,0.22286575495819505,0.6006833582367059,,,,,
