client,round,loss,class,accuracy,precision,recall,f1_score,cohen_kappa_score,roc_auc_score,confusion_matrix,TP,FP,FN,TN
7,188,0.7287049889564514,awake,0.6730991637506673,0.7916590847056683,0.729768831577292,0.759455139570025,0.2520921422018635,0.6330159501024956,[[ 21184 18319][ 25776 69609]],21184,18319,25776,69609
7,188,0.7287049889564514,asleep,0.6730991637506673,0.45110732538330495,0.5362630686276991,0.4900130691740976,0.2520921422018635,0.6330159501024956,[[ 69609 25776][ 18319 21184]],69609,25776,18319,21184
7,188,0.7287049889564514,avg,0.6730991637506673,0.6213832050444866,0.6330159501024956,0.6247341043720613,0.2520921422018635,0.6330159501024956,,,,,
