client,round,loss,class,accuracy,precision,recall,f1_score,cohen_kappa_score,roc_auc_score,confusion_matrix,TP,FP,FN,TN
15,144,1.3173775672912598,awake,0.40708587865488405,0.6572694239170376,0.33754783246841746,0.44603140519910506,-0.0650696715566017,0.45627106834923803,[[ 22714 16789][ 63188 32197]],22714,16789,63188,32197
15,144,1.3173775672912598,asleep,0.40708587865488405,0.2644175921398803,0.5749943042300585,0.3622503089988437,-0.0650696715566017,0.4562710683492379,[[ 32197 63188][ 16789 22714]],32197,63188,16789,22714
15,144,1.3173775672912598,avg,0.40708587865488405,0.46084350802845897,0.456271068349238,0.4041408570989744,-0.0650696715566017,0.456271068349238,,,,,
