client,round,loss,class,accuracy,precision,recall,f1_score,cohen_kappa_score,roc_auc_score,confusion_matrix,TP,FP,FN,TN
9,178,0.9195799827575684,awake,0.7502149931795267,0.7609644670050761,0.9429784557320333,0.8422501580167147,0.2741171176898568,0.6138708191375657,[[ 11249 28254][ 5439 89946]],11249,28254,5439,89946
9,178,0.9195799827575684,asleep,0.7502149931795267,0.6740771812080537,0.284763182543098,0.4003844031962414,0.2741171176898568,0.6138708191375656,[[ 89946 5439][ 28254 11249]],89946,5439,28254,11249
9,178,0.9195799827575684,avg,0.7502149931795267,0.7175208241065649,0.6138708191375657,0.6213172806064781,0.2741171176898568,0.6138708191375657,,,,,
