client,round,loss,class,accuracy,precision,recall,f1_score,cohen_kappa_score,roc_auc_score,confusion_matrix,TP,FP,FN,TN
4,126,1.4345837831497192,awake,0.7234520491074077,0.7313286601879879,0.9625307962467893,0.8311508430462826,0.1400029657150217,0.5543484551064086,[[ 5774 33729][ 3574 91811]],5774,33729,3574,91811
4,126,1.4345837831497192,asleep,0.7234520491074077,0.6176722293538724,0.14616611396602788,0.23639229493766759,0.1400029657150217,0.5543484551064086,[[ 91811 3574][ 33729 5774]],91811,3574,33729,5774
4,126,1.4345837831497192,avg,0.7234520491074077,0.6745004447709302,0.5543484551064086,0.5337715689919751,0.1400029657150217,0.5543484551064086,,,,,
