client,round,loss,class,accuracy,precision,recall,f1_score,cohen_kappa_score,roc_auc_score,confusion_matrix,TP,FP,FN,TN
1,63,0.9439486861228943,awake,0.5687014411956586,0.7113658569837987,0.6564239660323951,0.6827914483405397,0.012618896852728434,0.5066541266508582,[[ 14098 25405][ 32772 62613]],14098,25405,32772,62613
1,63,0.9439486861228943,asleep,0.5687014411956586,0.3007894175378707,0.3568842872693213,0.32644460653213386,0.012618896852728434,0.5066541266508582,[[ 62613 32772][ 25405 14098]],62613,32772,25405,14098
1,63,0.9439486861228943,avg,0.5687014411956586,0.5060776372608347,0.5066541266508582,0.5046180274363368,0.012618896852728434,0.5066541266508582,,,,,
