client,round,loss,class,accuracy,precision,recall,f1_score,cohen_kappa_score,roc_auc_score,confusion_matrix,TP,FP,FN,TN
1,79,1.0091890096664429,awake,0.5442292865191863,0.7028537241998205,0.615830581328301,0.6564707197139025,-0.011797374312409792,0.49358473349127757,[[ 14669 24834][ 36644 58741]],14669,24834,36644,58741
1,79,1.0091890096664429,asleep,0.5442292865191863,0.2858729756591897,0.3713388856542541,0.32304880197322056,-0.011797374312409792,0.4935847334912776,[[ 58741 36644][ 24834 14669]],58741,36644,24834,14669
1,79,1.0091890096664429,avg,0.5442292865191863,0.4943633499295051,0.49358473349127757,0.48975976084356154,-0.011797374312409792,0.4935847334912776,,,,,
