client,round,loss,class,accuracy,precision,recall,f1_score,cohen_kappa_score,roc_auc_score,confusion_matrix,TP,FP,FN,TN
18,54,0.823912501335144,awake,0.7475683530039736,0.7496357316705875,0.9654767521098705,0.8439748160231679,0.23466928647635477,0.5934388291850773,[[ 8746 30757][ 3293 92092]],8746,30757,3293,92092
18,54,0.823912501335144,asleep,0.7475683530039736,0.7264722983636515,0.22140090626028402,0.3393737146404874,0.23466928647635477,0.5934388291850772,[[ 92092 3293][ 30757 8746]],92092,3293,30757,8746
18,54,0.823912501335144,avg,0.7475683530039736,0.7380540150171195,0.5934388291850773,0.5916742653318277,0.23466928647635477,0.5934388291850772,,,,,
