client,round,loss,class,accuracy,precision,recall,f1_score,cohen_kappa_score,roc_auc_score,confusion_matrix,TP,FP,FN,TN
6,25,0.7044917941093445,awake,0.6709121641658264,0.793570745973081,0.7225874089217382,0.7564174321491677,0.2527332712125633,0.6343615727240389,[[ 21574 17929][ 26461 68924]],21574,17929,26461,68924
6,25,0.7044917941093445,asleep,0.6709121641658264,0.44913084209430626,0.5461357365263397,0.49290593799264315,0.2527332712125633,0.634361572724039,[[ 68924 26461][ 17929 21574]],68924,26461,17929,21574
6,25,0.7044917941093445,avg,0.6709121641658264,0.6213507940336936,0.634361572724039,0.6246616850709055,0.2527332712125633,0.634361572724039,,,,,
