client,round,loss,class,accuracy,precision,recall,f1_score,cohen_kappa_score,roc_auc_score,confusion_matrix,TP,FP,FN,TN
17,47,0.7141057252883911,awake,0.731673684834826,0.7519430658301339,0.9260365885621429,0.82995856314657,0.2252900519170694,0.5941982046676244,[[ 10364 29139][ 7055 88330]],10364,29139,7055,88330
17,47,0.7141057252883911,asleep,0.731673684834826,0.5949824903840634,0.2623598207731058,0.36414742981623976,0.2252900519170694,0.5941982046676244,[[ 88330 7055][ 29139 10364]],88330,7055,29139,10364
17,47,0.7141057252883911,avg,0.731673684834826,0.6734627781070986,0.5941982046676244,0.5970529964814049,0.2252900519170694,0.5941982046676244,,,,,
