client,round,loss,class,accuracy,precision,recall,f1_score,cohen_kappa_score,roc_auc_score,confusion_matrix,TP,FP,FN,TN
18,102,1.0619337558746338,awake,0.727388648360121,0.7268849336915204,0.9843371599308067,0.8362442886788923,0.12180591028111398,0.5456455310830399,[[ 4225 35278][ 1494 93891]],4225,35278,1494,93891
18,102,1.0619337558746338,asleep,0.727388648360121,0.738765518447281,0.10695390223527328,0.1868559550661183,0.12180591028111398,0.54564553108304,[[ 93891 1494][ 35278 4225]],93891,1494,35278,4225
18,102,1.0619337558746338,avg,0.727388648360121,0.7328252260694007,0.54564553108304,0.5115501218725054,0.12180591028111398,0.5456455310830399,,,,,
