client,round,loss,class,accuracy,precision,recall,f1_score,cohen_kappa_score,roc_auc_score,confusion_matrix,TP,FP,FN,TN
7,136,0.7340288162231445,awake,0.6449572979064112,0.7937676282844277,0.6726948681658542,0.7282332979610829,0.22626542493902335,0.6253381436492892,[[ 22832 16671][ 31220 64165]],22832,16671,31220,64165
7,136,0.7340288162231445,asleep,0.6449572979064112,0.4224080515059572,0.577981419132724,0.4880979103201325,0.22626542493902335,0.6253381436492891,[[ 64165 31220][ 16671 22832]],64165,31220,16671,22832
7,136,0.7340288162231445,avg,0.6449572979064112,0.6080878398951924,0.6253381436492891,0.6081656041406077,0.22626542493902335,0.6253381436492891,,,,,
