client,round,loss,class,accuracy,precision,recall,f1_score,cohen_kappa_score,roc_auc_score,confusion_matrix,TP,FP,FN,TN
5,110,0.9468392729759216,awake,0.5561651147618765,0.7691375051149538,0.5320543062326362,0.6289970750086759,0.12022567800175354,0.5732190119624817,[[ 24270 15233][ 44635 50750]],24270,15233,44635,50750
5,110,0.9468392729759216,asleep,0.5561651147618765,0.3522240766272404,0.6143837176923271,0.4477529333628515,0.12022567800175354,0.5732190119624816,[[ 50750 44635][ 15233 24270]],50750,44635,15233,24270
5,110,0.9468392729759216,avg,0.5561651147618765,0.5606807908710971,0.5732190119624816,0.5383750041857637,0.12022567800175354,0.5732190119624816,,,,,
