client,round,loss,class,accuracy,precision,recall,f1_score,cohen_kappa_score,roc_auc_score,confusion_matrix,TP,FP,FN,TN
2,5,0.6383275985717773,awake,0.6998250400332128,0.768102210457427,0.8244063532001887,0.7952589476239116,0.2356310560789997,0.611707011751855,[[ 15762 23741][ 16749 78636]],15762,23741,16749,78636
2,5,0.6383275985717773,asleep,0.6998250400332128,0.48482052228476513,0.39900767030352124,0.43774821562473964,0.2356310560789997,0.6117070117518549,[[ 78636 16749][ 23741 15762]],78636,16749,23741,15762
2,5,0.6383275985717773,avg,0.6998250400332128,0.6264613663710961,0.611707011751855,0.6165035816243256,0.2356310560789997,0.611707011751855,,,,,
