client,round,loss,class,accuracy,precision,recall,f1_score,cohen_kappa_score,roc_auc_score,confusion_matrix,TP,FP,FN,TN
17,175,0.7606838345527649,awake,0.7320740169622205,0.7610486891385768,0.9053834460344918,0.8269654313894474,0.25290557692660265,0.6094899408741176,[[ 12388 27115][ 9025 86360]],12388,27115,9025,86360
17,175,0.7606838345527649,asleep,0.7320740169622205,0.5785270629991127,0.31359643571374324,0.40672401339549547,0.25290557692660265,0.6094899408741176,[[ 86360 9025][ 27115 12388]],86360,9025,27115,12388
17,175,0.7606838345527649,avg,0.7320740169622205,0.6697878760688447,0.6094899408741176,0.6168447223924715,0.25290557692660265,0.6094899408741176,,,,,
