client,round,loss,class,accuracy,precision,recall,f1_score,cohen_kappa_score,roc_auc_score,confusion_matrix,TP,FP,FN,TN
12,151,1.3297772407531738,awake,0.7167131249629322,0.7415318321997381,0.9201027415212035,0.8212220454758117,0.1756191891137121,0.5728529301358392,[[ 8912 30591][ 7621 87764]],8912,30591,7621,87764
12,151,1.3297772407531738,asleep,0.7167131249629322,0.5390431258694732,0.22560311875047465,0.31808123349275463,0.1756191891137121,0.572852930135839,[[ 87764 7621][ 30591 8912]],87764,7621,30591,8912
12,151,1.3297772407531738,avg,0.7167131249629322,0.6402874790346056,0.572852930135839,0.5696516394842832,0.1756191891137121,0.5728529301358392,,,,,
