client,round,loss,class,accuracy,precision,recall,f1_score,cohen_kappa_score,roc_auc_score,confusion_matrix,TP,FP,FN,TN
5,67,0.840783953666687,awake,0.5936628906945021,0.7743890068571893,0.600262095717356,0.6762972324919384,0.15356647095822684,0.5889951847596729,[[ 22822 16681][ 38129 57256]],22822,16681,38129,57256
5,67,0.840783953666687,asleep,0.5936628906945021,0.37443192072320386,0.5777282738019898,0.45437712783960815,0.15356647095822684,0.5889951847596729,[[ 57256 38129][ 16681 22822]],57256,38129,16681,22822
5,67,0.840783953666687,avg,0.5936628906945021,0.5744104637901966,0.5889951847596728,0.5653371801657733,0.15356647095822684,0.5889951847596729,,,,,
