client,round,loss,class,accuracy,precision,recall,f1_score,cohen_kappa_score,roc_auc_score,confusion_matrix,TP,FP,FN,TN
18,9,0.8981208205223083,awake,0.7081208113397782,0.7079614476439402,0.9995701630235362,0.828865638814391,0.00557331741899747,0.5019747886226205,[[ 173 39330][ 41 95344]],173,39330,41,95344
18,9,0.8981208205223083,asleep,0.7081208113397782,0.8084112149532711,0.0043794142217046805,0.008711634816325503,0.00557331741899747,0.5019747886226203,[[ 95344 41][ 39330 173]],95344,41,39330,173
18,9,0.8981208205223083,avg,0.7081208113397782,0.7581863312986057,0.5019747886226205,0.4187886368153583,0.00557331741899747,0.5019747886226205,,,,,
