client,round,loss,class,accuracy,precision,recall,f1_score,cohen_kappa_score,roc_auc_score,confusion_matrix,TP,FP,FN,TN
18,178,1.0830211639404297,awake,0.7422602455370382,0.7491676463092821,0.9554017927347067,0.8398086882798533,0.2272538915493818,0.5915023797989915,[[ 8991 30512][ 4254 91131]],8991,30512,4254,91131
18,178,1.0830211639404297,asleep,0.7422602455370382,0.6788221970554926,0.22760296686327622,0.34090392052779256,0.2272538915493818,0.5915023797989915,[[ 91131 4254][ 30512 8991]],91131,4254,30512,8991
18,178,1.0830211639404297,avg,0.7422602455370382,0.7139949216823873,0.5915023797989915,0.5903563044038229,0.2272538915493818,0.5915023797989915,,,,,
