client,round,loss,class,accuracy,precision,recall,f1_score,cohen_kappa_score,roc_auc_score,confusion_matrix,TP,FP,FN,TN
2,45,0.7481609582901001,awake,0.7390501749599668,0.7999641155479357,0.8413691880274676,0.8201443995360411,0.3460249719641658,0.6666785691548623,[[ 19435 20068][ 15131 80254]],19435,20068,15131,80254
2,45,0.7481609582901001,asleep,0.7390501749599668,0.5622577098883296,0.49198795028225706,0.5247809474949034,0.3460249719641658,0.6666785691548623,[[ 80254 15131][ 20068 19435]],80254,15131,20068,19435
2,45,0.7481609582901001,avg,0.7390501749599668,0.6811109127181326,0.6666785691548623,0.6724626735154723,0.3460249719641658,0.6666785691548623,,,,,
