client,round,loss,class,accuracy,precision,recall,f1_score,cohen_kappa_score,roc_auc_score,confusion_matrix,TP,FP,FN,TN
16,4,0.7403684854507446,awake,0.7081727062451811,0.7334227785231544,0.9226817633799864,0.8172380492515693,0.13810168948213386,0.5564475824468977,[[ 7514 31989][ 7375 88010]],7514,31989,7375,88010
16,4,0.7403684854507446,asleep,0.7081727062451811,0.5046678756128685,0.19021340151380908,0.2762906309751434,0.13810168948213386,0.5564475824468977,[[ 88010 7375][ 31989 7514]],88010,7375,31989,7514
16,4,0.7403684854507446,avg,0.7081727062451811,0.6190453270680114,0.5564475824468977,0.5467643401133564,0.13810168948213386,0.5564475824468977,,,,,
