client,round,loss,class,accuracy,precision,recall,f1_score,cohen_kappa_score,roc_auc_score,confusion_matrix,TP,FP,FN,TN
8,192,0.8682119250297546,awake,0.6680653579265762,0.7577906135713048,0.7798605650783667,0.7686672040010747,0.18172574961359123,0.5889911133621588,[[ 15727 23776][ 20998 74387]],15727,23776,20998,74387
8,192,0.8682119250297546,asleep,0.6680653579265762,0.42823689584751534,0.3981216616459509,0.4126305294642389,0.18172574961359123,0.5889911133621588,[[ 74387 20998][ 23776 15727]],74387,20998,23776,15727
8,192,0.8682119250297546,avg,0.6680653579265762,0.5930137547094101,0.5889911133621588,0.5906488667326568,0.18172574961359123,0.5889911133621588,,,,,
