client,round,loss,class,accuracy,precision,recall,f1_score,cohen_kappa_score,roc_auc_score,confusion_matrix,TP,FP,FN,TN
1,69,0.931783139705658,awake,0.5909050471502283,0.7138935294055054,0.7033705509251978,0.7085929743773896,0.02247901972017985,0.5113566928233058,[[ 12615 26888][ 28294 67091]],12615,26888,28294,67091
1,69,0.931783139705658,asleep,0.5909050471502283,0.30836735192744874,0.31934283472141356,0.313759140426802,0.02247901972017985,0.5113566928233058,[[ 67091 28294][ 26888 12615]],67091,28294,26888,12615
1,69,0.931783139705658,avg,0.5909050471502283,0.5111304406664771,0.5113566928233058,0.5111760574020958,0.02247901972017985,0.5113566928233058,,,,,
