client,round,loss,class,accuracy,precision,recall,f1_score,cohen_kappa_score,roc_auc_score,confusion_matrix,TP,FP,FN,TN
3,168,1.0874027013778687,awake,0.608230531996916,0.7863952173210534,0.6122975310583425,0.6885112553270499,0.18218018468477593,0.6053538891906654,[[ 23639 15864][ 36981 58404]],23639,15864,36981,58404
3,168,1.0874027013778687,asleep,0.608230531996916,0.3899538106235566,0.5984102473229881,0.4721991949901621,0.18218018468477593,0.6053538891906654,[[ 58404 36981][ 15864 23639]],58404,36981,15864,23639
3,168,1.0874027013778687,avg,0.608230531996916,0.588174513972305,0.6053538891906654,0.580355225158606,0.18218018468477593,0.6053538891906654,,,,,
