client,round,loss,class,accuracy,precision,recall,f1_score,cohen_kappa_score,roc_auc_score,confusion_matrix,TP,FP,FN,TN
3,183,1.029350996017456,awake,0.6034413735840104,0.7803699539565264,0.6112386643602243,0.6855264937065321,0.1698195637146701,0.5979262455790946,[[ 23094 16409][ 37082 58303]],23094,16409,37082,58303
3,183,1.029350996017456,asleep,0.6034413735840104,0.383774262164318,0.5846138267979647,0.463367409384123,0.1698195637146701,0.5979262455790946,[[ 58303 37082][ 16409 23094]],58303,37082,16409,23094
3,183,1.029350996017456,avg,0.6034413735840104,0.5820721080604222,0.5979262455790946,0.5744469515453275,0.1698195637146701,0.5979262455790946,,,,,
