client,round,loss,class,accuracy,precision,recall,f1_score,cohen_kappa_score,roc_auc_score,confusion_matrix,TP,FP,FN,TN
6,14,0.712345540523529,awake,0.6217973429808433,0.7638244737780949,0.6733763170309797,0.7157542833263687,0.15744284391131846,0.5853148450962559,[[ 19643 19860][ 31155 64230]],19643,19860,31155,64230
6,14,0.712345540523529,asleep,0.6217973429808433,0.3866884523012717,0.497253373161532,0.4350560901872626,0.15744284391131846,0.5853148450962559,[[ 64230 31155][ 19860 19643]],64230,31155,19860,19643
6,14,0.712345540523529,avg,0.6217973429808433,0.5752564630396833,0.5853148450962559,0.5754051867568156,0.15744284391131846,0.5853148450962559,,,,,
