client,round,loss,class,accuracy,precision,recall,f1_score,cohen_kappa_score,roc_auc_score,confusion_matrix,TP,FP,FN,TN
10,85,1.3119603395462036,awake,0.42625733942233557,0.8128303198887343,0.2450804633852283,0.3766079987111845,0.07283055399197458,0.5544061659254572,[[ 34120 5383][ 72008 23377]],34120,5383,72008,23377
10,85,1.3119603395462036,asleep,0.42625733942233557,0.32149856776722446,0.8637318684656862,0.4685815520047243,0.07283055399197458,0.5544061659254572,[[ 23377 72008][ 5383 34120]],23377,72008,5383,34120
10,85,1.3119603395462036,avg,0.42625733942233557,0.5671644438279794,0.5544061659254572,0.4225947753579544,0.07283055399197458,0.5544061659254572,,,,,
