client,round,loss,class,accuracy,precision,recall,f1_score,cohen_kappa_score,roc_auc_score,confusion_matrix,TP,FP,FN,TN
16,137,0.9059505462646484,awake,0.732711582942886,0.7698900079150632,0.8871835194212927,0.8243855393517843,0.27672263760250415,0.6234515171974195,[[ 14210 25293][ 10761 84624]],14210,25293,10761,84624
16,137,0.9059505462646484,asleep,0.732711582942886,0.5690601097272836,0.3597195149735463,0.4407978409901665,0.27672263760250415,0.6234515171974195,[[ 84624 10761][ 25293 14210]],84624,10761,25293,14210
16,137,0.9059505462646484,avg,0.732711582942886,0.6694750588211734,0.6234515171974195,0.6325916901709754,0.27672263760250415,0.6234515171974195,,,,,
