client,round,loss,class,accuracy,precision,recall,f1_score,cohen_kappa_score,roc_auc_score,confusion_matrix,TP,FP,FN,TN
9,111,1.0438867807388306,awake,0.7504892948223711,0.7598306211959222,0.9462494102846359,0.8428552751993724,0.27109538170404035,0.6120255481162693,[[ 10974 28529][ 5127 90258]],10974,28529,5127,90258
9,111,1.0438867807388306,asleep,0.7504892948223711,0.6815725731321036,0.27780168594790267,0.3947198043306237,0.27109538170404035,0.6120255481162693,[[ 90258 5127][ 28529 10974]],90258,5127,28529,10974
9,111,1.0438867807388306,avg,0.7504892948223711,0.7207015971640129,0.6120255481162693,0.618787539764998,0.27109538170404035,0.6120255481162693,,,,,
