client,round,loss,class,accuracy,precision,recall,f1_score,cohen_kappa_score,roc_auc_score,confusion_matrix,TP,FP,FN,TN
13,150,0.8154202103614807,awake,0.6898019097325189,0.810938570715107,0.7319914032604707,0.7694452403517665,0.29931117737139834,0.6599607169455278,[[ 23225 16278][ 25564 69821]],23225,16278,25564,69821
13,150,0.8154202103614807,asleep,0.6898019097325189,0.47602943286396526,0.587930030630585,0.5260952294658633,0.29931117737139834,0.6599607169455279,[[ 69821 25564][ 16278 23225]],69821,25564,16278,23225
13,150,0.8154202103614807,avg,0.6898019097325189,0.6434840017895361,0.6599607169455279,0.6477702349088149,0.29931117737139834,0.6599607169455279,,,,,
