client,round,loss,class,accuracy,precision,recall,f1_score,cohen_kappa_score,roc_auc_score,confusion_matrix,TP,FP,FN,TN
3,147,1.1403286457061768,awake,0.5711775695391732,0.7822621876033804,0.5453897363317083,0.642695213327815,0.14728923913715752,0.5894176487141669,[[ 25023 14480][ 43363 52022]],25023,14480,43363,52022
3,147,1.1403286457061768,asleep,0.5711775695391732,0.3659082268300529,0.6334455610966255,0.463865639685232,0.14728923913715752,0.589417648714167,[[ 52022 43363][ 14480 25023]],52022,43363,14480,25023
3,147,1.1403286457061768,avg,0.5711775695391732,0.5740852072167166,0.5894176487141669,0.5532804265065234,0.14728923913715752,0.5894176487141669,,,,,
