client,round,loss,class,accuracy,precision,recall,f1_score,cohen_kappa_score,roc_auc_score,confusion_matrix,TP,FP,FN,TN
11,128,0.7361310124397278,awake,0.6984831860506494,0.7873211922616422,0.7859097342349426,0.7866148300883006,0.2729443391908769,0.636645219748917,[[ 19253 20250][ 20421 74964]],19253,20250,20421,74964
11,128,0.7361310124397278,asleep,0.6984831860506494,0.485280032262943,0.4873807052628914,0.4863281003321671,0.2729443391908769,0.636645219748917,[[ 74964 20421][ 20250 19253]],74964,20421,20250,19253
11,128,0.7361310124397278,avg,0.6984831860506494,0.6363006122622926,0.636645219748917,0.6364714652102339,0.2729443391908769,0.636645219748917,,,,,
