client,round,loss,class,accuracy,precision,recall,f1_score,cohen_kappa_score,roc_auc_score,confusion_matrix,TP,FP,FN,TN
11,132,0.7079659104347229,awake,0.6972451218788921,0.7867906076825203,0.7844315143890549,0.7856092900191093,0.2705801978178046,0.6355770208960185,[[ 19227 20276][ 20562 74823]],19227,20276,20562,74823
11,132,0.7079659104347229,asleep,0.6972451218788921,0.48322400663499965,0.48672252740298205,0.4849669575745347,0.2705801978178046,0.6355770208960185,[[ 74823 20562][ 20276 19227]],74823,20562,20276,19227
11,132,0.7079659104347229,avg,0.6972451218788921,0.63500730715876,0.6355770208960185,0.635288123796822,0.2705801978178046,0.6355770208960185,,,,,
