client,round,loss,class,accuracy,precision,recall,f1_score,cohen_kappa_score,roc_auc_score,confusion_matrix,TP,FP,FN,TN
8,89,0.8070676922798157,awake,0.6834188363679498,0.7712155845225592,0.7852597368558998,0.778174300155319,0.22567764537230806,0.6113854059820597,[[ 17283 22220][ 20483 74902]],17283,22220,20483,74902
8,89,0.8070676922798157,asleep,0.6834188363679498,0.45763385055340783,0.4375110751082196,0.4473462837619226,0.22567764537230806,0.6113854059820597,[[ 74902 20483][ 22220 17283]],74902,20483,22220,17283
8,89,0.8070676922798157,avg,0.6834188363679498,0.6144247175379836,0.6113854059820597,0.6127602919586208,0.22567764537230806,0.6113854059820597,,,,,
