client,round,loss,class,accuracy,precision,recall,f1_score,cohen_kappa_score,roc_auc_score,confusion_matrix,TP,FP,FN,TN
13,83,0.6651424169540405,awake,0.7515271929304311,0.7959814380710902,0.8721706767311422,0.832336168084042,0.35652650440972455,0.6661944440031177,[[ 18180 21323][ 12193 83192]],18180,21323,12193,83192
13,83,0.6651424169540405,asleep,0.7515271929304311,0.5985579297402298,0.46021821127509305,0.5203503348789283,0.35652650440972455,0.6661944440031176,[[ 83192 12193][ 21323 18180]],83192,12193,21323,18180
13,83,0.6651424169540405,avg,0.7515271929304311,0.69726968390566,0.6661944440031177,0.6763432514814851,0.35652650440972455,0.6661944440031176,,,,,
