client,round,loss,class,accuracy,precision,recall,f1_score,cohen_kappa_score,roc_auc_score,confusion_matrix,TP,FP,FN,TN
8,59,0.7948222160339355,awake,0.6650480398552874,0.7709043816101878,0.74888085128689,0.7597330426227765,0.20731476795359893,0.6057519716019798,[[ 18275 21228][ 23953 71432]],18275,21228,23953,71432
8,59,0.7948222160339355,asleep,0.6650480398552874,0.4327697262479871,0.4626230919170696,0.4471987373212123,0.20731476795359893,0.6057519716019797,[[ 71432 23953][ 21228 18275]],71432,23953,21228,18275
8,59,0.7948222160339355,avg,0.6650480398552874,0.6018370539290875,0.6057519716019798,0.6034658899719945,0.20731476795359893,0.6057519716019797,,,,,
