client,round,loss,class,accuracy,precision,recall,f1_score,cohen_kappa_score,roc_auc_score,confusion_matrix,TP,FP,FN,TN
14,47,0.754235029220581,awake,0.7571689105035289,0.7736129314110965,0.9282381925879332,0.8439011604355803,0.3171794729827231,0.6361693203275842,[[ 13593 25910][ 6845 88540]],13593,25910,6845,88540
14,47,0.754235029220581,asleep,0.7571689105035289,0.6650846462471867,0.3441004480672354,0.4535459868871057,0.3171794729827231,0.6361693203275842,[[ 88540 6845][ 25910 13593]],88540,6845,25910,13593
14,47,0.754235029220581,avg,0.7571689105035289,0.7193487888291417,0.6361693203275842,0.648723573661343,0.3171794729827231,0.6361693203275842,,,,,
