client,round,loss,class,accuracy,precision,recall,f1_score,cohen_kappa_score,roc_auc_score,confusion_matrix,TP,FP,FN,TN
12,32,1.0562423467636108,awake,0.695717928948461,0.7490398804777225,0.8567489647219164,0.7992821024422211,0.1821648483859688,0.5818185245855994,[[ 12123 27380][ 13664 81721]],12123,27380,13664,81721
12,32,1.0562423467636108,asleep,0.695717928948461,0.4701206034048164,0.30688808444928234,0.371358554143054,0.1821648483859688,0.5818185245855994,[[ 81721 13664][ 27380 12123]],81721,13664,27380,12123
12,32,1.0562423467636108,avg,0.695717928948461,0.6095802419412695,0.5818185245855994,0.5853203282926376,0.1821648483859688,0.5818185245855994,,,,,
