client,round,loss,class,accuracy,precision,recall,f1_score,cohen_kappa_score,roc_auc_score,confusion_matrix,TP,FP,FN,TN
17,127,0.8047780394554138,awake,0.723963584603523,0.7468900455985124,0.9221470881165802,0.825317144572887,0.20091791564321282,0.5837857431317781,[[ 9695 29808][ 7426 87959]],9695,29808,7426,87959
17,127,0.8047780394554138,asleep,0.723963584603523,0.5662636528240172,0.24542439814697617,0.34243430347555803,0.20091791564321282,0.5837857431317782,[[ 87959 7426][ 29808 9695]],87959,7426,29808,9695
17,127,0.8047780394554138,avg,0.723963584603523,0.6565768492112648,0.5837857431317782,0.5838757240242225,0.20091791564321282,0.5837857431317781,,,,,
