client,round,loss,class,accuracy,precision,recall,f1_score,cohen_kappa_score,roc_auc_score,confusion_matrix,TP,FP,FN,TN
16,144,0.9278507828712463,awake,0.7346539351165411,0.7814468824679557,0.867337631703098,0.8221550876007433,0.3053485403335361,0.6408049827249509,[[ 16365 23138][ 12654 82731]],16365,23138,12654,82731
16,144,0.9278507828712463,asleep,0.7346539351165411,0.5639408663289569,0.41427233374680406,0.47765681095122736,0.3053485403335361,0.6408049827249509,[[ 82731 12654][ 23138 16365]],82731,12654,23138,16365
16,144,0.9278507828712463,avg,0.7346539351165411,0.6726938743984563,0.640804982724951,0.6499059492759853,0.3053485403335361,0.6408049827249509,,,,,
