client,round,loss,class,accuracy,precision,recall,f1_score,cohen_kappa_score,roc_auc_score,confusion_matrix,TP,FP,FN,TN
2,23,0.6917988061904907,awake,0.7469233734653935,0.7956212834967952,0.8640771609791896,0.8284374575956016,0.34938038685539174,0.6640589333741859,[[ 18331 21172][ 12965 82420]],18331,21172,12965,82420
2,23,0.6917988061904907,asleep,0.7469233734653935,0.5857298057259713,0.4640407057691821,0.5178321727708018,0.34938038685539174,0.6640589333741859,[[ 82420 12965][ 21172 18331]],82420,12965,21172,18331
2,23,0.6917988061904907,avg,0.7469233734653935,0.6906755446113833,0.6640589333741859,0.6731348151832017,0.34938038685539174,0.6640589333741859,,,,,
