client,round,loss,class,accuracy,precision,recall,f1_score,cohen_kappa_score,roc_auc_score,confusion_matrix,TP,FP,FN,TN
6,190,0.9855090379714966,awake,0.6143911986240437,0.7825582758935202,0.6296482675473083,0.6978249250575139,0.18204006722540167,0.603599669808892,[[ 22815 16688][ 35326 60059]],22815,16688,35326,60059
6,190,0.9855090379714966,asleep,0.6143911986240437,0.39240811131559483,0.5775510720704756,0.46730981934373844,0.18204006722540167,0.6035996698088919,[[ 60059 35326][ 16688 22815]],60059,35326,16688,22815
6,190,0.9855090379714966,avg,0.6143911986240437,0.5874831936045575,0.6035996698088919,0.5825673722006262,0.18204006722540167,0.6035996698088919,,,,,
