client,round,loss,class,accuracy,precision,recall,f1_score,cohen_kappa_score,roc_auc_score,confusion_matrix,TP,FP,FN,TN
0,196,0.8727322220802307,awake,0.6991726469367179,0.7775122282195914,0.8049169156575982,0.7909772731955576,0.255116791274679,0.6243783120170886,[[ 17533 21970][ 18608 76777]],17533,21970,18608,76777
0,196,0.8727322220802307,asleep,0.6991726469367179,0.4851276943084032,0.443839708376579,0.46356617841467934,0.255116791274679,0.6243783120170885,[[ 76777 18608][ 21970 17533]],76777,18608,21970,17533
0,196,0.8727322220802307,avg,0.6991726469367179,0.6313199612639973,0.6243783120170886,0.6272717258051185,0.255116791274679,0.6243783120170885,,,,,
