client,round,loss,class,accuracy,precision,recall,f1_score,cohen_kappa_score,roc_auc_score,confusion_matrix,TP,FP,FN,TN
6,22,0.7497715353965759,awake,0.6438378506612894,0.8009688370141511,0.6604497562509829,0.7239536647590153,0.23501357294133685,0.6320880277596965,[[ 23849 15654][ 32388 62997]],23849,15654,32388,62997
6,22,0.7497715353965759,asleep,0.6438378506612894,0.4240802318758113,0.60372629926841,0.4982034677250889,0.23501357294133685,0.6320880277596964,[[ 62997 32388][ 15654 23849]],62997,32388,15654,23849
6,22,0.7497715353965759,avg,0.6438378506612894,0.6125245344449812,0.6320880277596965,0.6110785662420521,0.23501357294133685,0.6320880277596965,,,,,
