client,round,loss,class,accuracy,precision,recall,f1_score,cohen_kappa_score,roc_auc_score,confusion_matrix,TP,FP,FN,TN
15,26,1.194730281829834,awake,0.36787557084395944,0.6235440627060289,0.2677150495360906,0.3745984245038067,-0.08731566930042312,0.43872044657145265,[[ 24086 15417][ 69849 25536]],24086,15417,69849,25536
15,26,1.194730281829834,asleep,0.36787557084395944,0.2564113482727418,0.6097258436068147,0.3610066098112982,-0.08731566930042312,0.43872044657145265,[[ 25536 69849][ 15417 24086]],25536,69849,15417,24086
15,26,1.194730281829834,avg,0.36787557084395944,0.43997770548938536,0.43872044657145265,0.3678025171575524,-0.08731566930042312,0.43872044657145265,,,,,
