client,round,loss,class,accuracy,precision,recall,f1_score,cohen_kappa_score,roc_auc_score,confusion_matrix,TP,FP,FN,TN
8,98,0.8360820412635803,awake,0.6785777830496412,0.7819297085821422,0.7564187241180479,0.7689626874420489,0.2414674477025177,0.6235198448071697,[[ 19381 20122][ 23234 72151]],19381,20122,23234,72151
8,98,0.8360820412635803,asleep,0.6785777830496412,0.4547929132934413,0.4906209654962914,0.47202805718600066,0.2414674477025177,0.6235198448071697,[[ 72151 23234][ 20122 19381]],72151,23234,20122,19381
8,98,0.8360820412635803,avg,0.6785777830496412,0.6183613109377917,0.6235198448071697,0.6204953723140247,0.2414674477025177,0.6235198448071697,,,,,
