client,round,loss,class,accuracy,precision,recall,f1_score,cohen_kappa_score,roc_auc_score,confusion_matrix,TP,FP,FN,TN
7,93,0.7405706644058228,awake,0.6149620425834766,0.7928236372459158,0.6166378361377575,0.6937189293106802,0.19664428138497803,0.6137767313995119,[[ 24133 15370][ 36567 58818]],24133,15370,36567,58818
7,93,0.7405706644058228,asleep,0.6149620425834766,0.39757825370675454,0.6109156266612662,0.4816821851641168,0.19664428138497803,0.6137767313995119,[[ 58818 36567][ 15370 24133]],58818,36567,15370,24133
7,93,0.7405706644058228,avg,0.6149620425834766,0.5952009454763352,0.6137767313995118,0.5877005572373986,0.19664428138497803,0.6137767313995119,,,,,
