client,round,loss,class,accuracy,precision,recall,f1_score,cohen_kappa_score,roc_auc_score,confusion_matrix,TP,FP,FN,TN
15,89,1.2273218631744385,awake,0.36783850305438587,0.6273931882305522,0.2610997536300257,0.36874171793220367,-0.08020610812907125,0.4433362474704061,[[ 24712 14791][ 70480 24905]],24712,14791,70480,24905
15,89,1.2273218631744385,asleep,0.36783850305438587,0.2596016471972435,0.6255727413107866,0.3669326998032592,-0.08020610812907125,0.4433362474704061,[[ 24905 70480][ 14791 24712]],24905,70480,14791,24712
15,89,1.2273218631744385,avg,0.36783850305438587,0.44349741771389783,0.4433362474704061,0.3678372088677314,-0.08020610812907125,0.4433362474704061,,,,,
