client,round,loss,class,accuracy,precision,recall,f1_score,cohen_kappa_score,roc_auc_score,confusion_matrix,TP,FP,FN,TN
14,96,0.7439247965812683,awake,0.7488360714073898,0.7620890078235525,0.9374849294962521,0.8407365447083768,0.27568257786015826,0.6154022121090859,[[ 11587 27916][ 5963 89422]],11587,27916,5963,89422
14,96,0.7439247965812683,asleep,0.7488360714073898,0.6602279202279202,0.29331949472191987,0.40618372390584195,0.27568257786015826,0.6154022121090859,[[ 89422 5963][ 27916 11587]],89422,5963,27916,11587
14,96,0.7439247965812683,avg,0.7488360714073898,0.7111584640257363,0.615402212109086,0.6234601343071093,0.27568257786015826,0.6154022121090859,,,,,
