client,round,loss,class,accuracy,precision,recall,f1_score,cohen_kappa_score,roc_auc_score,confusion_matrix,TP,FP,FN,TN
16,200,0.8962382674217224,awake,0.738575707253425,0.7738793731778426,0.8905068931173664,0.8281069487435717,0.29351268307640466,0.631112748383861,[[ 14684 24819][ 10444 84941]],14684,24819,10444,84941
16,200,0.8962382674217224,asleep,0.738575707253425,0.5843680356574339,0.3717186036503557,0.45439494979189554,0.29351268307640466,0.631112748383861,[[ 84941 10444][ 24819 14684]],84941,10444,24819,14684
16,200,0.8962382674217224,avg,0.738575707253425,0.6791237044176383,0.631112748383861,0.6412509492677336,0.29351268307640466,0.631112748383861,,,,,
