client,round,loss,class,accuracy,precision,recall,f1_score,cohen_kappa_score,roc_auc_score,confusion_matrix,TP,FP,FN,TN
7,180,0.828970730304718,awake,0.6130789988731392,0.801752081819706,0.6015935419615244,0.6873985517228987,0.20602531498842935,0.6212028160912603,[[ 25314 14189][ 38002 57383]],25314,14189,38002,57383
7,180,0.828970730304718,asleep,0.6130789988731392,0.39980415692715904,0.6408120902209958,0.49239926472733647,0.20602531498842935,0.6212028160912602,[[ 57383 38002][ 14189 25314]],57383,38002,14189,25314
7,180,0.828970730304718,avg,0.6130789988731392,0.6007781193734325,0.6212028160912602,0.5898989082251176,0.20602531498842935,0.6212028160912602,,,,,
