client,round,loss,class,accuracy,precision,recall,f1_score,cohen_kappa_score,roc_auc_score,confusion_matrix,TP,FP,FN,TN
2,80,0.7601116299629211,awake,0.7522018267006702,0.7841836828297283,0.8962310635844211,0.8364718026996217,0.33445761297521936,0.6503280219828289,[[ 15976 23527][ 9898 85487]],15976,23527,9898,85487
2,80,0.7601116299629211,asleep,0.7522018267006702,0.6174538146401793,0.40442498038123686,0.4887345702617128,0.33445761297521936,0.6503280219828289,[[ 85487 9898][ 23527 15976]],85487,9898,23527,15976
2,80,0.7601116299629211,avg,0.7522018267006702,0.7008187487349538,0.6503280219828289,0.6626031864806673,0.33445761297521936,0.6503280219828289,,,,,
