client,round,loss,class,accuracy,precision,recall,f1_score,cohen_kappa_score,roc_auc_score,confusion_matrix,TP,FP,FN,TN
2,118,0.7461105585098267,awake,0.7527726706601032,0.7928787921706371,0.880358546941343,0.8343318727830934,0.35257349077230904,0.6625294747212095,[[ 17567 21936][ 11412 83973]],17567,21936,11412,83973
2,118,0.7461105585098267,asleep,0.7527726706601032,0.6061975913592601,0.44470040250107584,0.513039922899448,0.35257349077230904,0.6625294747212095,[[ 83973 11412][ 21936 17567]],83973,11412,21936,17567
2,118,0.7461105585098267,avg,0.7527726706601032,0.6995381917649486,0.6625294747212094,0.6736858978412708,0.35257349077230904,0.6625294747212095,,,,,
