client,round,loss,class,accuracy,precision,recall,f1_score,cohen_kappa_score,roc_auc_score,confusion_matrix,TP,FP,FN,TN
0,165,0.9350519180297852,awake,0.7384200225372161,0.7606717498980752,0.9193374220265241,0.8325121282029374,0.25914222175269874,0.6104547272651923,[[ 11913 27590][ 7694 87691]],11913,27590,7694,87691
0,165,0.9350519180297852,asleep,0.7384200225372161,0.6075891263324323,0.30157203250386044,0.4030790052444595,0.25914222175269874,0.6104547272651923,[[ 87691 7694][ 27590 11913]],87691,7694,27590,11913
0,165,0.9350519180297852,avg,0.7384200225372161,0.6841304381152538,0.6104547272651923,0.6177955667236985,0.25914222175269874,0.6104547272651923,,,,,
