client,round,loss,class,accuracy,precision,recall,f1_score,cohen_kappa_score,roc_auc_score,confusion_matrix,TP,FP,FN,TN
4,127,1.3782531023025513,awake,0.7232518830437104,0.730174211607235,0.9653823976516224,0.8314642250875862,0.1346612358473429,0.5519897331143463,[[ 5475 34028][ 3302 92083]],5475,34028,3302,92083
4,127,1.3782531023025513,asleep,0.7232518830437104,0.6237894496980745,0.1385970685770701,0.2268019884009942,0.1346612358473429,0.5519897331143463,[[ 92083 3302][ 34028 5475]],92083,3302,34028,5475
4,127,1.3782531023025513,avg,0.7232518830437104,0.6769818306526547,0.5519897331143462,0.5291331067442901,0.1346612358473429,0.5519897331143463,,,,,
