client,round,loss,class,accuracy,precision,recall,f1_score,cohen_kappa_score,roc_auc_score,confusion_matrix,TP,FP,FN,TN
6,183,0.9949300289154053,awake,0.5959462665322341,0.7942281396185679,0.5784871835194213,0.6694043430789761,0.1816834541293183,0.6082953093507797,[[ 25207 14296][ 40206 55179]],25207,14296,40206,55179
6,183,0.9949300289154053,asleep,0.5959462665322341,0.38535153562747465,0.6381034351821381,0.4805177475313584,0.1816834541293183,0.6082953093507797,[[ 55179 40206][ 14296 25207]],55179,40206,14296,25207
6,183,0.9949300289154053,avg,0.5959462665322341,0.5897898376230213,0.6082953093507797,0.5749610453051672,0.1816834541293183,0.6082953093507797,,,,,
