client,round,loss,class,accuracy,precision,recall,f1_score,cohen_kappa_score,roc_auc_score,confusion_matrix,TP,FP,FN,TN
17,143,0.8386520147323608,awake,0.7093440483957061,0.7372684500832017,0.9150600199192745,0.8165989933199858,0.15393277880735767,0.5638383916015379,[[ 8399 31104][ 8102 87283]],8399,31104,8102,87283
17,143,0.8386520147323608,asleep,0.7093440483957061,0.5089994545785104,0.21261676328380122,0.2999428612241983,0.15393277880735767,0.5638383916015379,[[ 87283 8102][ 31104 8399]],87283,8102,31104,8399
17,143,0.8386520147323608,avg,0.7093440483957061,0.6231339523308561,0.5638383916015379,0.558270927272092,0.15393277880735767,0.5638383916015379,,,,,
