client,round,loss,class,accuracy,precision,recall,f1_score,cohen_kappa_score,roc_auc_score,confusion_matrix,TP,FP,FN,TN
1,168,1.1008104085922241,awake,0.585567285451634,0.7098663718413472,0.7000576610578183,0.7049278973038027,0.00908463632236367,0.5045867122087815,[[ 12211 27292][ 28610 66775]],12211,27292,28610,66775
1,168,1.1008104085922241,asleep,0.585567285451634,0.2991352490139879,0.30911576335974483,0.3040436233255316,0.00908463632236367,0.5045867122087815,[[ 66775 28610][ 27292 12211]],66775,28610,27292,12211
1,168,1.1008104085922241,avg,0.585567285451634,0.5045008104276676,0.5045867122087816,0.5044857603146671,0.00908463632236367,0.5045867122087815,,,,,
