client,round,loss,class,accuracy,precision,recall,f1_score,cohen_kappa_score,roc_auc_score,confusion_matrix,TP,FP,FN,TN
12,15,1.048230767250061,awake,0.7055631338592017,0.7480815337035089,0.8799496776222676,0.8086750423924772,0.18785669882556544,0.5822172001507788,[[ 11238 28265][ 11451 83934]],11238,28265,11451,83934
12,15,1.048230767250061,asleep,0.7055631338592017,0.4953060954647627,0.2844847226792902,0.3613969642397736,0.18785669882556544,0.5822172001507788,[[ 83934 11451][ 28265 11238]],83934,11451,28265,11238
12,15,1.048230767250061,avg,0.7055631338592017,0.6216938145841358,0.5822172001507789,0.5850360033161254,0.18785669882556544,0.5822172001507788,,,,,
