client,round,loss,class,accuracy,precision,recall,f1_score,cohen_kappa_score,roc_auc_score,confusion_matrix,TP,FP,FN,TN
14,143,0.8032262921333313,awake,0.7486210782278632,0.7569442702978325,0.9493526235781308,0.8423001078989472,0.2600341730541966,0.6066409727008948,[[ 10426 29077][ 4831 90554]],10426,29077,4831,90554
14,143,0.8032262921333313,asleep,0.7486210782278632,0.683358458412532,0.26392932182365897,0.3807888970051132,0.2600341730541966,0.6066409727008948,[[ 90554 4831][ 29077 10426]],90554,4831,29077,10426
14,143,0.8032262921333313,avg,0.7486210782278632,0.7201513643551822,0.6066409727008949,0.6115445024520302,0.2600341730541966,0.6066409727008948,,,,,
