client,round,loss,class,accuracy,precision,recall,f1_score,cohen_kappa_score,roc_auc_score,confusion_matrix,TP,FP,FN,TN
5,164,0.929214358329773,awake,0.5859379633473697,0.762772024513779,0.6015411228180532,0.6726296539435431,0.13031943840913296,0.5749016400612809,[[ 21658 17845][ 38007 57378]],21658,17845,38007,57378
5,164,0.929214358329773,asleep,0.5859379633473697,0.36299337970334367,0.5482621573045086,0.43679412713778637,0.13031943840913296,0.5749016400612809,[[ 57378 38007][ 17845 21658]],57378,38007,17845,21658
5,164,0.929214358329773,avg,0.5859379633473697,0.5628827021085614,0.5749016400612809,0.5547118905406647,0.13031943840913296,0.5749016400612809,,,,,
