client,round,loss,class,accuracy,precision,recall,f1_score,cohen_kappa_score,roc_auc_score,confusion_matrix,TP,FP,FN,TN
11,6,0.5576673150062561,awake,0.7359883755411897,0.766427457098284,0.9013366881585155,0.8284255155135866,0.2719264767930668,0.6190353035506904,[[ 13302 26201][ 9411 85974]],13302,26201,9411,85974
11,6,0.5576673150062561,asleep,0.7359883755411897,0.5856557918372738,0.3367339189428651,0.42760704641892755,0.2719264767930668,0.6190353035506903,[[ 85974 9411][ 26201 13302]],85974,9411,26201,13302
11,6,0.5576673150062561,avg,0.7359883755411897,0.6760416244677789,0.6190353035506904,0.6280162809662571,0.2719264767930668,0.6190353035506904,,,,,
