client,round,loss,class,accuracy,precision,recall,f1_score,cohen_kappa_score,roc_auc_score,confusion_matrix,TP,FP,FN,TN
13,116,0.7688758373260498,awake,0.7118350038550502,0.7988535530337483,0.7918855165906589,0.7953542734997736,0.30852494489042004,0.6552142060334759,[[ 20484 19019][ 19851 75534]],20484,19019,19851,75534
13,116,0.7688758373260498,asleep,0.7118350038550502,0.5078467831907773,0.518542895476293,0.5131391066910495,0.30852494489042004,0.6552142060334759,[[ 75534 19851][ 19019 20484]],75534,19851,19019,20484
13,116,0.7688758373260498,avg,0.7118350038550502,0.6533501681122628,0.6552142060334759,0.6542466900954116,0.30852494489042004,0.6552142060334759,,,,,
