client,round,loss,class,accuracy,precision,recall,f1_score,cohen_kappa_score,roc_auc_score,confusion_matrix,TP,FP,FN,TN
16,81,0.8378048539161682,awake,0.7321926338888559,0.773821515372744,0.8778738795408083,0.8225701880194111,0.2854495958672566,0.6291503412842132,[[ 15028 24475][ 11649 83736]],15028,24475,11649,83736
16,81,0.8378048539161682,asleep,0.7321926338888559,0.563331708962777,0.38042680302761817,0.45415533393774554,0.2854495958672566,0.6291503412842132,[[ 83736 11649][ 24475 15028]],83736,11649,24475,15028
16,81,0.8378048539161682,avg,0.7321926338888559,0.6685766121677605,0.6291503412842132,0.6383627609785782,0.2854495958672566,0.6291503412842132,,,,,
