client,round,loss,class,accuracy,precision,recall,f1_score,cohen_kappa_score,roc_auc_score,confusion_matrix,TP,FP,FN,TN
17,76,0.728168249130249,awake,0.7235039440128106,0.7637172560947928,0.8818157991298422,0.8185286103542234,0.2504489171172155,0.6115278524798896,[[ 13480 26023][ 11273 84112]],13480,26023,11273,84112
17,76,0.728168249130249,asleep,0.7235039440128106,0.5445804548943562,0.34123990582993696,0.4195717131474104,0.2504489171172155,0.6115278524798895,[[ 84112 11273][ 26023 13480]],84112,11273,26023,13480
17,76,0.728168249130249,avg,0.7235039440128106,0.6541488554945745,0.6115278524798896,0.6190501617508168,0.2504489171172155,0.6115278524798895,,,,,
