client,round,loss,class,accuracy,precision,recall,f1_score,cohen_kappa_score,roc_auc_score,confusion_matrix,TP,FP,FN,TN
12,147,1.2037125825881958,awake,0.7165722673625526,0.7577244277700619,0.8808303192325837,0.8146528528557646,0.22684924551263785,0.6003903513738799,[[ 12639 26864][ 11367 84018]],12639,26864,11367,84018
12,147,1.2037125825881958,asleep,0.7165722673625526,0.5264933766558361,0.3199503835151761,0.3980223275441276,0.22684924551263785,0.6003903513738799,[[ 84018 11367][ 26864 12639]],84018,11367,26864,12639
12,147,1.2037125825881958,avg,0.7165722673625526,0.6421089022129489,0.6003903513738799,0.6063375901999462,0.22684924551263785,0.6003903513738799,,,,,
