client,round,loss,class,accuracy,precision,recall,f1_score,cohen_kappa_score,roc_auc_score,confusion_matrix,TP,FP,FN,TN
5,28,0.7979516983032227,awake,0.5904898879070043,0.7828807373064077,0.582418619279761,0.6679331032907313,0.16289523490569557,0.596198804108655,[[ 24096 15407][ 39831 55554]],24096,15407,39831,55554
5,28,0.7979516983032227,asleep,0.5904824743490896,0.37692018896849483,0.6099536744044756,0.46592348374247067,0.1628748246927627,0.5961861468421182,[[ 55554 39831][ 15408 24095]],55554,39831,15408,24095
5,28,0.7979516983032227,avg,0.590486181128047,0.5799004631374512,0.5961861468421183,0.566928293516601,0.16288502979922914,0.5961924754753867,,,,,
