client,round,loss,class,accuracy,precision,recall,f1_score,cohen_kappa_score,roc_auc_score,confusion_matrix,TP,FP,FN,TN
14,68,0.7526918053627014,awake,0.7549226024553704,0.7738516832605429,0.9232269224720868,0.8419653698693004,0.31472763935109616,0.6358787069135869,[[ 13768 25735][ 7323 88062]],13768,25735,7323,88062
14,68,0.7526918053627014,asleep,0.7549226024553704,0.6527902896970271,0.34853049135508696,0.45443443245205795,0.31472763935109616,0.6358787069135869,[[ 88062 7323][ 25735 13768]],88062,7323,25735,13768
14,68,0.7526918053627014,avg,0.7549226024553704,0.7133209864787851,0.6358787069135869,0.6481999011606792,0.31472763935109616,0.6358787069135869,,,,,
