client,round,loss,class,accuracy,precision,recall,f1_score,cohen_kappa_score,roc_auc_score,confusion_matrix,TP,FP,FN,TN
12,168,1.3078137636184692,awake,0.7150154202004626,0.7617970502776858,0.8685852073177124,0.8116938782508168,0.23620699644867205,0.6063934567586207,[[ 13597 25906][ 12535 82850]],13597,25906,12535,82850
12,168,1.3078137636184692,asleep,0.7150154202004626,0.5203199142813408,0.34420170619952917,0.4143216271806201,0.23620699644867205,0.6063934567586208,[[ 82850 12535][ 25906 13597]],82850,12535,25906,13597
12,168,1.3078137636184692,avg,0.7150154202004626,0.6410584822795133,0.6063934567586208,0.6130077527157185,0.23620699644867205,0.6063934567586207,,,,,
