client,round,loss,class,accuracy,precision,recall,f1_score,cohen_kappa_score,roc_auc_score,confusion_matrix,TP,FP,FN,TN
15,184,1.3594398498535156,awake,0.43986863175375124,0.6817265395894428,0.38994600828222464,0.49611524225549364,-0.038105203483642436,0.47517957073099154,[[ 22138 17365][ 58190 37195]],22138,17365,58190,37195
15,184,1.3594398498535156,asleep,0.43986863175375124,0.2755950602529629,0.5604131331797585,0.36948702756381907,-0.038105203483642436,0.4751795707309916,[[ 37195 58190][ 17365 22138]],37195,58190,17365,22138
15,184,1.3594398498535156,avg,0.43986863175375124,0.47866079992120286,0.4751795707309916,0.4328011349096563,-0.038105203483642436,0.4751795707309916,,,,,
