client,round,loss,class,accuracy,precision,recall,f1_score,cohen_kappa_score,roc_auc_score,confusion_matrix,TP,FP,FN,TN
3,71,1.0240545272827148,awake,0.586034339600261,0.7821489726027397,0.5746501022173298,0.6625328619345482,0.15844216798691602,0.59408656289258,[[ 24236 15267][ 40572 54813]],24236,15267,40572,54813
3,71,1.0240545272827148,asleep,0.586034339600261,0.3739661770151833,0.6135230235678303,0.46468732923660977,0.15844216798691602,0.59408656289258,[[ 54813 40572][ 15267 24236]],54813,40572,15267,24236
3,71,1.0240545272827148,avg,0.586034339600261,0.5780575748089616,0.59408656289258,0.563610095585579,0.15844216798691602,0.59408656289258,,,,,
