client,round,loss,class,accuracy,precision,recall,f1_score,cohen_kappa_score,roc_auc_score,confusion_matrix,TP,FP,FN,TN
13,93,0.723244845867157,awake,0.753350928177451,0.7863630076990457,0.8941133301881847,0.8367837519623235,0.34058459953646736,0.6537877994383194,[[ 16333 23170][ 10100 85285]],16333,23170,10100,85285
13,93,0.723244845867157,asleep,0.753350928177451,0.6179018650928764,0.41346226868845404,0.49541980101917005,0.34058459953646736,0.6537877994383194,[[ 85285 10100][ 23170 16333]],85285,10100,23170,16333
13,93,0.723244845867157,avg,0.753350928177451,0.702132436395961,0.6537877994383194,0.6661017764907468,0.34058459953646736,0.6537877994383194,,,,,
