client,round,loss,class,accuracy,precision,recall,f1_score,cohen_kappa_score,roc_auc_score,confusion_matrix,TP,FP,FN,TN
6,57,0.7414905428886414,awake,0.6740258584900065,0.7540040905453073,0.800041935314777,0.7763410887412636,0.17744951977487933,0.5848930026927023,[[ 14606 24897][ 19073 76312]],14606,24897,19073,76312
6,57,0.7414905428886414,asleep,0.6740258584900065,0.43368271029424865,0.36974407007062754,0.39916919461069655,0.17744951977487933,0.5848930026927023,[[ 76312 19073][ 24897 14606]],76312,19073,24897,14606
6,57,0.7414905428886414,avg,0.6740258584900065,0.5938434004197779,0.5848930026927023,0.5877551416759801,0.17744951977487933,0.5848930026927023,,,,,
