client,round,loss,class,accuracy,precision,recall,f1_score,cohen_kappa_score,roc_auc_score,confusion_matrix,TP,FP,FN,TN
12,41,1.0803911685943604,awake,0.7027904631990985,0.7469739604269954,0.8766577554122765,0.8066367626489171,0.1819690885010039,0.5798118030535802,[[ 11178 28325][ 11765 83620]],11178,28325,11765,83620
12,41,1.0803911685943604,asleep,0.7027904631990985,0.4872074271019483,0.28296585069488395,0.35800531659353685,0.1819690885010039,0.5798118030535803,[[ 83620 11765][ 28325 11178]],83620,11765,28325,11178
12,41,1.0803911685943604,avg,0.7027904631990985,0.6170906937644718,0.5798118030535803,0.582321039621227,0.1819690885010039,0.5798118030535802,,,,,
