client,round,loss,class,accuracy,precision,recall,f1_score,cohen_kappa_score,roc_auc_score,confusion_matrix,TP,FP,FN,TN
0,128,0.8696814179420471,awake,0.716690884289188,0.7564643183979616,0.8839335325260785,0.8152463462626243,0.22342521839784124,0.598397923390346,[[ 12359 27144][ 11071 84314]],12359,27144,11071,84314
0,128,0.8696814179420471,asleep,0.716690884289188,0.5274861288945796,0.3128623142546136,0.39276691084168874,0.22342521839784124,0.598397923390346,[[ 84314 11071][ 27144 12359]],84314,11071,27144,12359
0,128,0.8696814179420471,avg,0.716690884289188,0.6419752236462706,0.598397923390346,0.6040066285521565,0.22342521839784124,0.598397923390346,,,,,
