client,round,loss,class,accuracy,precision,recall,f1_score,cohen_kappa_score,roc_auc_score,confusion_matrix,TP,FP,FN,TN
1,120,1.0445609092712402,awake,0.5564690706363798,0.7108765271023604,0.6283377889605284,0.6670636356047747,0.010415368369483202,0.5056353653812085,[[ 15127 24376][ 35451 59934]],15127,24376,35451,59934
1,120,1.0445609092712402,asleep,0.5564690706363798,0.2990826050852149,0.38293294180188847,0.33585328759671845,0.010415368369483202,0.5056353653812085,[[ 59934 35451][ 24376 15127]],59934,35451,24376,15127
1,120,1.0445609092712402,avg,0.5564690706363798,0.5049795660937877,0.5056353653812085,0.5014584616007466,0.010415368369483202,0.5056353653812085,,,,,
