client,round,loss,class,accuracy,precision,recall,f1_score,cohen_kappa_score,roc_auc_score,confusion_matrix,TP,FP,FN,TN
12,189,1.4500025510787964,awake,0.71067107526244,0.7505601792573624,0.8849504639094197,0.8122338813273097,0.2001502572035213,0.5874009338001394,[[ 11450 28053][ 10974 84411]],11450,28053,10974,84411
12,189,1.4500025510787964,asleep,0.71067107526244,0.5106136282554407,0.28985140369085893,0.3697902368918243,0.2001502572035213,0.5874009338001394,[[ 84411 10974][ 28053 11450]],84411,10974,28053,11450
12,189,1.4500025510787964,avg,0.71067107526244,0.6305869037564016,0.5874009338001394,0.591012059109567,0.2001502572035213,0.5874009338001394,,,,,
