client,round,loss,class,accuracy,precision,recall,f1_score,cohen_kappa_score,roc_auc_score,confusion_matrix,TP,FP,FN,TN
8,12,0.6792266368865967,awake,0.6681691477373821,0.761760478174993,0.7722702731037375,0.7669793738221422,0.19093734196796464,0.5945370300789427,[[ 16465 23038][ 21722 73663]],16465,23038,21722,73663
8,12,0.6792266368865967,asleep,0.6681691477373821,0.4311676748631733,0.4168037870541478,0.42386407517054964,0.19093734196796464,0.5945370300789428,[[ 73663 21722][ 23038 16465]],73663,21722,23038,16465
8,12,0.6792266368865967,avg,0.6681691477373821,0.5964640765190832,0.5945370300789427,0.5954217244963459,0.19093734196796464,0.5945370300789428,,,,,
