client,round,loss,class,accuracy,precision,recall,f1_score,cohen_kappa_score,roc_auc_score,confusion_matrix,TP,FP,FN,TN
6,164,1.0076462030410767,awake,0.5569731925745804,0.7919589588933325,0.5065681186769408,0.6179018779132592,0.1476233456835211,0.5926253751878996,[[ 26810 12693][ 47066 48319]],26810,12693,47066,48319
6,164,1.0076462030410767,asleep,0.5569731925745804,0.3629054090638367,0.6786826316988583,0.47292708526270305,0.1476233456835211,0.5926253751878996,[[ 48319 47066][ 12693 26810]],48319,47066,12693,26810
6,164,1.0076462030410767,avg,0.5569731925745804,0.5774321839785845,0.5926253751878996,0.5454144815879811,0.1476233456835211,0.5926253751878996,,,,,
