client,round,loss,class,accuracy,precision,recall,f1_score,cohen_kappa_score,roc_auc_score,confusion_matrix,TP,FP,FN,TN
11,113,0.7359139919281006,awake,0.6992319554000356,0.7952726214972905,0.7738952665513446,0.7844383282148284,0.28737926325354424,0.6464215972784062,[[ 20500 19003][ 21567 73818]],20500,19003,21567,73818
11,113,0.7359139919281006,asleep,0.6992319554000356,0.487317850096275,0.518947928005468,0.5026357729557436,0.28737926325354424,0.6464215972784062,[[ 73818 21567][ 19003 20500]],73818,21567,19003,20500
11,113,0.7359139919281006,avg,0.6992319554000356,0.6412952357967827,0.6464215972784062,0.643537050585286,0.28737926325354424,0.6464215972784062,,,,,
