client,round,loss,class,accuracy,precision,recall,f1_score,cohen_kappa_score,roc_auc_score,confusion_matrix,TP,FP,FN,TN
10,60,1.402845025062561,awake,0.41522596524524047,0.8167408658274485,0.22310635844210305,0.35047471611729153,0.06751835002896933,0.5511147315082197,[[ 34728 4775][ 74104 21281]],34728,4775,74104,21281
10,60,1.402845025062561,asleep,0.41522596524524047,0.31909732431637755,0.8791231045743362,0.4682374355344323,0.06751835002896933,0.5511147315082197,[[ 21281 74104][ 4775 34728]],21281,74104,4775,34728
10,60,1.402845025062561,avg,0.41522596524524047,0.5679190950719131,0.5511147315082197,0.4093560758258619,0.06751835002896933,0.5511147315082197,,,,,
