client,round,loss,class,accuracy,precision,recall,f1_score,cohen_kappa_score,roc_auc_score,confusion_matrix,TP,FP,FN,TN
13,4,0.6731473207473755,awake,0.7218581341557441,0.7560192190278995,0.8957383236357918,0.8199694814729509,0.2274758526768612,0.5988703516009504,[[ 11930 27573][ 9945 85440]],11930,27573,9945,85440
13,4,0.6731473207473755,asleep,0.7218581341557441,0.5453714285714286,0.3020023795661089,0.38873863599335273,0.2274758526768612,0.5988703516009504,[[ 85440 9945][ 27573 11930]],85440,9945,27573,11930
13,4,0.6731473207473755,avg,0.7218581341557441,0.650695323799664,0.5988703516009504,0.6043540587331518,0.2274758526768612,0.5988703516009504,,,,,
