client,round,loss,class,accuracy,precision,recall,f1_score,cohen_kappa_score,roc_auc_score,confusion_matrix,TP,FP,FN,TN
8,105,0.8230420351028442,awake,0.6924337227922425,0.7655073891625616,0.8145830057136867,0.7892830840338269,0.22214493934788826,0.6060359020164008,[[ 15702 23801][ 17686 77699]],15702,23801,17686,77699
8,105,0.8230420351028442,asleep,0.6924337227922425,0.47028872648855874,0.397488798319115,0.4308350825204757,0.22214493934788826,0.6060359020164008,[[ 77699 17686][ 23801 15702]],77699,17686,23801,15702
8,105,0.8230420351028442,avg,0.6924337227922425,0.6178980578255602,0.6060359020164008,0.6100590832771513,0.22214493934788826,0.6060359020164008,,,,,
