client,round,loss,class,accuracy,precision,recall,f1_score,cohen_kappa_score,roc_auc_score,confusion_matrix,TP,FP,FN,TN
3,138,1.1265861988067627,awake,0.5891554474823557,0.7881584449667624,0.5730251087697227,0.6635910012505007,0.16858185960362992,0.6005646516939265,[[ 24812 14691][ 40727 54658]],24812,14691,40727,54658
3,138,1.1265861988067627,asleep,0.5891554474823557,0.37858374403027206,0.6281041946181303,0.47242055558728885,0.16858185960362992,0.6005646516939265,[[ 54658 40727][ 14691 24812]],54658,40727,14691,24812
3,138,1.1265861988067627,avg,0.5891554474823557,0.5833710944985172,0.6005646516939265,0.5680057784188948,0.16858185960362992,0.6005646516939265,,,,,
