client,round,loss,class,accuracy,precision,recall,f1_score,cohen_kappa_score,roc_auc_score,confusion_matrix,TP,FP,FN,TN
2,25,0.7037085294723511,awake,0.7528097384496768,0.7995750845002414,0.8680190805682235,0.8323924900092996,0.3647239663086915,0.6713206305810513,[[ 18749 20754][ 12589 82796]],18749,20754,12589,82796
2,25,0.7037085294723511,asleep,0.7528097384496768,0.5982832344118961,0.47462218059387895,0.5293262376307506,0.3647239663086915,0.6713206305810513,[[ 82796 12589][ 20754 18749]],82796,12589,20754,18749
2,25,0.7037085294723511,avg,0.7528097384496768,0.6989291594560687,0.6713206305810513,0.6808593638200251,0.3647239663086915,0.6713206305810513,,,,,
