client,round,loss,class,accuracy,precision,recall,f1_score,cohen_kappa_score,roc_auc_score,confusion_matrix,TP,FP,FN,TN
3,66,1.005929708480835,awake,0.59034161674871,0.793030422526983,0.5692509304397966,0.662760750424158,0.17549195811960905,0.6052593411280571,[[ 25332 14171][ 41087 54298]],25332,14171,41087,54298
3,66,1.005929708480835,asleep,0.59034161674871,0.3813968894442855,0.6412677518163178,0.47831423122675176,0.17549195811960905,0.6052593411280571,[[ 54298 41087][ 14171 25332]],54298,41087,14171,25332
3,66,1.005929708480835,avg,0.59034161674871,0.5872136559856342,0.6052593411280571,0.5705374908254549,0.17549195811960905,0.6052593411280571,,,,,
