client,round,loss,class,accuracy,precision,recall,f1_score,cohen_kappa_score,roc_auc_score,confusion_matrix,TP,FP,FN,TN
17,3,0.6383242607116699,awake,0.7186777178103315,0.7255229928382962,0.9686114168894481,0.8296270355454387,0.10981800939015507,0.5418962711867942,[[ 4550 34953][ 2994 92391]],4550,34953,2994,92391
17,3,0.6383242607116699,asleep,0.7186777178103315,0.6031283138918345,0.11518112548414045,0.19342359767891681,0.10981800939015507,0.5418962711867942,[[ 92391 2994][ 34953 4550]],92391,2994,34953,4550
17,3,0.6383242607116699,avg,0.7186777178103315,0.6643256533650654,0.5418962711867943,0.5115253166121778,0.10981800939015507,0.5418962711867942,,,,,
