client,round,loss,class,accuracy,precision,recall,f1_score,cohen_kappa_score,roc_auc_score,confusion_matrix,TP,FP,FN,TN
0,35,0.7472538352012634,awake,0.7363293992052666,0.783445949147563,0.8666981181527493,0.8229719371248244,0.31166077296128203,0.644117861445815,[[ 16652 22851][ 12715 82670]],16652,22851,12715,82670
0,35,0.7472538352012634,asleep,0.7363293992052666,0.5670310212142882,0.4215376047388806,0.48357775519093943,0.31166077296128203,0.644117861445815,[[ 82670 12715][ 22851 16652]],82670,12715,22851,16652
0,35,0.7472538352012634,avg,0.7363293992052666,0.6752384851809257,0.644117861445815,0.6532748461578819,0.31166077296128203,0.644117861445815,,,,,
