client,round,loss,class,accuracy,precision,recall,f1_score,cohen_kappa_score,roc_auc_score,confusion_matrix,TP,FP,FN,TN
8,152,0.8222837448120117,awake,0.6801420437696459,0.7871844489401003,0.7506001991927452,0.7684571502170799,0.2523178403182629,0.630306048511645,[[ 20147 19356][ 23789 71596]],20147,19356,23789,71596
8,152,0.8222837448120117,asleep,0.6801420437696459,0.45855335032774946,0.5100118978305446,0.4829156629393929,0.2523178403182629,0.630306048511645,[[ 71596 23789][ 19356 20147]],71596,23789,19356,20147
8,152,0.8222837448120117,avg,0.6801420437696459,0.6228688996339249,0.630306048511645,0.6256864065782364,0.2523178403182629,0.630306048511645,,,,,
