client,round,loss,class,accuracy,precision,recall,f1_score,cohen_kappa_score,roc_auc_score,confusion_matrix,TP,FP,FN,TN
11,2,0.588097333908081,awake,0.7013967143111322,0.7334983008906554,0.9074277926298684,0.8112452434063772,0.13377278660768666,0.5556681782682036,[[ 8055 31448][ 8830 86555]],8055,31448,8830,86555
11,2,0.588097333908081,asleep,0.7013967143111322,0.47705063665975717,0.20390856390653875,0.28569908491168333,0.13377278660768666,0.5556681782682036,[[ 86555 8830][ 31448 8055]],86555,8830,31448,8055
11,2,0.588097333908081,avg,0.7013967143111322,0.6052744687752063,0.5556681782682036,0.5484721641590302,0.13377278660768666,0.5556681782682036,,,,,
