client,round,loss,class,accuracy,precision,recall,f1_score,cohen_kappa_score,roc_auc_score,confusion_matrix,TP,FP,FN,TN
16,155,0.9246430397033691,awake,0.7438838147203606,0.7857639410792124,0.8768988834722441,0.8288337387840443,0.3263755116792969,0.6498004783662514,[[ 16698 22805][ 11742 83643]],16698,22805,11742,83643
16,155,0.9246430397033691,asleep,0.7438838147203606,0.5871308016877637,0.4227020732602587,0.4915296645717734,0.3263755116792969,0.6498004783662514,[[ 83643 11742][ 22805 16698]],83643,11742,22805,16698
16,155,0.9246430397033691,avg,0.7438838147203606,0.686447371383488,0.6498004783662514,0.6601817016779088,0.3263755116792969,0.6498004783662514,,,,,
