client,round,loss,class,accuracy,precision,recall,f1_score,cohen_kappa_score,roc_auc_score,confusion_matrix,TP,FP,FN,TN
17,50,0.6569216847419739,awake,0.7262840282308285,0.7634272943551295,0.8881480316611626,0.8210784432501588,0.25280318540757185,0.6117954547086413,[[ 13251 26252][ 10669 84716]],13251,26252,10669,84716
17,50,0.6569216847419739,asleep,0.7262840282308285,0.5539715719063545,0.3354428777561198,0.41786102833356986,0.25280318540757185,0.6117954547086412,[[ 84716 10669][ 26252 13251]],84716,10669,26252,13251
17,50,0.6569216847419739,avg,0.7262840282308285,0.658699433130742,0.6117954547086413,0.6194697357918644,0.25280318540757185,0.6117954547086413,,,,,
