client,round,loss,class,accuracy,precision,recall,f1_score,cohen_kappa_score,roc_auc_score,confusion_matrix,TP,FP,FN,TN
1,107,0.9490621089935303,awake,0.5924174129648301,0.7190437469507237,0.6952980028306337,0.706971538215542,0.03840022647464525,0.5196485963827877,[[ 13589 25914][ 29064 66321]],13589,25914,29064,66321
1,107,0.9490621089935303,asleep,0.5924174129648301,0.31859423721660846,0.34399918993494166,0.33080967914698867,0.03840022647464525,0.5196485963827877,[[ 66321 29064][ 25914 13589]],66321,29064,25914,13589
1,107,0.9490621089935303,avg,0.5924174129648301,0.5188189920836661,0.5196485963827877,0.5188906086812654,0.03840022647464525,0.5196485963827877,,,,,
