client,round,loss,class,accuracy,precision,recall,f1_score,cohen_kappa_score,roc_auc_score,confusion_matrix,TP,FP,FN,TN
7,189,0.7077752947807312,awake,0.670741652333788,0.7868494507473438,0.732924464014258,0.7589302676502039,0.24179693406196923,0.6267589183347497,[[ 20565 18938][ 25475 69910]],20565,18938,25475,69910
7,189,0.7077752947807312,asleep,0.670741652333788,0.4466768027801911,0.5205933726552414,0.4808108202892113,0.24179693406196923,0.6267589183347498,[[ 69910 25475][ 18938 20565]],69910,25475,18938,20565
7,189,0.7077752947807312,avg,0.670741652333788,0.6167631267637674,0.6267589183347497,0.6198705439697076,0.24179693406196923,0.6267589183347497,,,,,
