client,round,loss,class,accuracy,precision,recall,f1_score,cohen_kappa_score,roc_auc_score,confusion_matrix,TP,FP,FN,TN
17,39,0.6248449683189392,awake,0.7336160370084811,0.7630407659431383,0.9040415159616292,0.8275782644580509,0.26014542117149786,0.6130718173940237,[[ 12724 26779][ 9153 86232]],12724,26779,9153,86232
17,39,0.6248449683189392,asleep,0.7336160370084811,0.5816153951638707,0.32210211882641826,0.4145975887911372,0.26014542117149786,0.6130718173940236,[[ 86232 9153][ 26779 12724]],86232,9153,26779,12724
17,39,0.6248449683189392,avg,0.7336160370084811,0.6723280805535046,0.6130718173940237,0.6210879266245941,0.26014542117149786,0.6130718173940237,,,,,
