client,round,loss,class,accuracy,precision,recall,f1_score,cohen_kappa_score,roc_auc_score,confusion_matrix,TP,FP,FN,TN
4,122,1.4066343307495117,awake,0.7247568353003974,0.7329350989988165,0.9608953189704881,0.831575461469717,0.14803149121277492,0.5577329289584486,[[ 6106 33397][ 3730 91655]],6106,33397,3730,91655
4,122,1.4066343307495117,asleep,0.7247568353003974,0.620780805205368,0.15457053894640913,0.247512110095462,0.14803149121277492,0.5577329289584486,[[ 91655 3730][ 33397 6106]],91655,3730,33397,6106
4,122,1.4066343307495117,avg,0.7247568353003974,0.6768579521020923,0.5577329289584486,0.5395437857825894,0.14803149121277492,0.5577329289584486,,,,,
