client,round,loss,class,accuracy,precision,recall,f1_score,cohen_kappa_score,roc_auc_score,confusion_matrix,TP,FP,FN,TN
15,163,1.3355096578598022,awake,0.4454881086531048,0.6840317505720824,0.40113225349897785,0.5057064121965889,-0.035803321753116624,0.4768615979795221,[[ 21829 17674][ 57123 38262]],21829,17674,57123,38262
15,163,1.3355096578598022,asleep,0.4454881086531048,0.27648444624582025,0.5525909424600663,0.3685619011438943,-0.035803321753116624,0.4768615979795221,[[ 38262 57123][ 17674 21829]],38262,57123,17674,21829
15,163,1.3355096578598022,avg,0.4454881086531048,0.48025809840895134,0.4768615979795221,0.4371341566702416,-0.035803321753116624,0.4768615979795221,,,,,
