client,round,loss,class,accuracy,precision,recall,f1_score,cohen_kappa_score,roc_auc_score,confusion_matrix,TP,FP,FN,TN
18,158,1.0852068662643433,awake,0.732711582942886,0.7347046955971359,0.9735597840331289,0.8374334926503743,0.16195425307197175,0.562356430507312,[[ 5971 33532][ 2522 92863]],5971,33532,2522,92863
18,158,1.0852068662643433,asleep,0.732711582942886,0.7030495702343106,0.15115307698149508,0.24881240103341948,0.16195425307197175,0.562356430507312,[[ 92863 2522][ 33532 5971]],92863,2522,33532,5971
18,158,1.0852068662643433,avg,0.732711582942886,0.7188771329157233,0.562356430507312,0.5431229468418969,0.16195425307197175,0.562356430507312,,,,,
