client,round,loss,class,accuracy,precision,recall,f1_score,cohen_kappa_score,roc_auc_score,confusion_matrix,TP,FP,FN,TN
6,12,0.726022481918335,awake,0.6219752683707965,0.7865608055770721,0.6387482308539079,0.7049900199600798,0.19438532200561787,0.6101115277753831,[[ 22970 16533][ 34458 60927]],22970,16533,34458,60927
6,12,0.726022481918335,asleep,0.6219752683707965,0.39997910426969424,0.5814748246968585,0.4739453838297346,0.19438532200561787,0.6101115277753831,[[ 60927 34458][ 16533 22970]],60927,34458,16533,22970
6,12,0.726022481918335,avg,0.6219752683707965,0.5932699549233832,0.6101115277753832,0.5894677018949073,0.19438532200561787,0.6101115277753831,,,,,
