client,round,loss,class,accuracy,precision,recall,f1_score,cohen_kappa_score,roc_auc_score,confusion_matrix,TP,FP,FN,TN
12,118,1.2459770441055298,awake,0.7076463436332364,0.7472644027647651,0.8863448131257535,0.8108841710506755,0.18713660560172352,0.5812505272119414,[[ 10909 28594][ 10841 84544]],10909,28594,10841,84544
12,118,1.2459770441055298,asleep,0.7076463436332364,0.5015632183908046,0.27615624129812927,0.35619479862210834,0.18713660560172352,0.5812505272119414,[[ 84544 10841][ 28594 10909]],84544,10841,28594,10909
12,118,1.2459770441055298,avg,0.7076463436332364,0.6244138105777849,0.5812505272119414,0.583539484836392,0.18713660560172352,0.5812505272119414,,,,,
