client,round,loss,class,accuracy,precision,recall,f1_score,cohen_kappa_score,roc_auc_score,confusion_matrix,TP,FP,FN,TN
6,116,0.7554714679718018,awake,0.6670867682818338,0.7811981238232115,0.7351051003826597,0.757451037581964,0.22842018810612497,0.6189764926767107,[[ 19864 19639][ 25267 70118]],19864,19639,25267,70118
6,116,0.7554714679718018,asleep,0.6670867682818338,0.4401409230905586,0.5028478849707617,0.46940945719214505,0.22842018810612497,0.6189764926767107,[[ 70118 25267][ 19639 19864]],70118,25267,19639,19864
6,116,0.7554714679718018,avg,0.6670867682818338,0.6106695234568851,0.6189764926767107,0.6134302473870545,0.22842018810612497,0.6189764926767107,,,,,
