client,round,loss,class,accuracy,precision,recall,f1_score,cohen_kappa_score,roc_auc_score,confusion_matrix,TP,FP,FN,TN
17,162,0.8818963766098022,awake,0.7081208113397782,0.7267699831584402,0.9410179797662106,0.8201325786129042,0.10964044028912456,0.5433895306015317,[[ 5758 33745][ 5626 89759]],5758,33745,5626,89759
17,162,0.8818963766098022,asleep,0.7081208113397782,0.5057976106816585,0.1457610814368529,0.22630534321142923,0.10964044028912456,0.5433895306015317,[[ 89759 5626][ 33745 5758]],89759,5626,33745,5758
17,162,0.8818963766098022,avg,0.7081208113397782,0.6162837969200494,0.5433895306015317,0.5232189609121667,0.10964044028912456,0.5433895306015317,,,,,
