client,round,loss,class,accuracy,precision,recall,f1_score,cohen_kappa_score,roc_auc_score,confusion_matrix,TP,FP,FN,TN
14,139,0.8718088269233704,awake,0.7404068560583595,0.7445019562100557,0.9635791791162133,0.8399912263866423,0.20850522545559858,0.5825540884569245,[[ 7961 31542][ 3474 91911]],7961,31542,3474,91911
14,139,0.8718088269233704,asleep,0.7404068560583595,0.6961958898119808,0.2015289977976356,0.3125760728729043,0.20850522545559858,0.5825540884569244,[[ 91911 3474][ 31542 7961]],91911,3474,31542,7961
14,139,0.8718088269233704,avg,0.7404068560583595,0.7203489230110183,0.5825540884569245,0.5762836496297733,0.20850522545559858,0.5825540884569245,,,,,
