client,round,loss,class,accuracy,precision,recall,f1_score,cohen_kappa_score,roc_auc_score,confusion_matrix,TP,FP,FN,TN
10,166,1.7220299243927002,awake,0.4197334084573869,0.8039139082256003,0.23730146249410283,0.3664370532859536,0.06509054833089678,0.5487699626978273,[[ 33982 5521][ 72750 22635]],33982,5521,72750,22635
10,166,1.7220299243927002,asleep,0.4197334084573869,0.31838623842896224,0.8602384629015518,0.464758778678155,0.06509054833089678,0.5487699626978273,[[ 22635 72750][ 5521 33982]],22635,72750,5521,33982
10,166,1.7220299243927002,avg,0.4197334084573869,0.5611500733272813,0.5487699626978273,0.4155979159820543,0.06509054833089678,0.5487699626978273,,,,,
