client,round,loss,class,accuracy,precision,recall,f1_score,cohen_kappa_score,roc_auc_score,confusion_matrix,TP,FP,FN,TN
9,57,0.8482649922370911,awake,0.7565980665440959,0.7732789277320029,0.9278293232688578,0.8435334597824948,0.3155802188048209,0.6354839095396513,[[ 13555 25948][ 6884 88501]],13555,25948,6884,88501
9,57,0.8482649922370911,asleep,0.7565980665440959,0.6631929155046724,0.34313849581044475,0.45227052817723795,0.3155802188048209,0.6354839095396513,[[ 88501 6884][ 25948 13555]],88501,6884,25948,13555
9,57,0.8482649922370911,avg,0.7565980665440959,0.7182359216183376,0.6354839095396513,0.6479019939798664,0.3155802188048209,0.6354839095396513,,,,,
