client,round,loss,class,accuracy,precision,recall,f1_score,cohen_kappa_score,roc_auc_score,confusion_matrix,TP,FP,FN,TN
2,57,0.7522137761116028,awake,0.7534991993357452,0.794615508624859,0.8784714577763799,0.8344420323049653,0.3568452795267847,0.6651046502359357,[[ 17845 21658][ 11592 83793]],17845,21658,11592,83793
2,57,0.7522137761116028,asleep,0.7534991993357452,0.6062098719298842,0.4517378426954915,0.5176965477226574,0.3568452795267847,0.6651046502359357,[[ 83793 11592][ 21658 17845]],83793,11592,21658,17845
2,57,0.7522137761116028,avg,0.7534991993357452,0.7004126902773715,0.6651046502359357,0.6760692900138113,0.3568452795267847,0.6651046502359357,,,,,
