client,round,loss,class,accuracy,precision,recall,f1_score,cohen_kappa_score,roc_auc_score,confusion_matrix,TP,FP,FN,TN
18,169,1.0233829021453857,awake,0.7434760690350513,0.7513917265681223,0.9523300309272946,0.8400114667233838,0.23617429759776543,0.5957508697025659,[[ 9448 30055][ 4547 90838]],9448,30055,4547,90838
18,169,1.0233829021453857,asleep,0.7434760690350513,0.6750982493747767,0.2391717084778371,0.35320946577442147,0.23617429759776543,0.5957508697025659,[[ 90838 4547][ 30055 9448]],90838,4547,30055,9448
18,169,1.0233829021453857,avg,0.7434760690350513,0.7132449879714495,0.5957508697025659,0.5966104662489027,0.23617429759776543,0.5957508697025659,,,,,
