client,round,loss,class,accuracy,precision,recall,f1_score,cohen_kappa_score,roc_auc_score,confusion_matrix,TP,FP,FN,TN
7,193,0.6890730857849121,awake,0.6876223237055928,0.803887550934222,0.7383865387639565,0.7697461174439065,0.28689770909607815,0.6517161157480771,[[ 22321 17182][ 24954 70431]],22321,17182,24954,70431
7,193,0.6890730857849121,asleep,0.6876223237055928,0.4721523003701745,0.5650456927321975,0.5144391435617323,0.28689770909607815,0.6517161157480771,[[ 70431 24954][ 17182 22321]],70431,24954,17182,22321
7,193,0.6890730857849121,avg,0.6876223237055928,0.6380199256521983,0.6517161157480771,0.6420926305028194,0.28689770909607815,0.6517161157480771,,,,,
