client,round,loss,class,accuracy,precision,recall,f1_score,cohen_kappa_score,roc_auc_score,confusion_matrix,TP,FP,FN,TN
3,49,0.9159242510795593,awake,0.634919340489888,0.7894314247001556,0.6596844367563034,0.718749464570257,0.21035181497526123,0.6174026568258646,[[ 22719 16784][ 32461 62924]],22719,16784,32461,62924
3,49,0.9159242510795593,asleep,0.634919340489888,0.41172526277636823,0.5751208768954257,0.47989607426887615,0.21035181497526123,0.6174026568258646,[[ 62924 32461][ 16784 22719]],62924,32461,16784,22719
3,49,0.9159242510795593,avg,0.634919340489888,0.6005783437382619,0.6174026568258646,0.5993227694195666,0.21035181497526123,0.6174026568258646,,,,,
