client,round,loss,class,accuracy,precision,recall,f1_score,cohen_kappa_score,roc_auc_score,confusion_matrix,TP,FP,FN,TN
18,90,1.0431594848632812,awake,0.7205459344048396,0.7197982230214731,0.9903234261152173,0.8336635498347447,0.08098622350440343,0.5297287079693874,[[ 2731 36772][ 923 94462]],2731,36772,923,94462
18,90,1.0431594848632812,asleep,0.7205459344048396,0.747400109469075,0.0691339898235577,0.12656116041430127,0.08098622350440343,0.5297287079693875,[[ 94462 923][ 36772 2731]],94462,923,36772,2731
18,90,1.0431594848632812,avg,0.7205459344048396,0.7335991662452741,0.5297287079693875,0.480112355124523,0.08098622350440343,0.5297287079693875,,,,,
