client,round,loss,class,accuracy,precision,recall,f1_score,cohen_kappa_score,roc_auc_score,confusion_matrix,TP,FP,FN,TN
12,28,1.1935784816741943,awake,0.7050219441314276,0.7448472677306839,0.8865544896996383,0.809546374876147,0.17707088672396765,0.576621547814151,[[ 10535 28968][ 10821 84564]],10535,28968,10821,84564
12,28,1.1935784816741943,asleep,0.7050219441314276,0.4933039895111444,0.26668860592866367,0.3462100921802856,0.17707088672396765,0.576621547814151,[[ 84564 10821][ 28968 10535]],84564,10821,28968,10535
12,28,1.1935784816741943,avg,0.7050219441314276,0.6190756286209141,0.576621547814151,0.5778782335282163,0.17707088672396765,0.576621547814151,,,,,
