client,round,loss,class,accuracy,precision,recall,f1_score,cohen_kappa_score,roc_auc_score,confusion_matrix,TP,FP,FN,TN
17,95,0.7749148607254028,awake,0.7281374177095071,0.7541335549438183,0.9133092205273365,0.8261238578872753,0.22842872742600484,0.5971629260877829,[[ 11101 28402][ 8269 87116]],11101,28402,8269,87116
17,95,0.7749148607254028,asleep,0.7281374177095071,0.5731027361899845,0.28101663164822926,0.3771168447335791,0.22842872742600484,0.5971629260877829,[[ 87116 8269][ 28402 11101]],87116,8269,28402,11101
17,95,0.7749148607254028,avg,0.7281374177095071,0.6636181455669015,0.5971629260877829,0.6016203513104272,0.22842872742600484,0.5971629260877829,,,,,
