client,round,loss,class,accuracy,precision,recall,f1_score,cohen_kappa_score,roc_auc_score,confusion_matrix,TP,FP,FN,TN
15,103,1.1403884887695312,awake,0.43467914121345114,0.6761899498968464,0.38485086753682446,0.49052267275995004,-0.046103366898995635,0.4699233453194337,[[ 21924 17579][ 58676 36709]],21924,17579,58676,36709
15,103,1.1403884887695312,asleep,0.43467914121345114,0.27200992555831266,0.5549958231020429,0.36508663397250696,-0.046103366898995635,0.4699233453194337,[[ 36709 58676][ 17579 21924]],36709,58676,17579,21924
15,103,1.1403884887695312,avg,0.43467914121345114,0.4740999377275795,0.4699233453194337,0.4278046533662285,-0.046103366898995635,0.4699233453194337,,,,,
