client,round,loss,class,accuracy,precision,recall,f1_score,cohen_kappa_score,roc_auc_score,confusion_matrix,TP,FP,FN,TN
14,31,0.7428414225578308,awake,0.7615725639048693,0.7801290231107331,0.9229543429260366,0.8455528182372631,0.33871133378167395,0.6474250741539531,[[ 14691 24812][ 7349 88036]],14691,24812,7349,88036
14,31,0.7428414225578308,asleep,0.7615725639048693,0.6665607985480944,0.3718958053818697,0.47742229010610465,0.33871133378167395,0.6474250741539532,[[ 88036 7349][ 24812 14691]],88036,7349,24812,14691
14,31,0.7428414225578308,avg,0.7615725639048693,0.7233449108294137,0.6474250741539531,0.6614875541716839,0.33871133378167395,0.6474250741539531,,,,,
