client,round,loss,class,accuracy,precision,recall,f1_score,cohen_kappa_score,roc_auc_score,confusion_matrix,TP,FP,FN,TN
2,100,0.7469243407249451,awake,0.7558418836367949,0.7892294439658766,0.8932851077213398,0.8380395975332685,0.3498812475142393,0.6586264538176353,[[ 16748 22755][ 10179 85206]],16748,22755,10179,85206
2,100,0.7469243407249451,asleep,0.7558418836367949,0.6219779403572623,0.4239677999139306,0.5042300165587836,0.3498812475142393,0.6586264538176353,[[ 85206 10179][ 22755 16748]],85206,10179,22755,16748
2,100,0.7469243407249451,avg,0.7558418836367949,0.7056036921615694,0.6586264538176352,0.6711348070460261,0.3498812475142393,0.6586264538176353,,,,,
