client,round,loss,class,accuracy,precision,recall,f1_score,cohen_kappa_score,roc_auc_score,confusion_matrix,TP,FP,FN,TN
2,158,0.7811722159385681,awake,0.7544555483067433,0.7894815145428847,0.8901189914556796,0.836785279580543,0.3484119197111918,0.6584989813365278,[[ 16863 22640][ 10481 84904]],16863,22640,10481,84904
2,158,0.7811722159385681,asleep,0.7544555483067433,0.6166983616149795,0.4268789712173759,0.5045252591739344,0.3484119197111918,0.6584989813365277,[[ 84904 10481][ 22640 16863]],84904,10481,22640,16863
2,158,0.7811722159385681,avg,0.7544555483067433,0.7030899380789322,0.6584989813365277,0.6706552693772387,0.3484119197111918,0.6584989813365278,,,,,
