client,round,loss,class,accuracy,precision,recall,f1_score,cohen_kappa_score,roc_auc_score,confusion_matrix,TP,FP,FN,TN
16,148,0.9646033644676208,awake,0.7357585552458336,0.7702035278154681,0.8926560779996855,0.8269211158860805,0.2811861335088599,0.6247828399010401,[[ 14099 25404][ 10239 85146]],14099,25404,10239,85146
16,148,0.9646033644676208,asleep,0.7357585552458336,0.5792998603007642,0.3569096018023948,0.44169107626760234,0.2811861335088599,0.6247828399010401,[[ 85146 10239][ 25404 14099]],85146,10239,25404,14099
16,148,0.9646033644676208,avg,0.7357585552458336,0.6747516940581162,0.6247828399010401,0.6343060960768414,0.2811861335088599,0.6247828399010401,,,,,
