client,round,loss,class,accuracy,precision,recall,f1_score,cohen_kappa_score,roc_auc_score,confusion_matrix,TP,FP,FN,TN
3,198,1.0546609163284302,awake,0.6134719174426191,0.7862940062757352,0.6226136184934739,0.6949459962320232,0.18654499775184663,0.6070058700775599,[[ 23362 16141][ 35997 59388]],23362,16141,35997,59388
3,198,1.0546609163284302,asleep,0.6134719174426191,0.39357132027156794,0.591398121661646,0.47261839736197936,0.18654499775184663,0.6070058700775599,[[ 59388 35997][ 16141 23362]],59388,35997,16141,23362
3,198,1.0546609163284302,avg,0.6134719174426191,0.5899326632736516,0.6070058700775599,0.5837821967970013,0.18654499775184663,0.6070058700775599,,,,,
