client,round,loss,class,accuracy,precision,recall,f1_score,cohen_kappa_score,roc_auc_score,confusion_matrix,TP,FP,FN,TN
13,107,0.7169575691223145,awake,0.7389093173595872,0.787872118503775,0.8631860355401793,0.8238113343472344,0.32391434574106615,0.6510067331841088,[[ 17335 22168][ 13050 82335]],17335,22168,13050,82335
13,107,0.7169575691223145,asleep,0.7389093173595872,0.5705117656738522,0.4388274308280384,0.4960794413919414,0.32391434574106615,0.6510067331841088,[[ 82335 13050][ 22168 17335]],82335,13050,22168,17335
13,107,0.7169575691223145,avg,0.7389093173595872,0.6791919420888136,0.6510067331841088,0.6599453878695879,0.32391434574106615,0.6510067331841088,,,,,
