client,round,loss,class,accuracy,precision,recall,f1_score,cohen_kappa_score,roc_auc_score,confusion_matrix,TP,FP,FN,TN
17,111,0.7838677763938904,awake,0.7272107229701679,0.7566968393196695,0.9053310268910206,0.8243677985356028,0.23511288409370912,0.601223850786978,[[ 11737 27766][ 9030 86355]],11737,27766,9030,86355
17,111,0.7838677763938904,asleep,0.7272107229701679,0.5651755188520249,0.29711667468293546,0.38948067031690725,0.23511288409370912,0.601223850786978,[[ 86355 9030][ 27766 11737]],86355,9030,27766,11737
17,111,0.7838677763938904,avg,0.7272107229701679,0.6609361790858472,0.601223850786978,0.6069242344262551,0.23511288409370912,0.601223850786978,,,,,
