client,round,loss,class,accuracy,precision,recall,f1_score,cohen_kappa_score,roc_auc_score,confusion_matrix,TP,FP,FN,TN
1,42,0.8970361351966858,awake,0.5619773441670126,0.7303976948171467,0.6032395030665199,0.6607565283296204,0.0583935873973388,0.5327920675598908,[[ 18264 21239][ 37845 57540]],18264,21239,37845,57540
1,42,0.8970361351966858,asleep,0.5619773441670126,0.32550927658664386,0.46234463205326176,0.3820440948834874,0.0583935873973388,0.5327920675598908,[[ 57540 37845][ 21239 18264]],57540,37845,21239,18264
1,42,0.8970361351966858,avg,0.5619773441670126,0.5279534857018953,0.5327920675598908,0.5214003116065539,0.0583935873973388,0.5327920675598908,,,,,
