client,round,loss,class,accuracy,precision,recall,f1_score,cohen_kappa_score,roc_auc_score,confusion_matrix,TP,FP,FN,TN
7,54,0.6285616755485535,awake,0.7103374651562778,0.7732234869436115,0.8353829218430571,0.8031022284038339,0.2584796762628975,0.6218911419584119,[[ 16133 23370][ 15702 79683]],16133,23370,15702,79683
7,54,0.6285616755485535,asleep,0.7103374651562778,0.5067692790953353,0.40839936207376654,0.4522975132467969,0.2584796762628975,0.6218911419584118,[[ 79683 15702][ 23370 16133]],79683,15702,23370,16133
7,54,0.6285616755485535,avg,0.7103374651562778,0.6399963830194735,0.6218911419584118,0.6276998708253154,0.2584796762628975,0.6218911419584119,,,,,
