client,round,loss,class,accuracy,precision,recall,f1_score,cohen_kappa_score,roc_auc_score,confusion_matrix,TP,FP,FN,TN
18,192,1.1039563417434692,awake,0.7302873495047744,0.7386198194700573,0.9573832363579179,0.8338926404317394,0.17623936700637532,0.5696593927783564,[[ 7187 32316][ 4065 91320]],7187,32316,4065,91320
18,192,1.1039563417434692,asleep,0.7302873495047744,0.6387308922858158,0.18193554919879504,0.2832036252585952,0.17623936700637532,0.5696593927783565,[[ 91320 4065][ 32316 7187]],91320,4065,32316,7187
18,192,1.1039563417434692,avg,0.7302873495047744,0.6886753558779366,0.5696593927783564,0.5585481328451674,0.17623936700637532,0.5696593927783564,,,,,
