client,round,loss,class,accuracy,precision,recall,f1_score,cohen_kappa_score,roc_auc_score,confusion_matrix,TP,FP,FN,TN
11,197,0.7217883467674255,awake,0.6944946918925331,0.779004614370468,0.7929129318026944,0.7858972427301493,0.2529587606230075,0.6248821550895101,[[ 18047 21456][ 19753 75632]],18047,21456,19753,75632
11,197,0.7217883467674255,asleep,0.6944946918925331,0.47743386243386243,0.45685137837632583,0.4669159023582526,0.2529587606230075,0.6248821550895101,[[ 75632 19753][ 21456 18047]],75632,19753,21456,18047
11,197,0.7217883467674255,avg,0.6944946918925331,0.6282192384021652,0.6248821550895101,0.626406572544201,0.2529587606230075,0.6248821550895101,,,,,
