client,round,loss,class,accuracy,precision,recall,f1_score,cohen_kappa_score,roc_auc_score,confusion_matrix,TP,FP,FN,TN
3,181,1.0856410264968872,awake,0.5828539232548484,0.7818836924407293,0.5687581904911674,0.6585057959580021,0.1556406590994308,0.5928240234788824,[[ 24369 15134][ 41134 54251]],24369,15134,41134,54251
3,181,1.0856410264968872,asleep,0.5828539232548484,0.3720287620414332,0.6168898564665974,0.4641449060053711,0.1556406590994308,0.5928240234788824,[[ 54251 41134][ 15134 24369]],54251,41134,15134,24369
3,181,1.0856410264968872,avg,0.5828539232548484,0.5769562272410813,0.5928240234788824,0.5613253509816866,0.1556406590994308,0.5928240234788824,,,,,
