client,round,loss,class,accuracy,precision,recall,f1_score,cohen_kappa_score,roc_auc_score,confusion_matrix,TP,FP,FN,TN
16,128,0.9530935287475586,awake,0.7317181661823142,0.7651838910540698,0.8953818734601876,0.8251787439613526,0.2636430211516331,0.6159566380692326,[[ 13294 26209][ 9979 85406]],13294,26209,9979,85406
16,128,0.9530935287475586,asleep,0.7317181661823142,0.5712198685171658,0.3365314026782776,0.4235376577035809,0.2636430211516331,0.6159566380692327,[[ 85406 9979][ 26209 13294]],85406,9979,26209,13294
16,128,0.9530935287475586,avg,0.7317181661823142,0.6682018797856177,0.6159566380692326,0.6243582008324667,0.2636430211516331,0.6159566380692327,,,,,
