client,round,loss,class,accuracy,precision,recall,f1_score,cohen_kappa_score,roc_auc_score,confusion_matrix,TP,FP,FN,TN
17,59,0.7064067125320435,awake,0.7272700314334856,0.7578208185570094,0.902846359490486,0.8240010716472749,0.23844034090057076,0.6030825473882069,[[ 11982 27521][ 9267 86118]],11982,27521,9267,86118
17,59,0.7064067125320435,asleep,0.7272700314334856,0.5638853593110263,0.3033187352859277,0.394456149591783,0.23844034090057076,0.6030825473882069,[[ 86118 9267][ 27521 11982]],86118,9267,27521,11982
17,59,0.7064067125320435,avg,0.7272700314334856,0.6608530889340178,0.6030825473882069,0.6092286106195289,0.23844034090057076,0.6030825473882069,,,,,
