client,round,loss,class,accuracy,precision,recall,f1_score,cohen_kappa_score,roc_auc_score,confusion_matrix,TP,FP,FN,TN
2,120,0.7570070028305054,awake,0.7535881620307218,0.7875285691813715,0.8922681763379986,0.8366329820698332,0.3432895095568561,0.6554979339528637,[[ 16541 22962][ 10276 85109]],16541,22962,10276,85109
2,120,0.7570070028305054,asleep,0.7535881620307218,0.6168102323153224,0.41872769156772904,0.4988238841978287,0.3432895095568561,0.6554979339528637,[[ 85109 10276][ 22962 16541]],85109,10276,22962,16541
2,120,0.7570070028305054,avg,0.7535881620307218,0.702169400748347,0.6554979339528638,0.6677284331338309,0.3432895095568561,0.6554979339528637,,,,,
