client,round,loss,class,accuracy,precision,recall,f1_score,cohen_kappa_score,roc_auc_score,confusion_matrix,TP,FP,FN,TN
11,44,0.6433104872703552,awake,0.7140145898819762,0.796680627944141,0.7996540336530901,0.7981645615981081,0.30769360253437983,0.6534406664227782,[[ 20037 19466][ 19110 76275]],20037,19466,19110,76275
11,44,0.6433104872703552,asleep,0.7140145898819762,0.511839987738524,0.5072272991924663,0.5095232040686587,0.30769360253437983,0.6534406664227782,[[ 76275 19110][ 19466 20037]],76275,19110,19466,20037
11,44,0.6433104872703552,avg,0.7140145898819762,0.6542603078413325,0.6534406664227782,0.6538438828333835,0.30769360253437983,0.6534406664227782,,,,,
