client,round,loss,class,accuracy,precision,recall,f1_score,cohen_kappa_score,roc_auc_score,confusion_matrix,TP,FP,FN,TN
11,148,0.725550651550293,awake,0.6896536385742246,0.7877425944841675,0.7680872254547361,0.7777907532246935,0.263699123986067,0.6341765140260036,[[ 19762 19741][ 22121 73264]],19762,19741,22121,73264
11,148,0.725550651550293,asleep,0.6896536385742246,0.47183821598261827,0.500265802597271,0.4856363502322267,0.263699123986067,0.6341765140260036,[[ 73264 22121][ 19741 19762]],73264,22121,19741,19762
11,148,0.725550651550293,avg,0.6896536385742246,0.6297904052333929,0.6341765140260036,0.6317135517284601,0.263699123986067,0.6341765140260036,,,,,
