client,round,loss,class,accuracy,precision,recall,f1_score,cohen_kappa_score,roc_auc_score,confusion_matrix,TP,FP,FN,TN
1,34,0.8527323007583618,awake,0.5821718759266947,0.7450734121252465,0.621921685799654,0.6779502182807251,0.09679612964703777,0.5540563040040469,[[ 19206 20297][ 36063 59322]],19206,20297,36063,59322
1,34,0.8527323007583618,asleep,0.5821718759266947,0.3475004070998209,0.48619092220843985,0.405309585109526,0.09679612964703777,0.5540563040040469,[[ 59322 36063][ 20297 19206]],59322,36063,20297,19206
1,34,0.8527323007583618,avg,0.5821718759266947,0.5462869096125337,0.5540563040040469,0.5416299016951256,0.09679612964703777,0.5540563040040469,,,,,
