client,round,loss,class,accuracy,precision,recall,f1_score,cohen_kappa_score,roc_auc_score,confusion_matrix,TP,FP,FN,TN
13,174,0.8140429854393005,awake,0.7223548425360299,0.7953224721163061,0.817843476437595,0.8064257692367331,0.31595717444745786,0.6548144552276323,[[ 19427 20076][ 17375 78010]],19427,20076,17375,78010
13,174,0.8140429854393005,asleep,0.7223548425360299,0.5278789196239335,0.49178543401766955,0.5091933687176463,0.31595717444745786,0.6548144552276323,[[ 78010 17375][ 20076 19427]],78010,17375,20076,19427
13,174,0.8140429854393005,avg,0.7223548425360299,0.6616006958701198,0.6548144552276323,0.6578095689771897,0.31595717444745786,0.6548144552276323,,,,,
