client,round,loss,class,accuracy,precision,recall,f1_score,cohen_kappa_score,roc_auc_score,confusion_matrix,TP,FP,FN,TN
7,85,0.6556560397148132,awake,0.6746263566810984,0.7734436396847986,0.763526759972742,0.7684532068563469,0.22148320015079992,0.6117459129585503,[[ 18170 21333][ 22556 72829]],18170,21333,22556,72829
7,85,0.6556560397148132,asleep,0.6746263566810984,0.44615233511761526,0.45996506594435865,0.4529534208328659,0.22148320015079992,0.6117459129585503,[[ 72829 22556][ 21333 18170]],72829,22556,21333,18170
7,85,0.6556560397148132,avg,0.6746263566810984,0.6097979874012069,0.6117459129585503,0.6107033138446064,0.22148320015079992,0.6117459129585503,,,,,
