client,round,loss,class,accuracy,precision,recall,f1_score,cohen_kappa_score,roc_auc_score,confusion_matrix,TP,FP,FN,TN
2,150,0.8190549612045288,awake,0.7544777889804876,0.7775390677233301,0.9144205063689259,0.8404428556286796,0.32290386931516424,0.6413481667606471,[[ 14548 24955][ 8163 87222]],14548,24955,8163,87222
2,150,0.8190549612045288,asleep,0.7544777889804876,0.6405706485843864,0.3682758271523682,0.4676760857684765,0.32290386931516424,0.641348166760647,[[ 87222 8163][ 24955 14548]],87222,8163,24955,14548
2,150,0.8190549612045288,avg,0.7544777889804876,0.7090548581538583,0.6413481667606471,0.6540594706985781,0.32290386931516424,0.6413481667606471,,,,,
