client,round,loss,class,accuracy,precision,recall,f1_score,cohen_kappa_score,roc_auc_score,confusion_matrix,TP,FP,FN,TN
5,195,0.9344110488891602,awake,0.6105954569717099,0.7552072788767283,0.6648215128164806,0.7071378391337801,0.13320499505115913,0.5722406427459867,[[ 18948 20555][ 31971 63414]],18948,20555,31971,63414
5,195,0.9344110488891602,asleep,0.6105954569717099,0.3721204265598303,0.479659772675493,0.4191015460839176,0.13320499505115913,0.5722406427459867,[[ 63414 31971][ 20555 18948]],63414,31971,20555,18948
5,195,0.9344110488891602,avg,0.6105954569717099,0.5636638527182793,0.5722406427459867,0.5631196926088489,0.13320499505115913,0.5722406427459867,,,,,
