client,round,loss,class,accuracy,precision,recall,f1_score,cohen_kappa_score,roc_auc_score,confusion_matrix,TP,FP,FN,TN
9,144,1.0110020637512207,awake,0.7463228752743016,0.755277325654188,0.9486397232269225,0.8409870347135091,0.2520925844206894,0.6032214640234048,[[ 10184 29319][ 4899 90486]],10184,29319,4899,90486
9,144,1.0110020637512207,asleep,0.7463228752743016,0.6751972419279985,0.2578032048198871,0.3731359689297622,0.2520925844206894,0.6032214640234047,[[ 90486 4899][ 29319 10184]],90486,4899,29319,10184
9,144,1.0110020637512207,avg,0.7463228752743016,0.7152372837910932,0.6032214640234048,0.6070615018216357,0.2520925844206894,0.6032214640234048,,,,,
