client,round,loss,class,accuracy,precision,recall,f1_score,cohen_kappa_score,roc_auc_score,confusion_matrix,TP,FP,FN,TN
2,63,0.7406059503555298,awake,0.7504373999169681,0.7959663188583704,0.8701263301357656,0.8313958438722409,0.35495099280543296,0.6657798194991917,[[ 18228 21275][ 12388 82997]],18228,21275,12388,82997
2,63,0.7406059503555298,asleep,0.7504373999169681,0.59537496733734,0.461433308862618,0.5199161425576521,0.35495099280543296,0.6657798194991918,[[ 82997 12388][ 21275 18228]],82997,12388,21275,18228
2,63,0.7406059503555298,avg,0.7504373999169681,0.6956706430978552,0.6657798194991917,0.6756559932149464,0.35495099280543296,0.6657798194991917,,,,,
