client,round,loss,class,accuracy,precision,recall,f1_score,cohen_kappa_score,roc_auc_score,confusion_matrix,TP,FP,FN,TN
16,189,1.0084670782089233,awake,0.7450032619654825,0.7781304439032843,0.8944278450490118,0.8322359115429262,0.3115628369469873,0.6393132567522861,[[ 15177 24326][ 10070 85315]],15177,24326,10070,85315
16,189,1.0084670782089233,asleep,0.7450032619654825,0.6011407295916347,0.38419866845556033,0.46878764478764484,0.3115628369469873,0.6393132567522861,[[ 85315 10070][ 24326 15177]],85315,10070,24326,15177
16,189,1.0084670782089233,avg,0.7450032619654825,0.6896355867474595,0.6393132567522861,0.6505117781652855,0.3115628369469873,0.6393132567522861,,,,,
