client,round,loss,class,accuracy,precision,recall,f1_score,cohen_kappa_score,roc_auc_score,confusion_matrix,TP,FP,FN,TN
14,167,0.7880699634552002,awake,0.7437726113516399,0.758775027441904,0.9348639723226922,0.8376654486017304,0.2598807155000583,0.6086111371119068,[[ 11154 28349][ 6213 89172]],11154,28349,6213,89172
14,167,0.7880699634552002,asleep,0.7437726113516399,0.6422525479357402,0.28235830190112143,0.3922630560928433,0.2598807155000583,0.6086111371119068,[[ 89172 6213][ 28349 11154]],89172,6213,28349,11154
14,167,0.7880699634552002,avg,0.7437726113516399,0.7005137876888221,0.6086111371119068,0.6149642523472869,0.2598807155000583,0.6086111371119068,,,,,
