client,round,loss,class,accuracy,precision,recall,f1_score,cohen_kappa_score,roc_auc_score,confusion_matrix,TP,FP,FN,TN
17,140,0.8469498753547668,awake,0.717447067196489,0.7344100456770518,0.9405776589610526,0.824805674176155,0.1487918810648603,0.5596238166966871,[[ 7058 32445][ 5668 89717]],7058,32445,5668,89717
17,140,0.8469498753547668,asleep,0.717447067196489,0.5546126041175546,0.1786699744323216,0.27027130521357867,0.1487918810648603,0.5596238166966871,[[ 89717 5668][ 32445 7058]],89717,5668,32445,7058
17,140,0.8469498753547668,avg,0.717447067196489,0.6445113248973032,0.5596238166966871,0.5475384896948668,0.1487918810648603,0.5596238166966871,,,,,
