client,round,loss,class,accuracy,precision,recall,f1_score,cohen_kappa_score,roc_auc_score,confusion_matrix,TP,FP,FN,TN
12,63,1.1533911228179932,awake,0.6985054267243935,0.7433185994183513,0.8762174346071185,0.8043151897759643,0.16669520760960954,0.57280734778732,[[ 10642 28861][ 11807 83578]],10642,28861,11807,83578
12,63,1.1533911228179932,asleep,0.6985054267243935,0.47405229631609425,0.2693972609675215,0.3435563016528926,0.16669520760960954,0.57280734778732,[[ 83578 11807][ 28861 10642]],83578,11807,28861,10642
12,63,1.1533911228179932,avg,0.6985054267243935,0.6086854478672228,0.57280734778732,0.5739357457144284,0.16669520760960954,0.57280734778732,,,,,
