client,round,loss,class,accuracy,precision,recall,f1_score,cohen_kappa_score,roc_auc_score,confusion_matrix,TP,FP,FN,TN
2,26,0.7269084453582764,awake,0.7517940810153609,0.8001512756611038,0.8650626408764481,0.8313418099018679,0.36425646287289737,0.6716777143829877,[[ 18894 20609][ 12871 82514]],18894,20609,12871,82514
2,26,0.7269084453582764,asleep,0.7517940810153609,0.594805603651818,0.4782927878895274,0.5302239434248189,0.36425646287289737,0.6716777143829877,[[ 82514 12871][ 20609 18894]],82514,12871,20609,18894
2,26,0.7269084453582764,avg,0.7517940810153609,0.6974784396564608,0.6716777143829877,0.6807828766633435,0.36425646287289737,0.6716777143829877,,,,,
