client,round,loss,class,accuracy,precision,recall,f1_score,cohen_kappa_score,roc_auc_score,confusion_matrix,TP,FP,FN,TN
5,74,0.8355077505111694,awake,0.6063474882865785,0.7766756523332199,0.6222362006604812,0.69093089177721,0.16676358394311774,0.5951091896145987,[[ 22437 17066][ 36033 59352]],22437,17066,36033,59352
5,74,0.8355077505111694,asleep,0.6063474882865785,0.3837352488455618,0.5679821785687162,0.4580241495105794,0.16676358394311774,0.5951091896145987,[[ 59352 36033][ 17066 22437]],59352,36033,17066,22437
5,74,0.8355077505111694,avg,0.6063474882865785,0.5802054505893909,0.5951091896145988,0.5744775206438947,0.16676358394311774,0.5951091896145987,,,,,
