client,round,loss,class,accuracy,precision,recall,f1_score,cohen_kappa_score,roc_auc_score,confusion_matrix,TP,FP,FN,TN
12,155,1.3302083015441895,awake,0.7035318189905699,0.7374553123633651,0.9018084604497563,0.8113928349085969,0.15026298965677254,0.5632880998044038,[[ 8879 30624][ 9366 86019]],8879,30624,9366,86019
12,155,1.3302083015441895,asleep,0.7035318189905699,0.4866538777747328,0.2247677391590512,0.3075084851423426,0.15026298965677254,0.5632880998044038,[[ 86019 9366][ 30624 8879]],86019,9366,30624,8879
12,155,1.3302083015441895,avg,0.7035318189905699,0.612054595069049,0.5632880998044038,0.5594506600254697,0.15026298965677254,0.5632880998044038,,,,,
