client,round,loss,class,accuracy,precision,recall,f1_score,cohen_kappa_score,roc_auc_score,confusion_matrix,TP,FP,FN,TN
6,169,0.9758497476577759,awake,0.5795548899828006,0.7828802996167012,0.5610211249148189,0.6536378016233152,0.15438294508430128,0.5926640697859668,[[ 24662 14841][ 41872 53513]],24662,14841,41872,53513
6,169,0.9758497476577759,asleep,0.5795548899828006,0.37066762858087593,0.6243070146571147,0.4651583881098107,0.15438294508430128,0.5926640697859669,[[ 53513 41872][ 14841 24662]],53513,41872,14841,24662
6,169,0.9758497476577759,avg,0.5795548899828006,0.5767739640987886,0.5926640697859669,0.5593980948665629,0.15438294508430128,0.5926640697859669,,,,,
