client,round,loss,class,accuracy,precision,recall,f1_score,cohen_kappa_score,roc_auc_score,confusion_matrix,TP,FP,FN,TN
7,179,0.720726490020752,awake,0.6706601031967262,0.7861273623572479,0.7339413953975992,0.7591385723115627,0.2405079841715172,0.6259003992404546,[[ 20457 19046][ 25378 70007]],20457,19046,25378,70007
7,179,0.720726490020752,asleep,0.6706601031967262,0.446318315697611,0.5178594030833101,0.4794347184138367,0.2405079841715172,0.6259003992404547,[[ 70007 25378][ 19046 20457]],70007,25378,19046,20457
7,179,0.720726490020752,avg,0.6706601031967262,0.6162228390274295,0.6259003992404546,0.6192866453626997,0.2405079841715172,0.6259003992404546,,,,,
