client,round,loss,class,accuracy,precision,recall,f1_score,cohen_kappa_score,roc_auc_score,confusion_matrix,TP,FP,FN,TN
6,176,1.0563600063323975,awake,0.5773085819346421,0.7763182531795071,0.5650678827907952,0.6540585144465882,0.1441820496191616,0.5859665920801557,[[ 23973 15530][ 41486 53899]],23973,15530,41486,53899
6,176,1.0563600063323975,asleep,0.5773085819346421,0.36622924273209184,0.6068653013695162,0.4567938873115985,0.1441820496191616,0.5859665920801557,[[ 53899 41486][ 15530 23973]],53899,41486,15530,23973
6,176,1.0563600063323975,avg,0.5773085819346421,0.5712737479557994,0.5859665920801558,0.5554262008790933,0.1441820496191616,0.5859665920801557,,,,,
