client,round,loss,class,accuracy,precision,recall,f1_score,cohen_kappa_score,roc_auc_score,confusion_matrix,TP,FP,FN,TN
0,139,0.8855186104774475,awake,0.7261209299567049,0.773221131369799,0.8669706976987996,0.8174166604887934,0.27672341043202797,0.6264960062678238,[[ 15249 24254][ 12689 82696]],15249,24254,12689,82696
0,139,0.8855186104774475,asleep,0.7261209299567049,0.5458157348414346,0.3860213148368478,0.4522174938094038,0.27672341043202797,0.6264960062678238,[[ 82696 12689][ 24254 15249]],82696,12689,24254,15249
0,139,0.8855186104774475,avg,0.7261209299567049,0.6595184331056168,0.6264960062678238,0.6348170771490986,0.27672341043202797,0.6264960062678238,,,,,
