client,round,loss,class,accuracy,precision,recall,f1_score,cohen_kappa_score,roc_auc_score,confusion_matrix,TP,FP,FN,TN
13,170,0.8171130418777466,awake,0.7119832750133444,0.8124965453198757,0.7705194737117995,0.7909514533851336,0.32913224611337977,0.6705798391266132,[[ 22542 16961][ 21889 73496]],22542,16961,21889,73496
13,170,0.8171130418777466,asleep,0.7119832750133444,0.5073484729130562,0.5706402045414273,0.537136321395382,0.32913224611337977,0.6705798391266135,[[ 73496 21889][ 16961 22542]],73496,21889,16961,22542
13,170,0.8171130418777466,avg,0.7119832750133444,0.659922509116466,0.6705798391266133,0.6640438873902579,0.32913224611337977,0.6705798391266133,,,,,
