client,round,loss,class,accuracy,precision,recall,f1_score,cohen_kappa_score,roc_auc_score,confusion_matrix,TP,FP,FN,TN
9,123,1.0185569524765015,awake,0.7519868335211435,0.7614424059236244,0.9454945746186507,0.8435456866798238,0.2777124919524616,0.6151162213143376,[[ 11248 28255][ 5199 90186]],11248,28255,5199,90186
9,123,1.0185569524765015,asleep,0.7519868335211435,0.6838937192193105,0.28473786801002454,0.40207327971403034,0.2777124919524616,0.6151162213143376,[[ 90186 5199][ 28255 11248]],90186,5199,28255,11248
9,123,1.0185569524765015,avg,0.7519868335211435,0.7226680625714674,0.6151162213143376,0.6228094831969271,0.2777124919524616,0.6151162213143376,,,,,
