client,round,loss,class,accuracy,precision,recall,f1_score,cohen_kappa_score,roc_auc_score,confusion_matrix,TP,FP,FN,TN
18,134,1.180417537689209,awake,0.7196488938971591,0.7202957225840521,0.9866960213870105,0.8327080973952434,0.0833229695422193,0.5307628905760458,[[ 2956 36547][ 1269 94116]],2956,36547,1269,94116
18,134,1.180417537689209,asleep,0.7196488938971591,0.6996449704142012,0.07482975976508113,0.13519941456275156,0.0833229695422193,0.5307628905760459,[[ 94116 1269][ 36547 2956]],94116,1269,36547,2956
18,134,1.180417537689209,avg,0.7196488938971591,0.7099703464991266,0.5307628905760459,0.4839537559789975,0.0833229695422193,0.5307628905760458,,,,,
