client,round,loss,class,accuracy,precision,recall,f1_score,cohen_kappa_score,roc_auc_score,confusion_matrix,TP,FP,FN,TN
6,187,0.9743445515632629,awake,0.6164966490718226,0.7999312950875987,0.6103160874351313,0.6923763082778307,0.20702623663075292,0.620868242942941,[[ 24943 14560][ 37170 58215]],24943,14560,37170,58215
6,187,0.9743445515632629,asleep,0.6164966490718226,0.4015745496111925,0.6314203984507506,0.49092662572823176,0.20702623663075292,0.6208682429429409,[[ 58215 37170][ 14560 24943]],58215,37170,14560,24943
6,187,0.9743445515632629,avg,0.6164966490718226,0.6007529223493956,0.620868242942941,0.5916514670030313,0.20702623663075292,0.6208682429429409,,,,,
