client,round,loss,class,accuracy,precision,recall,f1_score,cohen_kappa_score,roc_auc_score,confusion_matrix,TP,FP,FN,TN
7,199,0.7893788814544678,awake,0.636009133503351,0.7816915979990019,0.67330293023012,0.7234601000315414,0.19967795966333024,0.6096307325124729,[[ 21567 17936][ 31162 64223]],21567,17936,31162,64223
7,199,0.7893788814544678,asleep,0.636009133503351,0.40901591154772515,0.5459585347948257,0.46766848816029144,0.19967795966333024,0.609630732512473,[[ 64223 31162][ 17936 21567]],64223,31162,17936,21567
7,199,0.7893788814544678,avg,0.636009133503351,0.5953537547733635,0.6096307325124728,0.5955642940959164,0.19967795966333024,0.609630732512473,,,,,
