client,round,loss,class,accuracy,precision,recall,f1_score,cohen_kappa_score,roc_auc_score,confusion_matrix,TP,FP,FN,TN
15,80,1.1922329664230347,awake,0.3723459462665322,0.62657600226661,0.2782198458877182,0.3853374861150437,-0.08767656588548833,0.4389225953991156,[[ 23687 15816][ 68847 26538]],23687,15816,68847,26538
15,80,1.1922329664230347,asleep,0.3723459462665322,0.2559815851470811,0.5996253449105131,0.3587933685254891,-0.08767656588548833,0.43892259539911566,[[ 26538 68847][ 15816 23687]],26538,68847,15816,23687
15,80,1.1922329664230347,avg,0.3723459462665322,0.44127879370684553,0.43892259539911566,0.3720654273202664,-0.08767656588548833,0.4389225953991156,,,,,
