client,round,loss,class,accuracy,precision,recall,f1_score,cohen_kappa_score,roc_auc_score,confusion_matrix,TP,FP,FN,TN
3,86,1.0664081573486328,awake,0.578220449558152,0.7865779207242621,0.5538082507731824,0.6499818509563623,0.15792026144996918,0.5954875241158015,[[ 25170 14333][ 42560 52825]],25170,14333,42560,52825
3,86,1.0664081573486328,asleep,0.578220449558152,0.37162261922338696,0.6371667974584209,0.4694450402394785,0.15792026144996918,0.5954875241158015,[[ 52825 42560][ 14333 25170]],52825,42560,14333,25170
3,86,1.0664081573486328,avg,0.578220449558152,0.5791002699738246,0.5954875241158016,0.5597134455979204,0.15792026144996918,0.5954875241158015,,,,,
