client,round,loss,class,accuracy,precision,recall,f1_score,cohen_kappa_score,roc_auc_score,confusion_matrix,TP,FP,FN,TN
9,174,0.9805275797843933,awake,0.7553822430460827,0.769883635419821,0.932924464014258,0.8435986159169551,0.3053463829014669,0.6298042566634843,[[ 12905 26598][ 6398 88987]],12905,26598,6398,88987
9,174,0.9805275797843933,asleep,0.7553822430460827,0.6685489302181008,0.32668404931271045,0.43890079243614594,0.3053463829014669,0.6298042566634843,[[ 88987 6398][ 26598 12905]],88987,6398,26598,12905
9,174,0.9805275797843933,avg,0.7553822430460827,0.7192162828189609,0.6298042566634843,0.6412497041765505,0.3053463829014669,0.6298042566634843,,,,,
