client,round,loss,class,accuracy,precision,recall,f1_score,cohen_kappa_score,roc_auc_score,confusion_matrix,TP,FP,FN,TN
10,11,1.1153080463409424,awake,0.40748621078227865,0.8030576244609957,0.21477171463018294,0.33890566193804544,0.057696295619481974,0.5437957502346166,[[ 34479 5024][ 74899 20486]],34479,5024,74899,20486
10,11,1.1153080463409424,asleep,0.40748621078227865,0.31522792517690945,0.8728197858390502,0.463175287645838,0.057696295619481974,0.5437957502346166,[[ 20486 74899][ 5024 34479]],20486,74899,5024,34479
10,11,1.1153080463409424,avg,0.40748621078227865,0.5591427748189526,0.5437957502346166,0.4010404747919417,0.057696295619481974,0.5437957502346166,,,,,
