client,round,loss,class,accuracy,precision,recall,f1_score,cohen_kappa_score,roc_auc_score,confusion_matrix,TP,FP,FN,TN
11,138,0.730712354183197,awake,0.6810983927406441,0.8018838557939518,0.7291817371704147,0.7638066790393254,0.27644870758856044,0.6470884004182327,[[ 22319 17184][ 25832 69553]],22319,17184,25832,69553
11,138,0.730712354183197,asleep,0.6810983927406441,0.4635210068326722,0.5649950636660507,0.5092522874027426,0.27644870758856044,0.6470884004182327,[[ 69553 25832][ 17184 22319]],69553,25832,17184,22319
11,138,0.730712354183197,avg,0.6810983927406441,0.632702431313312,0.6470884004182327,0.636529483221034,0.27644870758856044,0.6470884004182327,,,,,
