client,round,loss,class,accuracy,precision,recall,f1_score,cohen_kappa_score,roc_auc_score,confusion_matrix,TP,FP,FN,TN
2,54,0.7535859942436218,awake,0.7486433189016073,0.7987482506608614,0.8616449127221261,0.8290053005582985,0.35733388363306706,0.6687157809186915,[[ 18795 20708][ 13197 82188]],18795,20708,13197,82188
2,54,0.7535859942436218,asleep,0.7486433189016073,0.5874906226556639,0.4757866491152571,0.5257710329393664,0.35733388363306706,0.6687157809186917,[[ 82188 13197][ 20708 18795]],82188,13197,20708,18795
2,54,0.7535859942436218,avg,0.7486433189016073,0.6931194366582627,0.6687157809186915,0.6773881667488324,0.35733388363306706,0.6687157809186917,,,,,
