client,round,loss,class,accuracy,precision,recall,f1_score,cohen_kappa_score,roc_auc_score,confusion_matrix,TP,FP,FN,TN
4,35,1.2446801662445068,awake,0.7200788802562126,0.7270764211239745,0.9672170676731142,0.8301285800408507,0.1181511468494052,0.5452747364034507,[[ 4872 34631][ 3127 92258]],4872,34631,3127,92258
4,35,1.2446801662445068,asleep,0.7200788802562126,0.6090761345168146,0.1233324051337873,0.20512820512820515,0.1181511468494052,0.5452747364034508,[[ 92258 3127][ 34631 4872]],92258,3127,34631,4872
4,35,1.2446801662445068,avg,0.7200788802562126,0.6680762778203946,0.5452747364034508,0.5176283925845279,0.1181511468494052,0.5452747364034507,,,,,
