client,round,loss,class,accuracy,precision,recall,f1_score,cohen_kappa_score,roc_auc_score,confusion_matrix,TP,FP,FN,TN
15,70,1.1691299676895142,awake,0.38612775042998637,0.6346684935026011,0.31080358546941345,0.41726719963968023,-0.08904829001055004,0.43940553928560155,[[ 22438 17065][ 65739 29646]],22438,17065,65739,29646
15,70,1.1691299676895142,asleep,0.38612775042998637,0.2544654501740817,0.5680074931017898,0.3514724310776942,-0.08904829001055004,0.4394055392856016,[[ 29646 65739][ 17065 22438]],29646,65739,17065,22438
15,70,1.1691299676895142,avg,0.38612775042998637,0.4445669718383414,0.4394055392856016,0.3843698153586872,-0.08904829001055004,0.43940553928560155,,,,,
