client,round,loss,class,accuracy,precision,recall,f1_score,cohen_kappa_score,roc_auc_score,confusion_matrix,TP,FP,FN,TN
0,98,0.8208803534507751,awake,0.7284191329102663,0.7745882484904002,0.8687634324055145,0.8189774024420976,0.2826064458545089,0.629151733669785,[[ 15388 24115][ 12518 82867]],15388,24115,12518,82867
0,98,0.8208803534507751,asleep,0.7284191329102663,0.5514226331254928,0.38954003493405565,0.4565562461985789,0.2826064458545089,0.629151733669785,[[ 82867 12518][ 24115 15388]],82867,12518,24115,15388
0,98,0.8208803534507751,avg,0.7284191329102663,0.6630054408079464,0.629151733669785,0.6377668243203383,0.2826064458545089,0.629151733669785,,,,,
