client,round,loss,class,accuracy,precision,recall,f1_score,cohen_kappa_score,roc_auc_score,confusion_matrix,TP,FP,FN,TN
6,18,0.7114242315292358,awake,0.6421994543621374,0.7747958945649639,0.6964512239870001,0.7335376121463077,0.19379264703573118,0.6038264524359981,[[ 20194 19309][ 28954 66431]],20194,19309,28954,66431
6,18,0.7114242315292358,asleep,0.6421994543621374,0.4108814193863433,0.5112016808849961,0.4555842573687832,0.19379264703573118,0.6038264524359981,[[ 66431 28954][ 19309 20194]],66431,28954,19309,20194
6,18,0.7114242315292358,avg,0.6421994543621374,0.5928386569756536,0.6038264524359981,0.5945609347575455,0.19379264703573118,0.6038264524359981,,,,,
