client,round,loss,class,accuracy,precision,recall,f1_score,cohen_kappa_score,roc_auc_score,confusion_matrix,TP,FP,FN,TN
10,124,1.7619165182113647,awake,0.4092283968922365,0.7837593550019885,0.227268438433716,0.352361756769936,0.050500334793360024,0.5379311080607433,[[ 33522 5981][ 73707 21678]],33522,5981,73707,21678
10,124,1.7619165182113647,asleep,0.4092358104501512,0.31262356847092176,0.8485937776877706,0.4569177610729839,0.0505075630401276,0.5379363499750903,[[ 21679 73706][ 5981 33522]],21679,73706,5981,33522
10,124,1.7619165182113647,avg,0.4092321036711939,0.5481914617364552,0.5379311080607433,0.4046397589214599,0.05050394891674381,0.5379337290179168,,,,,
