client,round,loss,class,accuracy,precision,recall,f1_score,cohen_kappa_score,roc_auc_score,confusion_matrix,TP,FP,FN,TN
17,105,0.806513249874115,awake,0.7312140442441136,0.7475528984233046,0.9359752581642816,0.8312198573636482,0.21025091144106223,0.5863837002666078,[[ 9354 30149][ 6107 89278]],9354,30149,6107,89278
17,105,0.806513249874115,asleep,0.7312140442441136,0.6050061444925943,0.236792142368934,0.3403682410304927,0.21025091144106223,0.5863837002666078,[[ 89278 6107][ 30149 9354]],89278,6107,30149,9354
17,105,0.806513249874115,avg,0.7312140442441136,0.6762795214579495,0.5863837002666078,0.5857940491970705,0.21025091144106223,0.5863837002666078,,,,,
