client,round,loss,class,accuracy,precision,recall,f1_score,cohen_kappa_score,roc_auc_score,confusion_matrix,TP,FP,FN,TN
14,2,0.735924243927002,awake,0.7051998695213807,0.7092582281147948,0.9881952088902868,0.8258083168698502,0.013946489958363784,0.5050334827328683,[[ 864 38639][ 1126 94259]],864,38639,1126,94259
14,2,0.735924243927002,asleep,0.7051998695213807,0.43417085427135677,0.021871756575449965,0.041645578772323034,0.013946489958363784,0.5050334827328684,[[ 94259 1126][ 38639 864]],94259,1126,38639,864
14,2,0.735924243927002,avg,0.7051998695213807,0.5717145411930757,0.5050334827328684,0.4337269478210866,0.013946489958363784,0.5050334827328684,,,,,
