client,round,loss,class,accuracy,precision,recall,f1_score,cohen_kappa_score,roc_auc_score,confusion_matrix,TP,FP,FN,TN
13,112,0.7466887831687927,awake,0.7196414803392444,0.8099920304994939,0.7884992399224197,0.7991011426962532,0.3355767425641679,0.6709374664538812,[[ 21860 17643][ 20174 75211]],21860,17643,20174,75211
13,112,0.7466887831687927,asleep,0.7196414803392444,0.5200551934148546,0.5533756929853428,0.5361982903467138,0.3355767425641679,0.6709374664538812,[[ 75211 20174][ 17643 21860]],75211,20174,17643,21860
13,112,0.7466887831687927,avg,0.7196414803392444,0.6650236119571742,0.6709374664538812,0.6676497165214835,0.3355767425641679,0.6709374664538812,,,,,
