client,round,loss,class,accuracy,precision,recall,f1_score,cohen_kappa_score,roc_auc_score,confusion_matrix,TP,FP,FN,TN
3,56,1.0590600967407227,awake,0.5517837020342803,0.7877978839117967,0.5011479792420191,0.6125987581938063,0.13933750594303695,0.5875990256942192,[[ 26627 12876][ 47583 47802]],26627,12876,47583,47802
3,56,1.0590600967407227,asleep,0.5517837020342803,0.3588060908233392,0.6740500721464192,0.46831936541996083,0.13933750594303695,0.5875990256942193,[[ 47802 47583][ 12876 26627]],47802,47583,12876,26627
3,56,1.0590600967407227,avg,0.5517837020342803,0.573301987367568,0.5875990256942192,0.5404590618068835,0.13933750594303695,0.5875990256942192,,,,,
