client,round,loss,class,accuracy,precision,recall,f1_score,cohen_kappa_score,roc_auc_score,confusion_matrix,TP,FP,FN,TN
0,53,0.7962336540222168,awake,0.7390872427495404,0.7620075741087363,0.9176285579493632,0.8326087990487514,0.263696390639091,0.6128025836604016,[[ 12166 27337][ 7857 87528]],12166,27337,7857,87528
0,53,0.7962336540222168,asleep,0.7390872427495404,0.6076012585526644,0.30797660937144017,0.4087625575378826,0.263696390639091,0.6128025836604017,[[ 87528 7857][ 27337 12166]],87528,7857,27337,12166
0,53,0.7962336540222168,avg,0.7390872427495404,0.6848044163307003,0.6128025836604016,0.620685678293317,0.263696390639091,0.6128025836604016,,,,,
