client,round,loss,class,accuracy,precision,recall,f1_score,cohen_kappa_score,roc_auc_score,confusion_matrix,TP,FP,FN,TN
10,111,1.7658158540725708,awake,0.391509993476069,0.7779820346772509,0.19521937411542695,0.31211867247737174,0.039676348225946234,0.5303489726815901,[[ 34189 5314][ 76764 18621]],34189,5314,76764,18621
10,111,1.7658158540725708,asleep,0.391509993476069,0.30813948248357415,0.8654785712477533,0.45447173924602546,0.039676348225946234,0.5303489726815902,[[ 18621 76764][ 5314 34189]],18621,76764,5314,34189
10,111,1.7658158540725708,avg,0.391509993476069,0.5430607585804126,0.5303489726815901,0.38329520586169863,0.039676348225946234,0.5303489726815902,,,,,
