client,round,loss,class,accuracy,precision,recall,f1_score,cohen_kappa_score,roc_auc_score,confusion_matrix,TP,FP,FN,TN
8,93,0.8066789507865906,awake,0.6855835952790463,0.7680165138728675,0.7957225978927505,0.7816241098598946,0.22100071709000935,0.6076808063255615,[[ 16577 22926][ 19485 75900]],16577,22926,19485,75900
8,93,0.8066789507865906,asleep,0.6855835952790463,0.4596805501636071,0.4196390147583728,0.43874809766426254,0.22100071709000935,0.6076808063255617,[[ 75900 19485][ 22926 16577]],75900,19485,22926,16577
8,93,0.8066789507865906,avg,0.6855835952790463,0.6138485320182373,0.6076808063255617,0.6101861037620786,0.22100071709000935,0.6076808063255617,,,,,
