client,round,loss,class,accuracy,precision,recall,f1_score,cohen_kappa_score,roc_auc_score,confusion_matrix,TP,FP,FN,TN
14,55,0.7345500588417053,awake,0.7617208350631635,0.780401510986575,0.9226712795512921,0.845593993053387,0.3395389015231359,0.6478784339938067,[[ 14738 24765][ 7376 88009]],14738,24765,7376,88009
14,55,0.7345500588417053,asleep,0.7617208350631635,0.6664556389617436,0.3730855884363213,0.4783744745768213,0.3395389015231359,0.6478784339938067,[[ 88009 7376][ 24765 14738]],88009,7376,24765,14738
14,55,0.7345500588417053,avg,0.7617208350631635,0.7234285749741594,0.6478784339938067,0.6619842338151042,0.3395389015231359,0.6478784339938067,,,,,
