client,round,loss,class,accuracy,precision,recall,f1_score,cohen_kappa_score,roc_auc_score,confusion_matrix,TP,FP,FN,TN
10,150,1.7541451454162598,awake,0.4067003736433189,0.8038385437277404,0.21295801226607958,0.3367121130496042,0.057551348005566605,0.5437369359105251,[[ 34546 4957][ 75072 20313]],34546,4957,75072,20313
10,150,1.7541451454162598,asleep,0.4067003736433189,0.3151489718841796,0.8745158595549705,0.46332843797989554,0.057551348005566605,0.5437369359105251,[[ 20313 75072][ 4957 34546]],20313,75072,4957,34546
10,150,1.7541451454162598,avg,0.4067003736433189,0.55949375780596,0.5437369359105251,0.40002027551474983,0.057551348005566605,0.5437369359105251,,,,,
