client,round,loss,class,accuracy,precision,recall,f1_score,cohen_kappa_score,roc_auc_score,confusion_matrix,TP,FP,FN,TN
9,134,0.9683513045310974,awake,0.7522685487219026,0.7615277484701414,0.9458719924516433,0.8437482465164127,0.27831345313713896,0.6153302447639073,[[ 11250 28253][ 5163 90222]],11250,28253,5163,90222
9,134,0.9683513045310974,asleep,0.7522685487219026,0.6854322792908061,0.28478849707617143,0.4023892982330639,0.27831345313713896,0.6153302447639073,[[ 90222 5163][ 28253 11250]],90222,5163,28253,11250
9,134,0.9683513045310974,avg,0.7522685487219026,0.7234800138804738,0.6153302447639074,0.6230687723747383,0.27831345313713896,0.6153302447639073,,,,,
