client,round,loss,class,accuracy,precision,recall,f1_score,cohen_kappa_score,roc_auc_score,confusion_matrix,TP,FP,FN,TN
9,88,0.8418749570846558,awake,0.7526318130597236,0.7723815045149502,0.9218535409131415,0.8405240191369264,0.30804296168486855,0.6329390226905783,[[ 13590 25913][ 7454 87931]],13590,25913,7454,87931
9,88,0.8418749570846558,asleep,0.7526318130597236,0.645789773807261,0.3440245044680151,0.4489074603200819,0.30804296168486855,0.6329390226905782,[[ 87931 7454][ 25913 13590]],87931,7454,25913,13590
9,88,0.8418749570846558,avg,0.7526318130597236,0.7090856391611056,0.6329390226905783,0.6447157397285042,0.30804296168486855,0.6329390226905782,,,,,
