client,round,loss,class,accuracy,precision,recall,f1_score,cohen_kappa_score,roc_auc_score,confusion_matrix,TP,FP,FN,TN
0,78,0.7938172817230225,awake,0.7415411304193108,0.762924218464907,0.9205640299837501,0.8343635232018396,0.2691707663257832,0.6149158402709678,[[ 12217 27286][ 7577 87808]],12217,27286,7577,87808
0,78,0.7938172817230225,asleep,0.7415411304193108,0.6172072345155097,0.30926765055818545,0.4120613184478135,0.2691707663257832,0.6149158402709678,[[ 87808 7577][ 27286 12217]],87808,7577,27286,12217
0,78,0.7938172817230225,avg,0.7415411304193108,0.6900657264902084,0.6149158402709678,0.6232124208248265,0.2691707663257832,0.6149158402709678,,,,,
