client,round,loss,class,accuracy,precision,recall,f1_score,cohen_kappa_score,roc_auc_score,confusion_matrix,TP,FP,FN,TN
2,135,0.8104282021522522,awake,0.7513121997509045,0.7720346289877004,0.9199664517481785,0.8395336933799576,0.3054376727989778,0.6320207926411703,[[ 13592 25911][ 7634 87751]],13592,25911,7634,87751
2,135,0.8104282021522522,asleep,0.7513121997509045,0.6403467445585602,0.34407513353416197,0.4476279866291228,0.3054376727989778,0.6320207926411703,[[ 87751 7634][ 25911 13592]],87751,7634,25911,13592
2,135,0.8104282021522522,avg,0.7513121997509045,0.7061906867731302,0.6320207926411703,0.6435808400045402,0.3054376727989778,0.6320207926411703,,,,,
