client,round,loss,class,accuracy,precision,recall,f1_score,cohen_kappa_score,roc_auc_score,confusion_matrix,TP,FP,FN,TN
2,162,0.8274732828140259,awake,0.7575395883992646,0.7933962440787133,0.8884939980080725,0.8382566035123119,0.36038052847901414,0.6649137838051906,[[ 17434 22069][ 10636 84749]],17434,22069,10636,84749
2,162,0.8274732828140259,asleep,0.7575395883992646,0.6210901318133238,0.4413335696023087,0.5160049132049782,0.36038052847901414,0.6649137838051906,[[ 84749 10636][ 22069 17434]],84749,10636,22069,17434
2,162,0.8274732828140259,avg,0.7575395883992646,0.7072431879460186,0.6649137838051906,0.677130758358645,0.36038052847901414,0.6649137838051906,,,,,
