client,round,loss,class,accuracy,precision,recall,f1_score,cohen_kappa_score,roc_auc_score,confusion_matrix,TP,FP,FN,TN
9,48,0.8294216394424438,awake,0.7552487990036179,0.7657409695533988,0.9420978141217172,0.8448138085344414,0.29408209266071417,0.623087992699924,[[ 12012 27491][ 5523 89862]],12012,27491,5523,89862
9,48,0.8294216394424438,asleep,0.7552487990036179,0.6850299401197605,0.30407817127813075,0.4211928889512255,0.29408209266071417,0.6230879926999241,[[ 89862 5523][ 27491 12012]],89862,5523,27491,12012
9,48,0.8294216394424438,avg,0.7552487990036179,0.7253854548365797,0.623087992699924,0.6330033487428335,0.29408209266071417,0.623087992699924,,,,,
