client,round,loss,class,accuracy,precision,recall,f1_score,cohen_kappa_score,roc_auc_score,confusion_matrix,TP,FP,FN,TN
15,95,1.1862109899520874,awake,0.41053318308522624,0.6693047763295433,0.3289301252817529,0.4410875708200363,-0.04669823057451761,0.46825211678866274,[[ 24001 15502][ 64010 31375]],24001,15502,64010,31375
15,95,1.1862109899520874,asleep,0.41053318308522624,0.2727045482950995,0.6075741082955725,0.3764449393792054,-0.04669823057451761,0.46825211678866274,[[ 31375 64010][ 15502 24001]],31375,64010,15502,24001
15,95,1.1862109899520874,avg,0.41053318308522624,0.4710046623123214,0.4682521167886627,0.40876625509962083,-0.04669823057451761,0.46825211678866274,,,,,
