client,round,loss,class,accuracy,precision,recall,f1_score,cohen_kappa_score,roc_auc_score,confusion_matrix,TP,FP,FN,TN
12,156,1.2992087602615356,awake,0.7086842417412965,0.7538928118776027,0.873040834512764,0.8091039374286477,0.2081315350739732,0.5924326264556834,[[ 12318 27185][ 12110 83275]],12318,27185,12110,83275
12,156,1.2992087602615356,asleep,0.7086842417412965,0.5042574095300475,0.31182441839860264,0.38535295865855373,0.2081315350739732,0.5924326264556833,[[ 83275 12110][ 27185 12318]],83275,12110,27185,12318
12,156,1.2992087602615356,avg,0.7086842417412965,0.629075110703825,0.5924326264556834,0.5972284480436008,0.2081315350739732,0.5924326264556834,,,,,
