client,round,loss,class,accuracy,precision,recall,f1_score,cohen_kappa_score,roc_auc_score,confusion_matrix,TP,FP,FN,TN
2,113,0.7698784470558167,awake,0.7538253958839927,0.7901845300876448,0.8875399695968967,0.8360375662890945,0.3488995043291887,0.6592472903195481,[[ 17024 22479][ 10727 84658]],17024,22479,10727,84658
2,113,0.7698784470558167,asleep,0.7538253958839927,0.6134553709776225,0.43095461104219934,0.5062598507151992,0.3488995043291887,0.6592472903195481,[[ 84658 10727][ 22479 17024]],84658,10727,22479,17024
2,113,0.7698784470558167,avg,0.7538253958839927,0.7018199505326337,0.6592472903195481,0.6711487085021468,0.3488995043291887,0.6592472903195481,,,,,
