client,round,loss,class,accuracy,precision,recall,f1_score,cohen_kappa_score,roc_auc_score,confusion_matrix,TP,FP,FN,TN
16,199,0.8962576389312744,awake,0.7310212917383311,0.7756901232379584,0.8716989044399015,0.8208968485901588,0.2882733482845782,0.6315181356110856,[[ 15459 24044][ 12238 83147]],15459,24044,12238,83147
16,199,0.8962576389312744,asleep,0.7310212917383311,0.558147091742788,0.3913373667822697,0.4600892857142857,0.2882733482845782,0.6315181356110856,[[ 83147 12238][ 24044 15459]],83147,12238,24044,15459
16,199,0.8962576389312744,avg,0.7310212917383311,0.6669186074903732,0.6315181356110856,0.6404930671522222,0.2882733482845782,0.6315181356110856,,,,,
