client,round,loss,class,accuracy,precision,recall,f1_score,cohen_kappa_score,roc_auc_score,confusion_matrix,TP,FP,FN,TN
0,158,0.8965908288955688,awake,0.7338310301880079,0.7621599703823846,0.9064737642186926,0.8280762913552107,0.25798918242957847,0.6117185164156016,[[ 12521 26982][ 8921 86464]],12521,26982,8921,86464
0,158,0.8965908288955688,asleep,0.7338310301880079,0.583947392967074,0.31696326861251045,0.410895069324801,0.25798918242957847,0.6117185164156015,[[ 86464 8921][ 26982 12521]],86464,8921,26982,12521
0,158,0.8965908288955688,avg,0.7338310301880079,0.6730536816747292,0.6117185164156016,0.6194856803400058,0.25798918242957847,0.6117185164156016,,,,,
