client,round,loss,class,accuracy,precision,recall,f1_score,cohen_kappa_score,roc_auc_score,confusion_matrix,TP,FP,FN,TN
7,80,0.6639918684959412,awake,0.658642725816974,0.782744235089167,0.7160035645017561,0.7478878869013399,0.2227098537709873,0.6180706377808378,[[ 20547 18956][ 27089 68296]],20547,18956,27089,68296
7,80,0.6639918684959412,asleep,0.658642725816974,0.4313334452934755,0.5201377110599195,0.47159136551945735,0.2227098537709873,0.6180706377808377,[[ 68296 27089][ 18956 20547]],68296,27089,18956,20547
7,80,0.6639918684959412,avg,0.658642725816974,0.6070388401913213,0.6180706377808378,0.6097396262103987,0.2227098537709873,0.6180706377808378,,,,,
