client,round,loss,class,accuracy,precision,recall,f1_score,cohen_kappa_score,roc_auc_score,confusion_matrix,TP,FP,FN,TN
2,126,0.8099783658981323,awake,0.7595190083624933,0.7869287361770793,0.904953609058028,0.841824494333808,0.35048298948437917,0.6566511710328238,[[ 16131 23372][ 9066 86319]],16131,23372,9066,86319
2,126,0.8099783658981323,asleep,0.7595190083624933,0.6401952613406358,0.4083487330076197,0.49863987635239565,0.35048298948437917,0.6566511710328239,[[ 86319 9066][ 23372 16131]],86319,9066,23372,16131
2,126,0.8099783658981323,avg,0.7595190083624933,0.7135619987588575,0.6566511710328239,0.6702321853431018,0.35048298948437917,0.6566511710328238,,,,,
