client,round,loss,class,accuracy,precision,recall,f1_score,cohen_kappa_score,roc_auc_score,confusion_matrix,TP,FP,FN,TN
11,58,0.6521046161651611,awake,0.7110639938319198,0.7943438559874771,0.7980080725480946,0.796171748339522,0.30011376695257885,0.6495672846349312,[[ 19796 19707][ 19267 76118]],19796,19707,19267,76118
11,58,0.6521046161651611,asleep,0.7110639938319198,0.5067711133297493,0.501126496721768,0.5039329990072042,0.30011376695257885,0.6495672846349313,[[ 76118 19267][ 19707 19796]],76118,19267,19707,19796
11,58,0.6521046161651611,avg,0.7110639938319198,0.6505574846586133,0.6495672846349313,0.6500523736733631,0.30011376695257885,0.6495672846349312,,,,,
