client,round,loss,class,accuracy,precision,recall,f1_score,cohen_kappa_score,roc_auc_score,confusion_matrix,TP,FP,FN,TN
6,149,0.8558368682861328,awake,0.6311606666271277,0.7778400165609284,0.6696755255019133,0.7197165166247901,0.1892254889031847,0.6039185920550602,[[ 21259 18244][ 31508 63877]],21259,18244,31508,63877
6,149,0.8558368682861328,asleep,0.6311606666271277,0.4028843784941346,0.538161658608207,0.46079982659586,0.1892254889031847,0.6039185920550602,[[ 63877 31508][ 18244 21259]],63877,31508,18244,21259
6,149,0.8558368682861328,avg,0.6311606666271277,0.5903621975275315,0.6039185920550602,0.590258171610325,0.1892254889031847,0.6039185920550602,,,,,
