client,round,loss,class,accuracy,precision,recall,f1_score,cohen_kappa_score,roc_auc_score,confusion_matrix,TP,FP,FN,TN
0,179,0.9066544771194458,awake,0.7425864420852856,0.7765428834529225,0.8929286575457357,0.8306789033774492,0.3048073561429341,0.6362473832244284,[[ 14994 24509][ 10213 85172]],14994,24509,10213,85172
0,179,0.9066544771194458,asleep,0.7425864420852856,0.5948347681199667,0.37956610890312126,0.4634214186369958,0.3048073561429341,0.6362473832244284,[[ 85172 10213][ 24509 14994]],85172,10213,24509,14994
0,179,0.9066544771194458,avg,0.7425864420852856,0.6856888257864446,0.6362473832244284,0.6470501610072226,0.3048073561429341,0.6362473832244284,,,,,
