client,round,loss,class,accuracy,precision,recall,f1_score,cohen_kappa_score,roc_auc_score,confusion_matrix,TP,FP,FN,TN
14,128,0.7554836273193359,awake,0.7437133028883222,0.7596069291123462,0.9327672065838444,0.8373283642489435,0.2622749608872982,0.6099929494175329,[[ 11346 28157][ 6413 88972]],11346,28157,6413,88972
14,128,0.7554836273193359,asleep,0.7437133028883222,0.6388873247367532,0.28721869225122143,0.3962837483846181,0.2622749608872982,0.6099929494175329,[[ 88972 6413][ 28157 11346]],88972,6413,28157,11346
14,128,0.7554836273193359,avg,0.7437133028883222,0.6992471269245497,0.6099929494175329,0.6168060563167808,0.2622749608872982,0.6099929494175329,,,,,
