client,round,loss,class,accuracy,precision,recall,f1_score,cohen_kappa_score,roc_auc_score,confusion_matrix,TP,FP,FN,TN
7,114,0.7577770352363586,awake,0.6209521973785659,0.8031149831511465,0.6146563925145463,0.6963601703219369,0.21510752830298807,0.6254053043250148,[[ 25130 14373][ 36756 58629]],25130,14373,36756,58629
7,114,0.7577770352363586,asleep,0.6209521973785659,0.4060692240571373,0.6361542161354834,0.49571452524435594,0.21510752830298807,0.6254053043250148,[[ 58629 36756][ 14373 25130]],58629,36756,14373,25130
7,114,0.7577770352363586,avg,0.6209521973785659,0.604592103604142,0.6254053043250148,0.5960373477831464,0.21510752830298807,0.6254053043250148,,,,,
