client,round,loss,class,accuracy,precision,recall,f1_score,cohen_kappa_score,roc_auc_score,confusion_matrix,TP,FP,FN,TN
4,68,1.1275252103805542,awake,0.7212650495225669,0.734610856238074,0.9484824657965089,0.8279582685091973,0.15250721240561305,0.5605511334121395,[[ 6819 32684][ 4914 90471]],6819,32684,4914,90471
4,68,1.1275252103805542,asleep,0.7212650495225669,0.5811812835591921,0.17261980102777005,0.26618002966664067,0.15250721240561305,0.5605511334121395,[[ 90471 4914][ 32684 6819]],90471,4914,32684,6819
4,68,1.1275252103805542,avg,0.7212650495225669,0.657896069898633,0.5605511334121395,0.5470691490879189,0.15250721240561305,0.5605511334121395,,,,,
