client,round,loss,class,accuracy,precision,recall,f1_score,cohen_kappa_score,roc_auc_score,confusion_matrix,TP,FP,FN,TN
2,52,0.7477004528045654,awake,0.7499258644208529,0.7887484895886998,0.8828012790271007,0.8331288586354282,0.34061045513405097,0.6559413073109328,[[ 16950 22553][ 11179 84206]],16950,22553,11179,84206
2,52,0.7477004528045654,asleep,0.7499258644208529,0.602580966262576,0.42908133559476497,0.5012420156139105,0.34061045513405097,0.6559413073109328,[[ 84206 11179][ 22553 16950]],84206,11179,22553,16950
2,52,0.7477004528045654,avg,0.7499258644208529,0.6956647279256378,0.6559413073109328,0.6671854371246693,0.34061045513405097,0.6559413073109328,,,,,
