client,round,loss,class,accuracy,precision,recall,f1_score,cohen_kappa_score,roc_auc_score,confusion_matrix,TP,FP,FN,TN
11,45,0.6642389297485352,awake,0.6941759089022004,0.7966419341757723,0.7620485401268543,0.7789613562809439,0.2836259803244574,0.646168689474611,[[ 20948 18555][ 22697 72688]],20948,18555,22697,72688
11,45,0.6642389297485352,asleep,0.6941759089022004,0.47996334058884177,0.5302888388223679,0.5038726126906239,0.2836259803244574,0.6461686894746111,[[ 72688 22697][ 18555 20948]],72688,22697,18555,20948
11,45,0.6642389297485352,avg,0.6941759089022004,0.6383026373823071,0.646168689474611,0.6414169844857839,0.2836259803244574,0.646168689474611,,,,,
