client,round,loss,class,accuracy,precision,recall,f1_score,cohen_kappa_score,roc_auc_score,confusion_matrix,TP,FP,FN,TN
1,122,1.0425834655761719,awake,0.5737945554830675,0.7070561365548744,0.6783246841746606,0.6923924791593096,-0.0002741250488416114,0.4998589980375113,[[ 12696 26807][ 30683 64702]],12696,26807,30683,64702
1,122,1.0425834655761719,asleep,0.5737945554830675,0.29267617971829685,0.321393311900362,0.30636326343476267,-0.0002741250488416114,0.4998589980375114,[[ 64702 30683][ 26807 12696]],64702,30683,26807,12696
1,122,1.0425834655761719,avg,0.5737945554830675,0.49986615813658564,0.4998589980375113,0.49937787129703615,-0.0002741250488416114,0.4998589980375113,,,,,
