client,round,loss,class,accuracy,precision,recall,f1_score,cohen_kappa_score,roc_auc_score,confusion_matrix,TP,FP,FN,TN
12,97,1.150165319442749,awake,0.701248443152838,0.7466530550107908,0.8741206688682707,0.8053744433819197,0.1796388970391245,0.5789736068438258,[[ 11212 28291][ 12007 83378]],11212,28291,12007,83378
12,97,1.150165319442749,asleep,0.701248443152838,0.48288039967268187,0.2838265448193808,0.3575141098817002,0.1796388970391245,0.5789736068438258,[[ 83378 12007][ 28291 11212]],83378,12007,28291,11212
12,97,1.150165319442749,avg,0.701248443152838,0.6147667273417363,0.5789736068438257,0.58144427663181,0.1796388970391245,0.5789736068438258,,,,,
