client,round,loss,class,accuracy,precision,recall,f1_score,cohen_kappa_score,roc_auc_score,confusion_matrix,TP,FP,FN,TN
3,27,0.8360522389411926,awake,0.6328064764841943,0.7974468416341252,0.6444199821774912,0.7128129602356406,0.21940429876637857,0.6245920886509561,[[ 23890 15613][ 33917 61468]],23890,15613,33917,61468
3,27,0.8360522389411926,asleep,0.6328064764841943,0.41327174909613024,0.6047641951244209,0.4910081183845443,0.21940429876637857,0.6245920886509561,[[ 61468 33917][ 15613 23890]],61468,33917,15613,23890
3,27,0.8360522389411926,avg,0.6328064764841943,0.6053592953651277,0.6245920886509561,0.6019105393100924,0.21940429876637857,0.6245920886509561,,,,,
