client,round,loss,class,accuracy,precision,recall,f1_score,cohen_kappa_score,roc_auc_score,confusion_matrix,TP,FP,FN,TN
4,45,1.2032530307769775,awake,0.7211909139434197,0.7284922210533809,0.9656025580542014,0.8304540700400332,0.12552964181445092,0.5483152906211568,[[ 5176 34327][ 3281 92104]],5176,34327,3281,92104
4,45,1.2032530307769775,asleep,0.7211909139434197,0.6120373654960388,0.1310280231881123,0.21584653878231858,0.12552964181445092,0.5483152906211568,[[ 92104 3281][ 34327 5176]],92104,3281,34327,5176
4,45,1.2032530307769775,avg,0.7211909139434197,0.6702647932747099,0.5483152906211568,0.5231503044111759,0.12552964181445092,0.5483152906211568,,,,,
