client,round,loss,class,accuracy,precision,recall,f1_score,cohen_kappa_score,roc_auc_score,confusion_matrix,TP,FP,FN,TN
10,3,0.9481742978096008,awake,0.4306387521499318,0.7986309734228878,0.2605336268805368,0.39289497399250606,0.06901993991705002,0.5509563813211887,[[ 33237 6266][ 70534 24851]],33237,6266,70534,24851
10,3,0.9481742978096008,asleep,0.4306387521499318,0.3202917963592911,0.8413791357618409,0.4639641526027053,0.06901993991705002,0.5509563813211887,[[ 24851 70534][ 6266 33237]],24851,70534,6266,33237
10,3,0.9481742978096008,avg,0.4306387521499318,0.5594613848910894,0.5509563813211888,0.4284295632976057,0.06901993991705002,0.5509563813211887,,,,,
