client,round,loss,class,accuracy,precision,recall,f1_score,cohen_kappa_score,roc_auc_score,confusion_matrix,TP,FP,FN,TN
4,188,1.1435667276382446,awake,0.7291456615859083,0.7417870466236093,0.9464171515437437,0.8317003173901226,0.1875227296661044,0.5754666321220225,[[ 8079 31424][ 5111 90274]],8079,31424,5111,90274
4,188,1.1435667276382446,asleep,0.7291456615859083,0.6125094768764215,0.20451611270030123,0.3066441462812897,0.1875227296661044,0.5754666321220225,[[ 90274 5111][ 31424 8079]],90274,5111,31424,8079
4,188,1.1435667276382446,avg,0.7291456615859083,0.6771482617500154,0.5754666321220225,0.5691722318357062,0.1875227296661044,0.5754666321220225,,,,,
