client,round,loss,class,accuracy,precision,recall,f1_score,cohen_kappa_score,roc_auc_score,confusion_matrix,TP,FP,FN,TN
14,195,0.9158686399459839,awake,0.7420749065891703,0.7492595517820121,0.9547727630130524,0.8396232938280483,0.22737410117055512,0.5916308692669495,[[ 9026 30477][ 4314 91071]],9026,30477,4314,91071
14,195,0.9158686399459839,asleep,0.7420749065891703,0.6766116941529235,0.22848897552084652,0.34161572961414,0.22737410117055512,0.5916308692669495,[[ 91071 4314][ 30477 9026]],91071,4314,30477,9026
14,195,0.9158686399459839,avg,0.7420749065891703,0.7129356229674678,0.5916308692669494,0.5906195117210942,0.22737410117055512,0.5916308692669495,,,,,
