client,round,loss,class,accuracy,precision,recall,f1_score,cohen_kappa_score,roc_auc_score,confusion_matrix,TP,FP,FN,TN
4,117,1.2491487264633179,awake,0.7241489235513908,0.7354502922083178,0.9525501913298736,0.8300392368232332,0.15823352985270622,0.5625976534453585,[[ 6820 32683][ 4526 90859]],6820,32683,4526,90859
4,117,1.2491487264633179,asleep,0.7241489235513908,0.6010928961748634,0.17264511556084347,0.26824519656237095,0.15823352985270622,0.5625976534453585,[[ 90859 4526][ 32683 6820]],90859,4526,32683,6820
4,117,1.2491487264633179,avg,0.7241489235513908,0.6682715941915907,0.5625976534453585,0.549142216692802,0.15823352985270622,0.5625976534453585,,,,,
