client,round,loss,class,accuracy,precision,recall,f1_score,cohen_kappa_score,roc_auc_score,confusion_matrix,TP,FP,FN,TN
9,165,0.9860045909881592,awake,0.7538995314631398,0.763541746124573,0.9444671594066153,0.8444219485218305,0.28618153953618364,0.6191085005953918,[[ 11604 27899][ 5297 90088]],11604,27899,5297,90088
9,165,0.9860045909881592,asleep,0.7538995314631398,0.686586592509319,0.2937498417841683,0.4114601801290689,0.28618153953618364,0.6191085005953917,[[ 90088 5297][ 27899 11604]],90088,5297,27899,11604
9,165,0.9860045909881592,avg,0.7538995314631398,0.725064169316946,0.6191085005953918,0.6279410643254497,0.28618153953618364,0.6191085005953918,,,,,
