client,round,loss,class,accuracy,precision,recall,f1_score,cohen_kappa_score,roc_auc_score,confusion_matrix,TP,FP,FN,TN
17,46,0.6649606227874756,awake,0.7345130775161616,0.758814840559562,0.9155737275252922,0.8298562774676327,0.24932402389650377,0.6064464592364076,[[ 11745 27758][ 8053 87332]],11745,27758,8053,87332
17,46,0.6649606227874756,asleep,0.7345130775161616,0.5932417415900596,0.29731919094752296,0.39611473668234937,0.24932402389650377,0.6064464592364076,[[ 87332 8053][ 27758 11745]],87332,8053,27758,11745
17,46,0.6649606227874756,avg,0.7345130775161616,0.6760282910748108,0.6064464592364076,0.612985507074991,0.24932402389650377,0.6064464592364076,,,,,
