client,round,loss,class,accuracy,precision,recall,f1_score,cohen_kappa_score,roc_auc_score,confusion_matrix,TP,FP,FN,TN
1,189,1.1834156513214111,awake,0.5742838503054386,0.7130844793713164,0.6659118310006814,0.6886913151902851,0.018101332122729463,0.5094741546214201,[[ 13946 25557][ 31867 63518]],13946,25557,31867,63518
1,189,1.1834156513214111,asleep,0.5742838503054386,0.30441141160805885,0.35303647824215884,0.32692578179942805,0.018101332122729463,0.5094741546214202,[[ 63518 31867][ 25557 13946]],63518,31867,25557,13946
1,189,1.1834156513214111,avg,0.5742838503054386,0.5087479454896876,0.5094741546214201,0.5078085484948566,0.018101332122729463,0.5094741546214201,,,,,
