client,round,loss,class,accuracy,precision,recall,f1_score,cohen_kappa_score,roc_auc_score,confusion_matrix,TP,FP,FN,TN
5,44,0.7590780854225159,awake,0.6185576181721132,0.7788723990402315,0.6431933742202652,0.7045603316604844,0.18007692980089718,0.6011324185735657,[[ 22085 17418][ 34034 61351]],22085,17418,34034,61351
5,44,0.7590780854225159,asleep,0.6185576181721132,0.3935387301983286,0.5590714629268663,0.46192298843362406,0.18007692980089718,0.6011324185735657,[[ 61351 34034][ 17418 22085]],61351,34034,17418,22085
5,44,0.7590780854225159,avg,0.6185576181721132,0.5862055646192801,0.6011324185735658,0.5832416600470542,0.18007692980089718,0.6011324185735657,,,,,
