client,round,loss,class,accuracy,precision,recall,f1_score,cohen_kappa_score,roc_auc_score,confusion_matrix,TP,FP,FN,TN
8,31,0.7321226000785828,awake,0.6721428147796691,0.7896966059274527,0.7310478586779892,0.7592413139814683,0.24793297246642532,0.6304784897521277,[[ 20933 18570][ 25654 69731]],20933,18570,25654,69731
8,31,0.7321226000785828,asleep,0.6721428147796691,0.4493313585334965,0.5299091208262664,0.486305029620165,0.24793297246642532,0.6304784897521277,[[ 69731 25654][ 18570 20933]],69731,25654,18570,20933
8,31,0.7321226000785828,avg,0.6721428147796691,0.6195139822304746,0.6304784897521278,0.6227731718008167,0.24793297246642532,0.6304784897521277,,,,,
