client,round,loss,class,accuracy,precision,recall,f1_score,cohen_kappa_score,roc_auc_score,confusion_matrix,TP,FP,FN,TN
2,55,0.7414882779121399,awake,0.7432833165292687,0.7956804002297038,0.8570425119253552,0.8252223332626714,0.34442743060967806,0.662819916823878,[[ 18511 20992][ 13636 81749]],18511,20992,13636,81749
2,55,0.7414882779121399,asleep,0.7432833165292687,0.5758235605188664,0.4685973217224008,0.5167062107466852,0.34442743060967806,0.662819916823878,[[ 81749 13636][ 20992 18511]],81749,13636,20992,18511
2,55,0.7414882779121399,avg,0.7432833165292687,0.6857519803742851,0.662819916823878,0.6709642720046782,0.34442743060967806,0.662819916823878,,,,,
