client,round,loss,class,accuracy,precision,recall,f1_score,cohen_kappa_score,roc_auc_score,confusion_matrix,TP,FP,FN,TN
10,44,1.2876877784729004,awake,0.44637773560287053,0.8036897987915762,0.28726739005084656,0.4232501023331969,0.08101593526646733,0.5589186100951649,[[ 32810 6693][ 67984 27401]],32810,6693,67984,27401
10,44,1.2876877784729004,asleep,0.44637773560287053,0.32551540766315457,0.830569830139483,0.46772204680071566,0.08101593526646733,0.5589186100951649,[[ 27401 67984][ 6693 32810]],27401,67984,6693,32810
10,44,1.2876877784729004,avg,0.44637773560287053,0.5646026032273654,0.5589186100951649,0.44548607456695627,0.08101593526646733,0.5589186100951649,,,,,
