client,round,loss,class,accuracy,precision,recall,f1_score,cohen_kappa_score,roc_auc_score,confusion_matrix,TP,FP,FN,TN
14,135,0.755071222782135,awake,0.7475461123302295,0.7648918526708589,0.9283430308748755,0.8387283154868744,0.28194764529725236,0.6196660348410273,[[ 12285 27218][ 6835 88550]],12285,27218,6835,88550
14,135,0.755071222782135,asleep,0.7475461123302295,0.6425209205020921,0.3109890388071792,0.4191187759070672,0.28194764529725236,0.6196660348410273,[[ 88550 6835][ 27218 12285]],88550,6835,27218,12285
14,135,0.755071222782135,avg,0.7475461123302295,0.7037063865864754,0.6196660348410273,0.6289235456969708,0.28194764529725236,0.6196660348410273,,,,,
