client,round,loss,class,accuracy,precision,recall,f1_score,cohen_kappa_score,roc_auc_score,confusion_matrix,TP,FP,FN,TN
0,70,0.7484382390975952,awake,0.7373376430816677,0.7807381462994353,0.8740158305813283,0.824747979383279,0.3072947163860045,0.6406633338664685,[[ 16090 23413][ 12017 83368]],16090,23413,12017,83368
0,70,0.7484382390975952,asleep,0.7373376430816677,0.5724552602554523,0.40731083715160876,0.4759650939210176,0.3072947163860045,0.6406633338664687,[[ 83368 12017][ 23413 16090]],83368,12017,23413,16090
0,70,0.7484382390975952,avg,0.7373376430816677,0.6765967032774438,0.6406633338664685,0.6503565366521483,0.3072947163860045,0.6406633338664686,,,,,
