client,round,loss,class,accuracy,precision,recall,f1_score,cohen_kappa_score,roc_auc_score,confusion_matrix,TP,FP,FN,TN
18,60,0.9979429841041565,awake,0.7276703635608801,0.7251391501285939,0.9902290716569692,0.8372008509129586,0.11318470464262886,0.5419590792808806,[[ 3701 35802][ 932 94453]],3701,35802,932,94453
18,60,0.9979429841041565,asleep,0.7276703635608801,0.7988344485214763,0.09368908690479204,0.1677088997643647,0.11318470464262886,0.5419590792808805,[[ 94453 932][ 35802 3701]],94453,932,35802,3701
18,60,0.9979429841041565,avg,0.7276703635608801,0.7619867993250351,0.5419590792808806,0.5024548753386616,0.11318470464262886,0.5419590792808806,,,,,
