client,round,loss,class,accuracy,precision,recall,f1_score,cohen_kappa_score,roc_auc_score,confusion_matrix,TP,FP,FN,TN
17,56,0.677018940448761,awake,0.7266028112211612,0.762577529643027,0.8906851182051685,0.8216679400756307,0.25090368370550886,0.6105452019398372,[[ 13052 26451][ 10427 84958]],13052,26451,10427,84958
17,56,0.677018940448761,asleep,0.7266028112211612,0.555901017930917,0.3304052856745057,0.41446762567082657,0.25090368370550886,0.610545201939837,[[ 84958 10427][ 26451 13052]],84958,10427,26451,13052
17,56,0.677018940448761,avg,0.7266028112211612,0.659239273786972,0.6105452019398371,0.6180677828732286,0.25090368370550886,0.6105452019398371,,,,,
