client,round,loss,class,accuracy,precision,recall,f1_score,cohen_kappa_score,roc_auc_score,confusion_matrix,TP,FP,FN,TN
8,191,0.8219556212425232,awake,0.685331534309946,0.7737558432962396,0.7843581275881952,0.7790209134878201,0.23283399782056358,0.6152887010368387,[[ 17627 21876][ 20569 74816]],17627,21876,20569,74816
8,191,0.8219556212425232,asleep,0.685331534309946,0.4614881139386323,0.4462192744854821,0.4537252731695388,0.23283399782056358,0.6152887010368386,[[ 74816 20569][ 21876 17627]],74816,20569,21876,17627
8,191,0.8219556212425232,avg,0.685331534309946,0.617621978617436,0.6152887010368386,0.6163730933286795,0.23283399782056358,0.6152887010368386,,,,,
