client,round,loss,class,accuracy,precision,recall,f1_score,cohen_kappa_score,roc_auc_score,confusion_matrix,TP,FP,FN,TN
2,171,0.7874237895011902,awake,0.7592372931617342,0.7887986044162879,0.9006866907794726,0.8410376896720508,0.3538812961189708,0.6591882432455953,[[ 16500 23003][ 9473 85912]],16500,23003,9473,85912
2,171,0.7874237895011902,asleep,0.7592372931617342,0.6352750933661879,0.4176897957117181,0.5040014661860835,0.3538812961189708,0.6591882432455952,[[ 85912 9473][ 23003 16500]],85912,9473,23003,16500
2,171,0.7874237895011902,avg,0.7592372931617342,0.7120368488912379,0.6591882432455953,0.6725195779290671,0.3538812961189708,0.6591882432455953,,,,,
