client,round,loss,class,accuracy,precision,recall,f1_score,cohen_kappa_score,roc_auc_score,confusion_matrix,TP,FP,FN,TN
12,68,1.106996774673462,awake,0.7118868987604531,0.7521637489515856,0.8837657912669707,0.8126714194129925,0.206140157156408,0.5903146603095859,[[ 11727 27776][ 11087 84298]],11727,27776,11087,84298
12,68,1.106996774673462,asleep,0.7118868987604531,0.5140264749715088,0.2968635293522011,0.3763659996469663,0.206140157156408,0.5903146603095859,[[ 84298 11087][ 27776 11727]],84298,11087,27776,11727
12,68,1.106996774673462,avg,0.7118868987604531,0.6330951119615471,0.5903146603095859,0.5945187095299794,0.206140157156408,0.5903146603095859,,,,,
