client,round,loss,class,accuracy,precision,recall,f1_score,cohen_kappa_score,roc_auc_score,confusion_matrix,TP,FP,FN,TN
4,161,1.433862328529358,awake,0.7250756182907301,0.7332767823560951,0.9606437070818263,0.831701051981883,0.14975379037578995,0.5584551598720778,[[ 6173 33330][ 3754 91631]],6173,33330,3754,91631
4,161,1.433862328529358,asleep,0.7250756182907301,0.6218394278231087,0.15626661266232944,0.24976734776451548,0.14975379037578995,0.5584551598720778,[[ 91631 3754][ 33330 6173]],91631,3754,33330,6173
4,161,1.433862328529358,avg,0.7250756182907301,0.6775581050896019,0.5584551598720779,0.5407341998731993,0.14975379037578995,0.5584551598720778,,,,,
