client,round,loss,class,accuracy,precision,recall,f1_score,cohen_kappa_score,roc_auc_score,confusion_matrix,TP,FP,FN,TN
8,183,0.8426241874694824,awake,0.6720760927584366,0.7693231119160945,0.7659275567437228,0.767621579309584,0.210729526468033,0.6056936976185009,[[ 17597 21906][ 22327 73058]],17597,21906,22327,73058
8,183,0.8426241874694824,asleep,0.6720760927584366,0.44076244865243963,0.44545983849327897,0.44309869439863014,0.210729526468033,0.6056936976185008,[[ 73058 22327][ 21906 17597]],73058,22327,21906,17597
8,183,0.8426241874694824,avg,0.6720760927584366,0.6050427802842671,0.6056936976185009,0.6053601368541071,0.210729526468033,0.6056936976185008,,,,,
