client,round,loss,class,accuracy,precision,recall,f1_score,cohen_kappa_score,roc_auc_score,confusion_matrix,TP,FP,FN,TN
3,175,1.0773301124572754,awake,0.6207297906411244,0.7844701160367407,0.6393038737747025,0.704486509279744,0.19027889063390735,0.6075920933311657,[[ 22749 16754][ 34405 60980]],22749,16754,34405,60980
3,175,1.0773301124572754,asleep,0.6207297906411244,0.39802988417258633,0.5758803128876288,0.47071603712095345,0.19027889063390735,0.6075920933311656,[[ 60980 34405][ 16754 22749]],60980,34405,16754,22749
3,175,1.0773301124572754,avg,0.6207297906411244,0.5912500001046634,0.6075920933311656,0.5876012732003487,0.19027889063390735,0.6075920933311656,,,,,
