client,round,loss,class,accuracy,precision,recall,f1_score,cohen_kappa_score,roc_auc_score,confusion_matrix,TP,FP,FN,TN
1,15,0.6769282221794128,awake,0.6425330644682996,0.7341235567997935,0.7752686481102898,0.7541353076750494,0.10131104362947596,0.5486474116687439,[[ 12721 26782][ 21436 73949]],12721,26782,21436,73949
1,15,0.6769282221794128,asleep,0.6425330644682996,0.3724273209005475,0.32202617522719795,0.34539777355416784,0.10131104362947596,0.5486474116687439,[[ 73949 21436][ 26782 12721]],73949,21436,26782,12721
1,15,0.6769282221794128,avg,0.6425330644682996,0.5532754388501705,0.5486474116687439,0.5497665406146086,0.10131104362947596,0.5486474116687439,,,,,
