client,round,loss,class,accuracy,precision,recall,f1_score,cohen_kappa_score,roc_auc_score,confusion_matrix,TP,FP,FN,TN
16,2,0.7501783967018127,awake,0.7041916256449795,0.7297740524781341,0.9237301462494103,0.8153765714576555,0.12046376253813418,0.5489090950977198,[[ 6877 32626][ 7275 88110]],6877,32626,7275,88110
16,2,0.7501783967018127,asleep,0.7041916256449795,0.4859383832673827,0.17408804394602942,0.2563414406858634,0.12046376253813418,0.5489090950977199,[[ 88110 7275][ 32626 6877]],88110,7275,32626,6877
16,2,0.7501783967018127,avg,0.7041916256449795,0.6078562178727585,0.5489090950977199,0.5358590060717594,0.12046376253813418,0.5489090950977198,,,,,
