client,round,loss,class,accuracy,precision,recall,f1_score,cohen_kappa_score,roc_auc_score,confusion_matrix,TP,FP,FN,TN
12,170,1.325390338897705,awake,0.7046660933515213,0.743038905126096,0.8902133459139278,0.8099950873544688,0.1707777452804019,0.5734260411062184,[[ 10138 29365][ 10472 84913]],10138,29365,10472,84913
12,170,1.325390338897705,asleep,0.7046660933515213,0.4918971373119845,0.256638736298509,0.33729808859980376,0.1707777452804019,0.5734260411062184,[[ 84913 10472][ 29365 10138]],84913,10472,29365,10138
12,170,1.325390338897705,avg,0.7046660933515213,0.6174680212190402,0.5734260411062184,0.5736465879771363,0.1707777452804019,0.5734260411062184,,,,,
