client,round,loss,class,accuracy,precision,recall,f1_score,cohen_kappa_score,roc_auc_score,confusion_matrix,TP,FP,FN,TN
10,79,1.2696619033813477,awake,0.4306313385920171,0.8221243846633849,0.24862399748388112,0.3817887644790752,0.0795060424100048,0.5593675641420368,[[ 34372 5131][ 71670 23715]],34372,5131,71670,23715
10,79,1.2696619033813477,asleep,0.4306313385920171,0.32413571980913225,0.8701111308001924,0.4723212752069807,0.0795060424100048,0.5593675641420368,[[ 23715 71670][ 5131 34372]],23715,71670,5131,34372
10,79,1.2696619033813477,avg,0.4306313385920171,0.5731300522362586,0.5593675641420368,0.42705501984302796,0.0795060424100048,0.5593675641420368,,,,,
