client,round,loss,class,accuracy,precision,recall,f1_score,cohen_kappa_score,roc_auc_score,confusion_matrix,TP,FP,FN,TN
8,137,0.8368280529975891,awake,0.6749673803451752,0.7713593766452564,0.7680033548251821,0.7696777074413597,0.21765378219665077,0.6091617918342805,[[ 17789 21714][ 22129 73256]],17789,21714,22129,73256
8,137,0.8368280529975891,asleep,0.6749673803451752,0.4456385590460444,0.45032022884337897,0.4479671623374171,0.21765378219665077,0.6091617918342805,[[ 73256 22129][ 21714 17789]],73256,22129,21714,17789
8,137,0.8368280529975891,avg,0.6749673803451752,0.6084989678456504,0.6091617918342805,0.6088224348893884,0.21765378219665077,0.6091617918342805,,,,,
