client,round,loss,class,accuracy,precision,recall,f1_score,cohen_kappa_score,roc_auc_score,confusion_matrix,TP,FP,FN,TN
18,84,0.9673895239830017,awake,0.7350616808018504,0.7355133692373296,0.9764742884101274,0.8390362986951567,0.167406445577728,0.5643073160907432,[[ 6010 33493][ 2244 93141]],6010,33493,2244,93141
18,84,0.9673895239830017,asleep,0.7350616808018504,0.7281318148776351,0.15214034377135913,0.2516908516029064,0.167406445577728,0.5643073160907432,[[ 93141 2244][ 33493 6010]],93141,2244,33493,6010
18,84,0.9673895239830017,avg,0.7350616808018504,0.7318225920574823,0.5643073160907432,0.5453635751490316,0.167406445577728,0.5643073160907432,,,,,
