client,round,loss,class,accuracy,precision,recall,f1_score,cohen_kappa_score,roc_auc_score,confusion_matrix,TP,FP,FN,TN
7,170,0.8079130053520203,awake,0.6288179823260779,0.7913939222469425,0.645153850186088,0.7108302915492306,0.20741681032082526,0.6172634046009294,[[ 23282 16221][ 33847 61538]],23282,16221,33847,61538
7,170,0.8079130053520203,asleep,0.6288179823260779,0.40753382695303614,0.5893729590157709,0.4818693600463615,0.20741681032082526,0.6172634046009294,[[ 61538 33847][ 16221 23282]],61538,33847,16221,23282
7,170,0.8079130053520203,avg,0.6288179823260779,0.5994638745999893,0.6172634046009294,0.596349825797796,0.20741681032082526,0.6172634046009294,,,,,
