client,round,loss,class,accuracy,precision,recall,f1_score,cohen_kappa_score,roc_auc_score,confusion_matrix,TP,FP,FN,TN
5,18,0.7763301134109497,awake,0.5943745922543147,0.7715491340286031,0.6057451381244431,0.6786670738582973,0.1498820511403156,0.5863320531520375,[[ 22395 17108][ 37606 57779]],22395,17108,37606,57779
5,18,0.7763301134109497,asleep,0.5943745922543147,0.3732437792703455,0.5669189681796319,0.4501326579835987,0.1498820511403156,0.5863320531520374,[[ 57779 37606][ 17108 22395]],57779,37606,17108,22395
5,18,0.7763301134109497,avg,0.5943745922543147,0.5723964566494744,0.5863320531520375,0.5643998659209479,0.1498820511403156,0.5863320531520375,,,,,
