client,round,loss,class,accuracy,precision,recall,f1_score,cohen_kappa_score,roc_auc_score,confusion_matrix,TP,FP,FN,TN
13,135,0.7682075500488281,awake,0.7163276199513671,0.811744801615456,0.7796613723331761,0.7953796791443851,0.33373185351583257,0.6715308102078001,[[ 22256 17247][ 21017 74368]],22256,17247,21017,74368
13,135,0.7682075500488281,asleep,0.7163276199513671,0.514316086243154,0.5634002480824242,0.5377404078476854,0.33373185351583257,0.6715308102078001,[[ 74368 21017][ 17247 22256]],74368,21017,17247,22256
13,135,0.7682075500488281,avg,0.7163276199513671,0.663030443929305,0.6715308102078001,0.6665600434960353,0.33373185351583257,0.6715308102078001,,,,,
