client,round,loss,class,accuracy,precision,recall,f1_score,cohen_kappa_score,roc_auc_score,confusion_matrix,TP,FP,FN,TN
15,45,1.1422234773635864,awake,0.39067967498962103,0.6492478226444972,0.3008858835246632,0.41120424099147507,-0.06641158001413516,0.45419202411050774,[[ 23998 15505][ 66685 28700]],23998,15505,66685,28700
15,45,1.1422234773635864,asleep,0.39067967498962103,0.2646361501053119,0.6074981646963522,0.368672514709723,-0.06641158001413516,0.4541920241105077,[[ 28700 66685][ 15505 23998]],28700,66685,15505,23998
15,45,1.1422234773635864,avg,0.39067967498962103,0.4569419863749046,0.45419202411050774,0.38993837785059904,-0.06641158001413516,0.45419202411050774,,,,,
