client,round,loss,class,accuracy,precision,recall,f1_score,cohen_kappa_score,roc_auc_score,confusion_matrix,TP,FP,FN,TN
0,180,0.8336918950080872,awake,0.7288713599430638,0.7782940747820984,0.8621900718142266,0.8180968107753218,0.2913612417577468,0.6345732527514036,[[ 16076 23427][ 13145 82240]],16076,23427,13145,82240
0,180,0.8336918950080872,asleep,0.7288713599430638,0.5501522877382704,0.4069564336885806,0.4678423840288691,0.2913612417577468,0.6345732527514036,[[ 82240 13145][ 23427 16076]],82240,13145,23427,16076
0,180,0.8336918950080872,avg,0.7288713599430638,0.6642231812601844,0.6345732527514036,0.6429695974020955,0.2913612417577468,0.6345732527514036,,,,,
