client,round,loss,class,accuracy,precision,recall,f1_score,cohen_kappa_score,roc_auc_score,confusion_matrix,TP,FP,FN,TN
5,124,0.8712872266769409,awake,0.5863457090326789,0.7689182947042361,0.5933532526078524,0.6698226532773935,0.14014507616538185,0.5813891797808773,[[ 22494 17009][ 38788 56597]],22494,17009,38788,56597
5,124,0.8712872266769409,asleep,0.5863457090326789,0.3670572109265363,0.5694251069539022,0.44637594880190506,0.14014507616538185,0.5813891797808773,[[ 56597 38788][ 17009 22494]],56597,38788,17009,22494
5,124,0.8712872266769409,avg,0.5863457090326789,0.5679877528153863,0.5813891797808773,0.5580993010396493,0.14014507616538185,0.5813891797808773,,,,,
