client,round,loss,class,accuracy,precision,recall,f1_score,cohen_kappa_score,roc_auc_score,confusion_matrix,TP,FP,FN,TN
11,200,0.7106112837791443,awake,0.7031018326315165,0.7754866331458157,0.8165434816795094,0.7954856500868144,0.25528590149304997,0.622863037703284,[[ 16954 22549][ 17499 77886]],16954,22549,17499,77886
11,200,0.7106112837791443,asleep,0.7031018326315165,0.49209067425187936,0.4291825937270587,0.4584888311969279,0.25528590149304997,0.622863037703284,[[ 77886 17499][ 22549 16954]],77886,17499,22549,16954
11,200,0.7106112837791443,avg,0.7031018326315165,0.6337886536988475,0.622863037703284,0.6269872406418712,0.25528590149304997,0.622863037703284,,,,,
