client,round,loss,class,accuracy,precision,recall,f1_score,cohen_kappa_score,roc_auc_score,confusion_matrix,TP,FP,FN,TN
1,135,1.0901693105697632,awake,0.5603389478678608,0.7032676056338029,0.6543481679509356,0.6779265213023054,-0.011732796823268998,0.49384496973098,[[ 13168 26335][ 32970 62415]],13168,26335,32970,62415
1,135,1.0901693105697632,asleep,0.5603389478678608,0.28540465559842215,0.33334177151102445,0.3075162597354071,-0.011732796823268998,0.49384496973098013,[[ 62415 32970][ 26335 13168]],62415,32970,26335,13168
1,135,1.0901693105697632,avg,0.5603389478678608,0.4943361306161125,0.49384496973098,0.4927213905188562,-0.011732796823268998,0.4938449697309801,,,,,
