client,round,loss,class,accuracy,precision,recall,f1_score,cohen_kappa_score,roc_auc_score,confusion_matrix,TP,FP,FN,TN
11,195,0.7184849381446838,awake,0.7060376015657435,0.7861418875209217,0.8026419248309483,0.7943062270454216,0.27956645817347203,0.6377080722552332,[[ 18676 20827][ 18825 76560]],18676,20827,18825,76560
11,195,0.7184849381446838,asleep,0.7060376015657435,0.4980133863096984,0.472774219679518,0.48506571087216244,0.27956645817347203,0.6377080722552331,[[ 76560 18825][ 20827 18676]],76560,18825,20827,18676
11,195,0.7184849381446838,avg,0.7060376015657435,0.6420776369153101,0.6377080722552332,0.639685968958792,0.27956645817347203,0.6377080722552331,,,,,
