client,round,loss,class,accuracy,precision,recall,f1_score,cohen_kappa_score,roc_auc_score,confusion_matrix,TP,FP,FN,TN
14,142,0.7901967763900757,awake,0.740080659510112,0.7529074398598057,0.941384913770509,0.8366628154000969,0.23743144824811646,0.5976954693146903,[[ 10034 29469][ 5591 89794]],10034,29469,5591,89794
14,142,0.7901967763900757,asleep,0.740080659510112,0.642176,0.25400602485887147,0.3640255405601509,0.23743144824811646,0.5976954693146902,[[ 89794 5591][ 29469 10034]],89794,5591,29469,10034
14,142,0.7901967763900757,avg,0.740080659510112,0.6975417199299028,0.5976954693146903,0.600344177980124,0.23743144824811646,0.5976954693146903,,,,,
