client,round,loss,class,accuracy,precision,recall,f1_score,cohen_kappa_score,roc_auc_score,confusion_matrix,TP,FP,FN,TN
8,172,0.8402543067932129,awake,0.6802458335804519,0.7647917300091213,0.7911306809246736,0.7777382700780706,0.2087151805934392,0.6018154986781685,[[ 16295 23208][ 19923 75462]],16295,23208,19923,75462
8,172,0.8402543067932129,asleep,0.6802458335804519,0.44991440720083936,0.4125003164316634,0.43039579508986936,0.2087151805934392,0.6018154986781685,[[ 75462 19923][ 23208 16295]],75462,19923,23208,16295
8,172,0.8402543067932129,avg,0.6802458335804519,0.6073530686049803,0.6018154986781685,0.60406703258397,0.2087151805934392,0.6018154986781685,,,,,
