client,round,loss,class,accuracy,precision,recall,f1_score,cohen_kappa_score,roc_auc_score,confusion_matrix,TP,FP,FN,TN
3,81,1.0073575973510742,awake,0.6071259118676235,0.7820538411380361,0.6161241285317398,0.6892430746135622,0.17522618044422,0.6007613529274906,[[ 23125 16378][ 36616 58769]],23125,16378,36616,58769
3,81,1.0073575973510742,asleep,0.6071259118676235,0.3870875947841516,0.5853985773232413,0.4660231348998428,0.17522618044422,0.6007613529274906,[[ 58769 36616][ 16378 23125]],58769,36616,16378,23125
3,81,1.0073575973510742,avg,0.6071259118676235,0.5845707179610938,0.6007613529274906,0.5776331047567025,0.17522618044422,0.6007613529274906,,,,,
