client,round,loss,class,accuracy,precision,recall,f1_score,cohen_kappa_score,roc_auc_score,confusion_matrix,TP,FP,FN,TN
10,142,1.7167505025863647,awake,0.4043280351106103,0.7799374441465594,0.21959427582953295,0.34270007607922054,0.046404277954364415,0.5349926926827588,[[ 33593 5910][ 74439 20946]],33593,5910,74439,20946
10,142,1.7167505025863647,asleep,0.4043280351106103,0.31095416172985785,0.8503911095359846,0.45539024638221437,0.046404277954364415,0.5349926926827588,[[ 20946 74439][ 5910 33593]],20946,74439,5910,33593
10,142,1.7167505025863647,avg,0.4043280351106103,0.5454458029382087,0.5349926926827588,0.3990451612307174,0.046404277954364415,0.5349926926827588,,,,,
