client,round,loss,class,accuracy,precision,recall,f1_score,cohen_kappa_score,roc_auc_score,confusion_matrix,TP,FP,FN,TN
8,188,0.8352342247962952,awake,0.668977225550086,0.7661972422188176,0.7654662682811763,0.7658315808243173,0.20132261949540609,0.6007292357024948,[[ 17223 22280][ 22371 73014]],17223,22280,22371,73014
8,188,0.8352342247962952,asleep,0.668977225550086,0.4349901500227307,0.43599220312381337,0.4354906001491839,0.20132261949540609,0.6007292357024949,[[ 73014 22371][ 22280 17223]],73014,22371,22280,17223
8,188,0.8352342247962952,avg,0.668977225550086,0.6005936961207742,0.6007292357024948,0.6006610904867506,0.20132261949540609,0.6007292357024949,,,,,
