client,round,loss,class,accuracy,precision,recall,f1_score,cohen_kappa_score,roc_auc_score,confusion_matrix,TP,FP,FN,TN
1,90,0.9634193778038025,awake,0.5676561295296839,0.7093967845077902,0.6582586360538869,0.682871654322599,0.006796967360832795,0.503571765436001,[[ 13782 25721][ 32597 62788]],13782,25721,32597,62788
1,90,0.9634193778038025,asleep,0.5676561295296839,0.2971603527458548,0.3488848948181151,0.3209520039123448,0.006796967360832795,0.503571765436001,[[ 62788 32597][ 25721 13782]],62788,32597,25721,13782
1,90,0.9634193778038025,avg,0.5676561295296839,0.5032785686268225,0.503571765436001,0.5019118291174719,0.006796967360832795,0.503571765436001,,,,,
