client,round,loss,class,accuracy,precision,recall,f1_score,cohen_kappa_score,roc_auc_score,confusion_matrix,TP,FP,FN,TN
12,95,1.1652833223342896,awake,0.7031018326315165,0.7526595987544403,0.8641086124652723,0.804542836783898,0.199314233094386,0.5892195848190727,[[ 12417 27086][ 12962 82423]],12417,27086,12962,82423
12,95,1.1652833223342896,asleep,0.7031018326315165,0.48926277631112336,0.31433055717287295,0.3827563885206991,0.199314233094386,0.5892195848190727,[[ 82423 12962][ 27086 12417]],82423,12962,27086,12417
12,95,1.1652833223342896,avg,0.7031018326315165,0.6209611875327818,0.5892195848190727,0.5936496126522985,0.199314233094386,0.5892195848190727,,,,,
