client,round,loss,class,accuracy,precision,recall,f1_score,cohen_kappa_score,roc_auc_score,confusion_matrix,TP,FP,FN,TN
7,142,0.7165061831474304,awake,0.6556624755352589,0.7848080638778313,0.706882633537768,0.7438099493102556,0.22319255430220042,0.6194337730380282,[[ 21015 18488][ 27959 67426]],21015,18488,27959,67426
7,142,0.7165061831474304,asleep,0.6556624755352589,0.42910523951484464,0.5319849125382883,0.4750387106253603,0.22319255430220042,0.6194337730380282,[[ 67426 27959][ 18488 21015]],67426,27959,18488,21015
7,142,0.7165061831474304,avg,0.6556624755352589,0.606956651696338,0.6194337730380282,0.6094243299678079,0.22319255430220042,0.6194337730380282,,,,,
