client,round,loss,class,accuracy,precision,recall,f1_score,cohen_kappa_score,roc_auc_score,confusion_matrix,TP,FP,FN,TN
17,11,0.6548124551773071,awake,0.7299166716090386,0.7316937055901402,0.9759291293180269,0.8363453409341041,0.14637670118790247,0.5559087714281196,[[ 5368 34135][ 2296 93089]],5368,34135,2296,93089
17,11,0.6548124551773071,asleep,0.7299166716090386,0.7004175365344467,0.1358884135382123,0.22761676595925115,0.14637670118790247,0.5559087714281197,[[ 93089 2296][ 34135 5368]],93089,2296,34135,5368
17,11,0.6548124551773071,avg,0.7299166716090386,0.7160556210622935,0.5559087714281196,0.5319810534466776,0.14637670118790247,0.5559087714281197,,,,,
