client,round,loss,class,accuracy,precision,recall,f1_score,cohen_kappa_score,roc_auc_score,confusion_matrix,TP,FP,FN,TN
15,151,1.397254467010498,awake,0.3921030781092462,0.6472944127808463,0.30838182104104417,0.41774363052802,-0.07104783581149876,0.45132024246999436,[[ 23475 16028][ 65970 29415]],23475,16028,65970,29415
15,151,1.397254467010498,asleep,0.3921030781092462,0.26245178601375146,0.5942586638989444,0.36410025746812674,-0.07104783581149876,0.4513202424699943,[[ 29415 65970][ 16028 23475]],29415,65970,16028,23475
15,151,1.397254467010498,avg,0.3921030781092462,0.4548730993972989,0.4513202424699943,0.39092194399807334,-0.07104783581149876,0.45132024246999436,,,,,
