client,round,loss,class,accuracy,precision,recall,f1_score,cohen_kappa_score,roc_auc_score,confusion_matrix,TP,FP,FN,TN
17,80,0.7838791012763977,awake,0.7260097265879841,0.7505639371821152,0.9174293652041725,0.825650073593237,0.2150484787243805,0.5906160571812322,[[ 10421 29082][ 7876 87509]],10421,29082,7876,87509
17,80,0.7838791012763977,asleep,0.7260097265879841,0.569546920260152,0.26380274915829177,0.36058823529411765,0.2150484787243805,0.5906160571812321,[[ 87509 7876][ 29082 10421]],87509,7876,29082,10421
17,80,0.7838791012763977,avg,0.7260097265879841,0.6600554287211335,0.5906160571812321,0.5931191544436774,0.2150484787243805,0.5906160571812322,,,,,
