client,round,loss,class,accuracy,precision,recall,f1_score,cohen_kappa_score,roc_auc_score,confusion_matrix,TP,FP,FN,TN
15,136,1.3676260709762573,awake,0.3996649071822549,0.6592391184207618,0.3126487393195995,0.4241441595198475,-0.05654695133484733,0.46121260599628056,[[ 24088 15415][ 65563 29822]],24088,15415,65563,29822
15,136,1.3676260709762573,asleep,0.3996649071822549,0.2686863504032303,0.6097764726729615,0.3730120631184477,-0.05654695133484733,0.4612126059962805,[[ 29822 65563][ 15415 24088]],29822,65563,15415,24088
15,136,1.3676260709762573,avg,0.3996649071822549,0.46396273441199604,0.46121260599628056,0.3985781113191476,-0.05654695133484733,0.46121260599628056,,,,,
