client,round,loss,class,accuracy,precision,recall,f1_score,cohen_kappa_score,roc_auc_score,confusion_matrix,TP,FP,FN,TN
7,196,0.6999825239181519,awake,0.6954806950951901,0.7947955228903629,0.7675315825339414,0.7809256632070742,0.2821895052803248,0.6445181391899133,[[ 20601 18902][ 22174 73211]],20601,18902,22174,73211
7,196,0.6999825239181519,asleep,0.6954806950951901,0.48161309175920514,0.5215046958458851,0.5007656967840735,0.2821895052803248,0.6445181391899133,[[ 73211 22174][ 18902 20601]],73211,22174,18902,20601
7,196,0.6999825239181519,avg,0.6954806950951901,0.6382043073247841,0.6445181391899133,0.6408456799955738,0.2821895052803248,0.6445181391899133,,,,,
