client,round,loss,class,accuracy,precision,recall,f1_score,cohen_kappa_score,roc_auc_score,confusion_matrix,TP,FP,FN,TN
0,8,0.7376706600189209,awake,0.7344389419370144,0.7502352624857163,0.9361010641086125,0.8329252195652074,0.22260962564925946,0.5918006269838052,[[ 9777 29726][ 6095 89290]],9777,29726,6095,89290
0,8,0.7376706600189209,asleep,0.7344389419370144,0.6159904233870968,0.24750018985899805,0.3531196388261851,0.22260962564925946,0.5918006269838053,[[ 89290 6095][ 29726 9777]],89290,6095,29726,9777
0,8,0.7376706600189209,avg,0.7344389419370144,0.6831128429364065,0.5918006269838053,0.5930224291956963,0.22260962564925946,0.5918006269838052,,,,,
