client,round,loss,class,accuracy,precision,recall,f1_score,cohen_kappa_score,roc_auc_score,confusion_matrix,TP,FP,FN,TN
7,75,0.6384231448173523,awake,0.7146521558626416,0.7720816794988283,0.8463070713424543,0.8074922476743023,0.26079552566738773,0.6215308741012198,[[ 15673 23830][ 14660 80725]],15673,23830,14660,80725
7,75,0.6384231448173523,asleep,0.7146521558626416,0.5166979856921504,0.39675467685998533,0.448851595165817,0.26079552566738773,0.6215308741012199,[[ 80725 14660][ 23830 15673]],80725,14660,23830,15673
7,75,0.6384231448173523,avg,0.7146521558626416,0.6443898325954893,0.6215308741012198,0.6281719214200596,0.26079552566738773,0.6215308741012198,,,,,
