client,round,loss,class,accuracy,precision,recall,f1_score,cohen_kappa_score,roc_auc_score,confusion_matrix,TP,FP,FN,TN
5,3,0.667041003704071,awake,0.5877839392681335,0.7816703956498343,0.5787073439220003,0.665048222020084,0.15917451403940197,0.5942039364978707,[[ 24085 15418][ 40185 55200]],24085,15418,40185,55200
5,3,0.667041003704071,asleep,0.5877839392681335,0.3747471604169908,0.6097005290737413,0.4641862526861515,0.15917451403940197,0.5942039364978708,[[ 55200 40185][ 15418 24085]],55200,40185,15418,24085
5,3,0.667041003704071,avg,0.5877839392681335,0.5782087780334125,0.5942039364978708,0.5646172373531178,0.15917451403940197,0.5942039364978708,,,,,
