client,round,loss,class,accuracy,precision,recall,f1_score,cohen_kappa_score,roc_auc_score,confusion_matrix,TP,FP,FN,TN
17,68,0.705141007900238,awake,0.7224438052310065,0.7632377525803169,0.8806940294595587,0.8177698601599424,0.24801952632684543,0.6105113060494259,[[ 13444 26059][ 11380 84005]],13444,26059,11380,84005
17,68,0.705141007900238,asleep,0.7224438052310065,0.5415726716081212,0.3403285826392932,0.41798933573771513,0.24801952632684543,0.6105113060494259,[[ 84005 11380][ 26059 13444]],84005,11380,26059,13444
17,68,0.705141007900238,avg,0.7224438052310065,0.652405212094219,0.6105113060494259,0.6178795979488287,0.24801952632684543,0.6105113060494259,,,,,
