client,round,loss,class,accuracy,precision,recall,f1_score,cohen_kappa_score,roc_auc_score,confusion_matrix,TP,FP,FN,TN
10,130,1.7044782638549805,awake,0.40369788268785955,0.7749255268287301,0.22090475441631283,0.34380302832528387,0.043820533754087565,0.5329899060034378,[[ 33383 6120][ 74314 21071]],33383,6120,74314,21071
10,130,1.7044782638549805,asleep,0.40369788268785955,0.3099714940991857,0.8450750575905628,0.4535733695652174,0.043820533754087565,0.5329899060034379,[[ 21071 74314][ 6120 33383]],21071,74314,6120,33383
10,130,1.7044782638549805,avg,0.40369788268785955,0.5424485104639578,0.5329899060034378,0.39868819894525065,0.043820533754087565,0.5329899060034378,,,,,
