client,round,loss,class,accuracy,precision,recall,f1_score,cohen_kappa_score,roc_auc_score,confusion_matrix,TP,FP,FN,TN
0,40,0.7865678071975708,awake,0.7347503113694324,0.7681042082726112,0.8951512292289144,0.8267755038804728,0.27473499540208735,0.6212965978309217,[[ 13725 25778][ 10001 85384]],13725,25778,10001,85384
0,40,0.7865678071975708,asleep,0.7347503113694324,0.578479305403355,0.34744196643292913,0.43413623495547926,0.27473499540208735,0.6212965978309217,[[ 85384 10001][ 25778 13725]],85384,10001,25778,13725
0,40,0.7865678071975708,avg,0.7347503113694324,0.673291756837983,0.6212965978309217,0.630455869417976,0.27473499540208735,0.6212965978309217,,,,,
