client,round,loss,class,accuracy,precision,recall,f1_score,cohen_kappa_score,roc_auc_score,confusion_matrix,TP,FP,FN,TN
4,101,1.3344372510910034,awake,0.7172098333432181,0.7268475951935576,0.9613880589191173,0.8278258985596866,0.11531860760645152,0.5444993100711577,[[ 5041 34462][ 3683 91702]],5041,34462,3683,91702
4,101,1.3344372510910034,asleep,0.7172098333432181,0.5778312700596057,0.12761056122319825,0.20905302009247934,0.11531860760645152,0.5444993100711578,[[ 91702 3683][ 34462 5041]],91702,3683,34462,5041
4,101,1.3344372510910034,avg,0.7172098333432181,0.6523394326265817,0.5444993100711577,0.5184394593260829,0.11531860760645152,0.5444993100711577,,,,,
