client,round,loss,class,accuracy,precision,recall,f1_score,cohen_kappa_score,roc_auc_score,confusion_matrix,TP,FP,FN,TN
4,128,1.2916687726974487,awake,0.7275739873079888,0.7388629994134133,0.9507889081092415,0.8315354675444347,0.1748564690242037,0.5696910897531754,[[ 7450 32053][ 4694 90691]],7450,32053,4694,90691
4,128,1.2916687726974487,asleep,0.7275739873079888,0.613471673254282,0.18859327139710907,0.28849691172768993,0.1748564690242037,0.5696910897531753,[[ 90691 4694][ 32053 7450]],90691,4694,32053,7450
4,128,1.2916687726974487,avg,0.7275739873079888,0.6761673363338476,0.5696910897531753,0.5600161896360624,0.1748564690242037,0.5696910897531753,,,,,
