client,round,loss,class,accuracy,precision,recall,f1_score,cohen_kappa_score,roc_auc_score,confusion_matrix,TP,FP,FN,TN
8,54,0.7777062058448792,awake,0.6797713658739102,0.7726579315821369,0.7752581642815957,0.7739558639601027,0.22500012778580936,0.6122322768348717,[[ 17745 21758][ 21437 73948]],17745,21758,21437,73948
8,54,0.7777062058448792,asleep,0.6797713658739102,0.4528865295288653,0.4492063893881477,0.4510389527864269,0.22500012778580936,0.6122322768348717,[[ 73948 21437][ 21758 17745]],73948,21437,21758,17745
8,54,0.7777062058448792,avg,0.6797713658739102,0.6127722305555011,0.6122322768348717,0.6124974083732648,0.22500012778580936,0.6122322768348717,,,,,
