client,round,loss,class,accuracy,precision,recall,f1_score,cohen_kappa_score,roc_auc_score,confusion_matrix,TP,FP,FN,TN
14,200,0.8058518171310425,awake,0.74286074372813,0.7573255104117208,0.9364365466268281,0.8374107599060605,0.2544489462794295,0.6059419904994505,[[ 10881 28622][ 6063 89322]],10881,28622,6063,89322
14,200,0.8058518171310425,asleep,0.74286074372813,0.6421742209631728,0.27544743437207303,0.3855297890056159,0.2544489462794295,0.6059419904994505,[[ 89322 6063][ 28622 10881]],89322,6063,28622,10881
14,200,0.8058518171310425,avg,0.74286074372813,0.6997498656874468,0.6059419904994505,0.6114702744558382,0.2544489462794295,0.6059419904994505,,,,,
