client,round,loss,class,accuracy,precision,recall,f1_score,cohen_kappa_score,roc_auc_score,confusion_matrix,TP,FP,FN,TN
3,178,1.0544980764389038,awake,0.6065773085819346,0.7805534561173211,0.6171515437437752,0.6893010620484539,0.17263412866946148,0.5990980106891926,[[ 22953 16550][ 36518 58867]],22953,16550,36518,58867
3,178,1.0544980764389038,asleep,0.6065773085819346,0.3859528173395436,0.58104447763461,0.4638187806898781,0.17263412866946148,0.5990980106891926,[[ 58867 36518][ 16550 22953]],58867,36518,16550,22953
3,178,1.0544980764389038,avg,0.6065773085819346,0.5832531367284324,0.5990980106891926,0.576559921369166,0.17263412866946148,0.5990980106891926,,,,,
