client,round,loss,class,accuracy,precision,recall,f1_score,cohen_kappa_score,roc_auc_score,confusion_matrix,TP,FP,FN,TN
18,172,1.1884313821792603,awake,0.7294422039024969,0.7327189668526627,0.9719347905855218,0.8355421768186344,0.15063209864457405,0.5579239555540069,[[ 5685 33818][ 2677 92708]],5685,33818,2677,92708
18,172,1.1884313821792603,asleep,0.7294422039024969,0.67986127720641,0.14391312052249197,0.23754308994045759,0.15063209864457405,0.5579239555540069,[[ 92708 2677][ 33818 5685]],92708,2677,33818,5685
18,172,1.1884313821792603,avg,0.7294422039024969,0.7062901220295363,0.5579239555540069,0.536542633379546,0.15063209864457405,0.5579239555540069,,,,,
