client,round,loss,class,accuracy,precision,recall,f1_score,cohen_kappa_score,roc_auc_score,confusion_matrix,TP,FP,FN,TN
14,88,0.7580305337905884,awake,0.7511268608030366,0.7590976535975655,0.9493316559207422,0.8436233544816791,0.2696684206233285,0.6109339594946849,[[ 10766 28737][ 4833 90552]],10766,28737,4833,90552
14,88,0.7580305337905884,asleep,0.7511268608030366,0.6901724469517276,0.2725362630686277,0.39076621538238177,0.2696684206233285,0.610933959494685,[[ 90552 4833][ 28737 10766]],90552,4833,28737,10766
14,88,0.7580305337905884,avg,0.7511268608030366,0.7246350502746466,0.610933959494685,0.6171947849320305,0.2696684206233285,0.610933959494685,,,,,
