client,round,loss,class,accuracy,precision,recall,f1_score,cohen_kappa_score,roc_auc_score,confusion_matrix,TP,FP,FN,TN
2,108,0.7459934949874878,awake,0.7524613012276852,0.7845295246137889,0.8960423546679247,0.8365862730511725,0.3355436755710025,0.650904502651027,[[ 16029 23474][ 9916 85469]],16029,23474,9916,85469
2,108,0.7459934949874878,asleep,0.7524613012276852,0.617806899209867,0.40576665063412903,0.4898239823982398,0.3355436755710025,0.6509045026510268,[[ 85469 9916][ 23474 16029]],85469,9916,23474,16029
2,108,0.7459934949874878,avg,0.7524613012276852,0.7011682119118279,0.6509045026510268,0.6632051277247062,0.3355436755710025,0.650904502651027,,,,,
