client,round,loss,class,accuracy,precision,recall,f1_score,cohen_kappa_score,roc_auc_score,confusion_matrix,TP,FP,FN,TN
7,86,0.6698840260505676,awake,0.6538609809619833,0.7921291019257304,0.6921423703936678,0.7387679740390534,0.23278485722003117,0.6267840424481819,[[ 22178 17325][ 29365 66020]],22178,17325,29365,66020
7,86,0.6698840260505676,asleep,0.6538609809619833,0.43028151252352403,0.561425714502696,0.48718230345100283,0.23278485722003117,0.6267840424481819,[[ 66020 29365][ 17325 22178]],66020,29365,17325,22178
7,86,0.6698840260505676,avg,0.6538609809619833,0.6112053072246272,0.6267840424481819,0.6129751387450281,0.23278485722003117,0.6267840424481819,,,,,
