client,round,loss,class,accuracy,precision,recall,f1_score,cohen_kappa_score,roc_auc_score,confusion_matrix,TP,FP,FN,TN
18,175,1.0826362371444702,awake,0.7400287646047091,0.7464534370607655,0.9576453320752739,0.8389626969511887,0.21529592863622282,0.5861056572028649,[[ 8476 31027][ 4040 91345]],8476,31027,4040,91345
18,175,1.0826362371444702,asleep,0.7400287646047091,0.6772131671460531,0.2145659823304559,0.3258809281224168,0.21529592863622282,0.586105657202865,[[ 91345 4040][ 31027 8476]],91345,4040,31027,8476
18,175,1.0826362371444702,avg,0.7400287646047091,0.7118333021034093,0.5861056572028649,0.5824218125368028,0.21529592863622282,0.5861056572028649,,,,,
