client,round,loss,class,accuracy,precision,recall,f1_score,cohen_kappa_score,roc_auc_score,confusion_matrix,TP,FP,FN,TN
3,128,1.163956880569458,awake,0.5614806357867268,0.7885515879336158,0.5190543586517796,0.626031320532841,0.14735744949920537,0.5914893087844119,[[ 26227 13276][ 45875 49510]],26227,13276,45875,49510
3,128,1.163956880569458,asleep,0.5614806357867268,0.3637485784028182,0.6639242589170443,0.4699968639397877,0.14735744949920537,0.591489308784412,[[ 49510 45875][ 13276 26227]],49510,45875,13276,26227
3,128,1.163956880569458,avg,0.5614806357867268,0.576150083168217,0.591489308784412,0.5480140922363144,0.14735744949920537,0.591489308784412,,,,,
