client,round,loss,class,accuracy,precision,recall,f1_score,cohen_kappa_score,roc_auc_score,confusion_matrix,TP,FP,FN,TN
3,102,1.1635780334472656,awake,0.5852410889033866,0.7808205522564475,0.5748283273051318,0.662174075818509,0.15608660110290917,0.5926061743859279,[[ 24112 15391][ 40555 54830]],24112,15391,40555,54830
3,102,1.1635780334472656,asleep,0.5852410889033866,0.372864057401766,0.610384021466724,0.462935586061246,0.15608660110290917,0.5926061743859279,[[ 54830 40555][ 15391 24112]],54830,40555,15391,24112
3,102,1.1635780334472656,avg,0.5852410889033866,0.5768423048291067,0.5926061743859279,0.5625548309398775,0.15608660110290917,0.5926061743859279,,,,,
