client,round,loss,class,accuracy,precision,recall,f1_score,cohen_kappa_score,roc_auc_score,confusion_matrix,TP,FP,FN,TN
1,21,0.7541864514350891,awake,0.6199068857125912,0.7431998853324807,0.7066729569638832,0.7244763061446029,0.11313909348935969,0.5585360835752257,[[ 16212 23291][ 27979 67406]],16212,23291,27979,67406
1,21,0.7541864514350891,asleep,0.6199068857125912,0.3668620307302392,0.4103992101865681,0.38741128396300806,0.11313909348935969,0.5585360835752257,[[ 67406 27979][ 23291 16212]],67406,27979,23291,16212
1,21,0.7541864514350891,avg,0.6199068857125912,0.5550309580313599,0.5585360835752257,0.5559437950538055,0.11313909348935969,0.5585360835752257,,,,,
