client,round,loss,class,accuracy,precision,recall,f1_score,cohen_kappa_score,roc_auc_score,confusion_matrix,TP,FP,FN,TN
5,174,0.8963773250579834,awake,0.5988449676768874,0.7498063235365322,0.6493998008072548,0.6960004943903548,0.11525700079509249,0.5630868583561879,[[ 18834 20669][ 33442 61943]],18834,20669,33442,61943
5,174,0.8963773250579834,asleep,0.5988449676768874,0.36028005203152497,0.47677391590512114,0.4104206844703036,0.11525700079509249,0.563086858356188,[[ 61943 33442][ 20669 18834]],61943,33442,20669,18834
5,174,0.8963773250579834,avg,0.5988449676768874,0.5550431877840286,0.563086858356188,0.5532105894303292,0.11525700079509249,0.5630868583561879,,,,,
