client,round,loss,class,accuracy,precision,recall,f1_score,cohen_kappa_score,roc_auc_score,confusion_matrix,TP,FP,FN,TN
11,23,0.6042887568473816,awake,0.7120648241504063,0.7879828063885267,0.8110394716150338,0.7993449093567402,0.2901219004827912,0.6420587328457166,[[ 18688 20815][ 18024 77361]],18688,20815,18024,77361
11,23,0.6042887568473816,asleep,0.7120648241504063,0.5090433645674439,0.4730779940763993,0.490402151807387,0.2901219004827912,0.6420587328457166,[[ 77361 18024][ 20815 18688]],77361,18024,20815,18688
11,23,0.6042887568473816,avg,0.7120648241504063,0.6485130854779853,0.6420587328457166,0.6448735305820636,0.2901219004827912,0.6420587328457166,,,,,
