client,round,loss,class,accuracy,precision,recall,f1_score,cohen_kappa_score,roc_auc_score,confusion_matrix,TP,FP,FN,TN
13,94,0.6917336583137512,awake,0.7507042880018979,0.7909161139583961,0.8801279027100697,0.8331406398086627,0.3459206319645185,0.6591612351056361,[[ 17310 22193][ 11434 83951]],17310,22193,11434,83951
13,94,0.6917336583137512,asleep,0.7507042880018979,0.6022126356804899,0.43819456750120245,0.5072750450569256,0.3459206319645185,0.6591612351056361,[[ 83951 11434][ 22193 17310]],83951,11434,22193,17310
13,94,0.6917336583137512,avg,0.7507042880018979,0.696564374819443,0.6591612351056361,0.6702078424327942,0.3459206319645185,0.6591612351056361,,,,,
