client,round,loss,class,accuracy,precision,recall,f1_score,cohen_kappa_score,roc_auc_score,confusion_matrix,TP,FP,FN,TN
1,25,0.7343797087669373,awake,0.6254299863590534,0.7439899923855107,0.7170414635424858,0.7302671969676748,0.11823474845960624,0.5606319638295676,[[ 15968 23535][ 26990 68395]],15968,23535,26990,68395
1,25,0.7343797087669373,asleep,0.6254299863590534,0.3717119046510545,0.40422246411664936,0.3872861110100532,0.11823474845960624,0.5606319638295676,[[ 68395 26990][ 23535 15968]],68395,26990,23535,15968
1,25,0.7343797087669373,avg,0.6254299863590534,0.5578509485182825,0.5606319638295676,0.558776653988864,0.11823474845960624,0.5606319638295676,,,,,
