client,round,loss,class,accuracy,precision,recall,f1_score,cohen_kappa_score,roc_auc_score,confusion_matrix,TP,FP,FN,TN
1,45,0.9361532926559448,awake,0.5607170393215112,0.7494855753960034,0.5689678670650522,0.6468688168967078,0.09378499680824226,0.5548811185564484,[[ 21363 18140][ 41114 54271]],21363,18140,41114,54271
1,45,0.9361532926559448,asleep,0.5607170393215112,0.3419338316500472,0.5407943700478445,0.41896450284369485,0.09378499680824226,0.5548811185564483,[[ 54271 41114][ 18140 21363]],54271,41114,18140,21363
1,45,0.9361532926559448,avg,0.5607170393215112,0.5457097035230253,0.5548811185564484,0.5329166598702013,0.09378499680824226,0.5548811185564484,,,,,
