client,round,loss,class,accuracy,precision,recall,f1_score,cohen_kappa_score,roc_auc_score,confusion_matrix,TP,FP,FN,TN
5,26,0.8093749284744263,awake,0.5886661526599846,0.7863941086117052,0.5743146196991141,0.6638270542757776,0.1659743433605888,0.5988171837831823,[[ 24623 14880][ 40604 54781]],24623,14880,40604,54781
5,26,0.8093749284744263,asleep,0.5886661526599846,0.37749704876814816,0.6233197478672506,0.47021865750023867,0.1659743433605888,0.5988171837831824,[[ 54781 40604][ 14880 24623]],54781,40604,14880,24623
5,26,0.8093749284744263,avg,0.5886661526599846,0.5819455786899267,0.5988171837831824,0.5670228558880082,0.1659743433605888,0.5988171837831824,,,,,
