client,round,loss,class,accuracy,precision,recall,f1_score,cohen_kappa_score,roc_auc_score,confusion_matrix,TP,FP,FN,TN
8,45,0.7530220746994019,awake,0.672535733349149,0.7681922915793884,0.7689573832363579,0.7685746470018076,0.20881792627631646,0.6043354113609833,[[ 17370 22133][ 22038 73347]],17370,22133,22038,73347
8,45,0.7530220746994019,asleep,0.672535733349149,0.4407734470158344,0.4397134394856087,0.44024280518558884,0.20881792627631646,0.6043354113609832,[[ 73347 22038][ 22133 17370]],73347,22038,22133,17370
8,45,0.7530220746994019,avg,0.672535733349149,0.6044828692976114,0.6043354113609833,0.6044087260936982,0.20881792627631646,0.6043354113609833,,,,,
