client,round,loss,class,accuracy,precision,recall,f1_score,cohen_kappa_score,roc_auc_score,confusion_matrix,TP,FP,FN,TN
3,169,1.0794662237167358,awake,0.6164744083980784,0.7858976710067852,0.6289982701682655,0.6987485951539362,0.18859992729083475,0.607616113541465,[[ 23158 16345][ 35388 59997]],23158,16345,35388,59997
3,169,1.0794662237167358,asleep,0.6164744083980784,0.3955522153520309,0.5862339569146647,0.47237605686952444,0.18859992729083475,0.6076161135414652,[[ 59997 35388][ 16345 23158]],59997,35388,16345,23158
3,169,1.0794662237167358,avg,0.6164744083980784,0.590724943179408,0.607616113541465,0.5855623260117303,0.18859992729083475,0.607616113541465,,,,,
