client,round,loss,class,accuracy,precision,recall,f1_score,cohen_kappa_score,roc_auc_score,confusion_matrix,TP,FP,FN,TN
16,7,0.7685036659240723,awake,0.728011387224957,0.7524927947692175,0.9169785605703202,0.8266326434174464,0.2232162426500105,0.5943523792902989,[[ 10734 28769][ 7919 87466]],10734,28769,7919,87466
16,7,0.7685036659240723,asleep,0.728011387224957,0.5754570310405833,0.2717261980102777,0.3691450581195406,0.2232162426500105,0.5943523792902989,[[ 87466 7919][ 28769 10734]],87466,7919,28769,10734
16,7,0.7685036659240723,avg,0.728011387224957,0.6639749129049004,0.5943523792902989,0.5978888507684935,0.2232162426500105,0.5943523792902989,,,,,
