client,round,loss,class,accuracy,precision,recall,f1_score,cohen_kappa_score,roc_auc_score,confusion_matrix,TP,FP,FN,TN
3,52,0.9494480490684509,awake,0.6074965897633592,0.7979946918313182,0.5957540493788331,0.6822012533314125,0.19639836995647608,0.6158022455587177,[[ 25118 14385][ 38559 56826]],25118,14385,38559,56826
3,52,0.9494480490684509,asleep,0.6074965897633592,0.39445953798074657,0.6358504417386022,0.4868773018026749,0.19639836995647608,0.6158022455587177,[[ 56826 38559][ 14385 25118]],56826,38559,14385,25118
3,52,0.9494480490684509,avg,0.6074965897633592,0.5962271149060324,0.6158022455587177,0.5845392775670437,0.19639836995647608,0.6158022455587177,,,,,
