client,round,loss,class,accuracy,precision,recall,f1_score,cohen_kappa_score,roc_auc_score,confusion_matrix,TP,FP,FN,TN
6,15,0.7284658551216125,awake,0.6117816262380642,0.7671688879504155,0.647523195470986,0.7022866044322149,0.15581427853770868,0.5865011365047005,[[ 20758 18745][ 33621 61764]],20758,18745,33621,61764
6,15,0.7284658551216125,asleep,0.6117816262380642,0.3817282406811453,0.5254790775384148,0.4422146950427132,0.15581427853770868,0.5865011365047004,[[ 61764 33621][ 18745 20758]],61764,33621,18745,20758
6,15,0.7284658551216125,avg,0.6117816262380642,0.5744485643157804,0.5865011365047004,0.5722506497374641,0.15581427853770868,0.5865011365047004,,,,,
