client,round,loss,class,accuracy,precision,recall,f1_score,cohen_kappa_score,roc_auc_score,confusion_matrix,TP,FP,FN,TN
1,39,0.9093185663223267,awake,0.5661363501571675,0.757337131049119,0.5686638360329193,0.6495775626171358,0.10941680504248774,0.5643486256082881,[[ 22123 17380][ 41143 54242]],22123,17380,41143,54242
1,39,0.9093185663223267,asleep,0.5661363501571675,0.3496822938071002,0.5600334151836569,0.43053839192752685,0.10941680504248774,0.5643486256082881,[[ 54242 41143][ 17380 22123]],54242,41143,17380,22123
1,39,0.9093185663223267,avg,0.5661363501571675,0.5535097124281096,0.5643486256082881,0.5400579772723313,0.10941680504248774,0.5643486256082881,,,,,
