client,round,loss,class,accuracy,precision,recall,f1_score,cohen_kappa_score,roc_auc_score,confusion_matrix,TP,FP,FN,TN
5,46,0.8052101731300354,awake,0.5927139552814187,0.7889690647995999,0.5788750851811082,0.6677873858620065,0.17251210131816352,0.6025023731097552,[[ 24734 14769][ 40169 55216]],24734,14769,40169,55216
5,46,0.8052101731300354,asleep,0.5927139552814187,0.3810917831225059,0.6261296610384022,0.4738041874988029,0.17251210131816352,0.6025023731097552,[[ 55216 40169][ 14769 24734]],55216,40169,14769,24734
5,46,0.8052101731300354,avg,0.5927139552814187,0.5850304239610529,0.6025023731097552,0.5707957866804046,0.17251210131816352,0.6025023731097552,,,,,
