client,round,loss,class,accuracy,precision,recall,f1_score,cohen_kappa_score,roc_auc_score,confusion_matrix,TP,FP,FN,TN
15,114,1.3002656698226929,awake,0.4138396299151889,0.6702698190772313,0.33674057765896104,0.4482715308500691,-0.046787074271233964,0.4683728202827878,[[ 23702 15801][ 63265 32120]],23702,15801,63265,32120
15,114,1.3002656698226929,asleep,0.4138396299151889,0.27254015891085126,0.6000050629066147,0.3748240689491579,-0.046787074271233964,0.46837282028278787,[[ 32120 63265][ 15801 23702]],32120,63265,15801,23702
15,114,1.3002656698226929,avg,0.4138396299151889,0.47140498899404126,0.46837282028278787,0.4115477998996135,-0.046787074271233964,0.4683728202827878,,,,,
