client,round,loss,class,accuracy,precision,recall,f1_score,cohen_kappa_score,roc_auc_score,confusion_matrix,TP,FP,FN,TN
17,55,0.6947850584983826,awake,0.7319924678251587,0.759520513135066,0.9087173035592598,0.8274472929305464,0.2485141792971728,0.6069926289459211,[[ 12059 27444][ 8707 86678]],12059,27444,8707,86678
17,55,0.6947850584983826,asleep,0.7319924678251587,0.5807088510064529,0.30526795433258236,0.40017255969071996,0.2485141792971728,0.6069926289459212,[[ 86678 8707][ 27444 12059]],86678,8707,27444,12059
17,55,0.6947850584983826,avg,0.7319924678251587,0.6701146820707594,0.6069926289459211,0.6138099263106331,0.2485141792971728,0.6069926289459211,,,,,
