client,round,loss,class,accuracy,precision,recall,f1_score,cohen_kappa_score,roc_auc_score,confusion_matrix,TP,FP,FN,TN
13,81,0.6768295764923096,awake,0.7459225431469071,0.7925774854221125,0.8678094039943387,0.8284890703819361,0.34240957294166574,0.6597103370122315,[[ 17840 21663][ 12609 82776]],17840,21663,12609,82776
13,81,0.6768295764923096,asleep,0.7459225431469071,0.5858977306315478,0.4516112700301243,0.510064043915828,0.34240957294166574,0.6597103370122315,[[ 82776 12609][ 21663 17840]],82776,12609,21663,17840
13,81,0.6768295764923096,avg,0.7459225431469071,0.6892376080268301,0.6597103370122315,0.6692765571488821,0.34240957294166574,0.6597103370122315,,,,,
