client,round,loss,class,accuracy,precision,recall,f1_score,cohen_kappa_score,roc_auc_score,confusion_matrix,TP,FP,FN,TN
14,26,0.7160230278968811,awake,0.7608312081133978,0.7814617963900977,0.9186979084761755,0.8445410344013377,0.340654170410724,0.6491699804892586,[[ 14997 24506][ 7755 87630]],14997,24506,7755,87630
14,26,0.7160230278968811,asleep,0.7608312081133978,0.6591508438818565,0.3796420525023416,0.481792627098225,0.340654170410724,0.6491699804892586,[[ 87630 7755][ 24506 14997]],87630,7755,24506,14997
14,26,0.7160230278968811,avg,0.7608312081133978,0.7203063201359772,0.6491699804892586,0.6631668307497813,0.340654170410724,0.6491699804892586,,,,,
