client,round,loss,class,accuracy,precision,recall,f1_score,cohen_kappa_score,roc_auc_score,confusion_matrix,TP,FP,FN,TN
14,137,0.8296695351600647,awake,0.7471012988553467,0.7574626865671642,0.9449284478691619,0.8408737877664115,0.25983649876512227,0.6071755116848784,[[ 10643 28860][ 5253 90132]],10643,28860,5253,90132
14,137,0.8296695351600647,asleep,0.7471012988553467,0.6695395067941621,0.2694225755005949,0.3842307622881279,0.25983649876512227,0.6071755116848784,[[ 90132 5253][ 28860 10643]],90132,5253,28860,10643
14,137,0.8296695351600647,avg,0.7471012988553467,0.7135010966806632,0.6071755116848784,0.6125522750272697,0.25983649876512227,0.6071755116848784,,,,,
