client,round,loss,class,accuracy,precision,recall,f1_score,cohen_kappa_score,roc_auc_score,confusion_matrix,TP,FP,FN,TN
1,24,0.7710203528404236,awake,0.6048721902615504,0.7308489748455961,0.6984536352675997,0.7142841826505559,0.07500984933409305,0.5386807831554058,[[ 14968 24535][ 28763 66622]],14968,24535,28763,66622
1,24,0.7710203528404236,asleep,0.6048721902615504,0.34227435915025956,0.3789079310432119,0.359660715572963,0.07500984933409305,0.5386807831554059,[[ 66622 28763][ 24535 14968]],66622,28763,24535,14968
1,24,0.7710203528404236,avg,0.6048721902615504,0.5365616669979278,0.5386807831554058,0.5369724491117595,0.07500984933409305,0.5386807831554059,,,,,
