client,round,loss,class,accuracy,precision,recall,f1_score,cohen_kappa_score,roc_auc_score,confusion_matrix,TP,FP,FN,TN
15,167,1.330461025238037,awake,0.4229953739398612,0.6673211834680494,0.36698642344184096,0.4735492860573183,-0.056721219994252614,0.46261125338864195,[[ 22052 17451][ 60380 35005]],22052,17451,60380,35005
15,167,1.330461025238037,asleep,0.4229953739398612,0.2675174689440994,0.5582360833354428,0.3617009062205273,-0.056721219994252614,0.46261125338864195,[[ 35005 60380][ 17451 22052]],35005,60380,17451,22052
15,167,1.330461025238037,avg,0.4229953739398612,0.4674193262060744,0.4626112533886419,0.4176250961389228,-0.056721219994252614,0.46261125338864195,,,,,
