client,round,loss,class,accuracy,precision,recall,f1_score,cohen_kappa_score,roc_auc_score,confusion_matrix,TP,FP,FN,TN
2,99,0.7699484825134277,awake,0.7567685783761343,0.7832569845552155,0.9070294071394873,0.8406115340332194,0.3388477243381631,0.6504870854141606,[[ 15562 23941][ 8868 86517]],15562,23941,8868,86517
2,99,0.7699484825134277,asleep,0.7567685783761343,0.637003683995088,0.39394476368883374,0.48682214192983275,0.3388477243381631,0.6504870854141606,[[ 86517 8868][ 23941 15562]],86517,8868,23941,15562
2,99,0.7699484825134277,avg,0.7567685783761343,0.7101303342751517,0.6504870854141606,0.6637168379815261,0.3388477243381631,0.6504870854141606,,,,,
