client,round,loss,class,accuracy,precision,recall,f1_score,cohen_kappa_score,roc_auc_score,confusion_matrix,TP,FP,FN,TN
13,108,0.7186968326568604,awake,0.7293458276496056,0.8048126404290787,0.8148870367458195,0.8098185076368486,0.34069930172219653,0.6688413868892249,[[ 20652 18851][ 17657 77728]],20652,18851,17657,77728
13,108,0.7186968326568604,asleep,0.7293458276496056,0.5390900310631966,0.5227957370326304,0.5308178687091964,0.34069930172219653,0.668841386889225,[[ 77728 17657][ 18851 20652]],77728,17657,18851,20652
13,108,0.7186968326568604,avg,0.7293458276496056,0.6719513357461377,0.6688413868892249,0.6703181881730225,0.34069930172219653,0.6688413868892249,,,,,
