client,round,loss,class,accuracy,precision,recall,f1_score,cohen_kappa_score,roc_auc_score,confusion_matrix,TP,FP,FN,TN
8,136,0.8391221761703491,awake,0.6840786430223593,0.7837364102674395,0.7640824028935367,0.773784624531527,0.25053790651537,0.6274909141268179,[[ 19392 20111][ 22503 72882]],19392,20111,22503,72882
8,136,0.8391221761703491,asleep,0.6840786430223593,0.46287146437522375,0.49089942536009923,0.47647362343055105,0.25053790651537,0.6274909141268179,[[ 72882 22503][ 20111 19392]],72882,22503,20111,19392
8,136,0.8391221761703491,avg,0.6840786430223593,0.6233039373213316,0.6274909141268179,0.625129123981039,0.25053790651537,0.6274909141268179,,,,,
