client,round,loss,class,accuracy,precision,recall,f1_score,cohen_kappa_score,roc_auc_score,confusion_matrix,TP,FP,FN,TN
4,183,1.3194977045059204,awake,0.7264619536207817,0.7342218235407189,0.96107354405829,0.8324698852620538,0.15488412033627308,0.5605180392746707,[[ 6319 33184][ 3713 91672]],6319,33184,3713,91672
4,183,1.3194977045059204,asleep,0.7264619536207817,0.629884370015949,0.1599625344910513,0.2551327344302009,0.15488412033627308,0.5605180392746707,[[ 91672 3713][ 33184 6319]],91672,3713,33184,6319
4,183,1.3194977045059204,avg,0.7264619536207817,0.6820530967783339,0.5605180392746707,0.5438013098461274,0.15488412033627308,0.5605180392746707,,,,,
