client,round,loss,class,accuracy,precision,recall,f1_score,cohen_kappa_score,roc_auc_score,confusion_matrix,TP,FP,FN,TN
15,35,1.096240520477295,awake,0.409814067967499,0.6603838802814037,0.3405042721601929,0.449327993248805,-0.06131660030455821,0.45883781311728356,[[ 22800 16703][ 62906 32479]],22800,16703,62906,32479
15,35,1.096240520477295,asleep,0.409814067967499,0.2660257158191959,0.5771713540743741,0.3641910725267353,-0.06131660030455821,0.45883781311728344,[[ 32479 62906][ 16703 22800]],32479,62906,16703,22800
15,35,1.096240520477295,avg,0.409814067967499,0.4632047980502998,0.45883781311728356,0.40675953288777017,-0.06131660030455821,0.4588378131172835,,,,,
