client,round,loss,class,accuracy,precision,recall,f1_score,cohen_kappa_score,roc_auc_score,confusion_matrix,TP,FP,FN,TN
12,105,1.1688101291656494,awake,0.7132361663009311,0.7551521805648049,0.8797085495623002,0.8126855299923003,0.21619907210240763,0.5954880241166436,[[ 12296 27207][ 11474 83911]],12296,27207,11474,83911
12,105,1.1688101291656494,asleep,0.7132361663009311,0.51729070256626,0.311267498670987,0.3886649913865314,0.21619907210240763,0.5954880241166437,[[ 83911 11474][ 27207 12296]],83911,11474,27207,12296
12,105,1.1688101291656494,avg,0.7132361663009311,0.6362214415655325,0.5954880241166436,0.6006752606894158,0.21619907210240763,0.5954880241166436,,,,,
