client,round,loss,class,accuracy,precision,recall,f1_score,cohen_kappa_score,roc_auc_score,confusion_matrix,TP,FP,FN,TN
4,170,1.288063883781433,awake,0.7272626178755709,0.7366558966074314,0.9561042092572207,0.8321554850925019,0.16571772525664286,0.5653999009985063,[[ 6901 32602][ 4187 91198]],6901,32602,4187,91198
4,170,1.288063883781433,asleep,0.7272626178755709,0.6223845598845599,0.1746955927397919,0.2728153228835168,0.16571772525664286,0.5653999009985063,[[ 91198 4187][ 32602 6901]],91198,4187,32602,6901
4,170,1.288063883781433,avg,0.7272626178755709,0.6795202282459956,0.5653999009985063,0.5524854039880094,0.16571772525664286,0.5653999009985063,,,,,
