client,round,loss,class,accuracy,precision,recall,f1_score,cohen_kappa_score,roc_auc_score,confusion_matrix,TP,FP,FN,TN
17,25,0.6637625694274902,awake,0.7348763418539825,0.7365823076129483,0.9730670440844996,0.8384689738655972,0.17181995368406355,0.566400873888945,[[ 6310 33193][ 2569 92816]],6310,33193,2569,92816
17,25,0.6637625694274902,asleep,0.7348763418539825,0.7106656154972407,0.15973470369339038,0.2608408085651689,0.17181995368406355,0.566400873888945,[[ 92816 2569][ 33193 6310]],92816,2569,33193,6310
17,25,0.6637625694274902,avg,0.7348763418539825,0.7236239615550946,0.566400873888945,0.549654891215383,0.17181995368406355,0.566400873888945,,,,,
