client,round,loss,class,accuracy,precision,recall,f1_score,cohen_kappa_score,roc_auc_score,confusion_matrix,TP,FP,FN,TN
4,193,1.3191249370574951,awake,0.7259430045667516,0.731248515556963,0.9683283535147036,0.8332528924874265,0.1414350713311926,0.5545006069018978,[[ 5557 33946][ 3021 92364]],5557,33946,3021,92364
4,193,1.3191249370574951,asleep,0.7259430045667516,0.6478200046630916,0.14067286028909196,0.23115159834446036,0.1414350713311926,0.5545006069018977,[[ 92364 3021][ 33946 5557]],92364,3021,33946,5557
4,193,1.3191249370574951,avg,0.7259430045667516,0.6895342601100274,0.5545006069018977,0.5322022454159434,0.1414350713311926,0.5545006069018978,,,,,
