client,round,loss,class,accuracy,precision,recall,f1_score,cohen_kappa_score,roc_auc_score,confusion_matrix,TP,FP,FN,TN
12,190,1.3721996545791626,awake,0.7035169918747405,0.7491880122720361,0.8729884153692928,0.8063641469602773,0.18943668456311202,0.5836475884405383,[[ 11626 27877][ 12115 83270]],11626,27877,12115,83270
12,190,1.3721996545791626,asleep,0.7035169918747405,0.4897013605155638,0.2943067615117839,0.3676554297640883,0.18943668456311202,0.5836475884405383,[[ 83270 12115][ 27877 11626]],83270,12115,27877,11626
12,190,1.3721996545791626,avg,0.7035169918747405,0.6194446863937999,0.5836475884405383,0.5870097883621828,0.18943668456311202,0.5836475884405383,,,,,
