client,round,loss,class,accuracy,precision,recall,f1_score,cohen_kappa_score,roc_auc_score,confusion_matrix,TP,FP,FN,TN
2,64,0.7276788949966431,awake,0.7540626297372635,0.7933733860243145,0.8818891859307019,0.8352928326018311,0.35533973875285985,0.663649197678917,[[ 17595 21908][ 11266 84119]],17595,21908,11266,84119
2,64,0.7276788949966431,asleep,0.7540626297372635,0.6096462354041786,0.44540920942713214,0.5147446024223276,0.35533973875285985,0.6636491976789171,[[ 84119 11266][ 21908 17595]],84119,11266,21908,17595
2,64,0.7276788949966431,avg,0.7540626297372635,0.7015098107142466,0.663649197678917,0.6750187175120793,0.35533973875285985,0.663649197678917,,,,,
