client,round,loss,class,accuracy,precision,recall,f1_score,cohen_kappa_score,roc_auc_score,confusion_matrix,TP,FP,FN,TN
12,20,1.101271629333496,awake,0.7079132317181662,0.7419530493707648,0.8999423389421817,0.8133465352163387,0.16974240374925487,0.5720884770173532,[[ 9648 29855][ 9544 85841]],9648,29855,9544,85841
12,20,1.101271629333496,asleep,0.7079132317181662,0.5027094622759483,0.24423461509252462,0.3287503194479938,0.16974240374925487,0.5720884770173531,[[ 85841 9544][ 29855 9648]],85841,9544,29855,9648
12,20,1.101271629333496,avg,0.7079132317181662,0.6223312558233565,0.5720884770173531,0.5710484273321663,0.16974240374925487,0.5720884770173531,,,,,
