client,round,loss,class,accuracy,precision,recall,f1_score,cohen_kappa_score,roc_auc_score,confusion_matrix,TP,FP,FN,TN
1,200,1.125169277191162,awake,0.5806002016487752,0.715850823628861,0.6747392147612308,0.6946873043628435,0.026934715206312854,0.5140144191670619,[[ 13956 25547][ 31025 64360]],13956,25547,31025,64360
1,200,1.125169277191162,asleep,0.5806002016487752,0.31026433382983926,0.3532896235728932,0.33038208418162013,0.026934715206312854,0.5140144191670619,[[ 64360 31025][ 25547 13956]],64360,31025,25547,13956
1,200,1.125169277191162,avg,0.5806002016487752,0.5130575787293501,0.5140144191670619,0.5125346942722319,0.026934715206312854,0.5140144191670619,,,,,
