client,round,loss,class,accuracy,precision,recall,f1_score,cohen_kappa_score,roc_auc_score,confusion_matrix,TP,FP,FN,TN
12,146,1.3150328397750854,awake,0.7065417235039441,0.7451993637234482,0.8889657702993133,0.8107586101390244,0.17951806537717674,0.5775107564505706,[[ 10510 28993][ 10591 84794]],10510,28993,10591,84794
12,146,1.3150328397750854,asleep,0.7065417235039441,0.49808065968437515,0.2660557426018277,0.3468417926209491,0.17951806537717674,0.5775107564505706,[[ 84794 10591][ 28993 10510]],84794,10591,28993,10510
12,146,1.3150328397750854,avg,0.7065417235039441,0.6216400117039117,0.5775107564505705,0.5788002013799868,0.17951806537717674,0.5775107564505706,,,,,
