client,round,loss,class,accuracy,precision,recall,f1_score,cohen_kappa_score,roc_auc_score,confusion_matrix,TP,FP,FN,TN
7,157,0.7240498065948486,awake,0.6412282782753099,0.7731113926699137,0.697279446453845,0.733239992503335,0.1899843354993742,0.6015825376967097,[[ 19984 19519][ 28875 66510]],19984,19519,28875,66510
7,157,0.7240498065948486,asleep,0.6412282782753099,0.40901369246198244,0.5058856289395742,0.4523211335189335,0.1899843354993742,0.6015825376967097,[[ 66510 28875][ 19519 19984]],66510,28875,19519,19984
7,157,0.7240498065948486,avg,0.6412282782753099,0.591062542565948,0.6015825376967097,0.5927805630111342,0.1899843354993742,0.6015825376967097,,,,,
