client,round,loss,class,accuracy,precision,recall,f1_score,cohen_kappa_score,roc_auc_score,confusion_matrix,TP,FP,FN,TN
1,37,0.90682452917099,awake,0.5618439001245478,0.7591235662967248,0.5571840436127273,0.6426636678033326,0.109648591729264,0.565139878931139,[[ 22639 16864][ 42238 53147]],22639,16864,42238,53147
1,37,0.90682452917099,asleep,0.5618439001245478,0.34895263344482635,0.5730957142495506,0.43378041770454107,0.109648591729264,0.5651398789311389,[[ 53147 42238][ 16864 22639]],53147,42238,16864,22639
1,37,0.90682452917099,avg,0.5618439001245478,0.5540380998707756,0.565139878931139,0.5382220427539368,0.109648591729264,0.565139878931139,,,,,
