client,round,loss,class,accuracy,precision,recall,f1_score,cohen_kappa_score,roc_auc_score,confusion_matrix,TP,FP,FN,TN
15,50,1.2163029909133911,awake,0.36855761817211313,0.6242123445977179,0.26898359280809353,0.3759597913369674,-0.08700387317563618,0.43898765747788926,[[ 24057 15446][ 69728 25657]],24057,15446,69728,25657
15,50,1.2163029909133911,asleep,0.36855761817211313,0.25651223543210533,0.6089917221476849,0.36097773242902587,-0.08700387317563618,0.43898765747788915,[[ 25657 69728][ 15446 24057]],25657,69728,15446,24057
15,50,1.2163029909133911,avg,0.36855761817211313,0.4403622900149116,0.43898765747788926,0.3684687618829966,-0.08700387317563618,0.4389876574778892,,,,,
