client,round,loss,class,accuracy,precision,recall,f1_score,cohen_kappa_score,roc_auc_score,confusion_matrix,TP,FP,FN,TN
10,17,1.1302112340927124,awake,0.45487367297313325,0.820364723818459,0.29334801069350525,0.4321623562663619,0.09505415713249032,0.5691229332762769,[[ 33376 6127][ 67404 27981]],33376,6127,67404,27981
10,17,1.1302112340927124,asleep,0.45487367297313325,0.3311768207977773,0.8448978558590486,0.47583812721427393,0.09505415713249032,0.5691229332762768,[[ 27981 67404][ 6127 33376]],27981,67404,6127,33376
10,17,1.1302112340927124,avg,0.45487367297313325,0.5757707723081182,0.5691229332762769,0.45400024174031794,0.09505415713249032,0.5691229332762768,,,,,
