client,round,loss,class,accuracy,precision,recall,f1_score,cohen_kappa_score,roc_auc_score,confusion_matrix,TP,FP,FN,TN
13,167,0.7664017677307129,awake,0.7272107229701679,0.8029264257277287,0.8140378466215862,0.8084439585610911,0.3348712841413357,0.6657967376540075,[[ 20445 19058][ 17738 77647]],20445,19058,17738,77647
13,167,0.7664017677307129,asleep,0.7272107229701679,0.5354477123327135,0.5175556286864289,0.5263496640321293,0.3348712841413357,0.6657967376540075,[[ 77647 17738][ 19058 20445]],77647,17738,19058,20445
13,167,0.7664017677307129,avg,0.7272107229701679,0.6691870690302211,0.6657967376540075,0.6673968112966102,0.3348712841413357,0.6657967376540075,,,,,
