client,round,loss,class,accuracy,precision,recall,f1_score,cohen_kappa_score,roc_auc_score,confusion_matrix,TP,FP,FN,TN
13,157,0.8033823370933533,awake,0.714459403356859,0.805494375624483,0.7860040886931907,0.7956298882533349,0.32219552383418515,0.6638548909658395,[[ 21399 18104][ 20412 74973]],21399,18104,20412,74973
13,157,0.8033823370933533,asleep,0.714459403356859,0.5118031140130588,0.5417056932384882,0.5263300292692525,0.32219552383418515,0.6638548909658395,[[ 74973 20412][ 18104 21399]],74973,20412,18104,21399
13,157,0.8033823370933533,avg,0.714459403356859,0.6586487448187709,0.6638548909658395,0.6609799587612937,0.32219552383418515,0.6638548909658395,,,,,
