client,round,loss,class,accuracy,precision,recall,f1_score,cohen_kappa_score,roc_auc_score,confusion_matrix,TP,FP,FN,TN
2,137,0.8140725493431091,awake,0.7530543858608624,0.7764122293765084,0.9139906693924621,0.8396028352401865,0.3183433356837255,0.6392220010253706,[[ 14397 25106][ 8204 87181]],14397,25106,8204,87181
2,137,0.8140725493431091,asleep,0.7530543858608624,0.6370072120702623,0.3644533326582791,0.4636416333891537,0.3183433356837255,0.6392220010253705,[[ 87181 8204][ 25106 14397]],87181,8204,25106,14397
2,137,0.8140725493431091,avg,0.7530543858608624,0.7067097207233854,0.6392220010253706,0.6516222343146701,0.3183433356837255,0.6392220010253706,,,,,
