client,round,loss,class,accuracy,precision,recall,f1_score,cohen_kappa_score,roc_auc_score,confusion_matrix,TP,FP,FN,TN
16,3,0.7376806139945984,awake,0.7061562184923789,0.7345055314852984,0.9153116318079363,0.8150011668611435,0.1409823889621742,0.5582177985381984,[[ 7945 31558][ 8078 87307]],7945,31558,8078,87307
16,3,0.7376806139945984,asleep,0.7061562184923789,0.49584971603320227,0.20112396526846063,0.28617224363361304,0.1409823889621742,0.5582177985381985,[[ 87307 8078][ 31558 7945]],87307,8078,31558,7945
16,3,0.7376806139945984,avg,0.7061562184923789,0.6151776237592503,0.5582177985381984,0.5505867052473783,0.1409823889621742,0.5582177985381984,,,,,
