client,round,loss,class,accuracy,precision,recall,f1_score,cohen_kappa_score,roc_auc_score,confusion_matrix,TP,FP,FN,TN
18,187,1.0547126531600952,awake,0.7372190261550323,0.747929747929748,0.947832468417466,0.8360984722376354,0.2176434925515599,0.5882493228349133,[[ 9033 30470][ 4976 90409]],9033,30470,4976,90409
18,187,1.0547126531600952,asleep,0.7372190261550323,0.6447997715754158,0.22866617725236058,0.3376065181641501,0.2176434925515599,0.5882493228349134,[[ 90409 4976][ 30470 9033]],90409,4976,30470,9033
18,187,1.0547126531600952,avg,0.7372190261550323,0.6963647597525819,0.5882493228349133,0.5868524952008928,0.2176434925515599,0.5882493228349133,,,,,
