client,round,loss,class,accuracy,precision,recall,f1_score,cohen_kappa_score,roc_auc_score,confusion_matrix,TP,FP,FN,TN
17,48,0.7350425124168396,awake,0.726765909495285,0.7442800023372482,0.9347801016931383,0.8287233251542865,0.19447722898558784,0.5796346904941908,[[ 8868 30635][ 6221 89164]],8868,30635,6221,89164
17,48,0.7350425124168396,asleep,0.726765909495285,0.5877129034395917,0.2244892792952434,0.32488276670574445,0.19447722898558784,0.5796346904941908,[[ 89164 6221][ 30635 8868]],89164,6221,30635,8868
17,48,0.7350425124168396,avg,0.726765909495285,0.6659964528884199,0.5796346904941908,0.5768030459300155,0.19447722898558784,0.5796346904941908,,,,,
