client,round,loss,class,accuracy,precision,recall,f1_score,cohen_kappa_score,roc_auc_score,confusion_matrix,TP,FP,FN,TN
11,175,0.7018218636512756,awake,0.7044511001719945,0.7853596356870445,0.8009540284111758,0.7930801810405681,0.2762666537688685,0.6361932889189008,[[ 18623 20880][ 18986 76399]],18623,20880,18986,76399
11,175,0.7018218636512756,asleep,0.7044511001719945,0.49517402749341916,0.4714325494266258,0.48301172320780167,0.2762666537688685,0.6361932889189008,[[ 76399 18986][ 20880 18623]],76399,18986,20880,18623
11,175,0.7018218636512756,avg,0.7044511001719945,0.6402668315902318,0.6361932889189008,0.6380459521241849,0.2762666537688685,0.6361932889189008,,,,,
