client,round,loss,class,accuracy,precision,recall,f1_score,cohen_kappa_score,roc_auc_score,confusion_matrix,TP,FP,FN,TN
10,42,1.3107322454452515,awake,0.4412475535258881,0.8047503045066992,0.2770666247313519,0.41221290699941515,0.07839211061571494,0.5573749193322355,[[ 33091 6412][ 68957 26428]],33091,6412,68957,26428
10,42,1.3107322454452515,asleep,0.4412475535258881,0.3242689714644089,0.837683213933119,0.46754879866620513,0.07839211061571494,0.5573749193322355,[[ 26428 68957][ 6412 33091]],26428,68957,6412,33091
10,42,1.3107322454452515,avg,0.4412475535258881,0.5645096379855541,0.5573749193322355,0.43988085283281014,0.07839211061571494,0.5573749193322355,,,,,
