client,round,loss,class,accuracy,precision,recall,f1_score,cohen_kappa_score,roc_auc_score,confusion_matrix,TP,FP,FN,TN
16,139,0.9436249732971191,awake,0.7328376134274361,0.7663638648522495,0.8950673585993605,0.8257305756108884,0.2680175677367067,0.6180903458819651,[[ 13475 26028][ 10009 85376]],13475,26028,10009,85376
16,139,0.9436249732971191,asleep,0.7328376134274361,0.5737949242037131,0.34111333316456977,0.427866067601251,0.2680175677367067,0.6180903458819651,[[ 85376 10009][ 26028 13475]],85376,10009,26028,13475
16,139,0.9436249732971191,avg,0.7328376134274361,0.6700793945279813,0.6180903458819651,0.6267983216060697,0.2680175677367067,0.6180903458819651,,,,,
