client,round,loss,class,accuracy,precision,recall,f1_score,cohen_kappa_score,roc_auc_score,confusion_matrix,TP,FP,FN,TN
18,36,0.8782598972320557,awake,0.7282931024257161,0.7288132952075234,0.980667819887823,0.8361879391414729,0.1317806445427836,0.5497850908668793,[[ 4697 34806][ 1844 93541]],4697,34806,1844,93541
18,36,0.8782598972320557,asleep,0.7282931024257161,0.7180859195841615,0.11890236184593575,0.20402223959690732,0.1317806445427836,0.5497850908668793,[[ 93541 1844][ 34806 4697]],93541,1844,34806,4697
18,36,0.8782598972320557,avg,0.7282931024257161,0.7234496073958424,0.5497850908668794,0.5201050893691901,0.1317806445427836,0.5497850908668793,,,,,
