client,round,loss,class,accuracy,precision,recall,f1_score,cohen_kappa_score,roc_auc_score,confusion_matrix,TP,FP,FN,TN
9,151,0.915930449962616,awake,0.7585849000652393,0.7710582407814913,0.936740577658961,0.8458625618888037,0.31266667866110265,0.6325730076103326,[[ 12973 26530][ 6034 89351]],12973,26530,6034,89351
9,151,0.915930449962616,asleep,0.7585849000652393,0.6825380123112538,0.32840543756170415,0.4434455648607076,0.31266667866110265,0.6325730076103326,[[ 89351 6034][ 26530 12973]],89351,6034,26530,12973
9,151,0.915930449962616,avg,0.7585849000652393,0.7267981265463725,0.6325730076103326,0.6446540633747556,0.31266667866110265,0.6325730076103326,,,,,
