client,round,loss,class,accuracy,precision,recall,f1_score,cohen_kappa_score,roc_auc_score,confusion_matrix,TP,FP,FN,TN
5,5,0.6624047160148621,awake,0.5988004863293992,0.7708656042426948,0.6156418724118048,0.6845648537272023,0.15211190551963683,0.5868883488074769,[[ 22048 17455][ 36662 58723]],22048,17455,36662,58723
5,5,0.6624047160148621,asleep,0.5988004863293992,0.3755407937319026,0.5581348252031492,0.448983332145439,0.15211190551963683,0.586888348807477,[[ 58723 36662][ 17455 22048]],58723,36662,17455,22048
5,5,0.6624047160148621,avg,0.5988004863293992,0.5732031989872987,0.586888348807477,0.5667740929363206,0.15211190551963683,0.586888348807477,,,,,
