client,round,loss,class,accuracy,precision,recall,f1_score,cohen_kappa_score,roc_auc_score,confusion_matrix,TP,FP,FN,TN
5,154,0.9178577661514282,awake,0.5832542553822431,0.7605251606209346,0.5994024217644284,0.6704189678826468,0.12494234307079011,0.5718324414216669,[[ 21500 18003][ 38211 57174]],21500,18003,38211,57174
5,154,0.9178577661514282,asleep,0.5832542553822431,0.3600676592252684,0.5442624610789054,0.4334065756848832,0.12494234307079011,0.5718324414216669,[[ 57174 38211][ 18003 21500]],57174,38211,18003,21500
5,154,0.9178577661514282,avg,0.5832542553822431,0.5602964099231015,0.5718324414216669,0.551912771783765,0.12494234307079011,0.5718324414216669,,,,,
