client,round,loss,class,accuracy,precision,recall,f1_score,cohen_kappa_score,roc_auc_score,confusion_matrix,TP,FP,FN,TN
10,194,2.366633892059326,awake,0.4011327916493684,0.8187611855602601,0.19664517481784347,0.3171251289160904,0.059540227462850814,0.5457696167484656,[[ 35351 4152][ 76628 18757]],35351,4152,76628,18757
10,194,2.366633892059326,asleep,0.4011327916493684,0.315693121031622,0.8948940586790877,0.4667353216883854,0.059540227462850814,0.5457696167484656,[[ 18757 76628][ 4152 35351]],18757,76628,4152,35351
10,194,2.366633892059326,avg,0.4011327916493684,0.5672271532959411,0.5457696167484656,0.39193022530223787,0.059540227462850814,0.5457696167484656,,,,,
