client,round,loss,class,accuracy,precision,recall,f1_score,cohen_kappa_score,roc_auc_score,confusion_matrix,TP,FP,FN,TN
9,139,1.015989899635315,awake,0.7496515627780084,0.7568574811158727,0.9517114850343346,0.8431734060289698,0.2609896623021899,0.606731878506839,[[ 10340 29163][ 4606 90779]],10340,29163,4606,90779
9,139,1.015989899635315,asleep,0.7496515627780084,0.6918238993710691,0.26175227197934336,0.37980495509559403,0.2609896623021899,0.606731878506839,[[ 90779 4606][ 29163 10340]],90779,4606,29163,10340
9,139,1.015989899635315,avg,0.7496515627780084,0.7243406902434709,0.606731878506839,0.611489180562282,0.2609896623021899,0.606731878506839,,,,,
