client,round,loss,class,accuracy,precision,recall,f1_score,cohen_kappa_score,roc_auc_score,confusion_matrix,TP,FP,FN,TN
12,115,1.224449634552002,awake,0.7074832453591128,0.7476048805539323,0.885181108140693,0.8105970056114784,0.188069826948008,0.5817951714411791,[[ 10998 28505][ 10952 84433]],10998,28505,10952,84433
12,115,1.224449634552002,asleep,0.7074832453591128,0.5010478359908884,0.2784092347416652,0.35793207817356354,0.188069826948008,0.5817951714411791,[[ 84433 10952][ 28505 10998]],84433,10952,28505,10998
12,115,1.224449634552002,avg,0.7074832453591128,0.6243263582724103,0.5817951714411791,0.584264541892521,0.188069826948008,0.5817951714411791,,,,,
