client,round,loss,class,accuracy,precision,recall,f1_score,cohen_kappa_score,roc_auc_score,confusion_matrix,TP,FP,FN,TN
11,87,0.6845536828041077,awake,0.7074387640116244,0.7995864226631809,0.782376683964984,0.7908879433225412,0.304236728650355,0.6544341714131682,[[ 20798 18705][ 20758 74627]],20798,18705,20758,74627
11,87,0.6845536828041077,asleep,0.7074387640116244,0.5004812782750987,0.5264916588613523,0.513157083112301,0.304236728650355,0.6544341714131681,[[ 74627 20758][ 18705 20798]],74627,20758,18705,20798
11,87,0.6845536828041077,avg,0.7074387640116244,0.6500338504691399,0.6544341714131682,0.6520225132174211,0.304236728650355,0.6544341714131681,,,,,
