client,round,loss,class,accuracy,precision,recall,f1_score,cohen_kappa_score,roc_auc_score,confusion_matrix,TP,FP,FN,TN
14,104,0.7856557369232178,awake,0.7475905936777179,0.7551879649198715,0.951512292289144,0.842058385559942,0.25328103379861056,0.6033540501012336,[[ 10081 29422][ 4625 90760]],10081,29422,4625,90760
14,104,0.7856557369232178,asleep,0.7475905936777179,0.6855025159798721,0.255195807913323,0.3719308601892674,0.25328103379861056,0.6033540501012334,[[ 90760 4625][ 29422 10081]],90760,4625,29422,10081
14,104,0.7856557369232178,avg,0.7475905936777179,0.7203452404498718,0.6033540501012336,0.6069946228746047,0.25328103379861056,0.6033540501012336,,,,,
