client,round,loss,class,accuracy,precision,recall,f1_score,cohen_kappa_score,roc_auc_score,confusion_matrix,TP,FP,FN,TN
12,59,1.162972331047058,awake,0.7033835478322756,0.7424495836215729,0.8888923834984537,0.8090980227498281,0.16774366393802587,0.5721706683712555,[[ 10091 29412][ 10598 84787]],10091,29412,10598,84787
12,59,1.162972331047058,asleep,0.7033835478322756,0.48774711199187976,0.2554489532440574,0.3352937267410952,0.16774366393802587,0.5721706683712555,[[ 84787 10598][ 29412 10091]],84787,10598,29412,10091
12,59,1.162972331047058,avg,0.7033835478322756,0.6150983478067263,0.5721706683712555,0.5721958747454616,0.16774366393802587,0.5721706683712555,,,,,
