client,round,loss,class,accuracy,precision,recall,f1_score,cohen_kappa_score,roc_auc_score,confusion_matrix,TP,FP,FN,TN
5,177,0.9103317260742188,awake,0.6005056046497835,0.7616255611035456,0.6332547046181265,0.6915331467202464,0.13820689801620256,0.5773417284323956,[[ 20598 18905][ 34982 60403]],20598,18905,34982,60403
5,177,0.9103317260742188,asleep,0.6005056046497835,0.3706009355883411,0.5214287522466649,0.4332635697232944,0.13820689801620256,0.5773417284323956,[[ 60403 34982][ 18905 20598]],60403,34982,18905,20598
5,177,0.9103317260742188,avg,0.6005056046497835,0.5661132483459433,0.5773417284323956,0.5623983582217704,0.13820689801620256,0.5773417284323956,,,,,
