client,round,loss,class,accuracy,precision,recall,f1_score,cohen_kappa_score,roc_auc_score,confusion_matrix,TP,FP,FN,TN
15,69,1.2045233249664307,awake,0.3782248976929008,0.6257617789039122,0.30034072443256277,0.4058767691937152,-0.09750704439179247,0.4333134146426794,[[ 22370 17133][ 66737 28648]],22370,17133,66737,28648
15,69,1.2045233249664307,asleep,0.3782248976929008,0.2510464946637189,0.566286104852796,0.34787341575305186,-0.09750704439179247,0.43331341464267936,[[ 28648 66737][ 17133 22370]],28648,66737,17133,22370
15,69,1.2045233249664307,avg,0.3782248976929008,0.4384041367838155,0.43331341464267936,0.3768750924733835,-0.09750704439179247,0.43331341464267936,,,,,
