client,round,loss,class,accuracy,precision,recall,f1_score,cohen_kappa_score,roc_auc_score,confusion_matrix,TP,FP,FN,TN
10,83,1.3879724740982056,awake,0.40011713421505246,0.8131330620725479,0.19693872202128218,0.3170811987813009,0.05706748701016351,0.5438279413716263,[[ 35186 4317][ 76600 18785]],35186,4317,76600,18785
10,83,1.3879724740982056,asleep,0.40011713421505246,0.3147621347932657,0.8907171607219705,0.4651494821170078,0.05706748701016351,0.5438279413716263,[[ 18785 76600][ 4317 35186]],18785,76600,4317,35186
10,83,1.3879724740982056,avg,0.40011713421505246,0.5639475984329068,0.5438279413716264,0.39111534044915436,0.05706748701016351,0.5438279413716263,,,,,
