client,round,loss,class,accuracy,precision,recall,f1_score,cohen_kappa_score,roc_auc_score,confusion_matrix,TP,FP,FN,TN
10,87,1.4424549341201782,awake,0.3949424707905818,0.7666950728230555,0.20750642134507521,0.326614466877336,0.036306988778221916,0.5275184943218807,[[ 33480 6023][ 75592 19793]],33480,6023,75592,19793
10,87,1.4424549341201782,asleep,0.3949424707905818,0.3069532052222385,0.8475305672986861,0.45068147400302877,0.036306988778221916,0.5275184943218807,[[ 19793 75592][ 6023 33480]],19793,75592,6023,33480
10,87,1.4424549341201782,avg,0.3949424707905818,0.536824139022647,0.5275184943218807,0.3886479704401824,0.036306988778221916,0.5275184943218807,,,,,
