client,round,loss,class,accuracy,precision,recall,f1_score,cohen_kappa_score,roc_auc_score,confusion_matrix,TP,FP,FN,TN
5,102,0.9073142409324646,awake,0.559968269972125,0.7644675416189554,0.5459348954238088,0.636979137997468,0.11627780485874184,0.5698942633967891,[[ 23459 16044][ 43311 52074]],23459,16044,43311,52074
5,102,0.9073142409324646,asleep,0.559968269972125,0.35134042234536467,0.5938536313697694,0.44148560782136576,0.11627780485874184,0.5698942633967892,[[ 52074 43311][ 16044 23459]],52074,43311,16044,23459
5,102,0.9073142409324646,avg,0.559968269972125,0.5579039819821601,0.5698942633967892,0.5392323729094168,0.11627780485874184,0.5698942633967892,,,,,
