client,round,loss,class,accuracy,precision,recall,f1_score,cohen_kappa_score,roc_auc_score,confusion_matrix,TP,FP,FN,TN
3,124,1.1521650552749634,awake,0.5918020876579088,0.7958908130319929,0.5685589977459768,0.6632869591805535,0.18009886854903145,0.6082422358803043,[[ 25595 13908][ 41153 54232]],25595,13908,41153,54232
3,124,1.1521650552749634,asleep,0.5918020876579088,0.38345718223767006,0.6479254740146319,0.48178370085928607,0.18009886854903145,0.6082422358803043,[[ 54232 41153][ 13908 25595]],54232,41153,13908,25595
3,124,1.1521650552749634,avg,0.5918020876579088,0.5896739976348315,0.6082422358803043,0.5725353300199197,0.18009886854903145,0.6082422358803043,,,,,
