client,round,loss,class,accuracy,precision,recall,f1_score,cohen_kappa_score,roc_auc_score,confusion_matrix,TP,FP,FN,TN
13,152,0.7625336050987244,awake,0.7203605954569717,0.8105177000204624,0.7890024636997431,0.7996153805289049,0.33728580131623687,0.6718092844028422,[[ 21909 17594][ 20126 75259]],21909,17594,20126,75259
13,152,0.7625336050987244,asleep,0.7203605954569717,0.5212085167122635,0.5546161051059413,0.5373936078883466,0.33728580131623687,0.6718092844028423,[[ 75259 20126][ 17594 21909]],75259,20126,17594,21909
13,152,0.7625336050987244,avg,0.7203605954569717,0.665863108366363,0.6718092844028423,0.6685044942086258,0.33728580131623687,0.6718092844028423,,,,,
