client,round,loss,class,accuracy,precision,recall,f1_score,cohen_kappa_score,roc_auc_score,confusion_matrix,TP,FP,FN,TN
14,37,0.7680916786193848,awake,0.7546408872546112,0.7591768122695914,0.956418724118048,0.84645932304038,0.27423728549178616,0.6119207257529207,[[ 10564 28939][ 4157 91228]],10564,28939,4157,91228
14,37,0.7680916786193848,asleep,0.7546408872546112,0.7176142925073025,0.2674227273877933,0.3896429625258188,0.27423728549178616,0.6119207257529207,[[ 91228 4157][ 28939 10564]],91228,4157,28939,10564
14,37,0.7680916786193848,avg,0.7546408872546112,0.7383955523884469,0.6119207257529207,0.6180511427830994,0.27423728549178616,0.6119207257529207,,,,,
