client,round,loss,class,accuracy,precision,recall,f1_score,cohen_kappa_score,roc_auc_score,confusion_matrix,TP,FP,FN,TN
5,86,0.8639890551567078,awake,0.5811413913765494,0.7811307113938692,0.5663678775488808,0.6566349630800086,0.15335852450321819,0.5915908952081289,[[ 24366 15137][ 41362 54023]],24366,15137,41362,54023
5,86,0.8639890551567078,asleep,0.5811413913765494,0.3707095910418695,0.6168139128673772,0.4630954756678165,0.15335852450321819,0.591590895208129,[[ 54023 41362][ 15137 24366]],54023,41362,15137,24366
5,86,0.8639890551567078,avg,0.5811413913765494,0.5759201512178693,0.591590895208129,0.5598652193739125,0.15335852450321819,0.591590895208129,,,,,
