client,round,loss,class,accuracy,precision,recall,f1_score,cohen_kappa_score,roc_auc_score,confusion_matrix,TP,FP,FN,TN
5,4,0.6699190139770508,awake,0.582060672557974,0.7771068932204352,0.5734549457461865,0.6599265260325866,0.14872697285108405,0.5881476181785131,[[ 23814 15689][ 40686 54699]],23814,15689,40686,54699
5,4,0.6699190139770508,asleep,0.582060672557974,0.3692093023255814,0.6028402906108397,0.45794832841360344,0.14872697285108405,0.588147618178513,[[ 54699 40686][ 15689 23814]],54699,40686,15689,23814
5,4,0.6699190139770508,avg,0.582060672557974,0.5731580977730083,0.588147618178513,0.558937427223095,0.14872697285108405,0.588147618178513,,,,,
