client,round,loss,class,accuracy,precision,recall,f1_score,cohen_kappa_score,roc_auc_score,confusion_matrix,TP,FP,FN,TN
3,93,1.158180832862854,awake,0.5553422098333433,0.7847789717521395,0.5114535828484562,0.6192993925699306,0.13862163952869122,0.5863852224294682,[[ 26124 13379][ 46600 48785]],26124,13379,46600,48785
3,93,1.158180832862854,asleep,0.5553422098333433,0.35922116495242284,0.6613168620104802,0.4655564169050228,0.13862163952869122,0.5863852224294683,[[ 48785 46600][ 13379 26124]],48785,46600,13379,26124
3,93,1.158180832862854,avg,0.5553422098333433,0.5720000683522812,0.5863852224294682,0.5424279047374767,0.13862163952869122,0.5863852224294683,,,,,
