client,round,loss,class,accuracy,precision,recall,f1_score,cohen_kappa_score,roc_auc_score,confusion_matrix,TP,FP,FN,TN
17,180,0.8892031311988831,awake,0.7127616985943894,0.7338061192477255,0.9318341458300572,0.821048353201454,0.14289283806751796,0.5578088279716066,[[ 7260 32243][ 6502 88883]],7260,32243,6502,88883
17,180,0.8892031311988831,asleep,0.7127616985943894,0.5275396018020636,0.18378351011315597,0.272599267811884,0.14289283806751796,0.5578088279716066,[[ 88883 6502][ 32243 7260]],88883,6502,32243,7260
17,180,0.8892031311988831,avg,0.7127616985943894,0.6306728605248946,0.5578088279716066,0.546823810506669,0.14289283806751796,0.5578088279716066,,,,,
