client,round,loss,class,accuracy,precision,recall,f1_score,cohen_kappa_score,roc_auc_score,confusion_matrix,TP,FP,FN,TN
13,48,0.7012543678283691,awake,0.7515494336041754,0.7806953870721881,0.9020495885097237,0.8369966487837858,0.3260451493544386,0.6450986620623702,[[ 15333 24170][ 9343 86042]],15333,24170,9343,86042
13,48,0.7012543678283691,asleep,0.7515494336041754,0.6213729940022694,0.3881477356150166,0.47781984761370544,0.3260451493544386,0.6450986620623701,[[ 86042 9343][ 24170 15333]],86042,9343,24170,15333
13,48,0.7012543678283691,avg,0.7515494336041754,0.7010341905372288,0.6450986620623702,0.6574082481987455,0.3260451493544386,0.6450986620623702,,,,,
