client,round,loss,class,accuracy,precision,recall,f1_score,cohen_kappa_score,roc_auc_score,confusion_matrix,TP,FP,FN,TN
6,35,0.7650957703590393,awake,0.6349638218373762,0.8044172361928384,0.6391990354877601,0.7123537349791739,0.2304569554885214,0.6319681986035616,[[ 24679 14824][ 34415 60970]],24679,14824,34415,60970
6,35,0.7650957703590393,asleep,0.6349638218373762,0.4176227705012353,0.6247373617193631,0.500603466636916,0.2304569554885214,0.6319681986035617,[[ 60970 34415][ 14824 24679]],60970,34415,14824,24679
6,35,0.7650957703590393,avg,0.6349638218373762,0.6110200033470369,0.6319681986035617,0.6064786008080449,0.2304569554885214,0.6319681986035617,,,,,
