client,round,loss,class,accuracy,precision,recall,f1_score,cohen_kappa_score,roc_auc_score,confusion_matrix,TP,FP,FN,TN
16,114,0.9135027527809143,awake,0.7379826226202479,0.7764771973771458,0.8839230486973843,0.8267236687928068,0.2987547027809889,0.6347570082359919,[[ 15232 24271][ 11072 84313]],15232,24271,11072,84313
16,114,0.9135027527809143,asleep,0.7379826226202479,0.5790754257907542,0.3855909677745994,0.4629294755877034,0.2987547027809889,0.6347570082359919,[[ 84313 11072][ 24271 15232]],84313,11072,24271,15232
16,114,0.9135027527809143,avg,0.7379826226202479,0.67777631158395,0.6347570082359918,0.6448265721902551,0.2987547027809889,0.6347570082359919,,,,,
