client,round,loss,class,accuracy,precision,recall,f1_score,cohen_kappa_score,roc_auc_score,confusion_matrix,TP,FP,FN,TN
14,30,0.7761343121528625,awake,0.7549003617816262,0.7688465188508325,0.9342873617445091,0.8435315554083154,0.3019994201730113,0.6280175385539496,[[ 12710 26793][ 6268 89117]],12710,26793,6268,89117
14,30,0.7761343121528625,asleep,0.7549003617816262,0.6697228369691222,0.32174771536339014,0.43467108975564717,0.3019994201730113,0.6280175385539496,[[ 89117 6268][ 26793 12710]],89117,6268,26793,12710
14,30,0.7761343121528625,avg,0.7549003617816262,0.7192846779099773,0.6280175385539496,0.6391013225819813,0.3019994201730113,0.6280175385539496,,,,,
