client,round,loss,class,accuracy,precision,recall,f1_score,cohen_kappa_score,roc_auc_score,confusion_matrix,TP,FP,FN,TN
12,49,1.0918669700622559,awake,0.7108415870944784,0.7538792676447014,0.8776012999947581,0.8110491028175018,0.21017785487835905,0.5928902128153929,[[ 12174 27329][ 11675 83710]],12174,27329,11675,83710
12,49,1.0918669700622559,asleep,0.7108415870944784,0.5104616545767118,0.3081791256360276,0.3843288293976512,0.21017785487835905,0.5928902128153929,[[ 83710 11675][ 27329 12174]],83710,11675,27329,12174
12,49,1.0918669700622559,avg,0.7108415870944784,0.6321704611107066,0.5928902128153929,0.5976889661075765,0.21017785487835905,0.5928902128153929,,,,,
