client,round,loss,class,accuracy,precision,recall,f1_score,cohen_kappa_score,roc_auc_score,confusion_matrix,TP,FP,FN,TN
7,44,0.6137842535972595,awake,0.6988464503884705,0.7817925470057323,0.7964145305865702,0.7890358029435898,0.2631517168149895,0.6298352429152378,[[ 18300 21203][ 19419 75966]],18300,21203,19419,75966
7,44,0.6137842535972595,asleep,0.6988464503884705,0.4851666268989104,0.4632559552439055,0.47395819844085885,0.2631517168149895,0.6298352429152378,[[ 75966 19419][ 21203 18300]],75966,19419,21203,18300
7,44,0.6137842535972595,avg,0.6988464503884705,0.6334795869523213,0.6298352429152378,0.6314970006922243,0.2631517168149895,0.6298352429152378,,,,,
