client,round,loss,class,accuracy,precision,recall,f1_score,cohen_kappa_score,roc_auc_score,confusion_matrix,TP,FP,FN,TN
5,9,0.6826797127723694,awake,0.5843588755115355,0.7540117315692912,0.6118257587671018,0.6755178460843949,0.11457972654863613,0.5649311817909629,[[ 20464 19039][ 37026 58359]],20464,19039,37026,58359
5,9,0.6826797127723694,asleep,0.5843588755115355,0.3559575578361454,0.5180366048148242,0.42196859567185263,0.11457972654863613,0.564931181790963,[[ 58359 37026][ 19039 20464]],58359,37026,19039,20464
5,9,0.6826797127723694,avg,0.5843588755115355,0.5549846447027184,0.564931181790963,0.5487432208781238,0.11457972654863613,0.564931181790963,,,,,
