client,round,loss,class,accuracy,precision,recall,f1_score,cohen_kappa_score,roc_auc_score,confusion_matrix,TP,FP,FN,TN
4,138,1.297926425933838,awake,0.7282115532886543,0.7390847650842766,0.9515856790900037,0.8319805678406929,0.17628183303264766,0.5702160479089236,[[ 7460 32043][ 4618 90767]],7460,32043,4618,90767
4,138,1.297926425933838,asleep,0.7282115532886543,0.617651929127339,0.18884641672784344,0.28925379500203563,0.17628183303264766,0.5702160479089236,[[ 90767 4618][ 32043 7460]],90767,4618,32043,7460
4,138,1.297926425933838,avg,0.7282115532886543,0.6783683471058077,0.5702160479089236,0.5606171814213643,0.17628183303264766,0.5702160479089236,,,,,
