client,round,loss,class,accuracy,precision,recall,f1_score,cohen_kappa_score,roc_auc_score,confusion_matrix,TP,FP,FN,TN
5,175,0.9937793016433716,awake,0.567626475298025,0.7578008708595912,0.5710856004612884,0.6513260157352272,0.11101276298161633,0.5651797898263711,[[ 22093 17410][ 40912 54473]],22093,17410,40912,54473
5,175,0.9937793016433716,asleep,0.567626475298025,0.3506547099436553,0.5592739791914538,0.4310492839583252,0.11101276298161633,0.5651797898263712,[[ 54473 40912][ 17410 22093]],54473,40912,17410,22093
5,175,0.9937793016433716,avg,0.567626475298025,0.5542277904016233,0.5651797898263711,0.5411876498467763,0.11101276298161633,0.5651797898263711,,,,,
