client,round,loss,class,accuracy,precision,recall,f1_score,cohen_kappa_score,roc_auc_score,confusion_matrix,TP,FP,FN,TN
6,181,1.0016742944717407,awake,0.5936703042524168,0.7665195344315704,0.6117209204801594,0.680427037963465,0.1415818933727968,0.5809028620829777,[[ 21730 17773][ 37036 58349]],21730,17773,37036,58349
6,181,1.0016742944717407,asleep,0.5936703042524168,0.3697716366606541,0.550084803685796,0.4422554416957535,0.1415818933727968,0.5809028620829777,[[ 58349 37036][ 17773 21730]],58349,37036,17773,21730
6,181,1.0016742944717407,avg,0.5936703042524168,0.5681455855461123,0.5809028620829777,0.5613412398296093,0.1415818933727968,0.5809028620829777,,,,,
