client,round,loss,class,accuracy,precision,recall,f1_score,cohen_kappa_score,roc_auc_score,confusion_matrix,TP,FP,FN,TN
15,39,1.1168005466461182,awake,0.40107348318605063,0.6535201194758209,0.32572207370131573,0.43475644739235686,-0.06736068414351282,0.45437054245782693,[[ 23031 16472][ 64316 31069]],23031,16472,64316,31069
15,39,1.1168005466461182,asleep,0.40107348318605063,0.2636724787342439,0.5830190112143382,0.3631217973985022,-0.06736068414351282,0.45437054245782693,[[ 31069 64316][ 16472 23031]],31069,64316,16472,23031
15,39,1.1168005466461182,avg,0.40107348318605063,0.4585962991050324,0.45437054245782693,0.3989391223954295,-0.06736068414351282,0.45437054245782693,,,,,
