client,round,loss,class,accuracy,precision,recall,f1_score,cohen_kappa_score,roc_auc_score,confusion_matrix,TP,FP,FN,TN
17,136,0.802145779132843,awake,0.7161496945614139,0.7428027113685267,0.9156366304974577,0.8202137450461111,0.17966911949486475,0.5750499179118177,[[ 9262 30241][ 8047 87338]],9262,30241,8047,87338
17,136,0.802145779132843,asleep,0.7161496945614139,0.5350973482003581,0.23446320532617776,0.32605787509681045,0.17966911949486475,0.5750499179118177,[[ 87338 8047][ 30241 9262]],87338,8047,30241,9262
17,136,0.802145779132843,avg,0.7161496945614139,0.6389500297844424,0.5750499179118177,0.5731358100714607,0.17966911949486475,0.5750499179118177,,,,,
