client,round,loss,class,accuracy,precision,recall,f1_score,cohen_kappa_score,roc_auc_score,confusion_matrix,TP,FP,FN,TN
9,122,0.9517070651054382,awake,0.7532619654824744,0.7628787429838894,0.944718771295277,0.8441167929706893,0.2834769351447868,0.6178420072206836,[[ 11494 28009][ 5273 90112]],11494,28009,5273,90112
9,122,0.9517070651054382,asleep,0.7532619654824744,0.6855132104729528,0.2909652431460902,0.40853030033765775,0.2834769351447868,0.6178420072206837,[[ 90112 5273][ 28009 11494]],90112,5273,28009,11494
9,122,0.9517070651054382,avg,0.7532619654824744,0.7241959767284211,0.6178420072206836,0.6263235466541736,0.2834769351447868,0.6178420072206836,,,,,
