client,round,loss,class,accuracy,precision,recall,f1_score,cohen_kappa_score,roc_auc_score,confusion_matrix,TP,FP,FN,TN
9,142,0.9690558910369873,awake,0.7492364035347844,0.7578407720144753,0.9484510143104262,0.8424993364717058,0.26354329648100006,0.608329246111748,[[ 10595 28908][ 4917 90468]],10595,28908,4917,90468
9,142,0.9690558910369873,asleep,0.7492364035347844,0.683019597730789,0.26820747791306987,0.38516768154139774,0.26354329648100006,0.608329246111748,[[ 90468 4917][ 28908 10595]],90468,4917,28908,10595
9,142,0.9690558910369873,avg,0.7492364035347844,0.7204301848726322,0.608329246111748,0.6138335090065518,0.26354329648100006,0.608329246111748,,,,,
