client,round,loss,class,accuracy,precision,recall,f1_score,cohen_kappa_score,roc_auc_score,confusion_matrix,TP,FP,FN,TN
1,132,1.100109338760376,awake,0.5669073601802977,0.7027222673130498,0.6716989044399014,0.6868604570135989,-0.013989367325952795,0.49278690000872627,[[ 12399 27104][ 31315 64070]],12399,27104,31315,64070
1,132,1.100109338760376,asleep,0.5669073601802977,0.28363910875234477,0.31387489557755105,0.29799199682757127,-0.013989367325952795,0.49278690000872627,[[ 64070 31315][ 27104 12399]],64070,31315,27104,12399
1,132,1.100109338760376,avg,0.5669073601802977,0.49318068803269727,0.49278690000872627,0.4924262269205851,-0.013989367325952795,0.49278690000872627,,,,,
