client,round,loss,class,accuracy,precision,recall,f1_score,cohen_kappa_score,roc_auc_score,confusion_matrix,TP,FP,FN,TN
14,117,0.8361311554908752,awake,0.7414892355139079,0.7469415403700348,0.9595009697541542,0.8399827454867516,0.21856689426218978,0.5872866213730394,[[ 8496 31007][ 3863 91522]],8496,31007,3863,91522
14,117,0.8361311554908752,asleep,0.7414892355139079,0.6874342584351485,0.21507227299192466,0.32763873356214573,0.21856689426218978,0.5872866213730394,[[ 91522 3863][ 31007 8496]],91522,3863,31007,8496
14,117,0.8361311554908752,avg,0.7414892355139079,0.7171878994025916,0.5872866213730394,0.5838107395244486,0.21856689426218978,0.5872866213730394,,,,,
