client,round,loss,class,accuracy,precision,recall,f1_score,cohen_kappa_score,roc_auc_score,confusion_matrix,TP,FP,FN,TN
12,12,1.037664771080017,awake,0.7078687503706779,0.7491898436665361,0.8822351522776117,0.8102874694885632,0.19336207600377808,0.5845370632663658,[[ 11331 28172][ 11233 84152]],11331,28172,11233,84152
12,12,1.037664771080017,asleep,0.7078687503706779,0.5021716007800036,0.28683897425511984,0.36512156218280245,0.19336207600377808,0.5845370632663658,[[ 84152 11233][ 28172 11331]],84152,11233,28172,11331
12,12,1.037664771080017,avg,0.7078687503706779,0.6256807222232699,0.5845370632663658,0.5877045158356828,0.19336207600377808,0.5845370632663658,,,,,
