client,round,loss,class,accuracy,precision,recall,f1_score,cohen_kappa_score,roc_auc_score,confusion_matrix,TP,FP,FN,TN
10,117,1.7029900550842285,awake,0.3995092224660459,0.7903447162347622,0.2052733658332023,0.3259015138275119,0.048430964755886485,0.5368948405248841,[[ 34309 5194][ 75805 19580]],34309,5194,75805,19580
10,117,1.7029900550842285,asleep,0.3995092224660459,0.311577092831066,0.8685163152165658,0.4586243541843507,0.048430964755886485,0.5368948405248841,[[ 19580 75805][ 5194 34309]],19580,75805,5194,34309
10,117,1.7029900550842285,avg,0.3995092224660459,0.5509609045329141,0.536894840524884,0.3922629340059313,0.048430964755886485,0.5368948405248841,,,,,
