client,round,loss,class,accuracy,precision,recall,f1_score,cohen_kappa_score,roc_auc_score,confusion_matrix,TP,FP,FN,TN
18,15,0.8150414228439331,awake,0.7228663780321452,0.7257540964465029,0.9774492844786916,0.8330042439133347,0.11341321426450512,0.5427964848842082,[[ 4272 35231][ 2151 93234]],4272,35231,2151,93234
18,15,0.8150414228439331,asleep,0.7228663780321452,0.6651097617935544,0.10814368528972483,0.18603840961546836,0.11341321426450512,0.5427964848842083,[[ 93234 2151][ 35231 4272]],93234,2151,35231,4272
18,15,0.8150414228439331,avg,0.7228663780321452,0.6954319291200286,0.5427964848842082,0.5095213267644015,0.11341321426450512,0.5427964848842082,,,,,
