client,round,loss,class,accuracy,precision,recall,f1_score,cohen_kappa_score,roc_auc_score,confusion_matrix,TP,FP,FN,TN
3,34,0.8390404582023621,awake,0.6480413379989325,0.7997597417223515,0.6700424595062117,0.7291770061437887,0.23769072834396032,0.6324796506325328,[[ 23501 16002][ 31473 63912]],23501,16002,31473,63912
3,34,0.8390404582023621,asleep,0.6480413379989325,0.42749299668934404,0.5949168417588537,0.4974967452395822,0.23769072834396032,0.6324796506325328,[[ 63912 31473][ 16002 23501]],63912,31473,16002,23501
3,34,0.8390404582023621,avg,0.6480413379989325,0.6136263692058478,0.6324796506325328,0.6133368756916855,0.23769072834396032,0.6324796506325328,,,,,
