client,round,loss,class,accuracy,precision,recall,f1_score,cohen_kappa_score,roc_auc_score,confusion_matrix,TP,FP,FN,TN
12,31,1.0904361009597778,awake,0.6939312614910148,0.748347410943812,0.854536876867432,0.7979246714471012,0.17859003411109298,0.5803327626622556,[[ 12093 27410][ 13875 81510]],12093,27410,13875,81510
12,31,1.0904361009597778,asleep,0.6939312614910148,0.46568853974122,0.3061286484570792,0.3694154663896993,0.17859003411109298,0.5803327626622556,[[ 81510 13875][ 27410 12093]],81510,13875,27410,12093
12,31,1.0904361009597778,avg,0.6939312614910148,0.607017975342516,0.5803327626622556,0.5836700689184002,0.17859003411109298,0.5803327626622556,,,,,
