client,round,loss,class,accuracy,precision,recall,f1_score,cohen_kappa_score,roc_auc_score,confusion_matrix,TP,FP,FN,TN
7,173,0.838651180267334,awake,0.6034117193523516,0.807282650156979,0.5768831577292027,0.672907482252808,0.20330970148633631,0.6221757256382641,[[ 26367 13136][ 40359 55026]],26367,13136,40359,55026
7,173,0.838651180267334,asleep,0.6034117193523516,0.3951533135509397,0.6674682935473255,0.4964181155804912,0.20330970148633631,0.6221757256382641,[[ 55026 40359][ 13136 26367]],55026,40359,13136,26367
7,173,0.838651180267334,avg,0.6034117193523516,0.6012179818539594,0.6221757256382641,0.5846627989166496,0.20330970148633631,0.6221757256382641,,,,,
