client,round,loss,class,accuracy,precision,recall,f1_score,cohen_kappa_score,roc_auc_score,confusion_matrix,TP,FP,FN,TN
11,171,0.6841089129447937,awake,0.7041174900658324,0.7927387862796834,0.78746134088169,0.7900912509532699,0.2889738352317677,0.6451672701927625,[[ 19865 19638][ 20273 75112]],19865,19638,20273,75112
11,171,0.6841089129447937,asleep,0.7041174900658324,0.49491753450595444,0.5028731995038351,0.49886365063221205,0.2889738352317677,0.6451672701927625,[[ 75112 20273][ 19638 19865]],75112,20273,19638,19865
11,171,0.6841089129447937,avg,0.7041174900658324,0.6438281603928189,0.6451672701927625,0.644477450792741,0.2889738352317677,0.6451672701927625,,,,,
