client,round,loss,class,accuracy,precision,recall,f1_score,cohen_kappa_score,roc_auc_score,confusion_matrix,TP,FP,FN,TN
18,34,0.8126146793365479,awake,0.7376860803036593,0.743352638665823,0.9607590291974629,0.8381877466650203,0.20148829690779158,0.5799036013769509,[[ 7863 31640][ 3743 91642]],7863,31640,3743,91642
18,34,0.8126146793365479,asleep,0.7376860803036593,0.677494399448561,0.19904817355643875,0.30769531785008514,0.20148829690779158,0.5799036013769507,[[ 91642 3743][ 31640 7863]],91642,3743,31640,7863
18,34,0.8126146793365479,avg,0.7376860803036593,0.710423519057192,0.5799036013769509,0.5729415322575527,0.20148829690779158,0.5799036013769507,,,,,
