client,round,loss,class,accuracy,precision,recall,f1_score,cohen_kappa_score,roc_auc_score,confusion_matrix,TP,FP,FN,TN
18,197,1.315758466720581,awake,0.722117608682759,0.7230431432973806,0.9839178067830372,0.833545751271177,0.09920192321267018,0.536942828663017,[[ 3554 35949][ 1534 93851]],3554,35949,1534,93851
18,197,1.315758466720581,asleep,0.722117608682759,0.6985062893081762,0.08996785054299673,0.1594043641093494,0.09920192321267018,0.536942828663017,[[ 93851 1534][ 35949 3554]],93851,1534,35949,3554
18,197,1.315758466720581,avg,0.722117608682759,0.7107747163027784,0.536942828663017,0.49647505769026323,0.09920192321267018,0.536942828663017,,,,,
