client,round,loss,class,accuracy,precision,recall,f1_score,cohen_kappa_score,roc_auc_score,confusion_matrix,TP,FP,FN,TN
4,89,1.3734313249588013,awake,0.7149412846213155,0.7245208612666614,0.9630654715101955,0.8269337234162261,0.10282533558002149,0.5394397301605859,[[ 4575 34928][ 3523 91862]],4575,34928,3523,91862
4,89,1.3734313249588013,asleep,0.7149412846213155,0.5649543097061003,0.11581398881097638,0.19222285246108273,0.10282533558002149,0.539439730160586,[[ 91862 3523][ 34928 4575]],91862,3523,34928,4575
4,89,1.3734313249588013,avg,0.7149412846213155,0.6447375854863808,0.539439730160586,0.5095782879386543,0.10282533558002149,0.539439730160586,,,,,
