client,round,loss,class,accuracy,precision,recall,f1_score,cohen_kappa_score,roc_auc_score,confusion_matrix,TP,FP,FN,TN
7,169,0.7636027336120605,awake,0.6320651206927228,0.7838364288284264,0.6623473292446401,0.7179889309376881,0.19942909378233564,0.6106461097530695,[[ 22080 17423][ 32207 63178]],22080,17423,32207,63178
7,169,0.7636027336120605,asleep,0.6320651206927228,0.4067272090924162,0.5589448902614991,0.47083910864697726,0.19942909378233564,0.6106461097530697,[[ 63178 32207][ 17423 22080]],63178,32207,17423,22080
7,169,0.7636027336120605,avg,0.6320651206927228,0.5952818189604213,0.6106461097530695,0.5944140197923327,0.19942909378233564,0.6106461097530695,,,,,
