client,round,loss,class,accuracy,precision,recall,f1_score,cohen_kappa_score,roc_auc_score,confusion_matrix,TP,FP,FN,TN
8,114,0.866256833076477,awake,0.6785110610284087,0.7794910919601986,0.7605074173088012,0.769882248059136,0.23694627992019734,0.6205139420543955,[[ 18982 20521][ 22844 72541]],18982,20521,22844,72541
8,114,0.866256833076477,asleep,0.6785110610284087,0.45383254435040404,0.4805204667999899,0.46679536204797795,0.23694627992019734,0.6205139420543955,[[ 72541 22844][ 20521 18982]],72541,22844,20521,18982
8,114,0.866256833076477,avg,0.6785110610284087,0.6166618181553013,0.6205139420543956,0.618338805053557,0.23694627992019734,0.6205139420543955,,,,,
