client,round,loss,class,accuracy,precision,recall,f1_score,cohen_kappa_score,roc_auc_score,confusion_matrix,TP,FP,FN,TN
1,106,1.0216906070709229,awake,0.555371864065002,0.7124073229839,0.6225507155213084,0.6644548755447888,0.014423912298998864,0.5078553643424327,[[ 15531 23972][ 36003 59382]],15531,23972,36003,59382
1,106,1.0216906070709229,asleep,0.555371864065002,0.30137385027360575,0.3931600131635572,0.3412019288860573,0.014423912298998864,0.5078553643424328,[[ 59382 36003][ 23972 15531]],59382,36003,23972,15531
1,106,1.0216906070709229,avg,0.555371864065002,0.5068905866287529,0.5078553643424328,0.502828402215423,0.014423912298998864,0.5078553643424328,,,,,
