client,round,loss,class,accuracy,precision,recall,f1_score,cohen_kappa_score,roc_auc_score,confusion_matrix,TP,FP,FN,TN
10,199,2.1395647525787354,awake,0.42999377261135163,0.8174205504839042,0.24970383183938774,0.3825478024140119,0.07713724337738093,0.5575152579443502,[[ 34183 5320][ 71567 23818]],34183,5320,71567,23818
10,199,2.1395647525787354,asleep,0.42999377261135163,0.3232434988179669,0.8653266840493127,0.47066841992936465,0.07713724337738093,0.5575152579443502,[[ 23818 71567][ 5320 34183]],23818,71567,5320,34183
10,199,2.1395647525787354,avg,0.42999377261135163,0.5703320246509356,0.5575152579443502,0.4266081111716883,0.07713724337738093,0.5575152579443502,,,,,
