client,round,loss,class,accuracy,precision,recall,f1_score,cohen_kappa_score,roc_auc_score,confusion_matrix,TP,FP,FN,TN
13,176,0.8173258304595947,awake,0.7145409524939209,0.8130159149441987,0.7744299418147508,0.7932539746460271,0.3331768267909887,0.6721806697150609,[[ 22514 16989][ 21516 73869]],22514,16989,21516,73869
13,176,0.8173258304595947,asleep,0.7145409524939209,0.5113331819214172,0.569931397615371,0.5390444494990004,0.3331768267909887,0.6721806697150609,[[ 73869 21516][ 16989 22514]],73869,21516,16989,22514
13,176,0.8173258304595947,avg,0.7145409524939209,0.6621745484328079,0.672180669715061,0.6661492120725138,0.3331768267909887,0.6721806697150609,,,,,
