client,round,loss,class,accuracy,precision,recall,f1_score,cohen_kappa_score,roc_auc_score,confusion_matrix,TP,FP,FN,TN
9,64,0.955704391002655,awake,0.7421193879366585,0.7500453877766591,0.9528647061907008,0.83937699422339,0.23012807038185246,0.5930564069646769,[[ 9214 30289][ 4496 90889]],9214,30289,4496,90889
9,64,0.955704391002655,asleep,0.7421193879366585,0.6720641867250182,0.23324810773865276,0.34630635371055946,0.23012807038185246,0.5930564069646768,[[ 90889 4496][ 30289 9214]],90889,4496,30289,9214
9,64,0.955704391002655,avg,0.7421193879366585,0.7110547872508386,0.5930564069646768,0.5928416739669747,0.23012807038185246,0.5930564069646769,,,,,
