client,round,loss,class,accuracy,precision,recall,f1_score,cohen_kappa_score,roc_auc_score,confusion_matrix,TP,FP,FN,TN
9,181,0.9325339198112488,awake,0.7582216357274183,0.774848065572622,0.9276406143523614,0.8443880350607645,0.32163942950785696,0.6383893272506054,[[ 13792 25711][ 6902 88483]],13792,25711,6902,88483
9,181,0.9325339198112488,asleep,0.7582216357274183,0.6664733739248091,0.34913804014884947,0.4582288153894713,0.32163942950785696,0.6383893272506055,[[ 88483 6902][ 25711 13792]],88483,6902,25711,13792
9,181,0.9325339198112488,avg,0.7582216357274183,0.7206607197487156,0.6383893272506055,0.6513084252251179,0.32163942950785696,0.6383893272506054,,,,,
