client,round,loss,class,accuracy,precision,recall,f1_score,cohen_kappa_score,roc_auc_score,confusion_matrix,TP,FP,FN,TN
13,6,0.6820448040962219,awake,0.7226884526421921,0.7754320624032076,0.855637678880327,0.8135628700731674,0.2776135445127147,0.6286516875782796,[[ 15867 23636][ 13770 81615]],15867,23636,13770,81615
13,6,0.6820448040962219,asleep,0.7226884526421921,0.5353780747039174,0.40166569627623216,0.4589817761064507,0.2776135445127147,0.6286516875782796,[[ 81615 13770][ 23636 15867]],81615,13770,23636,15867
13,6,0.6820448040962219,avg,0.7226884526421921,0.6554050685535625,0.6286516875782796,0.6362723230898091,0.2776135445127147,0.6286516875782796,,,,,
