client,round,loss,class,accuracy,precision,recall,f1_score,cohen_kappa_score,roc_auc_score,confusion_matrix,TP,FP,FN,TN
16,109,0.8580489754676819,awake,0.7330526066069628,0.7804956397683361,0.8660690884310951,0.821058699584551,0.30130247403557786,0.6389682707679614,[[ 16270 23233][ 12775 82610]],16270,23233,12775,82610
16,109,0.8580489754676819,asleep,0.7330526066069628,0.5601652608022035,0.4118674531048275,0.4747038571511933,0.30130247403557786,0.6389682707679613,[[ 82610 12775][ 23233 16270]],82610,12775,23233,16270
16,109,0.8580489754676819,avg,0.7330526066069628,0.6703304502852698,0.6389682707679613,0.6478812783678721,0.30130247403557786,0.6389682707679614,,,,,
