client,round,loss,class,accuracy,precision,recall,f1_score,cohen_kappa_score,roc_auc_score,confusion_matrix,TP,FP,FN,TN
3,76,1.0187636613845825,awake,0.600260957238598,0.7887333751131537,0.5937516380982335,0.6774926730067589,0.17851594372366675,0.6048650856870936,[[ 24333 15170][ 38750 56635]],24333,15170,38750,56635
3,76,1.0187636613845825,asleep,0.600260957238598,0.3857299113865859,0.6159785332759538,0.4743922172616146,0.17851594372366675,0.6048650856870936,[[ 56635 38750][ 15170 24333]],56635,38750,15170,24333
3,76,1.0187636613845825,avg,0.600260957238598,0.5872316432498698,0.6048650856870936,0.5759424451341868,0.17851594372366675,0.6048650856870936,,,,,
