client,round,loss,class,accuracy,precision,recall,f1_score,cohen_kappa_score,roc_auc_score,confusion_matrix,TP,FP,FN,TN
10,134,1.6973334550857544,awake,0.41175642014115416,0.7907541696881798,0.2286418199926613,0.3547188224291465,0.05493196829243818,0.5412758248129268,[[ 33732 5771][ 73576 21809]],33732,5771,73576,21809
10,134,1.6973334550857544,asleep,0.41175642014115416,0.31434748574197635,0.8539098296331924,0.4595295992807078,0.05493196829243818,0.5412758248129268,[[ 21809 73576][ 5771 33732]],21809,73576,5771,33732
10,134,1.6973334550857544,avg,0.41175642014115416,0.5525508277150781,0.5412758248129268,0.4071242108549271,0.05493196829243818,0.5412758248129268,,,,,
