client,round,loss,class,accuracy,precision,recall,f1_score,cohen_kappa_score,roc_auc_score,confusion_matrix,TP,FP,FN,TN
15,43,1.1390734910964966,awake,0.40394994365695985,0.6589583112336904,0.32562771924306755,0.4358686500140331,-0.05987918265220338,0.45934830004378024,[[ 23428 16075][ 64325 31060]],23428,16075,64325,31060
15,43,1.1390734910964966,asleep,0.40394994365695985,0.2669766275796839,0.5930688808444928,0.36820267806626017,-0.05987918265220338,0.45934830004378013,[[ 31060 64325][ 16075 23428]],31060,64325,16075,23428
15,43,1.1390734910964966,avg,0.40394994365695985,0.46296746940668715,0.4593483000437802,0.4020356640401466,-0.05987918265220338,0.4593483000437802,,,,,
