client,round,loss,class,accuracy,precision,recall,f1_score,cohen_kappa_score,roc_auc_score,confusion_matrix,TP,FP,FN,TN
3,98,1.1282695531845093,awake,0.5903342031907953,0.7891505491021243,0.5740525239817581,0.6646315188959222,0.17077658908669757,0.601850452558684,[[ 24873 14630][ 40629 54756]],24873,14630,40629,54756
3,98,1.1282695531845093,asleep,0.5903342031907953,0.37972886324081706,0.62964838113561,0.47374886910147135,0.17077658908669757,0.6018504525586841,[[ 54756 40629][ 14630 24873]],54756,40629,14630,24873
3,98,1.1282695531845093,avg,0.5903342031907953,0.5844397061714707,0.6018504525586841,0.5691901939986967,0.17077658908669757,0.6018504525586841,,,,,
