client,round,loss,class,accuracy,precision,recall,f1_score,cohen_kappa_score,roc_auc_score,confusion_matrix,TP,FP,FN,TN
1,131,1.0747746229171753,awake,0.5558611588873732,0.7003343046237943,0.6500917335010746,0.6742783821842362,-0.020536674809066513,0.4892106137317793,[[ 12970 26533][ 33376 62009]],12970,26533,33376,62009
1,131,1.0747746229171753,asleep,0.5558611588873732,0.2798515513744444,0.32832949396248384,0.3021584409835874,-0.020536674809066513,0.4892106137317792,[[ 62009 33376][ 26533 12970]],62009,33376,26533,12970
1,131,1.0747746229171753,avg,0.5558611588873732,0.49009292799911935,0.4892106137317792,0.48821841158391177,-0.020536674809066513,0.48921061373177926,,,,,
