client,round,loss,class,accuracy,precision,recall,f1_score,cohen_kappa_score,roc_auc_score,confusion_matrix,TP,FP,FN,TN
0,163,0.8472877144813538,awake,0.7315550679081905,0.7623168104403643,0.9014415264454578,0.8260623120598719,0.25580519388420264,0.6113921046398365,[[ 12694 26809][ 9401 85984]],12694,26809,9401,85984
0,163,0.8472877144813538,asleep,0.7315550679081905,0.5745191219732971,0.32134268283421513,0.4121562388389234,0.25580519388420264,0.6113921046398365,[[ 85984 9401][ 26809 12694]],85984,9401,26809,12694
0,163,0.8472877144813538,avg,0.7315550679081905,0.6684179662068307,0.6113921046398365,0.6191092754493976,0.25580519388420264,0.6113921046398365,,,,,
