client,round,loss,class,accuracy,precision,recall,f1_score,cohen_kappa_score,roc_auc_score,confusion_matrix,TP,FP,FN,TN
4,113,1.3940898180007935,awake,0.7218210663661705,0.7304487741154355,0.9613880589191173,0.8301565675539885,0.1349144801039276,0.5523721298569968,[[ 5663 33840][ 3683 91702]],5663,33840,3683,91702
4,113,1.3940898180007935,asleep,0.7218210663661705,0.605927669591269,0.14335620079487635,0.23185735634301624,0.1349144801039276,0.5523721298569968,[[ 91702 3683][ 33840 5663]],91702,3683,33840,5663
4,113,1.3940898180007935,avg,0.7218210663661705,0.6681882218533522,0.5523721298569968,0.5310069619485024,0.1349144801039276,0.5523721298569968,,,,,
