client,round,loss,class,accuracy,precision,recall,f1_score,cohen_kappa_score,roc_auc_score,confusion_matrix,TP,FP,FN,TN
17,163,0.7950428128242493,awake,0.7132287527430164,0.7426378084161339,0.9097342349426011,0.8177371932602059,0.17657762285746437,0.5742377981790949,[[ 9431 30072][ 8610 86775]],9431,30072,8610,86775
17,163,0.7950428128242493,asleep,0.7132287527430164,0.5227537276204202,0.2387413614155887,0.32778395662449605,0.17657762285746437,0.5742377981790949,[[ 86775 8610][ 30072 9431]],86775,8610,30072,9431
17,163,0.7950428128242493,avg,0.7132287527430164,0.632695768018277,0.5742377981790949,0.572760574942351,0.17657762285746437,0.5742377981790949,,,,,
