client,round,loss,class,accuracy,precision,recall,f1_score,cohen_kappa_score,roc_auc_score,confusion_matrix,TP,FP,FN,TN
13,13,0.7100140452384949,awake,0.7398063578672677,0.7856005912114149,0.8692876238402264,0.8253280977051823,0.32060154577955535,0.6482225274607051,[[ 16874 22629][ 12468 82917]],16874,22629,12468,82917
13,13,0.7100140452384949,asleep,0.7398063578672677,0.575080089973417,0.4271574310811837,0.4902026290943424,0.32060154577955535,0.6482225274607051,[[ 82917 12468][ 22629 16874]],82917,12468,22629,16874
13,13,0.7100140452384949,avg,0.7398063578672677,0.680340340592416,0.6482225274607051,0.6577653633997624,0.32060154577955535,0.6482225274607051,,,,,
