client,round,loss,class,accuracy,precision,recall,f1_score,cohen_kappa_score,roc_auc_score,confusion_matrix,TP,FP,FN,TN
8,175,0.8197517395019531,awake,0.6820028468062392,0.7602609997719227,0.8037636945012319,0.7814073424791569,0.19984798902912804,0.5958797714589039,[[ 15327 24176][ 18718 76667]],15327,24176,18718,76667
8,175,0.8197517395019531,asleep,0.6820028468062392,0.4501982669995594,0.387995848416576,0.41678903573176695,0.19984798902912804,0.5958797714589039,[[ 76667 18718][ 24176 15327]],76667,18718,24176,15327
8,175,0.8197517395019531,avg,0.6820028468062392,0.6052296333857411,0.5958797714589039,0.5990981891054619,0.19984798902912804,0.5958797714589039,,,,,
