client,round,loss,class,accuracy,precision,recall,f1_score,cohen_kappa_score,roc_auc_score,confusion_matrix,TP,FP,FN,TN
7,163,0.7223068475723267,awake,0.6518741474408398,0.7770518438848015,0.7119777742831682,0.7430928647240975,0.20649274076505963,0.6093620486736196,[[ 20018 19485][ 27473 67912]],20018,19485,27473,67912
7,163,0.7223068475723267,asleep,0.6518741474408398,0.42151144427365184,0.5067463230640711,0.4602156470561188,0.20649274076505963,0.6093620486736196,[[ 67912 27473][ 19485 20018]],67912,27473,19485,20018
7,163,0.7223068475723267,avg,0.6518741474408398,0.5992816440792267,0.6093620486736196,0.6016542558901081,0.20649274076505963,0.6093620486736196,,,,,
