client,round,loss,class,accuracy,precision,recall,f1_score,cohen_kappa_score,roc_auc_score,confusion_matrix,TP,FP,FN,TN
9,183,0.9509868621826172,awake,0.7583773204436273,0.7716641718078064,0.9349688106096347,0.8455033277081476,0.3139354300826892,0.6334717986673468,[[ 13114 26389][ 6203 89182]],13114,26389,6203,89182
9,183,0.9509868621826172,asleep,0.7583773204436273,0.6788838846611793,0.33197478672505887,0.44590275416524994,0.3139354300826892,0.6334717986673467,[[ 89182 6203][ 26389 13114]],89182,6203,26389,13114
9,183,0.9509868621826172,avg,0.7583773204436273,0.7252740282344929,0.6334717986673468,0.6457030409366988,0.3139354300826892,0.6334717986673468,,,,,
