client,round,loss,class,accuracy,precision,recall,f1_score,cohen_kappa_score,roc_auc_score,confusion_matrix,TP,FP,FN,TN
11,22,0.5994349122047424,awake,0.7181291145246427,0.7887197761269151,0.8214394296797191,0.8047471588428928,0.2988826744050248,0.6450563475006701,[[ 18514 20989][ 17032 78353]],18514,20989,17032,78353
11,22,0.5994349122047424,asleep,0.7181291145246427,0.5208462274236201,0.4686732653216211,0.4933843222428014,0.2988826744050248,0.6450563475006701,[[ 78353 17032][ 20989 18514]],78353,17032,20989,18514
11,22,0.5994349122047424,avg,0.7181291145246427,0.6547830017752676,0.6450563475006701,0.649065740542847,0.2988826744050248,0.6450563475006701,,,,,
