client,round,loss,class,accuracy,precision,recall,f1_score,cohen_kappa_score,roc_auc_score,confusion_matrix,TP,FP,FN,TN
8,38,0.7372722625732422,awake,0.6901725876282545,0.7677481240195442,0.8055459453792525,0.7861929952012114,0.22496891736907754,0.6085674693101362,[[ 16259 23244][ 18548 76837]],16259,23244,18548,76837
8,38,0.7372722625732422,asleep,0.6901725876282545,0.46711868302352977,0.41158899324101966,0.43759924640021536,0.22496891736907754,0.6085674693101362,[[ 76837 18548][ 23244 16259]],76837,18548,23244,16259
8,38,0.7372722625732422,avg,0.6901725876282545,0.617433403521537,0.608567469310136,0.6118961208007134,0.22496891736907754,0.6085674693101362,,,,,
