client,round,loss,class,accuracy,precision,recall,f1_score,cohen_kappa_score,roc_auc_score,confusion_matrix,TP,FP,FN,TN
13,190,0.8074820041656494,awake,0.7282337939623984,0.8090992347126751,0.8058080410966085,0.8074502841655199,0.3457342522071003,0.6733644919049101,[[ 21368 18135][ 18523 76862]],21368,18135,18523,76862
13,190,0.8074820041656494,asleep,0.7282337939623984,0.5356596726078564,0.5409209427132117,0.5382774516966017,0.3457342522071003,0.6733644919049101,[[ 76862 18523][ 18135 21368]],76862,18523,18135,21368
13,190,0.8074820041656494,avg,0.7282337939623984,0.6723794536602657,0.6733644919049101,0.6728638679310608,0.3457342522071003,0.6733644919049101,,,,,
