client,round,loss,class,accuracy,precision,recall,f1_score,cohen_kappa_score,roc_auc_score,confusion_matrix,TP,FP,FN,TN
18,81,1.0697940587997437,awake,0.7214207342387758,0.7208671465468495,0.9890129475284374,0.8339145462340499,0.08725570308108754,0.5321491844444203,[[ 2974 36529][ 1048 94337]],2974,36529,1048,94337
18,81,1.0697940587997437,asleep,0.7214207342387758,0.739433117851815,0.075285421360403,0.1366570936243538,0.08725570308108754,0.5321491844444202,[[ 94337 1048][ 36529 2974]],94337,1048,36529,2974
18,81,1.0697940587997437,avg,0.7214207342387758,0.7301501321993322,0.5321491844444202,0.48528581992920183,0.08725570308108754,0.5321491844444202,,,,,
