client,round,loss,class,accuracy,precision,recall,f1_score,cohen_kappa_score,roc_auc_score,confusion_matrix,TP,FP,FN,TN
1,184,1.1463779211044312,awake,0.5881397900480398,0.7145504298549913,0.6953504219741049,0.7048196932101357,0.024157428501530243,0.512308276830153,[[ 13007 26496][ 29059 66326]],13007,26496,29059,66326
1,184,1.1463779211044312,asleep,0.5881397900480398,0.30920458327390293,0.32926613168620106,0.3189201780088024,0.024157428501530243,0.512308276830153,[[ 66326 29059][ 26496 13007]],66326,29059,26496,13007
1,184,1.1463779211044312,avg,0.5881397900480398,0.5118775065644471,0.512308276830153,0.511869935609469,0.024157428501530243,0.512308276830153,,,,,
