client,round,loss,class,accuracy,precision,recall,f1_score,cohen_kappa_score,roc_auc_score,confusion_matrix,TP,FP,FN,TN
16,197,0.9893746376037598,awake,0.7390575885178815,0.7722826922902926,0.8948471981967815,0.8290595800066051,0.29032055801561696,0.6288655149022537,[[ 14335 25168][ 10030 85355]],14335,25168,10030,85355
16,197,0.9893746376037598,asleep,0.7390575885178815,0.5883439359737328,0.36288383160772597,0.44889459510239865,0.29032055801561696,0.6288655149022537,[[ 85355 10030][ 25168 14335]],85355,10030,25168,14335
16,197,0.9893746376037598,avg,0.7390575885178815,0.6803133141320127,0.6288655149022537,0.6389770875545019,0.29032055801561696,0.6288655149022537,,,,,
