client,round,loss,class,accuracy,precision,recall,f1_score,cohen_kappa_score,roc_auc_score,confusion_matrix,TP,FP,FN,TN
8,163,0.836018443107605,awake,0.6726172824862108,0.7678935642787662,0.7696807674162605,0.76878612716763,0.2082688178164066,0.6039629819918049,[[ 17312 22191][ 21969 73416]],17312,22191,21969,73416
8,163,0.836018443107605,asleep,0.6726172824862108,0.44072197754639647,0.43824519656734934,0.43948009748172223,0.2082688178164066,0.6039629819918049,[[ 73416 21969][ 22191 17312]],73416,21969,22191,17312
8,163,0.836018443107605,avg,0.6726172824862108,0.6043077709125814,0.6039629819918049,0.604133112324676,0.2082688178164066,0.6039629819918049,,,,,
