client,round,loss,class,accuracy,precision,recall,f1_score,cohen_kappa_score,roc_auc_score,confusion_matrix,TP,FP,FN,TN
11,173,0.7524144053459167,awake,0.6684656900539707,0.8021348917645655,0.7050898988310531,0.7504881995201697,0.26264631857861875,0.6425608975713628,[[ 22913 16590][ 28130 67255]],22913,16590,28130,67255
11,173,0.7524144053459167,asleep,0.6684656900539707,0.4488960288384303,0.5800318963116725,0.5061073929273517,0.26264631857861875,0.6425608975713628,[[ 67255 28130][ 16590 22913]],67255,28130,16590,22913
11,173,0.7524144053459167,avg,0.6684656900539707,0.625515460301498,0.6425608975713628,0.6282977962237607,0.26264631857861875,0.6425608975713628,,,,,
