client,round,loss,class,accuracy,precision,recall,f1_score,cohen_kappa_score,roc_auc_score,confusion_matrix,TP,FP,FN,TN
17,113,0.7655365467071533,awake,0.7234149813178341,0.7577785865831033,0.8949310688263353,0.82066392993453,0.2341778492049953,0.6020993596922605,[[ 12217 27286][ 10022 85363]],12217,27286,10022,85363
17,113,0.7655365467071533,asleep,0.7234149813178341,0.5493502405683709,0.30926765055818545,0.3957435781153834,0.2341778492049953,0.6020993596922605,[[ 85363 10022][ 27286 12217]],85363,10022,27286,12217
17,113,0.7655365467071533,avg,0.7234149813178341,0.653564413575737,0.6020993596922604,0.6082037540249567,0.2341778492049953,0.6020993596922605,,,,,
