client,round,loss,class,accuracy,precision,recall,f1_score,cohen_kappa_score,roc_auc_score,confusion_matrix,TP,FP,FN,TN
0,18,0.7250021696090698,awake,0.7427791945910681,0.7734995358227654,0.8997116947109084,0.8318454544573362,0.2979439466800272,0.6317787392877124,[[ 14373 25130][ 9566 85819]],14373,25130,9566,85819
0,18,0.7250021696090698,asleep,0.7427791945910681,0.600401019257279,0.3638457838645166,0.4531067746918445,0.2979439466800272,0.6317787392877124,[[ 85819 9566][ 25130 14373]],85819,9566,25130,14373
0,18,0.7250021696090698,avg,0.7427791945910681,0.6869502775400222,0.6317787392877126,0.6424761145745903,0.2979439466800272,0.6317787392877124,,,,,
