client,round,loss,class,accuracy,precision,recall,f1_score,cohen_kappa_score,roc_auc_score,confusion_matrix,TP,FP,FN,TN
3,9,0.8030572533607483,awake,0.6109438941937014,0.7902270083065018,0.6123814016878965,0.690029119389497,0.1896627221178251,0.6099271259255875,[[ 23997 15506][ 36973 58412]],23997,15506,36973,58412
3,9,0.8030572533607483,asleep,0.6109438941937014,0.39358701000492047,0.6074728501632788,0.47768057089964466,0.1896627221178251,0.6099271259255876,[[ 58412 36973][ 15506 23997]],58412,36973,15506,23997
3,9,0.8030572533607483,avg,0.6109438941937014,0.5919070091557112,0.6099271259255876,0.5838548451445709,0.1896627221178251,0.6099271259255876,,,,,
