client,round,loss,class,accuracy,precision,recall,f1_score,cohen_kappa_score,roc_auc_score,confusion_matrix,TP,FP,FN,TN
4,1,0.6305707097053528,awake,0.7071422216950359,0.7071422216950359,1.0,0.8284514467610186,0.0,0.5,[[ 0 39503][ 0 95385]],0,39503,0,95385
4,1,0.6305707097053528,asleep,0.7071422216950359,0.0,0.0,0.0,0.0,0.5,[[ 95385 0][ 39503 0]],95385,0,39503,0
4,1,0.6305707097053528,avg,0.7071422216950359,0.35357111084751797,0.5,0.4142257233805093,0.0,0.5,,,,,
