client,round,loss,class,accuracy,precision,recall,f1_score,cohen_kappa_score,roc_auc_score,confusion_matrix,TP,FP,FN,TN
1,22,0.7589637637138367,awake,0.6142206867920053,0.7430529077982372,0.6946689731089793,0.7180468034612237,0.10958972974349224,0.5573185383986534,[[ 16590 22913][ 29124 66261]],16590,22913,29124,66261
1,22,0.7589637637138367,asleep,0.6142206867920053,0.3629085181782386,0.4199681036883275,0.38935893072978395,0.10958972974349224,0.5573185383986535,[[ 66261 29124][ 22913 16590]],66261,29124,22913,16590
1,22,0.7589637637138367,avg,0.6142206867920053,0.5529807129882379,0.5573185383986534,0.5537028670955039,0.10958972974349224,0.5573185383986534,,,,,
