client,round,loss,class,accuracy,precision,recall,f1_score,cohen_kappa_score,roc_auc_score,confusion_matrix,TP,FP,FN,TN
13,181,0.7989062070846558,awake,0.7369669651859321,0.8030249380342961,0.8321539026052315,0.8173299696236421,0.34821411449073425,0.6696399718327021,[[ 20033 19470][ 16010 79375]],20033,19470,16010,79375
13,181,0.7989062070846558,asleep,0.7369669651859321,0.5558083400382876,0.5071260410601727,0.5303523680936119,0.34821411449073425,0.669639971832702,[[ 79375 16010][ 19470 20033]],79375,16010,19470,20033
13,181,0.7989062070846558,avg,0.7369669651859321,0.6794166390362919,0.6696399718327021,0.673841168858627,0.34821411449073425,0.669639971832702,,,,,
