client,round,loss,class,accuracy,precision,recall,f1_score,cohen_kappa_score,roc_auc_score,confusion_matrix,TP,FP,FN,TN
0,21,0.7348790764808655,awake,0.7412890694502106,0.7739145398228485,0.8958536457514285,0.8304316347504118,0.2970295075509818,0.6319634783196046,[[ 14540 24963][ 9934 85451]],14540,24963,9934,85451
0,21,0.7348790764808655,asleep,0.7412890694502106,0.5940998610770614,0.36807331088778067,0.45453834971943036,0.2970295075509818,0.6319634783196045,[[ 85451 9934][ 24963 14540]],85451,9934,24963,14540
0,21,0.7348790764808655,avg,0.7412890694502106,0.6840072004499549,0.6319634783196045,0.6424849922349211,0.2970295075509818,0.6319634783196046,,,,,
