client,round,loss,class,accuracy,precision,recall,f1_score,cohen_kappa_score,roc_auc_score,confusion_matrix,TP,FP,FN,TN
6,79,0.7079730033874512,awake,0.6767614613605362,0.7906666067940457,0.7383865387639565,0.7636328152529233,0.2544463349988316,0.6331732202717841,[[ 20856 18647][ 24954 70431]],20856,18647,24954,70431
6,79,0.7079730033874512,asleep,0.6767614613605362,0.4552717747216765,0.5279599017796117,0.4889290026139041,0.2544463349988316,0.6331732202717841,[[ 70431 24954][ 18647 20856]],70431,24954,18647,20856
6,79,0.7079730033874512,avg,0.6767614613605362,0.6229691907578611,0.6331732202717841,0.6262809089334137,0.2544463349988316,0.6331732202717841,,,,,
