client,round,loss,class,accuracy,precision,recall,f1_score,cohen_kappa_score,roc_auc_score,confusion_matrix,TP,FP,FN,TN
3,148,1.163020372390747,awake,0.5653801672498665,0.7811687318341747,0.5353567122713215,0.6353146091878946,0.14169500492871945,0.5866161583278994,[[ 25198 14305][ 44320 51065]],25198,14305,44320,51065
3,148,1.163020372390747,asleep,0.5653801672498665,0.3624672746626773,0.6378756043844771,0.46225956467102663,0.14169500492871945,0.5866161583278993,[[ 51065 44320][ 14305 25198]],51065,44320,14305,25198
3,148,1.163020372390747,avg,0.5653801672498665,0.571818003248426,0.5866161583278993,0.5487870869294607,0.14169500492871945,0.5866161583278993,,,,,
