client,round,loss,class,accuracy,precision,recall,f1_score,cohen_kappa_score,roc_auc_score,confusion_matrix,TP,FP,FN,TN
4,29,1.129955768585205,awake,0.7241637506672202,0.7289246702552964,0.9710436651465115,0.8327421972281787,0.1295122625449575,0.5495422867159792,[[ 5058 34445][ 2762 92623]],5058,34445,2762,92623
4,29,1.129955768585205,asleep,0.7241637506672202,0.6468030690537084,0.12804090828544668,0.21376497686114573,0.1295122625449575,0.5495422867159792,[[ 92623 2762][ 34445 5058]],92623,2762,34445,5058
4,29,1.129955768585205,avg,0.7241637506672202,0.6878638696545024,0.5495422867159792,0.5232535870446622,0.1295122625449575,0.5495422867159792,,,,,
