client,round,loss,class,accuracy,precision,recall,f1_score,cohen_kappa_score,roc_auc_score,confusion_matrix,TP,FP,FN,TN
16,111,0.8915711045265198,awake,0.7279669058774687,0.7772235605309149,0.8625360381611364,0.8176605048698072,0.28792267194956034,0.6327843596116671,[[ 15921 23582][ 13112 82273]],15921,23582,13112,82273
16,111,0.8915711045265198,asleep,0.7279669058774687,0.5483759859470257,0.4030326810621978,0.46460254464806816,0.28792267194956034,0.6327843596116671,[[ 82273 13112][ 23582 15921]],82273,13112,23582,15921
16,111,0.8915711045265198,avg,0.7279669058774687,0.6627997732389703,0.6327843596116671,0.6411315247589378,0.28792267194956034,0.6327843596116671,,,,,
