client,round,loss,class,accuracy,precision,recall,f1_score,cohen_kappa_score,roc_auc_score,confusion_matrix,TP,FP,FN,TN
1,141,1.0788298845291138,awake,0.5687533361010616,0.7041034584882688,0.6729674477119044,0.6881834555512671,-0.009616608620313771,0.4950413017614277,[[ 12527 26976][ 31194 64191]],12527,26976,31194,64191
1,141,1.0788298845291138,asleep,0.5687533361010616,0.28652135129571604,0.31711515581095107,0.30104296837450734,-0.009616608620313771,0.49504130176142763,[[ 64191 31194][ 26976 12527]],64191,31194,26976,12527
1,141,1.0788298845291138,avg,0.5687533361010616,0.49531240489199246,0.49504130176142774,0.4946132119628872,-0.009616608620313771,0.4950413017614277,,,,,
