client,round,loss,class,accuracy,precision,recall,f1_score,cohen_kappa_score,roc_auc_score,confusion_matrix,TP,FP,FN,TN
12,52,1.1192536354064941,awake,0.7074906589170274,0.747686066800705,0.8850028830528909,0.810569980027654,0.18833258517077023,0.581933889694939,[[ 11016 28487][ 10969 84416]],11016,28487,10969,84416
12,52,1.1192536354064941,asleep,0.7074906589170274,0.5010689106208779,0.2788648963369871,0.3583138173302108,0.18833258517077023,0.581933889694939,[[ 84416 10969][ 28487 11016]],84416,10969,28487,11016
12,52,1.1192536354064941,avg,0.7074906589170274,0.6243774887107915,0.581933889694939,0.5844418986789324,0.18833258517077023,0.581933889694939,,,,,
