client,round,loss,class,accuracy,precision,recall,f1_score,cohen_kappa_score,roc_auc_score,confusion_matrix,TP,FP,FN,TN
0,67,0.783287525177002,awake,0.7402659984579799,0.7759084176069345,0.8896367353357446,0.8288897245923096,0.30036858294318824,0.6346140793859696,[[ 14995 24508][ 10527 84858]],14995,24508,10527,84858
0,67,0.783287525177002,asleep,0.7402659984579799,0.5875323250528955,0.37959142343619473,0.4612072279892349,0.30036858294318824,0.6346140793859697,[[ 84858 10527][ 24508 14995]],84858,10527,24508,14995
0,67,0.783287525177002,avg,0.7402659984579799,0.681720371329915,0.6346140793859697,0.6450484762907722,0.30036858294318824,0.6346140793859696,,,,,
