client,round,loss,class,accuracy,precision,recall,f1_score,cohen_kappa_score,roc_auc_score,confusion_matrix,TP,FP,FN,TN
12,18,1.0181710720062256,awake,0.7069865369788269,0.7474199863580394,0.8845625622477329,0.8102289313974035,0.18704457983355438,0.5813846403624052,[[ 10990 28513][ 11011 84374]],10990,28513,11011,84374
12,18,1.0181710720062256,asleep,0.7069865369788269,0.4995227489659561,0.2782067184770777,0.35737513007284083,0.18704457983355438,0.5813846403624053,[[ 84374 11011][ 28513 10990]],84374,11011,28513,10990
12,18,1.0181710720062256,avg,0.7069865369788269,0.6234713676619977,0.5813846403624052,0.5838020307351222,0.18704457983355438,0.5813846403624052,,,,,
