client,round,loss,class,accuracy,precision,recall,f1_score,cohen_kappa_score,roc_auc_score,confusion_matrix,TP,FP,FN,TN
4,5,0.7376974821090698,awake,0.7042509341082972,0.7266200565202476,0.9326728521255963,0.8168525243436063,0.10678978164348019,0.5426850578122855,[[ 6032 33471][ 6422 88963]],6032,33471,6422,88963
4,5,0.7376974821090698,asleep,0.7042509341082972,0.48434237995824636,0.15269726349897475,0.2321920049271513,0.10678978164348019,0.5426850578122855,[[ 88963 6422][ 33471 6032]],88963,6422,33471,6032
4,5,0.7376974821090698,avg,0.7042509341082972,0.605481218239247,0.5426850578122855,0.5245222646353789,0.10678978164348019,0.5426850578122855,,,,,
