client,round,loss,class,accuracy,precision,recall,f1_score,cohen_kappa_score,roc_auc_score,confusion_matrix,TP,FP,FN,TN
12,38,1.0829253196716309,awake,0.7006627720775754,0.747770390789687,0.870231168422708,0.8043664694681454,0.18260120728880336,0.5807247784497662,[[ 11504 27999][ 12378 83007]],11504,27999,12378,83007
12,38,1.0829253196716309,asleep,0.7006627720775754,0.4817017000251235,0.2912183884768245,0.36298808866451054,0.18260120728880336,0.5807247784497662,[[ 83007 12378][ 27999 11504]],83007,12378,27999,11504
12,38,1.0829253196716309,avg,0.7006627720775754,0.6147360454074052,0.5807247784497662,0.5836772790663279,0.18260120728880336,0.5807247784497662,,,,,
