client,round,loss,class,accuracy,precision,recall,f1_score,cohen_kappa_score,roc_auc_score,confusion_matrix,TP,FP,FN,TN
16,121,0.8497788906097412,awake,0.7271291738331059,0.7689877486545561,0.8778319442260314,0.8198128956141597,0.2678898868960913,0.6205350896483928,[[ 14349 25154][ 11653 83732]],14349,25154,11653,83732
16,121,0.8497788906097412,asleep,0.7271291738331059,0.5518421659872318,0.36323823507075415,0.43810396152965425,0.2678898868960913,0.6205350896483928,[[ 83732 11653][ 25154 14349]],83732,11653,25154,14349
16,121,0.8497788906097412,avg,0.7271291738331059,0.660414957320894,0.6205350896483928,0.628958428571907,0.2678898868960913,0.6205350896483928,,,,,
