client,round,loss,class,accuracy,precision,recall,f1_score,cohen_kappa_score,roc_auc_score,confusion_matrix,TP,FP,FN,TN
10,98,1.7074121236801147,awake,0.3651251408576004,0.7966885804723642,0.13721234995020182,0.23410515771869103,0.03321476506336485,0.5263309047424604,[[ 36163 3340][ 82297 13088]],36163,3340,82297,13088
10,98,1.7074121236801147,asleep,0.3651251408576004,0.3052760425460071,0.9154494595347189,0.45786671562327885,0.03321476506336485,0.5263309047424604,[[ 13088 82297][ 3340 36163]],13088,82297,3340,36163
10,98,1.7074121236801147,avg,0.3651251408576004,0.5509823115091856,0.5263309047424604,0.34598593667098493,0.03321476506336485,0.5263309047424604,,,,,
