client,round,loss,class,accuracy,precision,recall,f1_score,cohen_kappa_score,roc_auc_score,confusion_matrix,TP,FP,FN,TN
4,55,1.1796653270721436,awake,0.7241934048988791,0.7322041474433678,0.9617025737799444,0.8314065990836871,0.144416709214371,0.5561999945830588,[[ 5953 33550][ 3653 91732]],5953,33550,3653,91732
4,55,1.1796653270721436,asleep,0.7241934048988791,0.6197168436393921,0.1506974153861732,0.24244028589464256,0.144416709214371,0.5561999945830588,[[ 91732 3653][ 33550 5953]],91732,3653,33550,5953
4,55,1.1796653270721436,avg,0.7241934048988791,0.6759604955413799,0.5561999945830588,0.5369234424891648,0.144416709214371,0.5561999945830588,,,,,
