client,round,loss,class,accuracy,precision,recall,f1_score,cohen_kappa_score,roc_auc_score,confusion_matrix,TP,FP,FN,TN
16,167,0.9469712972640991,awake,0.7420897337049998,0.7746274609332512,0.8959480002096766,0.830882460174324,0.29973103881177143,0.6332637249358637,[[ 14639 24864][ 9925 85460]],14639,24864,9925,85460
16,167,0.9469712972640991,asleep,0.7420897337049998,0.5959534277804918,0.370579449662051,0.4569903382396553,0.29973103881177143,0.6332637249358638,[[ 85460 9925][ 24864 14639]],85460,9925,24864,14639
16,167,0.9469712972640991,avg,0.7420897337049998,0.6852904443568715,0.6332637249358638,0.6439363992069896,0.29973103881177143,0.6332637249358637,,,,,
