client,round,loss,class,accuracy,precision,recall,f1_score,cohen_kappa_score,roc_auc_score,confusion_matrix,TP,FP,FN,TN
5,105,0.857454240322113,awake,0.5844107704169385,0.76792064638317,0.5908685852073177,0.6678595551552927,0.1372961099496801,0.5798430716837287,[[ 22470 17033][ 39025 56360]],22470,17033,39025,56360
5,105,0.857454240322113,asleep,0.5844107704169385,0.36539556061468415,0.5688175581601398,0.4449593061248738,0.1372961099496801,0.5798430716837287,[[ 56360 39025][ 17033 22470]],56360,39025,17033,22470
5,105,0.857454240322113,avg,0.5844107704169385,0.5666581034989271,0.5798430716837287,0.5564094306400833,0.1372961099496801,0.5798430716837287,,,,,
