client,round,loss,class,accuracy,precision,recall,f1_score,cohen_kappa_score,roc_auc_score,confusion_matrix,TP,FP,FN,TN
10,151,1.9380056858062744,awake,0.38724719767510823,0.7923133437413904,0.1808984641190963,0.29454691327466864,0.04295503517842303,0.5332004155139694,[[ 34980 4523][ 78130 17255]],34980,4523,78130,17255
10,151,1.9380056858062744,asleep,0.38724719767510823,0.30925647599681727,0.8855023669088423,0.45841442078984096,0.04295503517842303,0.5332004155139694,[[ 17255 78130][ 4523 34980]],17255,78130,4523,34980
10,151,1.9380056858062744,avg,0.38724719767510823,0.5507849098691038,0.5332004155139694,0.3764806670322548,0.04295503517842303,0.5332004155139694,,,,,
