client,round,loss,class,accuracy,precision,recall,f1_score,cohen_kappa_score,roc_auc_score,confusion_matrix,TP,FP,FN,TN
10,176,1.971842885017395,awake,0.40398701144653343,0.8082332620496793,0.20603868532788175,0.32836818405861273,0.05762732263957426,0.5439985088032214,[[ 34840 4663][ 75732 19653]],34840,4663,75732,19653
10,176,1.971842885017395,asleep,0.40398701144653343,0.3150888109105379,0.8819583322785611,0.4643011827419623,0.05762732263957426,0.5439985088032214,[[ 19653 75732][ 4663 34840]],19653,75732,4663,34840
10,176,1.971842885017395,avg,0.40398701144653343,0.5616610364801086,0.5439985088032214,0.39633468340028755,0.05762732263957426,0.5439985088032214,,,,,
