client,round,loss,class,accuracy,precision,recall,f1_score,cohen_kappa_score,roc_auc_score,confusion_matrix,TP,FP,FN,TN
8,15,0.6985852122306824,awake,0.6789484609453769,0.7437219793899346,0.8330450280442417,0.7858534510893753,0.15289638813032014,0.5699538989802253,[[ 12122 27381][ 15925 79460]],12122,27381,15925,79460
8,15,0.6985852122306824,asleep,0.6789484609453769,0.4322030876742611,0.3068627699162089,0.3589045151739452,0.15289638813032014,0.5699538989802253,[[ 79460 15925][ 27381 12122]],79460,15925,27381,12122
8,15,0.6985852122306824,avg,0.6789484609453769,0.5879625335320978,0.5699538989802253,0.5723789831316602,0.15289638813032014,0.5699538989802253,,,,,
