client,round,loss,class,accuracy,precision,recall,f1_score,cohen_kappa_score,roc_auc_score,confusion_matrix,TP,FP,FN,TN
8,27,0.7456547021865845,awake,0.6707342387758733,0.757515131306395,0.7859621533784138,0.7714764962542191,0.1833336591184066,0.5892319943410308,[[ 15505 23998][ 20416 74969]],15505,23998,20416,74969
8,27,0.7456547021865845,asleep,0.6707342387758733,0.4316416580830155,0.39250183530364785,0.4111423419601188,0.1833336591184066,0.5892319943410308,[[ 74969 20416][ 23998 15505]],74969,20416,23998,15505
8,27,0.7456547021865845,avg,0.6707342387758733,0.5945783946947053,0.5892319943410308,0.5913094191071689,0.1833336591184066,0.5892319943410308,,,,,
