client,round,loss,class,accuracy,precision,recall,f1_score,cohen_kappa_score,roc_auc_score,confusion_matrix,TP,FP,FN,TN
15,62,1.1612977981567383,awake,0.3966327619951367,0.6460620226219792,0.32455836871625515,0.43206352972373224,-0.07749801160778969,0.44761194389537795,[[ 22543 16960][ 64427 30958]],22543,16960,64427,30958
15,62,1.1612977981567383,asleep,0.3966327619951367,0.25920432332988386,0.5706655190745007,0.35648715536122333,-0.07749801160778969,0.44761194389537795,[[ 30958 64427][ 16960 22543]],30958,64427,16960,22543
15,62,1.1612977981567383,avg,0.3966327619951367,0.45263317297593153,0.44761194389537795,0.39427534254247776,-0.07749801160778969,0.44761194389537795,,,,,
