client,round,loss,class,accuracy,precision,recall,f1_score,cohen_kappa_score,roc_auc_score,confusion_matrix,TP,FP,FN,TN
15,91,1.1501410007476807,awake,0.4047357807959196,0.6583691887921083,0.3288567384808932,0.4386212682653988,-0.06143823391714709,0.4584060418222758,[[ 23226 16277][ 64017 31368]],23226,16277,64017,31368
15,91,1.1501410007476807,asleep,0.4047357807959196,0.2662219318455349,0.5879553451636584,0.36649677307370643,-0.06143823391714709,0.45840604182227584,[[ 31368 64017][ 16277 23226]],31368,64017,16277,23226
15,91,1.1501410007476807,avg,0.4047357807959196,0.4622955603188216,0.45840604182227584,0.4025590206695526,-0.06143823391714709,0.45840604182227584,,,,,
