client,round,loss,class,accuracy,precision,recall,f1_score,cohen_kappa_score,roc_auc_score,confusion_matrix,TP,FP,FN,TN
1,49,0.9327669143676758,awake,0.5684123124369848,0.7116227695601179,0.6551763904177805,0.6822340123578088,0.013337543400165464,0.5070429201664884,[[ 14178 25325][ 32891 62494]],14178,25325,32891,62494
1,49,0.9327669143676758,asleep,0.5684123124369848,0.30121736174552255,0.3589094499151963,0.3275423924594557,0.013337543400165464,0.5070429201664884,[[ 62494 32891][ 25325 14178]],62494,32891,25325,14178
1,49,0.9327669143676758,avg,0.5684123124369848,0.5064200656528203,0.5070429201664884,0.5048882024086323,0.013337543400165464,0.5070429201664884,,,,,
