client,round,loss,class,accuracy,precision,recall,f1_score,cohen_kappa_score,roc_auc_score,confusion_matrix,TP,FP,FN,TN
16,19,0.8413218855857849,awake,0.7290715260067612,0.7698884485542346,0.8798448393353253,0.8212022916636088,0.27236969981684334,0.6224275458606101,[[ 14419 25084][ 11461 83924]],14419,25084,11461,83924
16,19,0.8413218855857849,asleep,0.7290715260067612,0.5571483771251932,0.36501025238589474,0.44106266154810875,0.27236969981684334,0.62242754586061,[[ 83924 11461][ 25084 14419]],83924,11461,25084,14419
16,19,0.8413218855857849,avg,0.7290715260067612,0.6635184128397138,0.62242754586061,0.6311324766058588,0.27236969981684334,0.6224275458606101,,,,,
