client,round,loss,class,accuracy,precision,recall,f1_score,cohen_kappa_score,roc_auc_score,confusion_matrix,TP,FP,FN,TN
4,103,1.1997061967849731,awake,0.7226587984105332,0.736275828340873,0.9470042459506212,0.8284495804099601,0.16042979380016242,0.5639762641797761,[[ 7148 32355][ 5055 90330]],7148,32355,5055,90330
4,103,1.1997061967849731,asleep,0.7226587984105332,0.5857576005900188,0.18094828240893096,0.27648628785827567,0.16042979380016242,0.5639762641797761,[[ 90330 5055][ 32355 7148]],90330,5055,32355,7148
4,103,1.1997061967849731,avg,0.7226587984105332,0.661016714465446,0.5639762641797761,0.5524679341341179,0.16042979380016242,0.5639762641797761,,,,,
