client,round,loss,class,accuracy,precision,recall,f1_score,cohen_kappa_score,roc_auc_score,confusion_matrix,TP,FP,FN,TN
9,179,0.9772611260414124,awake,0.7538624636735662,0.7637955609855427,0.943796194370184,0.8443087658089838,0.28685544165493293,0.6195197968028425,[[ 11663 27840][ 5361 90024]],11663,27840,5361,90024
9,179,0.9772611260414124,asleep,0.7538624636735662,0.6850916353383458,0.2952433992355011,0.4126523608187238,0.28685544165493293,0.6195197968028425,[[ 90024 5361][ 27840 11663]],90024,5361,27840,11663
9,179,0.9772611260414124,avg,0.7538624636735662,0.7244435981619443,0.6195197968028425,0.6284805633138538,0.28685544165493293,0.6195197968028425,,,,,
