client,round,loss,class,accuracy,precision,recall,f1_score,cohen_kappa_score,roc_auc_score,confusion_matrix,TP,FP,FN,TN
9,120,0.9165873527526855,awake,0.7564720360595457,0.7693520321141223,0.9363212245111915,0.8446642802086338,0.30540601454806393,0.6292623007349518,[[ 12728 26775][ 6074 89311]],12728,26775,6074,89311
9,120,0.9165873527526855,asleep,0.7564720360595457,0.6769492607169451,0.322203376958712,0.43660063459394566,0.30540601454806393,0.6292623007349517,[[ 89311 6074][ 26775 12728]],89311,6074,26775,12728
9,120,0.9165873527526855,avg,0.7564720360595457,0.7231506464155337,0.6292623007349517,0.6406324574012897,0.30540601454806393,0.6292623007349518,,,,,
