client,round,loss,class,accuracy,precision,recall,f1_score,cohen_kappa_score,roc_auc_score,confusion_matrix,TP,FP,FN,TN
4,11,0.9529579281806946,awake,0.7177139552814187,0.7223446520578558,0.9759396131467212,0.8302081986292512,0.09330405845570622,0.535067495356491,[[ 3721 35782][ 2295 93090]],3721,35782,2295,93090
4,11,0.9529579281806946,asleep,0.7177139552814187,0.6185172872340425,0.09419537756626079,0.16349216810562622,0.09330405845570622,0.535067495356491,[[ 93090 2295][ 35782 3721]],93090,2295,35782,3721
4,11,0.9529579281806946,avg,0.7177139552814187,0.6704309696459492,0.535067495356491,0.4968501833674387,0.09330405845570622,0.535067495356491,,,,,
