client,round,loss,class,accuracy,precision,recall,f1_score,cohen_kappa_score,roc_auc_score,confusion_matrix,TP,FP,FN,TN
4,14,0.9462764859199524,awake,0.7263581638099756,0.7326564066652873,0.9652461078785972,0.8330204341984428,0.14801496943251458,0.5573895273716962,[[ 5907 33596][ 3315 92070]],5907,33596,3315,92070
4,14,0.9462764859199524,asleep,0.7263581638099756,0.6405335068314899,0.14953294686479507,0.24246280143663418,0.14801496943251458,0.5573895273716961,[[ 92070 3315][ 33596 5907]],92070,3315,33596,5907
4,14,0.9462764859199524,avg,0.7263581638099756,0.6865949567483887,0.5573895273716961,0.5377416178175385,0.14801496943251458,0.5573895273716962,,,,,
