client,round,loss,class,accuracy,precision,recall,f1_score,cohen_kappa_score,roc_auc_score,confusion_matrix,TP,FP,FN,TN
14,114,0.7480998635292053,awake,0.7431869402763774,0.7590583418628455,0.9329768831577292,0.837079365079365,0.2600336643806622,0.6089459764496339,[[ 11255 28248][ 6393 88992]],11255,28248,6393,88992
14,114,0.7480998635292053,asleep,0.7431869402763774,0.6377493200362647,0.28491506974153863,0.39386887368549983,0.2600336643806622,0.6089459764496339,[[ 88992 6393][ 28248 11255]],88992,6393,28248,11255
14,114,0.7480998635292053,avg,0.7431869402763774,0.698403830949555,0.6089459764496339,0.6154741193824325,0.2600336643806622,0.6089459764496339,,,,,
