client,round,loss,class,accuracy,precision,recall,f1_score,cohen_kappa_score,roc_auc_score,confusion_matrix,TP,FP,FN,TN
4,77,1.2093509435653687,awake,0.7219989917561236,0.7314625251911328,0.9589033915185826,0.8298817306252807,0.13956049441704643,0.5544333427228131,[[ 5924 33579][ 3920 91465]],5924,33579,3920,91465
4,77,1.2093509435653687,asleep,0.7219989917561236,0.6017878911011784,0.14996329392704352,0.2400956491782682,0.13956049441704643,0.5544333427228131,[[ 91465 3920][ 33579 5924]],91465,3920,33579,5924
4,77,1.2093509435653687,avg,0.7219989917561236,0.6666252081461556,0.5544333427228131,0.5349886899017744,0.13956049441704643,0.5544333427228131,,,,,
