client,round,loss,class,accuracy,precision,recall,f1_score,cohen_kappa_score,roc_auc_score,confusion_matrix,TP,FP,FN,TN
4,141,1.3227205276489258,awake,0.727959492319554,0.7374728902987732,0.9554017927347067,0.8324100165785977,0.16962810318541188,0.567086512649661,[[ 7062 32441][ 4254 91131]],7062,32441,4254,91131
4,141,1.3227205276489258,asleep,0.727959492319554,0.6240721102863203,0.17877123256461536,0.27792754678368325,0.16962810318541188,0.567086512649661,[[ 91131 4254][ 32441 7062]],91131,4254,32441,7062
4,141,1.3227205276489258,avg,0.727959492319554,0.6807725002925467,0.567086512649661,0.5551687816811405,0.16962810318541188,0.567086512649661,,,,,
