client,round,loss,class,accuracy,precision,recall,f1_score,cohen_kappa_score,roc_auc_score,confusion_matrix,TP,FP,FN,TN
5,69,0.8547876477241516,awake,0.5892147559456734,0.7906469484796929,0.5700267337631703,0.6624511129792755,0.17168787741949043,0.6027867005524457,[[ 25106 14397][ 41013 54372]],25106,14397,41013,54372
5,69,0.8547876477241516,asleep,0.5892147559456734,0.37970931199806407,0.6355466673417208,0.47539338395410047,0.17168787741949043,0.6027867005524457,[[ 54372 41013][ 14397 25106]],54372,41013,14397,25106
5,69,0.8547876477241516,avg,0.5892147559456734,0.5851781302388784,0.6027867005524455,0.568922248466688,0.17168787741949043,0.6027867005524457,,,,,
