client,round,loss,class,accuracy,precision,recall,f1_score,cohen_kappa_score,roc_auc_score,confusion_matrix,TP,FP,FN,TN
3,16,0.8537542223930359,awake,0.6053985528734951,0.7964030597896394,0.593772605755622,0.680320238316887,0.19258523045136022,0.6136217406926604,[[ 25024 14479][ 38748 56637]],25024,14479,38748,56637
3,16,0.8537542223930359,asleep,0.6053985528734951,0.3923979175813837,0.6334708756296991,0.4846090534979424,0.19258523045136022,0.6136217406926605,[[ 56637 38748][ 14479 25024]],56637,38748,14479,25024
3,16,0.8537542223930359,avg,0.6053985528734951,0.5944004886855115,0.6136217406926605,0.5824646459074148,0.19258523045136022,0.6136217406926605,,,,,
