client,round,loss,class,accuracy,precision,recall,f1_score,cohen_kappa_score,roc_auc_score,confusion_matrix,TP,FP,FN,TN
18,47,0.9478715658187866,awake,0.7301020105569065,0.7272320981375745,0.9894427845049012,0.8383119709364812,0.12528487987084613,0.5466668141191442,[[ 4104 35399][ 1007 94378]],4104,35399,1007,94378
18,47,0.9478715658187866,asleep,0.7301020105569065,0.8029739776951673,0.10389084373338733,0.18397812345900388,0.12528487987084613,0.5466668141191443,[[ 94378 1007][ 35399 4104]],94378,1007,35399,4104
18,47,0.9478715658187866,avg,0.7301020105569065,0.7651030379163709,0.5466668141191443,0.5111450471977426,0.12528487987084613,0.5466668141191442,,,,,
