client,round,loss,class,accuracy,precision,recall,f1_score,cohen_kappa_score,roc_auc_score,confusion_matrix,TP,FP,FN,TN
1,188,1.112298607826233,awake,0.5827204792123836,0.7152862664772539,0.6809561251769146,0.6976991492652745,0.025604963065200326,0.5132370935481313,[[ 13649 25854][ 30432 64953]],13649,25854,30432,64953
1,188,1.112298607826233,asleep,0.5827204792123836,0.30963453642158756,0.3455180619193479,0.32659360643185303,0.025604963065200326,0.5132370935481312,[[ 64953 30432][ 25854 13649]],64953,30432,25854,13649
1,188,1.112298607826233,avg,0.5827204792123836,0.5124604014494207,0.5132370935481313,0.5121463778485638,0.025604963065200326,0.5132370935481312,,,,,
