client,round,loss,class,accuracy,precision,recall,f1_score,cohen_kappa_score,roc_auc_score,confusion_matrix,TP,FP,FN,TN
11,49,0.6600422859191895,awake,0.6949172646936718,0.790124645589258,0.774220265240866,0.7820916070955785,0.27375283499824343,0.6388251922361583,[[ 19887 19616][ 21536 73849]],19887,19616,21536,73849
11,49,0.6600422859191895,asleep,0.6949172646936718,0.48009559906332233,0.5034301192314508,0.4914860489830215,0.27375283499824343,0.6388251922361583,[[ 73849 21536][ 19616 19887]],73849,21536,19616,19887
11,49,0.6600422859191895,avg,0.6949172646936718,0.6351101223262902,0.6388251922361583,0.6367888280392999,0.27375283499824343,0.6388251922361583,,,,,
