client,round,loss,class,accuracy,precision,recall,f1_score,cohen_kappa_score,roc_auc_score,confusion_matrix,TP,FP,FN,TN
2,141,0.7670734524726868,awake,0.7520609691002906,0.7919954744732004,0.8806730618021702,0.8339836187639613,0.34989402698598915,0.6610919165679965,[[ 17441 22062][ 11382 84003]],17441,22062,11382,84003
2,141,0.7670734524726868,asleep,0.7520609691002906,0.6051070325781494,0.44151077133382277,0.510523080525715,0.34989402698598915,0.6610919165679965,[[ 84003 11382][ 22062 17441]],84003,11382,22062,17441
2,141,0.7670734524726868,avg,0.7520609691002906,0.6985512535256748,0.6610919165679965,0.6722533496448382,0.34989402698598915,0.6610919165679965,,,,,
