client,round,loss,class,accuracy,precision,recall,f1_score,cohen_kappa_score,roc_auc_score,confusion_matrix,TP,FP,FN,TN
15,61,1.17179274559021,awake,0.3935338947867861,0.6420383231528742,0.32176967028358755,0.42869214813987105,-0.08235523322710359,0.44429369016546283,[[ 22391 17112][ 64693 30692]],22391,17112,64693,30692
15,61,1.17179274559021,asleep,0.3935338947867861,0.25711956272105096,0.5668177100473382,0.35376460458024916,-0.08235523322710359,0.44429369016546294,[[ 30692 64693][ 17112 22391]],30692,64693,17112,22391
15,61,1.17179274559021,avg,0.3935338947867861,0.4495789429369626,0.44429369016546283,0.39122837636006014,-0.08235523322710359,0.4442936901654629,,,,,
