client,round,loss,class,accuracy,precision,recall,f1_score,cohen_kappa_score,roc_auc_score,confusion_matrix,TP,FP,FN,TN
3,187,1.072622299194336,awake,0.6110106162149339,0.7838030870157525,0.6212821722493055,0.6931435388790119,0.1809522120124205,0.6037454073154483,[[ 23157 16346][ 36124 59261]],23157,16346,36124,59261
3,187,1.072622299194336,asleep,0.6110106162149339,0.3906310622290447,0.5862086423815913,0.4688411078717201,0.1809522120124205,0.6037454073154483,[[ 59261 36124][ 16346 23157]],59261,36124,16346,23157
3,187,1.072622299194336,avg,0.6110106162149339,0.5872170746223986,0.6037454073154485,0.580992323375366,0.1809522120124205,0.6037454073154483,,,,,
