client,round,loss,class,accuracy,precision,recall,f1_score,cohen_kappa_score,roc_auc_score,confusion_matrix,TP,FP,FN,TN
13,114,0.7310383915901184,awake,0.7357659688037483,0.7920703984355904,0.8492844786916182,0.8196802590306588,0.32768776861610693,0.6554728091759486,[[ 18237 21266][ 14376 81009]],18237,21266,14376,81009
13,114,0.7310383915901184,asleep,0.7357659688037483,0.5591941863673995,0.46166113966027894,0.5057684841089356,0.32768776861610693,0.6554728091759486,[[ 81009 14376][ 21266 18237]],81009,14376,21266,18237
13,114,0.7310383915901184,avg,0.7357659688037483,0.6756322924014949,0.6554728091759485,0.6627243715697972,0.32768776861610693,0.6554728091759486,,,,,
