client,round,loss,class,accuracy,precision,recall,f1_score,cohen_kappa_score,roc_auc_score,confusion_matrix,TP,FP,FN,TN
12,94,1.1234339475631714,awake,0.6995507383903683,0.748879412031576,0.8652723174503328,0.8028794474573798,0.1850054270146918,0.5823336500549389,[[ 11827 27676][ 12851 82534]],11827,27676,12851,82534
12,94,1.1234339475631714,asleep,0.6995507383903683,0.4792527757516817,0.29939498265954484,0.36855144045745625,0.1850054270146918,0.5823336500549389,[[ 82534 12851][ 27676 11827]],82534,12851,27676,11827
12,94,1.1234339475631714,avg,0.6995507383903683,0.6140660938916289,0.5823336500549389,0.585715443957418,0.1850054270146918,0.5823336500549389,,,,,
