client,round,loss,class,accuracy,precision,recall,f1_score,cohen_kappa_score,roc_auc_score,confusion_matrix,TP,FP,FN,TN
10,125,1.6638444662094116,awake,0.4025858490006524,0.8020488959634301,0.20601771767049326,0.3278281033648633,0.0545625360239238,0.5416211161321609,[[ 34653 4850][ 75734 19651]],34653,4850,75734,19651
10,125,1.6638444662094116,asleep,0.4025858490006524,0.3139228351164539,0.8772245145938283,0.46237907799052635,0.0545625360239238,0.5416211161321608,[[ 19651 75734][ 4850 34653]],19651,75734,4850,34653
10,125,1.6638444662094116,avg,0.4025858490006524,0.557985865539942,0.5416211161321608,0.39510359067769485,0.0545625360239238,0.5416211161321609,,,,,
