client,round,loss,class,accuracy,precision,recall,f1_score,cohen_kappa_score,roc_auc_score,confusion_matrix,TP,FP,FN,TN
10,160,1.755284309387207,awake,0.40131071703932153,0.7948562905631475,0.20672013419300728,0.3281083599574015,0.051133309405968164,0.538947237691142,[[ 34414 5089][ 75667 19718]],34414,5089,75667,19718
10,160,1.755284309387207,asleep,0.40131071703932153,0.3126243402585369,0.8711743411892767,0.4601294256070168,0.051133309405968164,0.5389472376911421,[[ 19718 75667][ 5089 34414]],19718,75667,5089,34414
10,160,1.755284309387207,avg,0.40131071703932153,0.5537403154108422,0.538947237691142,0.39411889278220913,0.051133309405968164,0.538947237691142,,,,,
