client,round,loss,class,accuracy,precision,recall,f1_score,cohen_kappa_score,roc_auc_score,confusion_matrix,TP,FP,FN,TN
16,61,0.9031484127044678,awake,0.7392651681394935,0.7685460205328553,0.9033286156104209,0.830504390403763,0.28134038707748077,0.623220898443896,[[ 13554 25949][ 9221 86164]],13554,25949,9221,86164
16,61,0.9031484127044678,asleep,0.7392651681394935,0.5951262349066959,0.34311318127737134,0.4352740935803976,0.28134038707748077,0.623220898443896,[[ 86164 9221][ 25949 13554]],86164,9221,25949,13554
16,61,0.9031484127044678,avg,0.7392651681394935,0.6818361277197755,0.623220898443896,0.6328892419920803,0.28134038707748077,0.623220898443896,,,,,
