client,round,loss,class,accuracy,precision,recall,f1_score,cohen_kappa_score,roc_auc_score,confusion_matrix,TP,FP,FN,TN
10,78,1.2692803144454956,awake,0.43682907300871837,0.8144633719800505,0.26365780783142,0.3983589808574166,0.08024586863373051,0.5593154239268484,[[ 33774 5729][ 70236 25149]],33774,5729,70236,25149
10,78,1.2692803144454956,asleep,0.43682907300871837,0.32471877704066915,0.8549730400222768,0.4706751304759847,0.08024586863373051,0.5593154239268484,[[ 25149 70236][ 5729 33774]],25149,70236,5729,33774
10,78,1.2692803144454956,avg,0.43682907300871837,0.5695910745103598,0.5593154239268484,0.4345170556667006,0.08024586863373051,0.5593154239268484,,,,,
