client,round,loss,class,accuracy,precision,recall,f1_score,cohen_kappa_score,roc_auc_score,confusion_matrix,TP,FP,FN,TN
2,104,0.7673976421356201,awake,0.7550041515924323,0.78704437036082,0.895968967867065,0.8379818699717116,0.34429917327133686,0.6552978525384485,[[ 16379 23124][ 9923 85462]],16379,23124,9923,85462
2,104,0.7673976421356201,asleep,0.7550041515924323,0.6227283096342483,0.4146267372098322,0.4978041182280982,0.34429917327133686,0.6552978525384486,[[ 85462 9923][ 23124 16379]],85462,9923,23124,16379
2,104,0.7673976421356201,avg,0.7550041515924323,0.7048863399975341,0.6552978525384486,0.667892994099905,0.34429917327133686,0.6552978525384485,,,,,
