client,round,loss,class,accuracy,precision,recall,f1_score,cohen_kappa_score,roc_auc_score,confusion_matrix,TP,FP,FN,TN
9,188,0.9221888780593872,awake,0.7579399205266591,0.7691614608361365,0.939717985008125,0.8459284355962834,0.30686035811964185,0.629365865399792,[[ 12602 26901][ 5750 89635]],12602,26901,5750,89635
9,188,0.9221888780593872,asleep,0.7579399205266591,0.6866826503923278,0.31901374579145886,0.43564082620343964,0.30686035811964185,0.6293658653997919,[[ 89635 5750][ 26901 12602]],89635,5750,26901,12602
9,188,0.9221888780593872,avg,0.7579399205266591,0.7279220556142321,0.6293658653997919,0.6407846308998615,0.30686035811964185,0.629365865399792,,,,,
