client,round,loss,class,accuracy,precision,recall,f1_score,cohen_kappa_score,roc_auc_score,confusion_matrix,TP,FP,FN,TN
8,24,0.7192054390907288,awake,0.6823512840282309,0.766603742946454,0.7918960004193532,0.7790446428110998,0.21474909249170404,0.604868841664756,[[ 16506 22997][ 19850 75535]],16506,22997,19850,75535
8,24,0.7192054390907288,asleep,0.6823512840282309,0.4540103421718561,0.4178416829101587,0.4351757866568239,0.21474909249170404,0.604868841664756,[[ 75535 19850][ 22997 16506]],75535,19850,22997,16506
8,24,0.7192054390907288,avg,0.6823512840282309,0.610307042559155,0.604868841664756,0.6071102147339618,0.21474909249170404,0.604868841664756,,,,,
