client,round,loss,class,accuracy,precision,recall,f1_score,cohen_kappa_score,roc_auc_score,confusion_matrix,TP,FP,FN,TN
12,67,1.1453750133514404,awake,0.6968522033094122,0.743081452404318,0.8732190596005661,0.8029111941197734,0.1646008074089148,0.5721055680758571,[[ 10705 28798][ 12093 83292]],10705,28798,12093,83292
12,67,1.1453750133514404,asleep,0.6968522033094122,0.4695587332222125,0.270992076551148,0.34365419495674226,0.1646008074089148,0.5721055680758571,[[ 83292 12093][ 28798 10705]],83292,12093,28798,10705
12,67,1.1453750133514404,avg,0.6968522033094122,0.6063200928132653,0.5721055680758571,0.5732826945382579,0.1646008074089148,0.5721055680758571,,,,,
