client,round,loss,class,accuracy,precision,recall,f1_score,cohen_kappa_score,roc_auc_score,confusion_matrix,TP,FP,FN,TN
9,20,0.8172596096992493,awake,0.760304845501453,0.7693030486815242,0.9441736122031766,0.8478150358669253,0.3104119466475401,0.6302520087444257,[[ 12496 27007][ 5325 90060]],12496,27007,5325,90060
9,20,0.8172596096992493,asleep,0.760304845501453,0.701195219123506,0.3163304052856745,0.4359779498988207,0.3104119466475401,0.6302520087444256,[[ 90060 5325][ 27007 12496]],90060,5325,27007,12496
9,20,0.8172596096992493,avg,0.760304845501453,0.7352491339025151,0.6302520087444256,0.641896492882873,0.3104119466475401,0.6302520087444257,,,,,
