client,round,loss,class,accuracy,precision,recall,f1_score,cohen_kappa_score,roc_auc_score,confusion_matrix,TP,FP,FN,TN
5,180,0.9307212829589844,awake,0.5931439416404721,0.7567214694063811,0.6258531215599937,0.6850935882575714,0.1247559942709574,0.5700083014072911,[[ 20311 19192][ 35688 59697]],20311,19192,35688,59697
5,180,0.9307212829589844,asleep,0.5931439416404721,0.36270290540902517,0.5141634812545882,0.42535234864191324,0.1247559942709574,0.570008301407291,[[ 59697 35688][ 19192 20311]],59697,35688,19192,20311
5,180,0.9307212829589844,avg,0.5931439416404721,0.5597121874077031,0.570008301407291,0.5552229684497423,0.1247559942709574,0.570008301407291,,,,,
