client,round,loss,class,accuracy,precision,recall,f1_score,cohen_kappa_score,roc_auc_score,confusion_matrix,TP,FP,FN,TN
16,106,0.8665890097618103,awake,0.7335122471976752,0.771934961432532,0.8844577239607905,0.824374370950878,0.28263334939399365,0.6267464935526809,[[ 14578 24925][ 11021 84364]],14578,24925,11021,84364
16,106,0.8665890097618103,asleep,0.7335122471976752,0.5694753701316457,0.3690352631445713,0.44785106448342604,0.28263334939399365,0.6267464935526809,[[ 84364 11021][ 24925 14578]],84364,11021,24925,14578
16,106,0.8665890097618103,avg,0.7335122471976752,0.6707051657820888,0.6267464935526809,0.6361127177171519,0.28263334939399365,0.6267464935526809,,,,,
