client,round,loss,class,accuracy,precision,recall,f1_score,cohen_kappa_score,roc_auc_score,confusion_matrix,TP,FP,FN,TN
18,95,1.05936861038208,awake,0.7253054385860862,0.7248034530599661,0.9858573150914715,0.8354114380899501,0.11006737769564023,0.5410136131187302,[[ 3799 35704][ 1349 94036]],3799,35704,1349,94036
18,95,1.05936861038208,asleep,0.7253054385860862,0.7379564879564879,0.09616991114598891,0.17016416205684085,0.11006737769564023,0.5410136131187301,[[ 94036 1349][ 35704 3799]],94036,1349,35704,3799
18,95,1.05936861038208,avg,0.7253054385860862,0.731379970508227,0.5410136131187302,0.5027878000733955,0.11006737769564023,0.5410136131187302,,,,,
