client,round,loss,class,accuracy,precision,recall,f1_score,cohen_kappa_score,roc_auc_score,confusion_matrix,TP,FP,FN,TN
12,93,1.1015111207962036,awake,0.7071348081371212,0.7537530992017001,0.8701053624783771,0.8077608105346141,0.20624577874653027,0.5918635563625969,[[ 12389 27114][ 12390 82995]],12389,27114,12390,82995
12,93,1.1015111207962036,asleep,0.7071348081371212,0.49997982162314863,0.3136217502468167,0.385457826452195,0.20624577874653027,0.5918635563625968,[[ 82995 12390][ 27114 12389]],82995,12390,27114,12389
12,93,1.1015111207962036,avg,0.7071348081371212,0.6268664604124243,0.5918635563625969,0.5966093184934046,0.20624577874653027,0.5918635563625969,,,,,
