client,round,loss,class,accuracy,precision,recall,f1_score,cohen_kappa_score,roc_auc_score,confusion_matrix,TP,FP,FN,TN
4,106,1.3478493690490723,awake,0.7183589348199988,0.727402394668653,0.9623735388163758,0.828551055591158,0.11863400022670834,0.5457641432785268,[[ 5102 34401][ 3589 91796]],5102,34401,3589,91796
4,106,1.3478493690490723,asleep,0.7183589348199988,0.5870440685766886,0.12915474774067792,0.21172760094617588,0.11863400022670834,0.545764143278527,[[ 91796 3589][ 34401 5102]],91796,3589,34401,5102
4,106,1.3478493690490723,avg,0.7183589348199988,0.6572232316226707,0.5457641432785268,0.5201393282686669,0.11863400022670834,0.545764143278527,,,,,
