client,round,loss,class,accuracy,precision,recall,f1_score,cohen_kappa_score,roc_auc_score,confusion_matrix,TP,FP,FN,TN
18,22,0.8590949773788452,awake,0.7202123242986774,0.7231690037243227,0.9791686323845469,0.8319200484554815,0.09884848563769422,0.5370490657049687,[[ 3750 35753][ 1987 93398]],3750,35753,1987,93398
18,22,0.8590949773788452,asleep,0.7202123242986774,0.6536517343559352,0.09492949902539048,0.16578249336870027,0.09884848563769422,0.5370490657049686,[[ 93398 1987][ 35753 3750]],93398,1987,35753,3750
18,22,0.8590949773788452,avg,0.7202123242986774,0.6884103690401289,0.5370490657049687,0.4988512709120909,0.09884848563769422,0.5370490657049687,,,,,
