client,round,loss,class,accuracy,precision,recall,f1_score,cohen_kappa_score,roc_auc_score,confusion_matrix,TP,FP,FN,TN
18,63,0.9421266913414001,awake,0.7402066899946622,0.7392207545075403,0.9774283168213032,0.8417973246895132,0.18758987357999835,0.5724166620179726,[[ 6613 32890][ 2153 93232]],6613,32890,2153,93232
18,63,0.9421266913414001,asleep,0.7402066899946622,0.7543919689710245,0.16740500721464194,0.2740060908657731,0.18758987357999835,0.5724166620179726,[[ 93232 2153][ 32890 6613]],93232,2153,32890,6613
18,63,0.9421266913414001,avg,0.7402066899946622,0.7468063617392824,0.5724166620179726,0.5579017077776431,0.18758987357999835,0.5724166620179726,,,,,
