client,round,loss,class,accuracy,precision,recall,f1_score,cohen_kappa_score,roc_auc_score,confusion_matrix,TP,FP,FN,TN
5,181,0.9598511457443237,awake,0.5758777652571022,0.7650522106198623,0.5776170257377995,0.6582517428211301,0.12724493253604086,0.5746475630676188,[[ 22583 16920][ 40289 55096]],22583,16920,40289,55096
5,181,0.9598511457443237,asleep,0.5758777652571022,0.35919010052169487,0.5716781003974382,0.44118192918192917,0.12724493253604086,0.5746475630676189,[[ 55096 40289][ 16920 22583]],55096,40289,16920,22583
5,181,0.9598511457443237,avg,0.5758777652571022,0.5621211555707786,0.5746475630676189,0.5497168360015297,0.12724493253604086,0.5746475630676189,,,,,
