client,round,loss,class,accuracy,precision,recall,f1_score,cohen_kappa_score,roc_auc_score,confusion_matrix,TP,FP,FN,TN
13,129,0.7597067952156067,awake,0.7161274538876697,0.8070890705679862,0.7865702154426797,0.7966975497093101,0.3267293714389532,0.6663023469183629,[[ 21570 17933][ 20358 75027]],21570,17933,20358,75027
13,129,0.7597067952156067,asleep,0.7161274538876697,0.5144533485975958,0.5460344783940461,0.5297736734167577,0.3267293714389532,0.6663023469183629,[[ 75027 20358][ 17933 21570]],75027,20358,17933,21570
13,129,0.7597067952156067,avg,0.7161274538876697,0.660771209582791,0.6663023469183629,0.6632356115630339,0.3267293714389532,0.6663023469183629,,,,,
