client,round,loss,class,accuracy,precision,recall,f1_score,cohen_kappa_score,roc_auc_score,confusion_matrix,TP,FP,FN,TN
7,181,0.7637506723403931,awake,0.6612078168554653,0.7906974022934706,0.7084237563558211,0.7473029389808952,0.2380992263016961,0.6278113516356226,[[ 21616 17887][ 27812 67573]],21616,17887,27812,67573
7,181,0.7637506723403931,asleep,0.6612078168554653,0.437322974832079,0.5471989469154241,0.4861296960564932,0.2380992263016961,0.6278113516356226,[[ 67573 27812][ 17887 21616]],67573,27812,17887,21616
7,181,0.7637506723403931,avg,0.6612078168554653,0.6140101885627748,0.6278113516356226,0.6167163175186942,0.2380992263016961,0.6278113516356226,,,,,
