client,round,loss,class,accuracy,precision,recall,f1_score,cohen_kappa_score,roc_auc_score,confusion_matrix,TP,FP,FN,TN
10,2,0.9873231649398804,awake,0.4142473756004982,0.7860187255449972,0.23587566179168631,0.36286076010612134,0.0540609375236194,0.540412073358441,[[ 33378 6125][ 72886 22499]],33378,6125,72886,22499
10,2,0.9873231649398804,asleep,0.4142473756004982,0.3141044944666115,0.8449484849251956,0.4579637366482126,0.0540609375236194,0.540412073358441,[[ 22499 72886][ 6125 33378]],22499,72886,6125,33378
10,2,0.9873231649398804,avg,0.4142473756004982,0.5500616100058043,0.540412073358441,0.41041224837716694,0.0540609375236194,0.540412073358441,,,,,
