client,round,loss,class,accuracy,precision,recall,f1_score,cohen_kappa_score,roc_auc_score,confusion_matrix,TP,FP,FN,TN
14,38,0.7170968055725098,awake,0.7632406144356799,0.7811682959470359,0.9240446611102374,0.8466208168440464,0.34343282289212496,0.6495017624969965,[[ 14812 24691][ 7245 88140]],14812,24691,7245,88140
14,38,0.7170968055725098,asleep,0.7632406144356799,0.6715328467153284,0.37495886388375566,0.4812215724496426,0.34343282289212496,0.6495017624969964,[[ 88140 7245][ 24691 14812]],88140,7245,24691,14812
14,38,0.7170968055725098,avg,0.7632406144356799,0.7263505713311822,0.6495017624969965,0.6639211946468445,0.34343282289212496,0.6495017624969965,,,,,
