client,round,loss,class,accuracy,precision,recall,f1_score,cohen_kappa_score,roc_auc_score,confusion_matrix,TP,FP,FN,TN
7,64,0.623757541179657,awake,0.7161867623509874,0.7757911208995015,0.8419877339204277,0.8075351039922779,0.2707530126370279,0.6272060533764354,[[ 16292 23211][ 15072 80313]],16292,23211,15072,80313
7,64,0.623757541179657,asleep,0.7161867623509874,0.5194490498660885,0.4124243728324431,0.45979087586605893,0.2707530126370279,0.6272060533764354,[[ 80313 15072][ 23211 16292]],80313,15072,23211,16292
7,64,0.623757541179657,avg,0.7161867623509874,0.647620085382795,0.6272060533764354,0.6336629899291684,0.2707530126370279,0.6272060533764354,,,,,
