client,round,loss,class,accuracy,precision,recall,f1_score,cohen_kappa_score,roc_auc_score,confusion_matrix,TP,FP,FN,TN
2,112,0.7547239065170288,awake,0.7545815787912935,0.7895847863486307,0.8901609267704566,0.8368618174650108,0.3487941271453098,0.6586844934588936,[[ 16876 22627][ 10477 84908]],16876,22627,10477,84908
2,112,0.7547239065170288,asleep,0.7545815787912935,0.6169707161920082,0.4272080601473306,0.5048462366878067,0.3487941271453098,0.6586844934588935,[[ 84908 10477][ 22627 16876]],84908,10477,22627,16876
2,112,0.7547239065170288,avg,0.7545815787912935,0.7032777512703194,0.6586844934588936,0.6708540270764087,0.3487941271453098,0.6586844934588936,,,,,
