client,round,loss,class,accuracy,precision,recall,f1_score,cohen_kappa_score,roc_auc_score,confusion_matrix,TP,FP,FN,TN
2,119,0.7557951807975769,awake,0.7531804163454124,0.7922416552139616,0.8823504743932484,0.8348717134793844,0.35194727622474087,0.6618167074647051,[[ 17432 22071][ 11222 84163]],17432,22071,11222,84163
2,119,0.7557951807975769,asleep,0.7531804163454124,0.6083618342988762,0.4412829405361618,0.5115248617163314,0.35194727622474087,0.6618167074647051,[[ 84163 11222][ 22071 17432]],84163,11222,22071,17432
2,119,0.7557951807975769,avg,0.7531804163454124,0.7003017447564189,0.6618167074647051,0.6731982875978579,0.35194727622474087,0.6618167074647051,,,,,
