client,round,loss,class,accuracy,precision,recall,f1_score,cohen_kappa_score,roc_auc_score,confusion_matrix,TP,FP,FN,TN
12,14,1.0519027709960938,awake,0.7064972421564557,0.7489758944747388,0.8798238716779367,0.8091441133083295,0.19146068776258873,0.5839009999606806,[[ 11376 28127][ 11463 83922]],11376,28127,11463,83922
12,14,1.0519027709960938,asleep,0.7064972421564557,0.4980953631945357,0.28797812824342456,0.3649546052420519,0.19146068776258873,0.5839009999606807,[[ 83922 11463][ 28127 11376]],83922,11463,28127,11376
12,14,1.0519027709960938,avg,0.7064972421564557,0.6235356288346372,0.5839009999606807,0.5870493592751906,0.19146068776258873,0.5839009999606806,,,,,
