client,round,loss,class,accuracy,precision,recall,f1_score,cohen_kappa_score,roc_auc_score,confusion_matrix,TP,FP,FN,TN
0,162,0.8439343571662903,awake,0.7262840282308285,0.780564353584797,0.8526183362163863,0.8150018789928598,0.2929815708560981,0.6369260832791929,[[ 16640 22863][ 14058 81327]],16640,22863,14058,81327
0,162,0.8439343571662903,asleep,0.7262840282308285,0.542054856993941,0.42123383034199935,0.47406732097833365,0.2929815708560981,0.6369260832791926,[[ 81327 14058][ 22863 16640]],81327,14058,22863,16640
0,162,0.8439343571662903,avg,0.7262840282308285,0.661309605289369,0.6369260832791928,0.6445345999855967,0.2929815708560981,0.6369260832791928,,,,,
