client,round,loss,class,accuracy,precision,recall,f1_score,cohen_kappa_score,roc_auc_score,confusion_matrix,TP,FP,FN,TN
17,181,0.7314587831497192,awake,0.727284858549315,0.7674898434290409,0.8813440268386015,0.820486043333984,0.2643734759633718,0.6183167492621482,[[ 14035 25468][ 11318 84067]],14035,25468,11318,84067
17,181,0.7314587831497192,asleep,0.727284858549315,0.5535834023586952,0.35528947168569475,0.43280498334772416,0.2643734759633718,0.6183167492621481,[[ 84067 11318][ 25468 14035]],84067,11318,25468,14035
17,181,0.7314587831497192,avg,0.727284858549315,0.660536622893868,0.6183167492621481,0.626645513340854,0.2643734759633718,0.6183167492621482,,,,,
