client,round,loss,class,accuracy,precision,recall,f1_score,cohen_kappa_score,roc_auc_score,confusion_matrix,TP,FP,FN,TN
3,65,0.9876464605331421,awake,0.598674455844849,0.7878686373850298,0.5918121297897992,0.6759102937126573,0.1760668708841131,0.6035282708033117,[[ 24304 15199][ 38935 56450]],24304,15199,38935,56450
3,65,0.9876464605331421,asleep,0.598674455844849,0.3843198026534259,0.615244411816824,0.4731073952229858,0.1760668708841131,0.6035282708033116,[[ 56450 38935][ 15199 24304]],56450,38935,15199,24304
3,65,0.9876464605331421,avg,0.598674455844849,0.5860942200192278,0.6035282708033116,0.5745088444678216,0.1760668708841131,0.6035282708033116,,,,,
