client,round,loss,class,accuracy,precision,recall,f1_score,cohen_kappa_score,roc_auc_score,confusion_matrix,TP,FP,FN,TN
3,173,1.0907578468322754,awake,0.6129826226202479,0.7871420781742495,0.6204958850972375,0.6939546008817185,0.18729080512645946,0.6076683916284354,[[ 23498 16005][ 36199 59186]],23498,16005,36199,59186
3,173,1.0907578468322754,asleep,0.6129826226202479,0.3936211199892792,0.5948408981596335,0.47375,0.18729080512645946,0.6076683916284354,[[ 59186 36199][ 16005 23498]],59186,36199,16005,23498
3,173,1.0907578468322754,avg,0.6129826226202479,0.5903815990817644,0.6076683916284356,0.5838523004408592,0.18729080512645946,0.6076683916284354,,,,,
