client,round,loss,class,accuracy,precision,recall,f1_score,cohen_kappa_score,roc_auc_score,confusion_matrix,TP,FP,FN,TN
8,84,0.832003116607666,awake,0.6822771484490837,0.7621838001876734,0.8004508046338523,0.7808487464141256,0.2046502477150438,0.5986913416126758,[[ 15680 23823][ 19034 76351]],15680,23823,19034,76351
8,84,0.832003116607666,asleep,0.6822771484490837,0.4516909604194273,0.39693187859149937,0.42254470000134736,0.2046502477150438,0.5986913416126759,[[ 76351 19034][ 23823 15680]],76351,19034,23823,15680
8,84,0.832003116607666,avg,0.6822771484490837,0.6069373803035504,0.5986913416126758,0.6016967232077365,0.2046502477150438,0.5986913416126758,,,,,
