client,round,loss,class,accuracy,precision,recall,f1_score,cohen_kappa_score,roc_auc_score,confusion_matrix,TP,FP,FN,TN
5,146,0.9388090372085571,awake,0.571311013581638,0.765479219677693,0.5676993237930492,0.6519187358916478,0.12490471434768335,0.5738656100523608,[[ 22913 16590][ 41235 54150]],22913,16590,41235,54150
5,146,0.9388090372085571,asleep,0.571311013581638,0.3571896239945127,0.5800318963116725,0.4421182622454197,0.12490471434768335,0.5738656100523608,[[ 54150 41235][ 16590 22913]],54150,41235,16590,22913
5,146,0.9388090372085571,avg,0.571311013581638,0.5613344218361028,0.5738656100523609,0.5470184990685338,0.12490471434768335,0.5738656100523608,,,,,
