client,round,loss,class,accuracy,precision,recall,f1_score,cohen_kappa_score,roc_auc_score,confusion_matrix,TP,FP,FN,TN
18,97,0.9459215998649597,awake,0.7452553229345827,0.7487059935931399,0.9629606332232531,0.8424238533288086,0.22886290951278143,0.5912694465511248,[[ 8674 30829][ 3533 91852]],8674,30829,3533,91852
18,97,0.9459215998649597,asleep,0.7452553229345827,0.7105758990743016,0.21957825987899654,0.335486366273448,0.22886290951278143,0.5912694465511248,[[ 91852 3533][ 30829 8674]],91852,3533,30829,8674
18,97,0.9459215998649597,avg,0.7452553229345827,0.7296409463337208,0.5912694465511248,0.5889551098011283,0.22886290951278143,0.5912694465511248,,,,,
