client,round,loss,class,accuracy,precision,recall,f1_score,cohen_kappa_score,roc_auc_score,confusion_matrix,TP,FP,FN,TN
1,146,1.0741850137710571,awake,0.5756627720775754,0.7068193400778547,0.6833883734339781,0.6949064005799326,-0.0010415502197209658,0.499467014097188,[[ 12465 27038][ 30200 65185]],12465,27038,30200,65185
1,146,1.0741850137710571,asleep,0.5756627720775754,0.2921598499941404,0.3155456547603979,0.3034027845389933,-0.0010415502197209658,0.49946701409718797,[[ 65185 30200][ 27038 12465]],65185,30200,27038,12465
1,146,1.0741850137710571,avg,0.5756627720775754,0.49948959503599755,0.49946701409718797,0.49915459255946293,-0.0010415502197209658,0.49946701409718797,,,,,
