client,round,loss,class,accuracy,precision,recall,f1_score,cohen_kappa_score,roc_auc_score,confusion_matrix,TP,FP,FN,TN
6,167,1.0139245986938477,awake,0.5767748057647827,0.7772934617334009,0.5627299889919799,0.6528338603746047,0.14508959032578383,0.5867088924277926,[[ 24124 15379][ 41709 53676]],24124,15379,41709,53676
6,167,1.0139245986938477,asleep,0.5767748057647827,0.3664423617334771,0.6106877958636053,0.45803903698640536,0.14508959032578383,0.5867088924277926,[[ 53676 41709][ 15379 24124]],53676,41709,15379,24124
6,167,1.0139245986938477,avg,0.5767748057647827,0.571867911733439,0.5867088924277926,0.555436448680505,0.14508959032578383,0.5867088924277926,,,,,
