client,round,loss,class,accuracy,precision,recall,f1_score,cohen_kappa_score,roc_auc_score,confusion_matrix,TP,FP,FN,TN
12,150,1.318537950515747,awake,0.7025902971354012,0.7381789660581614,0.8978875085181108,0.8102380715870335,0.15219905331608652,0.5644539686731506,[[ 9126 30377][ 9740 85645]],9126,30377,9740,85645
12,150,1.318537950515747,asleep,0.7025902971354012,0.48372734018869923,0.23102042882819027,0.31270023471363223,0.15219905331608652,0.5644539686731506,[[ 85645 9740][ 30377 9126]],85645,9740,30377,9126
12,150,1.318537950515747,avg,0.7025902971354012,0.6109531531234302,0.5644539686731506,0.5614691531503329,0.15219905331608652,0.5644539686731506,,,,,
