client,round,loss,class,accuracy,precision,recall,f1_score,cohen_kappa_score,roc_auc_score,confusion_matrix,TP,FP,FN,TN
12,124,1.2022866010665894,awake,0.7016710159539766,0.7503086643910233,0.8664674739214762,0.8042152994351381,0.191147709426713,0.5851082781348261,[[ 11999 27504][ 12737 82648]],11999,27504,12737,82648
12,124,1.2022866010665894,asleep,0.7016710159539766,0.4850824708926261,0.3037490823481761,0.37357368576721306,0.191147709426713,0.5851082781348261,[[ 82648 12737][ 27504 11999]],82648,12737,27504,11999
12,124,1.2022866010665894,avg,0.7016710159539766,0.6176955676418248,0.5851082781348261,0.5888944926011757,0.191147709426713,0.5851082781348261,,,,,
