client,round,loss,class,accuracy,precision,recall,f1_score,cohen_kappa_score,roc_auc_score,confusion_matrix,TP,FP,FN,TN
2,142,0.7737324833869934,awake,0.7543443449380226,0.793303617704986,0.8825601509671333,0.835554982084545,0.35561128308906764,0.663655591267178,[[ 17569 21934][ 11202 84183]],17569,21934,11202,84183
2,142,0.7737324833869934,asleep,0.7543443449380226,0.6106496124569879,0.44475103156722273,0.5146615109705013,0.35561128308906764,0.663655591267178,[[ 84183 11202][ 21934 17569]],84183,11202,21934,17569
2,142,0.7737324833869934,avg,0.7543443449380226,0.701976615080987,0.663655591267178,0.6751082465275231,0.35561128308906764,0.663655591267178,,,,,
