client,round,loss,class,accuracy,precision,recall,f1_score,cohen_kappa_score,roc_auc_score,confusion_matrix,TP,FP,FN,TN
13,122,0.7454744577407837,awake,0.7114791530751439,0.8168991952229693,0.7630130523667243,0.7890371751645183,0.33445239644343516,0.6750285371698694,[[ 23190 16313][ 22605 72780]],23190,16313,22605,72780
13,122,0.7454744577407837,asleep,0.7114791530751439,0.5063871601703243,0.5870440219730148,0.54374076766161,0.33445239644343516,0.6750285371698695,[[ 72780 22605][ 16313 23190]],72780,22605,16313,23190
13,122,0.7454744577407837,avg,0.7114791530751439,0.6616431776966467,0.6750285371698695,0.6663889714130642,0.33445239644343516,0.6750285371698694,,,,,
