client,round,loss,class,accuracy,precision,recall,f1_score,cohen_kappa_score,roc_auc_score,confusion_matrix,TP,FP,FN,TN
7,55,0.6307612061500549,awake,0.7090178518474586,0.7894839980609961,0.8024951512292289,0.7959364049453578,0.289171064578287,0.6429001083336484,[[ 19092 20411][ 18839 76546]],19092,20411,18839,76546
7,55,0.6307612061500549,asleep,0.7090178518474586,0.503335003031821,0.483305065438068,0.4931167187540357,0.289171064578287,0.6429001083336483,[[ 76546 18839][ 20411 19092]],76546,18839,20411,19092
7,55,0.6307612061500549,avg,0.7090178518474586,0.6464095005464086,0.6429001083336484,0.6445265618496967,0.289171064578287,0.6429001083336483,,,,,
