client,round,loss,class,accuracy,precision,recall,f1_score,cohen_kappa_score,roc_auc_score,confusion_matrix,TP,FP,FN,TN
2,139,0.8242306113243103,awake,0.7544555483067433,0.7806454520869016,0.9078681134350265,0.839463926520127,0.3299200032291325,0.6459447900795363,[[ 15170 24333][ 8788 86597]],15170,24333,8788,86597
2,139,0.8242306113243103,asleep,0.7544555483067433,0.6331914183153853,0.3840214667240463,0.4780889049967697,0.3299200032291325,0.6459447900795364,[[ 86597 8788][ 24333 15170]],86597,8788,24333,15170
2,139,0.8242306113243103,avg,0.7544555483067433,0.7069184352011435,0.6459447900795364,0.6587764157584484,0.3299200032291325,0.6459447900795363,,,,,
