client,round,loss,class,accuracy,precision,recall,f1_score,cohen_kappa_score,roc_auc_score,confusion_matrix,TP,FP,FN,TN
13,19,0.6916807293891907,awake,0.7377898701144653,0.7872128637059724,0.8622739424437804,0.8230355489955721,0.3211397520408167,0.6497406215775594,[[ 17271 22232][ 13137 82248]],17271,22232,13137,82248
13,19,0.6916807293891907,asleep,0.7377898701144653,0.5679755327545383,0.4372073007113384,0.49408533707141933,0.3211397520408167,0.6497406215775593,[[ 82248 13137][ 22232 17271]],82248,13137,22232,17271
13,19,0.6916807293891907,avg,0.7377898701144653,0.6775941982302554,0.6497406215775594,0.6585604430334957,0.3211397520408167,0.6497406215775594,,,,,
