client,round,loss,class,accuracy,precision,recall,f1_score,cohen_kappa_score,roc_auc_score,confusion_matrix,TP,FP,FN,TN
10,56,1.3444106578826904,awake,0.4245892888915248,0.8056348687605352,0.24552078419038634,0.3763478875729185,0.06870670421992986,0.5512468361627324,[[ 33853 5650][ 71966 23419]],33853,5650,71966,23419
10,56,1.3444106578826904,asleep,0.4245892888915248,0.3199141931033179,0.8569728881350783,0.4659033043861219,0.06870670421992986,0.5512468361627323,[[ 23419 71966][ 5650 33853]],23419,71966,5650,33853
10,56,1.3444106578826904,avg,0.4245892888915248,0.5627745309319265,0.5512468361627323,0.42112559597952015,0.06870670421992986,0.5512468361627323,,,,,
