client,round,loss,class,accuracy,precision,recall,f1_score,cohen_kappa_score,roc_auc_score,confusion_matrix,TP,FP,FN,TN
12,154,1.3243516683578491,awake,0.703376134274361,0.747776127150042,0.8760077580332337,0.8068286606767828,0.18497968299986145,0.5812714789457362,[[ 11319 28184][ 11827 83558]],11319,28184,11827,83558
12,154,1.3243516683578491,asleep,0.703376134274361,0.4890261816296552,0.2865351998582386,0.36134654982521663,0.18497968299986145,0.5812714789457362,[[ 83558 11827][ 28184 11319]],83558,11827,28184,11319
12,154,1.3243516683578491,avg,0.703376134274361,0.6184011543898487,0.5812714789457362,0.5840876052509998,0.18497968299986145,0.5812714789457362,,,,,
