client,round,loss,class,accuracy,precision,recall,f1_score,cohen_kappa_score,roc_auc_score,confusion_matrix,TP,FP,FN,TN
18,12,0.8054907321929932,awake,0.7181661823142163,0.7192283882209977,0.9865911831000681,0.8319571405838357,0.07680607656330674,0.528305590790598,[[ 2766 36737][ 1279 94106]],2766,36737,1279,94106
18,12,0.8054907321929932,asleep,0.7181661823142163,0.6838071693448702,0.07001999848112801,0.12703224028658033,0.07680607656330674,0.528305590790598,[[ 94106 1279][ 36737 2766]],94106,1279,36737,2766
18,12,0.8054907321929932,avg,0.7181661823142163,0.7015177787829339,0.528305590790598,0.47949469043520804,0.07680607656330674,0.528305590790598,,,,,
