client,round,loss,class,accuracy,precision,recall,f1_score,cohen_kappa_score,roc_auc_score,confusion_matrix,TP,FP,FN,TN
4,146,1.3173582553863525,awake,0.7268252179586027,0.7362210761644189,0.956334853488494,0.8319652694173871,0.163570358600994,0.5644899845246687,[[ 6820 32683][ 4165 91220]],6820,32683,4165,91220
4,146,1.3173582553863525,asleep,0.7268252179586027,0.6208466090122895,0.17264511556084347,0.2701632070987165,0.163570358600994,0.5644899845246688,[[ 91220 4165][ 32683 6820]],91220,4165,32683,6820
4,146,1.3173582553863525,avg,0.7268252179586027,0.6785338425883543,0.5644899845246687,0.5510642382580518,0.163570358600994,0.5644899845246687,,,,,
