client,round,loss,class,accuracy,precision,recall,f1_score,cohen_kappa_score,roc_auc_score,confusion_matrix,TP,FP,FN,TN
7,121,0.7515914440155029,awake,0.6328435442737679,0.7634360423703499,0.6966609005608848,0.7285215456045432,0.1651896785889685,0.587704675022867,[[ 18912 20591][ 28934 66451]],18912,20591,28934,66451
7,121,0.7515914440155029,asleep,0.6328435442737679,0.395268151987627,0.47874844948484924,0.4330215572015707,0.1651896785889685,0.587704675022867,[[ 66451 28934][ 20591 18912]],66451,28934,20591,18912
7,121,0.7515914440155029,avg,0.6328435442737679,0.5793520971789885,0.587704675022867,0.5807715514030569,0.1651896785889685,0.587704675022867,,,,,
