client,round,loss,class,accuracy,precision,recall,f1_score,cohen_kappa_score,roc_auc_score,confusion_matrix,TP,FP,FN,TN
3,5,0.867046594619751,awake,0.5324936243401933,0.7727855792600594,0.4800125805944331,0.5921892480906404,0.10980424777711328,0.569614168179909,[[ 26041 13462][ 49599 45786]],26041,13462,49599,45786
3,5,0.867046594619751,asleep,0.5324936243401933,0.3442755156002115,0.6592157557653849,0.45232450083808823,0.10980424777711328,0.5696141681799091,[[ 45786 49599][ 13462 26041]],45786,49599,13462,26041
3,5,0.867046594619751,avg,0.5324936243401933,0.5585305474301354,0.569614168179909,0.5222568744643643,0.10980424777711328,0.569614168179909,,,,,
