client,round,loss,class,accuracy,precision,recall,f1_score,cohen_kappa_score,roc_auc_score,confusion_matrix,TP,FP,FN,TN
8,35,0.7311796545982361,awake,0.6799270505901193,0.778479459799665,0.7650783666194895,0.7717207393934267,0.23651694058592876,0.6196983864082435,[[ 18737 20766][ 22408 72977]],18737,20766,22408,72977
8,35,0.7311796545982361,asleep,0.6799270505901193,0.4553894762425568,0.4743184061969977,0.4646612439242138,0.23651694058592876,0.6196983864082436,[[ 72977 22408][ 20766 18737]],72977,22408,20766,18737
8,35,0.7311796545982361,avg,0.6799270505901193,0.616934468021111,0.6196983864082436,0.6181909916588202,0.23651694058592876,0.6196983864082435,,,,,
