client,round,loss,class,accuracy,precision,recall,f1_score,cohen_kappa_score,roc_auc_score,confusion_matrix,TP,FP,FN,TN
7,161,0.7486311197280884,awake,0.6393674752387165,0.7728546409807355,0.6939770404151596,0.7312950534427044,0.1879173374805222,0.6007413997357168,[[ 20048 19455][ 29190 66195]],20048,19455,29190,66195
7,161,0.7486311197280884,asleep,0.6393674752387165,0.4071651976116008,0.5075057590562742,0.45183173504918805,0.1879173374805222,0.6007413997357168,[[ 66195 29190][ 19455 20048]],66195,29190,19455,20048
7,161,0.7486311197280884,avg,0.6393674752387165,0.5900099192961682,0.6007413997357169,0.5915633942459462,0.1879173374805222,0.6007413997357168,,,,,
