client,round,loss,class,accuracy,precision,recall,f1_score,cohen_kappa_score,roc_auc_score,confusion_matrix,TP,FP,FN,TN
13,117,0.7654730677604675,awake,0.7068086115888738,0.8036831170526362,0.7745976830738586,0.7888723988084434,0.3097910228341354,0.6588604950822297,[[ 21455 18048][ 21500 73885]],21455,18048,21500,73885
13,117,0.7654730677604675,asleep,0.7068086115888738,0.49947619601908977,0.5431233070906007,0.5203861359722526,0.3097910228341354,0.6588604950822297,[[ 73885 21500][ 18048 21455]],73885,21500,18048,21455
13,117,0.7654730677604675,avg,0.7068086115888738,0.6515796565358629,0.6588604950822297,0.654629267390348,0.3097910228341354,0.6588604950822297,,,,,
