client,round,loss,class,accuracy,precision,recall,f1_score,cohen_kappa_score,roc_auc_score,confusion_matrix,TP,FP,FN,TN
11,81,0.6853033304214478,awake,0.7037023308226084,0.797664575455483,0.7784557320333386,0.7879431006032696,0.2966044195405053,0.650828250797572,[[ 20668 18835][ 21132 74253]],20668,18835,21132,74253
11,81,0.6853033304214478,asleep,0.7037023308226084,0.49444976076555025,0.5232007695618054,0.5084191235255773,0.2966044195405053,0.650828250797572,[[ 74253 21132][ 18835 20668]],74253,21132,18835,20668
11,81,0.6853033304214478,avg,0.7037023308226084,0.6460571681105166,0.650828250797572,0.6481811120644234,0.2966044195405053,0.650828250797572,,,,,
