client,round,loss,class,accuracy,precision,recall,f1_score,cohen_kappa_score,roc_auc_score,confusion_matrix,TP,FP,FN,TN
12,169,1.3398948907852173,awake,0.7055631338592017,0.742024398514873,0.8946689731089794,0.8112285638237196,0.1680664370429703,0.5718060456765817,[[ 9834 29669][ 10047 85338]],9834,29669,10047,85338
12,169,1.3398948907852173,asleep,0.7055631338592017,0.4946431266032896,0.248943118244184,0.3312003233194126,0.1680664370429703,0.5718060456765818,[[ 85338 10047][ 29669 9834]],85338,10047,29669,9834
12,169,1.3398948907852173,avg,0.7055631338592017,0.6183337625590812,0.5718060456765817,0.571214443571566,0.1680664370429703,0.5718060456765817,,,,,
