client,round,loss,class,accuracy,precision,recall,f1_score,cohen_kappa_score,roc_auc_score,confusion_matrix,TP,FP,FN,TN
11,134,0.7145974040031433,awake,0.7113976039380819,0.7784705232420488,0.8272998899197987,0.8021427881658729,0.2708534327449571,0.6294183676113436,[[ 17047 22456][ 16473 78912]],17047,22456,16473,78912
11,134,0.7145974040031433,asleep,0.7113976039380819,0.5085620525059665,0.4315368453028884,0.4668939923037947,0.2708534327449571,0.6294183676113436,[[ 78912 16473][ 22456 17047]],78912,16473,22456,17047
11,134,0.7145974040031433,avg,0.7113976039380819,0.6435162878740077,0.6294183676113436,0.6345183902348338,0.2708534327449571,0.6294183676113436,,,,,
