client,round,loss,class,accuracy,precision,recall,f1_score,cohen_kappa_score,roc_auc_score,confusion_matrix,TP,FP,FN,TN
17,69,0.6960317492485046,awake,0.7219767510823795,0.7670397401710664,0.8715311631807936,0.8159537504171492,0.2571694131541127,0.6161949160713223,[[ 14255 25248][ 12254 83131]],14255,25248,12254,83131
17,69,0.6960317492485046,asleep,0.7219767510823795,0.5377418989777056,0.360858668961851,0.43189117130218746,0.2571694131541127,0.6161949160713223,[[ 83131 12254][ 25248 14255]],83131,12254,25248,14255
17,69,0.6960317492485046,avg,0.7219767510823795,0.6523908195743859,0.6161949160713223,0.6239224608596683,0.2571694131541127,0.6161949160713223,,,,,
