client,round,loss,class,accuracy,precision,recall,f1_score,cohen_kappa_score,roc_auc_score,confusion_matrix,TP,FP,FN,TN
14,21,0.7358983159065247,awake,0.7598303777949114,0.7762990516462404,0.9276930334958327,0.8452706188028963,0.3273529447124178,0.6410988773281254,[[ 14004 25499][ 6897 88488]],14004,25499,6897,88488
14,21,0.7358983159065247,asleep,0.7598303777949114,0.6700157887182432,0.3545047211604182,0.46367790212568705,0.3273529447124178,0.6410988773281253,[[ 88488 6897][ 25499 14004]],88488,6897,25499,14004
14,21,0.7358983159065247,avg,0.7598303777949114,0.7231574201822417,0.6410988773281254,0.6544742604642917,0.3273529447124178,0.6410988773281254,,,,,
