client,round,loss,class,accuracy,precision,recall,f1_score,cohen_kappa_score,roc_auc_score,confusion_matrix,TP,FP,FN,TN
6,71,0.7439184188842773,awake,0.650361781626238,0.7754498200719712,0.7116318079362584,0.7421714410671332,0.20227482421851561,0.6070246729223858,[[ 19847 19656][ 27506 67879]],19847,19656,27506,67879
6,71,0.7439184188842773,asleep,0.650361781626238,0.4191286718898486,0.5024175379085133,0.4570093027539836,0.20227482421851561,0.6070246729223857,[[ 67879 27506][ 19656 19847]],67879,27506,19656,19847
6,71,0.7439184188842773,avg,0.650361781626238,0.5972892459809098,0.6070246729223858,0.5995903719105584,0.20227482421851561,0.6070246729223858,,,,,
