client,round,loss,class,accuracy,precision,recall,f1_score,cohen_kappa_score,roc_auc_score,confusion_matrix,TP,FP,FN,TN
16,1,0.7497210502624512,awake,0.6984461182610758,0.7242521376279912,0.9261938459925565,0.8128686179071244,0.09306919851085582,0.537357105767207,[[ 5867 33636][ 7040 88345]],5867,33636,7040,88345
16,1,0.7497210502624512,asleep,0.6984461182610758,0.45455954133415977,0.14852036554185757,0.2238885708834192,0.09306919851085582,0.5373571057672071,[[ 88345 7040][ 33636 5867]],88345,7040,33636,5867
16,1,0.7497210502624512,avg,0.6984461182610758,0.5894058394810755,0.5373571057672071,0.5183785943952718,0.09306919851085582,0.5373571057672071,,,,,
