client,round,loss,class,accuracy,precision,recall,f1_score,cohen_kappa_score,roc_auc_score,confusion_matrix,TP,FP,FN,TN
10,80,1.235517978668213,awake,0.4360951307751616,0.8204464789199589,0.2593070189233108,0.39406685148010073,0.08241172769331573,0.5611397256983969,[[ 34090 5413][ 70651 24734]],34090,5413,70651,24734
10,80,1.235517978668213,asleep,0.4360951307751616,0.32546949141215,0.862972432473483,0.4726713069521089,0.08241172769331573,0.5611397256983969,[[ 24734 70651][ 5413 34090]],24734,70651,5413,34090
10,80,1.235517978668213,avg,0.4360951307751616,0.5729579851660545,0.5611397256983969,0.4333690792161048,0.08241172769331573,0.5611397256983969,,,,,
