client,round,loss,class,accuracy,precision,recall,f1_score,cohen_kappa_score,roc_auc_score,confusion_matrix,TP,FP,FN,TN
0,100,0.8506954908370972,awake,0.7264397129470376,0.7646691465964321,0.8857367510614876,0.8207624154814642,0.2562276527748094,0.6137667883095201,[[ 13502 26001][ 10899 84486]],13502,26001,10899,84486
0,100,0.8506954908370972,asleep,0.7264397129470376,0.5533379779517232,0.3417968255575526,0.42257135703555326,0.2562276527748094,0.61376678830952,[[ 84486 10899][ 26001 13502]],84486,10899,26001,13502
0,100,0.8506954908370972,avg,0.7264397129470376,0.6590035622740777,0.6137667883095201,0.6216668862585087,0.2562276527748094,0.6137667883095201,,,,,
