client,round,loss,class,accuracy,precision,recall,f1_score,cohen_kappa_score,roc_auc_score,confusion_matrix,TP,FP,FN,TN
12,53,1.091931700706482,awake,0.7028720123361604,0.7532465153763027,0.862294910101169,0.8040903514045918,0.20077968978930594,0.590110065485235,[[ 12559 26944][ 13135 82250]],12559,26944,13135,82250
12,53,1.091931700706482,asleep,0.7028720123361604,0.48879115746866975,0.3179252208693011,0.3852631256039389,0.20077968978930594,0.590110065485235,[[ 82250 13135][ 26944 12559]],82250,13135,26944,12559
12,53,1.091931700706482,avg,0.7028720123361604,0.6210188364224862,0.590110065485235,0.5946767385042654,0.20077968978930594,0.590110065485235,,,,,
