client,round,loss,class,accuracy,precision,recall,f1_score,cohen_kappa_score,roc_auc_score,confusion_matrix,TP,FP,FN,TN
3,37,0.8099679946899414,awake,0.6581460174366882,0.7972084494468773,0.6928028516014049,0.7413477826764939,0.2446069755181467,0.6336327753184605,[[ 22693 16810][ 29302 66083]],22693,16810,29302,66083
3,37,0.8099679946899414,asleep,0.6581460174366882,0.43644581209731703,0.5744626990355163,0.49603270016830975,0.2446069755181467,0.6336327753184605,[[ 66083 29302][ 16810 22693]],66083,29302,16810,22693
3,37,0.8099679946899414,avg,0.6581460174366882,0.6168271307720972,0.6336327753184605,0.6186902414224018,0.2446069755181467,0.6336327753184605,,,,,
