client,round,loss,class,accuracy,precision,recall,f1_score,cohen_kappa_score,roc_auc_score,confusion_matrix,TP,FP,FN,TN
1,113,0.984600305557251,awake,0.5650762113753632,0.7015202239174578,0.6700424595062117,0.685420129765671,-0.01777160825737978,0.4908321808201134,[[ 12310 27193][ 31473 63912]],12310,27193,31473,63912
1,113,0.984600305557251,asleep,0.5650762113753632,0.2811593540872028,0.31162190213401514,0.2956079052902048,-0.01777160825737978,0.49083218082011343,[[ 63912 31473][ 27193 12310]],63912,31473,27193,12310
1,113,0.984600305557251,avg,0.5650762113753632,0.49133978900233033,0.4908321808201134,0.4905140175279379,-0.01777160825737978,0.4908321808201134,,,,,
