client,round,loss,class,accuracy,precision,recall,f1_score,cohen_kappa_score,roc_auc_score,confusion_matrix,TP,FP,FN,TN
7,178,0.7831497192382812,awake,0.6414729256864955,0.7868156533619596,0.6762069507784243,0.727330134584266,0.21266442443994638,0.6169050853935156,[[ 22027 17476][ 30885 64500]],22027,17476,30885,64500
7,178,0.7831497192382812,asleep,0.6414729256864955,0.4162949803447233,0.557603220008607,0.47669750581615533,0.21266442443994638,0.6169050853935156,[[ 64500 30885][ 17476 22027]],64500,30885,17476,22027
7,178,0.7831497192382812,avg,0.6414729256864955,0.6015553168533414,0.6169050853935156,0.6020138202002107,0.21266442443994638,0.6169050853935156,,,,,
