client,round,loss,class,accuracy,precision,recall,f1_score,cohen_kappa_score,roc_auc_score,confusion_matrix,TP,FP,FN,TN
4,60,1.205145239830017,awake,0.7227996560109128,0.7296682929920162,0.9658227184567805,0.8312992632229597,0.1320385727090383,0.5509061950636432,[[ 5372 34131][ 3260 92125]],5372,34131,3260,92125
4,60,1.205145239830017,asleep,0.7227996560109128,0.6223354958294718,0.13598967167050605,0.22320556767424954,0.1320385727090383,0.5509061950636432,[[ 92125 3260][ 34131 5372]],92125,3260,34131,5372
4,60,1.205145239830017,avg,0.7227996560109128,0.676001894410744,0.5509061950636432,0.5272524154486046,0.1320385727090383,0.5509061950636432,,,,,
