client,round,loss,class,accuracy,precision,recall,f1_score,cohen_kappa_score,roc_auc_score,confusion_matrix,TP,FP,FN,TN
1,185,1.1890227794647217,awake,0.5810969100290612,0.7108276939094221,0.6871520679352099,0.698789400457373,0.0118853560267147,0.5060826790325368,[[ 12839 26664][ 29841 65544]],12839,26664,29841,65544
1,185,1.1890227794647217,asleep,0.5810969100290612,0.30082005623242736,0.3250132901298636,0.31244904663981604,0.0118853560267147,0.5060826790325367,[[ 65544 29841][ 26664 12839]],65544,29841,26664,12839
1,185,1.1890227794647217,avg,0.5810969100290612,0.5058238750709247,0.5060826790325368,0.5056192235485946,0.0118853560267147,0.5060826790325368,,,,,
