client,round,loss,class,accuracy,precision,recall,f1_score,cohen_kappa_score,roc_auc_score,confusion_matrix,TP,FP,FN,TN
17,193,0.8455518484115601,awake,0.723311191507028,0.7469483927492961,0.920605965298527,0.8247349093197337,0.20049367171141252,0.583761960448418,[[ 9754 29749][ 7573 87812]],9754,29749,7573,87812
17,193,0.8455518484115601,asleep,0.723311191507028,0.5629364575517978,0.24691795559830898,0.34326939996480726,0.20049367171141252,0.583761960448418,[[ 87812 7573][ 29749 9754]],87812,7573,29749,9754
17,193,0.8455518484115601,avg,0.723311191507028,0.6549424251505469,0.583761960448418,0.5840021546422705,0.20049367171141252,0.583761960448418,,,,,
