client,round,loss,class,accuracy,precision,recall,f1_score,cohen_kappa_score,roc_auc_score,confusion_matrix,TP,FP,FN,TN
7,113,0.7891536355018616,awake,0.6072371152363443,0.7883036005656477,0.6077999685485139,0.6863830366603721,0.18389466149621592,0.606839001564083,[[ 23934 15569][ 37410 57975]],23934,15569,37410,57975
7,113,0.7891536355018616,asleep,0.6072371152363443,0.390160406885759,0.6058780345796522,0.4746596329092586,0.18389466149621592,0.6068390015640831,[[ 57975 37410][ 15569 23934]],57975,37410,15569,23934
7,113,0.7891536355018616,avg,0.6072371152363443,0.5892320037257034,0.606839001564083,0.5805213347848154,0.18389466149621592,0.606839001564083,,,,,
