client,round,loss,class,accuracy,precision,recall,f1_score,cohen_kappa_score,roc_auc_score,confusion_matrix,TP,FP,FN,TN
2,72,0.7341716885566711,awake,0.7535066128936599,0.7902141015581213,0.8868690045604655,0.8357563093703225,0.3485062051640673,0.6591776103986036,[[ 17045 22458][ 10791 84594]],17045,22458,10791,84594
2,72,0.7341716885566711,asleep,0.7535066128936599,0.6123365426066963,0.4314862162367415,0.506244523975705,0.3485062051640673,0.6591776103986035,[[ 84594 10791][ 22458 17045]],84594,10791,22458,17045
2,72,0.7341716885566711,avg,0.7535066128936599,0.7012753220824088,0.6591776103986035,0.6710004166730137,0.3485062051640673,0.6591776103986036,,,,,
