client,round,loss,class,accuracy,precision,recall,f1_score,cohen_kappa_score,roc_auc_score,confusion_matrix,TP,FP,FN,TN
3,143,1.0919740200042725,awake,0.5903045489591364,0.7820011808035087,0.5832153902605232,0.6681359331743963,0.16158467889513284,0.5953188056788274,[[ 23995 15508][ 39755 55630]],23995,15508,39755,55630
3,143,1.0919740200042725,asleep,0.5903045489591364,0.3763921568627451,0.6074222210971318,0.4647806843384696,0.16158467889513284,0.5953188056788274,[[ 55630 39755][ 15508 23995]],55630,39755,15508,23995
3,143,1.0919740200042725,avg,0.5903045489591364,0.5791966688331269,0.5953188056788274,0.566458308756433,0.16158467889513284,0.5953188056788274,,,,,
