client,round,loss,class,accuracy,precision,recall,f1_score,cohen_kappa_score,roc_auc_score,confusion_matrix,TP,FP,FN,TN
14,22,0.7626463174819946,awake,0.7587850661289366,0.7719891979850088,0.9350631650678828,0.8457369890811165,0.31531411052380687,0.6341012101571599,[[ 13160 26343][ 6194 89191]],13160,26343,6194,89191
14,22,0.7626463174819946,asleep,0.7587850661289366,0.6799627983879302,0.333139255246437,0.4471855514212414,0.31531411052380687,0.6341012101571599,[[ 89191 6194][ 26343 13160]],89191,6194,26343,13160
14,22,0.7626463174819946,avg,0.7587850661289366,0.7259759981864695,0.6341012101571599,0.6464612702511789,0.31531411052380687,0.6341012101571599,,,,,
