client,round,loss,class,accuracy,precision,recall,f1_score,cohen_kappa_score,roc_auc_score,confusion_matrix,TP,FP,FN,TN
1,136,1.0673315525054932,awake,0.5626519779372516,0.7067633289395937,0.6520731771242858,0.6783176744515756,-0.0011317211957289075,0.49940316831557935,[[ 13697 25806][ 33187 62198]],13697,25806,33187,62198
1,136,1.0673315525054932,asleep,0.5626519779372516,0.292146574524358,0.3467331595068729,0.31710789817912416,-0.0011317211957289075,0.49940316831557935,[[ 62198 33187][ 25806 13697]],62198,33187,25806,13697
1,136,1.0673315525054932,avg,0.5626519779372516,0.49945495173197585,0.49940316831557935,0.4977127863153499,-0.0011317211957289075,0.49940316831557935,,,,,
