client,round,loss,class,accuracy,precision,recall,f1_score,cohen_kappa_score,roc_auc_score,confusion_matrix,TP,FP,FN,TN
1,161,1.112167239189148,awake,0.5760927584366289,0.7103313110403982,0.6763432405514493,0.6929207436924696,0.010029083489575541,0.5051842522277283,[[ 13195 26308][ 30872 64513]],13195,26308,30872,64513
1,161,1.112167239189148,asleep,0.5760927584366289,0.2994304127805387,0.3340252639040073,0.3157831757807825,0.010029083489575541,0.5051842522277283,[[ 64513 30872][ 26308 13195]],64513,30872,26308,13195
1,161,1.112167239189148,avg,0.5760927584366289,0.5048808619104684,0.5051842522277283,0.504351959736626,0.010029083489575541,0.5051842522277283,,,,,
