client,round,loss,class,accuracy,precision,recall,f1_score,cohen_kappa_score,roc_auc_score,confusion_matrix,TP,FP,FN,TN
17,135,0.7864922881126404,awake,0.7168762232370559,0.7529297306858886,0.8924883367405777,0.8167905972655313,0.21328989091627926,0.592663427667051,[[ 11568 27935][ 10255 85130]],11568,27935,10255,85130
17,135,0.7864922881126404,asleep,0.7168762232370559,0.5300829400174129,0.29283851859352455,0.37726249877702767,0.21328989091627926,0.592663427667051,[[ 85130 10255][ 27935 11568]],85130,10255,27935,11568
17,135,0.7864922881126404,avg,0.7168762232370559,0.6415063353516508,0.5926634276670512,0.5970265480212795,0.21328989091627926,0.592663427667051,,,,,
