client,round,loss,class,accuracy,precision,recall,f1_score,cohen_kappa_score,roc_auc_score,confusion_matrix,TP,FP,FN,TN
13,179,0.8106237053871155,awake,0.7086101061621494,0.8178489650638192,0.7563977564606594,0.7859239772770599,0.33197541577707546,0.6748092622517964,[[ 23434 16069][ 23236 72149]],23434,16069,23236,72149
13,179,0.8106237053871155,asleep,0.7086101061621494,0.5021212770516391,0.5932207680429334,0.5438826546598122,0.33197541577707546,0.6748092622517964,[[ 72149 23236][ 16069 23434]],72149,23236,16069,23434
13,179,0.8106237053871155,avg,0.7086101061621494,0.6599851210577292,0.6748092622517965,0.6649033159684361,0.33197541577707546,0.6748092622517964,,,,,
