client,round,loss,class,accuracy,precision,recall,f1_score,cohen_kappa_score,roc_auc_score,confusion_matrix,TP,FP,FN,TN
15,74,1.285211443901062,awake,0.3700699839867149,0.6310161773215589,0.26294490748021176,0.37120741201195867,-0.0766812428200907,0.445840982712589,[[ 24837 14666][ 70304 25081]],24837,14666,70304,25081
15,74,1.285211443901062,asleep,0.3700699839867149,0.2610546452107924,0.6287370579449663,0.3689284334987077,-0.0766812428200907,0.44584098271258904,[[ 25081 70304][ 14666 24837]],25081,70304,14666,24837
15,74,1.285211443901062,avg,0.3700699839867149,0.44603541126617563,0.445840982712589,0.3700679227553332,-0.0766812428200907,0.445840982712589,,,,,
