client,round,loss,class,accuracy,precision,recall,f1_score,cohen_kappa_score,roc_auc_score,confusion_matrix,TP,FP,FN,TN
18,130,1.1794888973236084,awake,0.7292716920704585,0.7308708986657673,0.9768621900718142,0.8361495733015067,0.14213139667676145,0.5541476228945508,[[ 5192 34311][ 2207 93178]],5192,34311,2207,93178
18,130,1.1794888973236084,asleep,0.7292716920704585,0.7017164481686714,0.1314330557172873,0.2213978081958126,0.14213139667676145,0.5541476228945508,[[ 93178 2207][ 34311 5192]],93178,2207,34311,5192
18,130,1.1794888973236084,avg,0.7292716920704585,0.7162936734172194,0.5541476228945508,0.5287736907486597,0.14213139667676145,0.5541476228945508,,,,,
