client,round,loss,class,accuracy,precision,recall,f1_score,cohen_kappa_score,roc_auc_score,confusion_matrix,TP,FP,FN,TN
9,190,0.8948782086372375,awake,0.7590593677717811,0.7738965303971358,0.9313938250248991,0.8453721060794931,0.3204588335442944,0.6371649022853781,[[ 13547 25956][ 6544 88841]],13547,25956,6544,88841
9,190,0.8948782086372375,asleep,0.7590593677717811,0.6742820168234532,0.34293597954585725,0.4546430848743162,0.3204588335442944,0.6371649022853783,[[ 88841 6544][ 25956 13547]],88841,6544,25956,13547
9,190,0.8948782086372375,avg,0.7590593677717811,0.7240892736102945,0.6371649022853781,0.6500075954769047,0.3204588335442944,0.6371649022853783,,,,,
