client,round,loss,class,accuracy,precision,recall,f1_score,cohen_kappa_score,roc_auc_score,confusion_matrix,TP,FP,FN,TN
16,129,0.9153686761856079,awake,0.7405921950062274,0.7676849159634068,0.9079100487498034,0.8319299880399437,0.2807664555039028,0.6222460402471139,[[ 13296 26207][ 8784 86601]],13296,26207,8784,86601
16,129,0.9153686761856079,asleep,0.7405921950062274,0.6021739130434782,0.33658203174442447,0.43180747933683,0.2807664555039028,0.6222460402471139,[[ 86601 8784][ 26207 13296]],86601,8784,26207,13296
16,129,0.9153686761856079,avg,0.7405921950062274,0.6849294145034426,0.6222460402471139,0.6318687336883868,0.2807664555039028,0.6222460402471139,,,,,
