client,round,loss,class,accuracy,precision,recall,f1_score,cohen_kappa_score,roc_auc_score,confusion_matrix,TP,FP,FN,TN
12,112,1.306145191192627,awake,0.7145038847043473,0.745038904638398,0.9064737642186926,0.8178662302897304,0.18593917601927312,0.5787210225543757,[[ 9914 29589][ 8921 86464]],9914,29589,8921,86464
12,112,1.306145191192627,asleep,0.7145038847043473,0.5263604990708787,0.25096828089005896,0.33988138091809794,0.18593917601927312,0.5787210225543757,[[ 86464 8921][ 29589 9914]],86464,8921,29589,9914
12,112,1.306145191192627,avg,0.7145038847043473,0.6356997018546383,0.5787210225543757,0.5788738056039142,0.18593917601927312,0.5787210225543757,,,,,
