client,round,loss,class,accuracy,precision,recall,f1_score,cohen_kappa_score,roc_auc_score,confusion_matrix,TP,FP,FN,TN
16,10,0.7689210772514343,awake,0.724971828479924,0.7659830791556006,0.8798867746501022,0.8189935302555695,0.2579252429206469,0.6153984160570461,[[ 13862 25641][ 11457 83928]],13862,25641,11457,83928
16,10,0.7689210772514343,asleep,0.724971828479924,0.5474939768553261,0.35091005746399007,0.42769430131745395,0.2579252429206469,0.6153984160570461,[[ 83928 11457][ 25641 13862]],83928,11457,25641,13862
16,10,0.7689210772514343,avg,0.724971828479924,0.6567385280054634,0.6153984160570461,0.6233439157865117,0.2579252429206469,0.6153984160570461,,,,,
