client,round,loss,class,accuracy,precision,recall,f1_score,cohen_kappa_score,roc_auc_score,confusion_matrix,TP,FP,FN,TN
14,74,0.7912666201591492,awake,0.7539884941581164,0.7684479469672775,0.9333438171620275,0.8429070527083196,0.29975169432163584,0.6271280764669971,[[ 12677 26826][ 6358 89027]],12677,26826,6358,89027
14,74,0.7912666201591492,asleep,0.7539884941581164,0.6659837142106646,0.3209123357719667,0.43312036625781547,0.29975169432163584,0.6271280764669972,[[ 89027 6358][ 26826 12677]],89027,6358,26826,12677
14,74,0.7912666201591492,avg,0.7539884941581164,0.7172158305889711,0.6271280764669971,0.6380137094830676,0.29975169432163584,0.6271280764669971,,,,,
