client,round,loss,class,accuracy,precision,recall,f1_score,cohen_kappa_score,roc_auc_score,confusion_matrix,TP,FP,FN,TN
17,146,0.9418747425079346,awake,0.7133325425538224,0.7251693226300787,0.9574880746448603,0.825290970866768,0.10508917262383533,0.5406380706869847,[[ 4890 34613][ 4055 91330]],4890,34613,4055,91330
17,146,0.9418747425079346,asleep,0.7133325425538224,0.5466741196198994,0.12378806672910918,0.2018659180977543,0.10508917262383533,0.5406380706869848,[[ 91330 4055][ 34613 4890]],91330,4055,34613,4890
17,146,0.9418747425079346,avg,0.7133325425538224,0.635921721124989,0.5406380706869848,0.5135784444822611,0.10508917262383533,0.5406380706869847,,,,,
