client,round,loss,class,accuracy,precision,recall,f1_score,cohen_kappa_score,roc_auc_score,confusion_matrix,TP,FP,FN,TN
16,67,0.9294489622116089,awake,0.7360773382361663,0.7682794396130063,0.897457671541647,0.8278596572666435,0.2767782668714619,0.6219308710592826,[[ 13684 25819][ 9781 85604]],13684,25819,9781,85604
16,67,0.9294489622116089,asleep,0.7360773382361663,0.5831664180694651,0.3464040705769182,0.43463346461694824,0.2767782668714619,0.6219308710592826,[[ 85604 9781][ 25819 13684]],85604,9781,25819,13684
16,67,0.9294489622116089,avg,0.7360773382361663,0.6757229288412356,0.6219308710592826,0.6312465609417959,0.2767782668714619,0.6219308710592826,,,,,
