client,round,loss,class,accuracy,precision,recall,f1_score,cohen_kappa_score,roc_auc_score,confusion_matrix,TP,FP,FN,TN
8,97,0.8222413659095764,awake,0.7000919281181425,0.7608383904574679,0.8399014520102741,0.7984173966773302,0.21846279301472937,0.6012027828109492,[[ 14320 25183][ 15271 80114]],14320,25183,15271,80114
8,97,0.8222413659095764,asleep,0.7000919281181425,0.48393092494339496,0.36250411361162443,0.41450777202072536,0.21846279301472937,0.6012027828109493,[[ 80114 15271][ 25183 14320]],80114,15271,25183,14320
8,97,0.8222413659095764,avg,0.7000919281181425,0.6223846577004315,0.6012027828109493,0.6064625843490278,0.21846279301472937,0.6012027828109492,,,,,
