client,round,loss,class,accuracy,precision,recall,f1_score,cohen_kappa_score,roc_auc_score,confusion_matrix,TP,FP,FN,TN
4,158,1.230299711227417,awake,0.7282634481940573,0.7396068768001828,0.9502961681606122,0.831817639555478,0.17837405319286737,0.5712167370940013,[[ 7590 31913][ 4741 90644]],7590,31913,4741,90644
4,158,1.230299711227417,asleep,0.7282634481940573,0.6155218554861731,0.19213730602739032,0.2928579696724158,0.17837405319286737,0.5712167370940013,[[ 90644 4741][ 31913 7590]],90644,4741,31913,7590
4,158,1.230299711227417,avg,0.7282634481940573,0.6775643661431779,0.5712167370940013,0.5623378046139469,0.17837405319286737,0.5712167370940013,,,,,
