client,round,loss,class,accuracy,precision,recall,f1_score,cohen_kappa_score,roc_auc_score,confusion_matrix,TP,FP,FN,TN
4,166,1.1531083583831787,awake,0.7286267125318783,0.741067620328751,0.9471929548671175,0.8315470246340331,0.1843278243300176,0.5740318874024218,[[ 7935 31568][ 5037 90348]],7935,31568,5037,90348
4,166,1.1531083583831787,asleep,0.7286267125318783,0.6117021276595744,0.20087081993772624,0.30242972844211524,0.1843278243300176,0.5740318874024218,[[ 90348 5037][ 31568 7935]],90348,5037,31568,7935
4,166,1.1531083583831787,avg,0.7286267125318783,0.6763848739941627,0.5740318874024218,0.5669883765380741,0.1843278243300176,0.5740318874024218,,,,,
