client,round,loss,class,accuracy,precision,recall,f1_score,cohen_kappa_score,roc_auc_score,confusion_matrix,TP,FP,FN,TN
16,152,0.890044093132019,awake,0.741200106755234,0.7887454403086267,0.8659537663154584,0.8255483316425711,0.32867700828482316,0.6529601755659008,[[ 17380 22123][ 12786 82599]],17380,22123,12786,82599
16,152,0.890044093132019,asleep,0.741200106755234,0.5761453291785453,0.43996658481634304,0.49893065782485746,0.32867700828482316,0.6529601755659007,[[ 82599 12786][ 22123 17380]],82599,12786,22123,17380
16,152,0.890044093132019,avg,0.741200106755234,0.6824453847435861,0.6529601755659007,0.6622394947337142,0.32867700828482316,0.6529601755659007,,,,,
