client,round,loss,class,accuracy,precision,recall,f1_score,cohen_kappa_score,roc_auc_score,confusion_matrix,TP,FP,FN,TN
7,61,0.6334878206253052,awake,0.6976528675642014,0.7762029055886043,0.8043507889081093,0.7900262061793039,0.2508009733246218,0.6221840013952996,[[ 17382 22121][ 18662 76723]],17382,22121,18662,76723
7,61,0.6334878206253052,asleep,0.6976528675642014,0.4822439240927755,0.44001721388248993,0.4601638714972136,0.2508009733246218,0.6221840013952996,[[ 76723 18662][ 22121 17382]],76723,18662,22121,17382
7,61,0.6334878206253052,avg,0.6976528675642014,0.6292234148406899,0.6221840013952996,0.6250950388382588,0.2508009733246218,0.6221840013952996,,,,,
