client,round,loss,class,accuracy,precision,recall,f1_score,cohen_kappa_score,roc_auc_score,confusion_matrix,TP,FP,FN,TN
17,26,0.6433944702148438,awake,0.7305764782634482,0.7395039793608684,0.9556219531372857,0.8337861200296369,0.18000690171243638,0.5713988053411411,[[ 7394 32109][ 4233 91152]],7394,32109,4233,91152
17,26,0.6433944702148438,asleep,0.7305764782634482,0.6359336028210201,0.18717565754499657,0.28922354781928417,0.18000690171243638,0.5713988053411412,[[ 91152 4233][ 32109 7394]],91152,4233,32109,7394
17,26,0.6433944702148438,avg,0.7305764782634482,0.6877187910909442,0.5713988053411412,0.5615048339244606,0.18000690171243638,0.5713988053411412,,,,,
