client,round,loss,class,accuracy,precision,recall,f1_score,cohen_kappa_score,roc_auc_score,confusion_matrix,TP,FP,FN,TN
16,15,0.8350534439086914,awake,0.7283968922365222,0.7625653631284917,0.8943963935629292,0.8232365145228215,0.25288957583360594,0.610983225766605,[[ 12940 26563][ 10073 85312]],12940,26563,10073,85312
16,15,0.8350534439086914,asleep,0.7283968922365222,0.5622908790683526,0.3275700579702807,0.4139740226502015,0.25288957583360594,0.6109832257666049,[[ 85312 10073][ 26563 12940]],85312,10073,26563,12940
16,15,0.8350534439086914,avg,0.7283968922365222,0.6624281210984222,0.610983225766605,0.6186052685865115,0.25288957583360594,0.610983225766605,,,,,
