client,round,loss,class,accuracy,precision,recall,f1_score,cohen_kappa_score,roc_auc_score,confusion_matrix,TP,FP,FN,TN
17,73,0.766091525554657,awake,0.727388648360121,0.7504636395490946,0.9205954814698328,0.8268689322673899,0.21611582576551092,0.5907308723958029,[[ 10305 29198][ 7574 87811]],10305,29198,7574,87811
17,73,0.766091525554657,asleep,0.727388648360121,0.5763745175904693,0.26086626332177304,0.35917186574187027,0.21611582576551092,0.5907308723958029,[[ 87811 7574][ 29198 10305]],87811,7574,29198,10305
17,73,0.766091525554657,avg,0.727388648360121,0.663419078569782,0.5907308723958029,0.5930203990046301,0.21611582576551092,0.5907308723958029,,,,,
