client,round,loss,class,accuracy,precision,recall,f1_score,cohen_kappa_score,roc_auc_score,confusion_matrix,TP,FP,FN,TN
8,58,0.7701660990715027,awake,0.6823512840282309,0.768061961712723,0.7890863343292971,0.7784322141265172,0.21793179519242323,0.6068561560515685,[[ 16774 22729][ 20118 75267]],16774,22729,20118,75267
8,58,0.7701660990715027,asleep,0.6823512840282309,0.45467852108858287,0.42462597777384,0.4391386870868512,0.21793179519242323,0.6068561560515685,[[ 75267 20118][ 22729 16774]],75267,20118,22729,16774
8,58,0.7701660990715027,avg,0.6823512840282309,0.611370241400653,0.6068561560515685,0.6087854506066842,0.21793179519242323,0.6068561560515685,,,,,
