client,round,loss,class,accuracy,precision,recall,f1_score,cohen_kappa_score,roc_auc_score,confusion_matrix,TP,FP,FN,TN
10,179,1.9762886762619019,awake,0.4122605420793547,0.8178481212503947,0.21723541437332913,0.3432874147828464,0.06608288319367284,0.5502044221197075,[[ 34888 4615][ 74664 20721]],34888,4615,74664,20721
10,179,1.9762886762619019,asleep,0.4122605420793547,0.3184606396962173,0.8831734298660862,0.46812250511556136,0.06608288319367284,0.5502044221197077,[[ 20721 74664][ 4615 34888]],20721,74664,4615,34888
10,179,1.9762886762619019,avg,0.4122605420793547,0.568154380473306,0.5502044221197077,0.40570495994920386,0.06608288319367284,0.5502044221197075,,,,,
