client,round,loss,class,accuracy,precision,recall,f1_score,cohen_kappa_score,roc_auc_score,confusion_matrix,TP,FP,FN,TN
4,69,1.1816508769989014,awake,0.7214652155862642,0.7350812419693249,0.9476332756722755,0.8279330069475295,0.15460788909551892,0.5614935231359883,[[ 6927 32576][ 4995 90390]],6927,32576,4995,90390
4,69,1.1816508769989014,asleep,0.7214652155862642,0.5810266733769501,0.17535377059970128,0.2694020418084589,0.15460788909551892,0.5614935231359884,[[ 90390 4995][ 32576 6927]],90390,4995,32576,6927
4,69,1.1816508769989014,avg,0.7214652155862642,0.6580539576731375,0.5614935231359884,0.5486675243779942,0.15460788909551892,0.5614935231359883,,,,,
