client,round,loss,class,accuracy,precision,recall,f1_score,cohen_kappa_score,roc_auc_score,confusion_matrix,TP,FP,FN,TN
8,167,0.8700546622276306,awake,0.6644846094537691,0.7765103040465999,0.7379147664727158,0.7567207263383665,0.21744830276943894,0.6125464777355099,[[ 19245 20258][ 24999 70386]],19245,20258,24999,70386
8,167,0.8700546622276306,asleep,0.6644846094537691,0.4349742337944128,0.48717818899830395,0.4595985527839804,0.21744830276943894,0.6125464777355099,[[ 70386 24999][ 20258 19245]],70386,24999,20258,19245
8,167,0.8700546622276306,avg,0.6644846094537691,0.6057422689205063,0.6125464777355099,0.6081596395611735,0.21744830276943894,0.6125464777355099,,,,,
