client,round,loss,class,accuracy,precision,recall,f1_score,cohen_kappa_score,roc_auc_score,confusion_matrix,TP,FP,FN,TN
16,95,0.953933835029602,awake,0.7358549314987248,0.7693292347633256,0.8947318760811448,0.8273054217276243,0.27914161336155563,0.6234791446324768,[[ 13914 25589][ 10041 85344]],13914,25589,10041,85344
16,95,0.953933835029602,asleep,0.7358549314987248,0.580839073262367,0.3522264131838088,0.43852626934350275,0.27914161336155563,0.6234791446324768,[[ 85344 10041][ 25589 13914]],85344,10041,25589,13914
16,95,0.953933835029602,avg,0.7358549314987248,0.6750841540128463,0.6234791446324768,0.6329158455355636,0.27914161336155563,0.6234791446324768,,,,,
