client,round,loss,class,accuracy,precision,recall,f1_score,cohen_kappa_score,roc_auc_score,confusion_matrix,TP,FP,FN,TN
16,158,1.0143498182296753,awake,0.7389241444754167,0.7664113349568298,0.9073439220003146,0.8309442657577649,0.2754197095094949,0.6197985842945906,[[ 13125 26378][ 8838 86547]],13125,26378,8838,86547
16,158,1.0143498182296753,asleep,0.7389241444754167,0.5975959568364978,0.3322532465888667,0.42706536947255397,0.2754197095094949,0.6197985842945907,[[ 86547 8838][ 26378 13125]],86547,8838,26378,13125
16,158,1.0143498182296753,avg,0.7389241444754167,0.6820036458966638,0.6197985842945906,0.6290048176151595,0.2754197095094949,0.6197985842945906,,,,,
