client,round,loss,class,accuracy,precision,recall,f1_score,cohen_kappa_score,roc_auc_score,confusion_matrix,TP,FP,FN,TN
0,14,0.6964420080184937,awake,0.741667160903861,0.7742473249798411,0.8959060648948997,0.8306457100088454,0.29829695528853595,0.6325719221520293,[[ 14586 24917][ 9929 85456]],14586,24917,9929,85456
0,14,0.6964420080184937,asleep,0.741667160903861,0.5949826636753008,0.3692377794091588,0.4556843387797182,0.29829695528853595,0.6325719221520293,[[ 85456 9929][ 24917 14586]],85456,9929,24917,14586
0,14,0.6964420080184937,avg,0.741667160903861,0.684614994327571,0.6325719221520292,0.6431650243942818,0.29829695528853595,0.6325719221520293,,,,,
