client,round,loss,class,accuracy,precision,recall,f1_score,cohen_kappa_score,roc_auc_score,confusion_matrix,TP,FP,FN,TN
8,142,0.8320067524909973,awake,0.685175849593737,0.7751239953001362,0.7815274938407506,0.778312573737458,0.2354257497625225,0.6170250435307593,[[ 17876 21627][ 20839 74546]],17876,21627,20839,74546
8,142,0.8320067524909973,asleep,0.685175849593737,0.4617331783546429,0.45252259322076804,0.457081490194073,0.2354257497625225,0.6170250435307594,[[ 74546 20839][ 21627 17876]],74546,20839,21627,17876
8,142,0.8320067524909973,avg,0.685175849593737,0.6184285868273895,0.6170250435307594,0.6176970319657655,0.2354257497625225,0.6170250435307594,,,,,
