client,round,loss,class,accuracy,precision,recall,f1_score,cohen_kappa_score,roc_auc_score,confusion_matrix,TP,FP,FN,TN
14,19,0.7945696115493774,awake,0.7550338058240911,0.7643626494784157,0.9448655448969964,0.8450831008696874,0.28995857268766334,0.620763278992305,[[ 11719 27784][ 5259 90126]],11719,27784,5259,90126
14,19,0.7945696115493774,asleep,0.7550338058240911,0.6902462009659559,0.2966610130876136,0.41497140631362756,0.28995857268766334,0.620763278992305,[[ 90126 5259][ 27784 11719]],90126,5259,27784,11719
14,19,0.7945696115493774,avg,0.7550338058240911,0.7273044252221859,0.620763278992305,0.6300272535916575,0.28995857268766334,0.620763278992305,,,,,
