client,round,loss,class,accuracy,precision,recall,f1_score,cohen_kappa_score,roc_auc_score,confusion_matrix,TP,FP,FN,TN
4,65,1.2126127481460571,awake,0.7224067374414329,0.7303688860262252,0.9629291817371705,0.8306789302800914,0.13495943322665327,0.5522819971415265,[[ 5595 33908][ 3536 91849]],5595,33908,3536,91849
4,65,1.2126127481460571,asleep,0.7224067374414329,0.6127477822801446,0.1416348125458826,0.23008594810215074,0.13495943322665327,0.5522819971415266,[[ 91849 3536][ 33908 5595]],91849,3536,33908,5595
4,65,1.2126127481460571,avg,0.7224067374414329,0.6715583341531849,0.5522819971415265,0.530382439191121,0.13495943322665327,0.5522819971415265,,,,,
