client,round,loss,class,accuracy,precision,recall,f1_score,cohen_kappa_score,roc_auc_score,confusion_matrix,TP,FP,FN,TN
5,117,0.9167129993438721,awake,0.5656618824506257,0.759513667522356,0.564533207527389,0.6476669292711822,0.11249382107313999,0.5664602093126402,[[ 22453 17050][ 41537 53848]],22453,17050,41537,53848
5,117,0.9167129993438721,asleep,0.5656618824506257,0.35088295046100954,0.5683872110978913,0.4339037422820867,0.11249382107313999,0.5664602093126401,[[ 53848 41537][ 17050 22453]],53848,41537,17050,22453
5,117,0.9167129993438721,avg,0.5656618824506257,0.5551983089916828,0.5664602093126401,0.5407853357766345,0.11249382107313999,0.5664602093126401,,,,,
