client,round,loss,class,accuracy,precision,recall,f1_score,cohen_kappa_score,roc_auc_score,confusion_matrix,TP,FP,FN,TN
2,77,0.7274523973464966,awake,0.7493179526718463,0.792501591464052,0.8744561513864864,0.8314642583011852,0.3469928687797128,0.6608060317978428,[[ 17664 21839][ 11975 83410]],17664,21839,11975,83410
2,77,0.7274523973464966,asleep,0.7493179526718463,0.5959715240055332,0.4471559122091993,0.5109484828324318,0.3469928687797128,0.6608060317978428,[[ 83410 11975][ 21839 17664]],83410,11975,21839,17664
2,77,0.7274523973464966,avg,0.7493179526718463,0.6942365577347926,0.6608060317978428,0.6712063705668085,0.3469928687797128,0.6608060317978428,,,,,
