client,round,loss,class,accuracy,precision,recall,f1_score,cohen_kappa_score,roc_auc_score,confusion_matrix,TP,FP,FN,TN
12,83,1.2120435237884521,awake,0.6922261431706305,0.7346254355400696,0.8841536929286575,0.8024835264172039,0.13194201042626574,0.5564732214231927,[[ 9038 30465][ 11050 84335]],9038,30465,11050,84335
12,83,1.2120435237884521,asleep,0.6922261431706305,0.44992035045798484,0.22879274991772777,0.3033343961336443,0.13194201042626574,0.5564732214231927,[[ 84335 11050][ 30465 9038]],84335,11050,30465,9038
12,83,1.2120435237884521,avg,0.6922261431706305,0.5922728929990273,0.5564732214231927,0.5529089612754241,0.13194201042626574,0.5564732214231927,,,,,
