client,round,loss,class,accuracy,precision,recall,f1_score,cohen_kappa_score,roc_auc_score,confusion_matrix,TP,FP,FN,TN
14,144,0.8366171717643738,awake,0.7435205503825396,0.7513707976677831,0.952476804529014,0.8400554785020805,0.23615306407635528,0.5957229983711319,[[ 9440 30063][ 4533 90852]],9440,30063,4533,90852
14,144,0.8366171717643738,asleep,0.7435205503825396,0.675588635225077,0.23896919221324964,0.3530555763333084,0.23615306407635528,0.5957229983711319,[[ 90852 4533][ 30063 9440]],90852,4533,30063,9440
14,144,0.8366171717643738,avg,0.7435205503825396,0.71347971644643,0.5957229983711319,0.5965555274176945,0.23615306407635528,0.5957229983711319,,,,,
