client,round,loss,class,accuracy,precision,recall,f1_score,cohen_kappa_score,roc_auc_score,confusion_matrix,TP,FP,FN,TN
1,29,0.8508972525596619,awake,0.5866719055809264,0.7447447076550651,0.6321643864339257,0.6838520904332837,0.09846126016685786,0.5544944657025969,[[ 18836 20667][ 35086 60299]],18836,20667,35086,60299
1,29,0.8508972525596619,asleep,0.5866719055809264,0.3493193872630837,0.476824544971268,0.40323253947016324,0.09846126016685786,0.5544944657025969,[[ 60299 35086][ 20667 18836]],60299,35086,20667,18836
1,29,0.8508972525596619,avg,0.5866719055809264,0.5470320474590744,0.5544944657025969,0.5435423149517234,0.09846126016685786,0.5544944657025969,,,,,
