client,round,loss,class,accuracy,precision,recall,f1_score,cohen_kappa_score,roc_auc_score,confusion_matrix,TP,FP,FN,TN
8,161,0.834896981716156,awake,0.6704599371330289,0.7666645724696864,0.767604969334801,0.7671344827044272,0.20367261991866548,0.6017479571631603,[[ 17219 22284][ 22167 73218]],17219,22284,22167,73218
8,161,0.834896981716156,asleep,0.6704599371330289,0.43718580206164626,0.43589094499151965,0.43653741332758683,0.20367261991866548,0.6017479571631603,[[ 73218 22167][ 22284 17219]],73218,22167,22284,17219
8,161,0.834896981716156,avg,0.6704599371330289,0.6019251872656664,0.6017479571631603,0.601835948016007,0.20367261991866548,0.6017479571631603,,,,,
