client,round,loss,class,accuracy,precision,recall,f1_score,cohen_kappa_score,roc_auc_score,confusion_matrix,TP,FP,FN,TN
5,112,0.8899736404418945,awake,0.5836101061621494,0.763820312394893,0.5952088902867327,0.6690549984090882,0.13044490112267704,0.575406131091269,[[ 21948 17555][ 38611 56774]],21948,17555,38611,56774
5,112,0.8899736404418945,asleep,0.5836101061621494,0.36242342178701764,0.5556033718958053,0.43868801343167235,0.13044490112267704,0.575406131091269,[[ 56774 38611][ 17555 21948]],56774,38611,17555,21948
5,112,0.8899736404418945,avg,0.5836101061621494,0.5631218670909554,0.575406131091269,0.5538715059203803,0.13044490112267704,0.575406131091269,,,,,
