client,round,loss,class,accuracy,precision,recall,f1_score,cohen_kappa_score,roc_auc_score,confusion_matrix,TP,FP,FN,TN
1,145,1.0743893384933472,awake,0.568975742838503,0.7029545429776475,0.6762174346071185,0.6893268213442199,-0.013395111526819159,0.4931222605787535,[[ 12247 27256][ 30884 64501]],12247,27256,30884,64501
1,145,1.0743893384933472,asleep,0.568975742838503,0.2839488998632074,0.3100270865503886,0.2964155190357479,-0.013395111526819159,0.4931222605787535,[[ 64501 30884][ 27256 12247]],64501,30884,27256,12247
1,145,1.0743893384933472,avg,0.568975742838503,0.4934517214204275,0.4931222605787535,0.4928711701899839,-0.013395111526819159,0.4931222605787535,,,,,
