client,round,loss,class,accuracy,precision,recall,f1_score,cohen_kappa_score,roc_auc_score,confusion_matrix,TP,FP,FN,TN
11,146,0.7291797995567322,awake,0.6974601150584189,0.776468561933902,0.8034701472977932,0.7897386223703803,0.25113264423860315,0.6224778020492713,[[ 17440 22063][ 18746 76639]],17440,22063,18746,76639
11,146,0.7291797995567322,asleep,0.6974601150584189,0.4819543469850218,0.4414854568007493,0.4608331461639076,0.25113264423860315,0.6224778020492713,[[ 76639 18746][ 22063 17440]],76639,18746,22063,17440
11,146,0.7291797995567322,avg,0.6974601150584189,0.6292114544594619,0.6224778020492713,0.6252858842671439,0.25113264423860315,0.6224778020492713,,,,,
