client,round,loss,class,accuracy,precision,recall,f1_score,cohen_kappa_score,roc_auc_score,confusion_matrix,TP,FP,FN,TN
15,150,1.4296852350234985,awake,0.3871804756538758,0.6511511868272863,0.28730932536562354,0.39869937150837986,-0.06046246553745327,0.45782067539070737,[[ 24821 14682][ 67980 27405]],24821,14682,67980,27405
15,150,1.4296852350234985,asleep,0.3871804756538758,0.26746479025010506,0.6283320254157913,0.3752116338130366,-0.06046246553745327,0.45782067539070737,[[ 27405 67980][ 14682 24821]],27405,67980,14682,24821
15,150,1.4296852350234985,avg,0.3871804756538758,0.4593079885386957,0.45782067539070737,0.3869555026607082,-0.06046246553745327,0.45782067539070737,,,,,
