client,round,loss,class,accuracy,precision,recall,f1_score,cohen_kappa_score,roc_auc_score,confusion_matrix,TP,FP,FN,TN
0,144,0.8751161098480225,awake,0.7276407093292213,0.7739259591402068,0.8685642396603239,0.8185186282936661,0.2801589169216543,0.627963612375032,[[ 15302 24201][ 12537 82848]],15302,24201,12537,82848
0,144,0.8751161098480225,asleep,0.7276407093292213,0.5496605481518733,0.38736298508974004,0.45445635710255117,0.2801589169216543,0.627963612375032,[[ 82848 12537][ 24201 15302]],82848,12537,24201,15302
0,144,0.8751161098480225,avg,0.7276407093292213,0.66179325364604,0.627963612375032,0.6364874926981086,0.2801589169216543,0.627963612375032,,,,,
