client,round,loss,class,accuracy,precision,recall,f1_score,cohen_kappa_score,roc_auc_score,confusion_matrix,TP,FP,FN,TN
18,35,0.9519314765930176,awake,0.7238078998873139,0.7222672560145603,0.990176652513498,0.8352649336063073,0.09598677891258756,0.5354017201761981,[[ 3185 36318][ 937 94448]],3185,36318,937,94448
18,35,0.9519314765930176,asleep,0.7238078998873139,0.7726831635128578,0.08062678783889832,0.14601719197707738,0.09598677891258756,0.535401720176198,[[ 94448 937][ 36318 3185]],94448,937,36318,3185
18,35,0.9519314765930176,avg,0.7238078998873139,0.7474752097637091,0.5354017201761981,0.49064106279169234,0.09598677891258756,0.535401720176198,,,,,
