client,round,loss,class,accuracy,precision,recall,f1_score,cohen_kappa_score,roc_auc_score,confusion_matrix,TP,FP,FN,TN
11,190,0.7077577114105225,awake,0.6799418777059486,0.7905726529022205,0.7446558683231116,0.7669276035199482,0.25774901360653735,0.6341688070066561,[[ 20687 18816][ 24356 71029]],20687,18816,24356,71029
11,190,0.7077577114105225,asleep,0.6799418777059486,0.4592722509601936,0.5236817456902008,0.4893667352683746,0.25774901360653735,0.6341688070066561,[[ 71029 24356][ 18816 20687]],71029,24356,18816,20687
11,190,0.7077577114105225,avg,0.6799418777059486,0.624922451931207,0.6341688070066562,0.6281471693941614,0.25774901360653735,0.6341688070066561,,,,,
