client,round,loss,class,accuracy,precision,recall,f1_score,cohen_kappa_score,roc_auc_score,confusion_matrix,TP,FP,FN,TN
13,30,0.711202085018158,awake,0.7472050886661527,0.7788921855944081,0.8972060596529853,0.8338733015361081,0.31618616264300603,0.6411073965834477,[[ 15209 24294][ 9805 85580]],15209,24294,9805,85580
13,30,0.711202085018158,asleep,0.7472050886661527,0.6080195090749181,0.38500873351391035,0.4714726351194259,0.31618616264300603,0.6411073965834477,[[ 85580 9805][ 24294 15209]],85580,9805,24294,15209
13,30,0.711202085018158,avg,0.7472050886661527,0.693455847334663,0.6411073965834478,0.652672968327767,0.31618616264300603,0.6411073965834477,,,,,
