client,round,loss,class,accuracy,precision,recall,f1_score,cohen_kappa_score,roc_auc_score,confusion_matrix,TP,FP,FN,TN
0,65,0.7892627716064453,awake,0.7343129114524642,0.7732441287409487,0.8833149866331184,0.8246227024487639,0.2867112084186776,0.6289217517273127,[[ 14795 24708][ 11130 84255]],14795,24708,11130,84255
0,65,0.7892627716064453,asleep,0.7343129114524642,0.5706846673095468,0.37452851682150723,0.45225285810356425,0.2867112084186776,0.6289217517273128,[[ 84255 11130][ 24708 14795]],84255,11130,24708,14795
0,65,0.7892627716064453,avg,0.7343129114524642,0.6719643980252478,0.6289217517273128,0.638437780276164,0.2867112084186776,0.6289217517273127,,,,,
