client,round,loss,class,accuracy,precision,recall,f1_score,cohen_kappa_score,roc_auc_score,confusion_matrix,TP,FP,FN,TN
13,42,0.7243733406066895,awake,0.7548410533183085,0.7748879556763243,0.9208156418724118,0.8415727268807519,0.317132719381914,0.6374450079852908,[[ 13987 25516][ 7553 87832]],13987,25516,7553,87832
13,42,0.7243733406066895,asleep,0.7548410533183085,0.6493500464252553,0.3540743740981698,0.4582671231754665,0.317132719381914,0.6374450079852908,[[ 87832 7553][ 25516 13987]],87832,7553,25516,13987
13,42,0.7243733406066895,avg,0.7548410533183085,0.7121190010507898,0.6374450079852908,0.6499199250281091,0.317132719381914,0.6374450079852908,,,,,
