client,round,loss,class,accuracy,precision,recall,f1_score,cohen_kappa_score,roc_auc_score,confusion_matrix,TP,FP,FN,TN
12,57,1.1511132717132568,awake,0.7085137299092581,0.7472591442708839,0.8882109346333281,0.8116611260670046,0.18789082238178711,0.5814114947069888,[[ 10848 28655][ 10663 84722]],10848,28655,10663,84722
12,57,1.1511132717132568,asleep,0.7085137299092581,0.5043001255171773,0.2746120547806496,0.35559052020847676,0.18789082238178711,0.5814114947069889,[[ 84722 10663][ 28655 10848]],84722,10663,28655,10848
12,57,1.1511132717132568,avg,0.7085137299092581,0.6257796348940305,0.5814114947069888,0.5836258231377407,0.18789082238178711,0.5814114947069888,,,,,
