client,round,loss,class,accuracy,precision,recall,f1_score,cohen_kappa_score,roc_auc_score,confusion_matrix,TP,FP,FN,TN
16,28,0.8954911828041077,awake,0.734476009726588,0.7644901474989122,0.9025528122870472,0.8278043808534779,0.2650416705709461,0.6155930403232062,[[ 12982 26521][ 9295 86090]],12982,26521,9295,86090
16,28,0.8954911828041077,asleep,0.734476009726588,0.582753512591462,0.3286332683593651,0.42026545807704757,0.2650416705709461,0.6155930403232062,[[ 86090 9295][ 26521 12982]],86090,9295,26521,12982
16,28,0.8954911828041077,avg,0.734476009726588,0.673621830045187,0.6155930403232062,0.6240349194652627,0.2650416705709461,0.6155930403232062,,,,,
