client,round,loss,class,accuracy,precision,recall,f1_score,cohen_kappa_score,roc_auc_score,confusion_matrix,TP,FP,FN,TN
17,24,0.6402782201766968,awake,0.7352247790759742,0.7405233711162348,0.9630025685380301,0.837235162491398,0.18822772825583822,0.574114503518186,[[ 7317 32186][ 3529 91856]],7317,32186,3529,91856
17,24,0.6402782201766968,asleep,0.7352247790759742,0.6746265904480915,0.1852264384983419,0.29065125424536736,0.18822772825583822,0.574114503518186,[[ 91856 3529][ 32186 7317]],91856,3529,32186,7317
17,24,0.6402782201766968,avg,0.7352247790759742,0.7075749807821632,0.574114503518186,0.5639432083683826,0.18822772825583822,0.574114503518186,,,,,
