client,round,loss,class,accuracy,precision,recall,f1_score,cohen_kappa_score,roc_auc_score,confusion_matrix,TP,FP,FN,TN
9,169,0.9874656200408936,awake,0.7493995018089081,0.7563652107305213,0.9523929338994601,0.8431349801151788,0.2591440356518184,0.6058195335522666,[[ 10241 29262][ 4541 90844]],10241,29262,4541,90844
9,169,0.9874656200408936,asleep,0.7493995018089081,0.6928020565552699,0.25924613320507306,0.37730496453900714,0.2591440356518184,0.6058195335522666,[[ 90844 4541][ 29262 10241]],90844,4541,29262,10241
9,169,0.9874656200408936,avg,0.7493995018089081,0.7245836336428957,0.6058195335522666,0.610219972327093,0.2591440356518184,0.6058195335522666,,,,,
