client,round,loss,class,accuracy,precision,recall,f1_score,cohen_kappa_score,roc_auc_score,confusion_matrix,TP,FP,FN,TN
7,97,0.7484034299850464,awake,0.6034043057944368,0.7979938820516469,0.5880064999737904,0.6770930162370979,0.1927205765665867,0.6142953796985626,[[ 25305 14198][ 39298 56087]],25305,14198,39298,56087
7,97,0.7484034299850464,asleep,0.6034043057944368,0.39170007584787087,0.640584259423335,0.486139127427814,0.1927205765665867,0.6142953796985626,[[ 56087 39298][ 14198 25305]],56087,39298,14198,25305
7,97,0.7484034299850464,avg,0.6034043057944368,0.5948469789497589,0.6142953796985626,0.581616071832456,0.1927205765665867,0.6142953796985626,,,,,
