client,round,loss,class,accuracy,precision,recall,f1_score,cohen_kappa_score,roc_auc_score,confusion_matrix,TP,FP,FN,TN
15,133,1.3072770833969116,awake,0.4073898345293873,0.6601762571280456,0.33377365413849136,0.4433813801267321,-0.060072929339261893,0.4594595430654991,[[ 23115 16388][ 63548 31837]],23115,16388,63548,31837
15,133,1.3072770833969116,asleep,0.4073898345293873,0.26672282288866067,0.5851454319925069,0.3664220154399759,-0.060072929339261893,0.45945954306549913,[[ 31837 63548][ 16388 23115]],31837,63548,16388,23115
15,133,1.3072770833969116,avg,0.4073898345293873,0.46344954000835314,0.45945954306549913,0.404901697783354,-0.060072929339261893,0.4594595430654991,,,,,
