client,round,loss,class,accuracy,precision,recall,f1_score,cohen_kappa_score,roc_auc_score,confusion_matrix,TP,FP,FN,TN
3,47,0.9366490840911865,awake,0.6176828183381768,0.7951101232572236,0.618807988677465,0.6959674566678458,0.2020806783120811,0.6168869703152406,[[ 24293 15210][ 36360 59025]],24293,15210,36360,59025
3,47,0.9366490840911865,asleep,0.6176828183381768,0.40052429393434785,0.6149659519530162,0.4851032389472423,0.2020806783120811,0.6168869703152405,[[ 59025 36360][ 15210 24293]],59025,36360,15210,24293
3,47,0.9366490840911865,avg,0.6176828183381768,0.5978172085957858,0.6168869703152406,0.590535347807544,0.2020806783120811,0.6168869703152406,,,,,
