client,round,loss,class,accuracy,precision,recall,f1_score,cohen_kappa_score,roc_auc_score,confusion_matrix,TP,FP,FN,TN
11,39,0.6371685862541199,awake,0.7099297194709685,0.7911302007865866,0.8013733815589453,0.7962188484674878,0.29318577317375716,0.6452503948019519,[[ 19322 20181][ 18946 76439]],19322,20181,18946,76439
11,39,0.6371685862541199,asleep,0.7099297194709685,0.5049127208111216,0.48912740804495863,0.4968947293978475,0.29318577317375716,0.6452503948019519,[[ 76439 18946][ 20181 19322]],76439,18946,20181,19322
11,39,0.6371685862541199,avg,0.7099297194709685,0.6480214607988541,0.645250394801952,0.6465567889326677,0.29318577317375716,0.6452503948019519,,,,,
