client,round,loss,class,accuracy,precision,recall,f1_score,cohen_kappa_score,roc_auc_score,confusion_matrix,TP,FP,FN,TN
11,50,0.6536890864372253,awake,0.7125689460886069,0.783098309830983,0.8209047544163128,0.8015559820857325,0.2814955870873156,0.6359415805598007,[[ 17815 21688][ 17083 78302]],17815,21688,17083,78302
11,50,0.6536890864372253,asleep,0.7125689460886069,0.5104877070319216,0.45097840670328837,0.47889141274982866,0.2814955870873156,0.6359415805598007,[[ 78302 17083][ 21688 17815]],78302,17083,21688,17815
11,50,0.6536890864372253,avg,0.7125689460886069,0.6467930084314524,0.6359415805598005,0.6402236974177806,0.2814955870873156,0.6359415805598007,,,,,
