client,round,loss,class,accuracy,precision,recall,f1_score,cohen_kappa_score,roc_auc_score,confusion_matrix,TP,FP,FN,TN
2,169,0.8447228074073792,awake,0.7556787853626713,0.7760708252628972,0.9199350002620957,0.841901253046265,0.32109816986851747,0.6394981686878665,[[ 14184 25319][ 7637 87748]],14184,25319,7637,87748
2,169,0.8447228074073792,asleep,0.7556787853626713,0.6500160395948856,0.3590613371136369,0.4625921335855456,0.32109816986851747,0.6394981686878662,[[ 87748 7637][ 25319 14184]],87748,7637,25319,14184
2,169,0.8447228074073792,avg,0.7556787853626713,0.7130434324288915,0.6394981686878664,0.6522466933159052,0.32109816986851747,0.6394981686878664,,,,,
