client,round,loss,class,accuracy,precision,recall,f1_score,cohen_kappa_score,roc_auc_score,confusion_matrix,TP,FP,FN,TN
17,169,0.8077523112297058,awake,0.7221472629144179,0.7461194511977423,0.9201866121507575,0.8240612516019398,0.1965814210153043,0.5820713836897371,[[ 9637 29866][ 7613 87772]],9637,29866,7613,87772
17,169,0.8077523112297058,asleep,0.7221472629144179,0.5586666666666666,0.2439561552287168,0.33961200288971505,0.1965814210153043,0.5820713836897371,[[ 87772 7613][ 29866 9637]],87772,7613,29866,9637
17,169,0.8077523112297058,avg,0.7221472629144179,0.6523930589322045,0.5820713836897371,0.5818366272458274,0.1965814210153043,0.5820713836897371,,,,,
