client,round,loss,class,accuracy,precision,recall,f1_score,cohen_kappa_score,roc_auc_score,confusion_matrix,TP,FP,FN,TN
11,62,0.6628105640411377,awake,0.7124503291619714,0.7907949360845082,0.8068040048225612,0.798719259370735,0.2956589802463452,0.6457127129902239,[[ 19144 20359][ 18428 76957]],19144,20359,18428,76957
11,62,0.6628105640411377,asleep,0.7124503291619714,0.5095283721920579,0.48462142115788676,0.4967628932857606,0.2956589802463452,0.645712712990224,[[ 76957 18428][ 20359 19144]],76957,18428,20359,19144
11,62,0.6628105640411377,avg,0.7124503291619714,0.6501616541382831,0.645712712990224,0.6477410763282478,0.2956589802463452,0.645712712990224,,,,,
