client,round,loss,class,accuracy,precision,recall,f1_score,cohen_kappa_score,roc_auc_score,confusion_matrix,TP,FP,FN,TN
15,142,1.2746891975402832,awake,0.42521202775636086,0.6647898244383319,0.37753315510824553,0.4815785602524841,-0.06290301519802766,0.45893593178038405,[[ 21345 18158][ 59374 36011]],21345,18158,59374,36011
15,142,1.2746891975402832,asleep,0.42521202775636086,0.26443588250597755,0.5403387084525226,0.3550930778060588,-0.06290301519802766,0.45893593178038405,[[ 36011 59374][ 18158 21345]],36011,59374,18158,21345
15,142,1.2746891975402832,avg,0.42521202775636086,0.46461285347215475,0.45893593178038405,0.4183358190292714,-0.06290301519802766,0.45893593178038405,,,,,
