client,round,loss,class,accuracy,precision,recall,f1_score,cohen_kappa_score,roc_auc_score,confusion_matrix,TP,FP,FN,TN
15,92,1.2387897968292236,awake,0.37034428562955934,0.6286368335548663,0.2677465010221733,0.3755431545977899,-0.08120142888069948,0.4429130702716112,[[ 24416 15087][ 69846 25539]],24416,15087,69846,25539
15,92,1.2387897968292236,asleep,0.37034428562955934,0.25902272389722264,0.618079639521049,0.3650581243225059,-0.08120142888069948,0.4429130702716112,[[ 25539 69846][ 15087 24416]],25539,69846,15087,24416
15,92,1.2387897968292236,avg,0.37034428562955934,0.44382977872604445,0.4429130702716112,0.3703006394601479,-0.08120142888069948,0.4429130702716112,,,,,
