client,round,loss,class,accuracy,precision,recall,f1_score,cohen_kappa_score,roc_auc_score,confusion_matrix,TP,FP,FN,TN
12,130,1.279290795326233,awake,0.7163795148567701,0.7538345330134186,0.8893327043036117,0.8159969218190126,0.2154916110627455,0.5940474118181602,[[ 11802 27701][ 10556 84829]],11802,27701,10556,84829
12,130,1.279290795326233,asleep,0.7163795148567701,0.5278647463994991,0.2987621193327089,0.3815651218053378,0.2154916110627455,0.5940474118181603,[[ 84829 10556][ 27701 11802]],84829,10556,27701,11802
12,130,1.279290795326233,avg,0.7163795148567701,0.6408496397064589,0.5940474118181602,0.5987810218121752,0.2154916110627455,0.5940474118181602,,,,,
