client,round,loss,class,accuracy,precision,recall,f1_score,cohen_kappa_score,roc_auc_score,confusion_matrix,TP,FP,FN,TN
3,188,1.1368464231491089,awake,0.5915500266888085,0.7799394124676913,0.5884153692928658,0.6707739009363777,0.15978193254023176,0.593767211770955,[[ 23667 15836][ 39259 56126]],23667,15836,39259,56126
3,188,1.1368464231491089,asleep,0.5915500266888085,0.37610844483997075,0.5991190542490443,0.46211522127522475,0.15978193254023176,0.593767211770955,[[ 56126 39259][ 15836 23667]],56126,39259,15836,23667
3,188,1.1368464231491089,avg,0.5915500266888085,0.578023928653831,0.593767211770955,0.5664445611058012,0.15978193254023176,0.593767211770955,,,,,
