client,round,loss,class,accuracy,precision,recall,f1_score,cohen_kappa_score,roc_auc_score,confusion_matrix,TP,FP,FN,TN
1,139,1.0976884365081787,awake,0.5598496530454896,0.7054467871485943,0.6482256119935,0.6756267995388809,-0.005031044368470239,0.4973401558182825,[[ 13686 25817][ 33554 61831]],13686,25817,33554,61831
1,139,1.0976884365081787,asleep,0.5598496530454896,0.2897121083827265,0.3464546996430651,0.31555283999861655,-0.005031044368470239,0.49734015581828256,[[ 61831 33554][ 25817 13686]],61831,33554,25817,13686
1,139,1.0976884365081787,avg,0.5598496530454896,0.49757944776566043,0.49734015581828256,0.4955898197687487,-0.005031044368470239,0.4973401558182825,,,,,
