client,round,loss,class,accuracy,precision,recall,f1_score,cohen_kappa_score,roc_auc_score,confusion_matrix,TP,FP,FN,TN
7,197,0.7741186022758484,awake,0.6491978530336279,0.7988881703313103,0.6734497038318394,0.7308254594892856,0.2376905421297375,0.6320441947506411,[[ 23332 16171][ 31148 64237]],23332,16171,31148,64237
7,197,0.7741186022758484,asleep,0.6491978530336279,0.42826725403817917,0.5906386856694428,0.49651532724003283,0.2376905421297375,0.6320441947506411,[[ 64237 31148][ 16171 23332]],64237,31148,16171,23332
7,197,0.7741186022758484,avg,0.6491978530336279,0.6135777121847448,0.6320441947506411,0.6136703933646592,0.2376905421297375,0.6320441947506411,,,,,
