client,round,loss,class,accuracy,precision,recall,f1_score,cohen_kappa_score,roc_auc_score,confusion_matrix,TP,FP,FN,TN
0,54,0.7842389941215515,awake,0.7299389122827827,0.774170146671751,0.8726529328510773,0.8204668217482158,0.28349943436351566,0.6289953776474712,[[ 15222 24281][ 12147 83238]],15222,24281,12147,83238
0,54,0.7842389941215515,asleep,0.7299389122827827,0.5561766962621945,0.385337822443865,0.4552578059576504,0.28349943436351566,0.6289953776474712,[[ 83238 12147][ 24281 15222]],83238,12147,24281,15222
0,54,0.7842389941215515,avg,0.7299389122827827,0.6651734214669727,0.6289953776474712,0.6378623138529331,0.28349943436351566,0.6289953776474712,,,,,
