client,round,loss,class,accuracy,precision,recall,f1_score,cohen_kappa_score,roc_auc_score,confusion_matrix,TP,FP,FN,TN
14,103,0.7913625240325928,awake,0.7470419903920289,0.7545708397048069,0.9518897101221366,0.8418222360265724,0.2506640196355938,0.6021504596986909,[[ 9971 29532][ 4589 90796]],9971,29532,4589,90796
14,103,0.7913625240325928,asleep,0.7470419903920289,0.6848214285714286,0.2524112092752449,0.36886595268483063,0.2506640196355938,0.6021504596986907,[[ 90796 4589][ 29532 9971]],90796,4589,29532,9971
14,103,0.7913625240325928,avg,0.7470419903920289,0.7196961341381177,0.6021504596986907,0.6053440943557015,0.2506640196355938,0.6021504596986909,,,,,
