client,round,loss,class,accuracy,precision,recall,f1_score,cohen_kappa_score,roc_auc_score,confusion_matrix,TP,FP,FN,TN
2,7,0.6185818314552307,awake,0.7294718581341557,0.7889170149722337,0.8429836976463805,0.8150547116929455,0.31356671537826375,0.6491834165522234,[[ 17989 21514][ 14977 80408]],17989,21514,14977,80408
2,7,0.6185818314552307,asleep,0.7294718581341557,0.5456834314141843,0.45538313545806647,0.4964605555478895,0.31356671537826375,0.6491834165522234,[[ 80408 14977][ 21514 17989]],80408,14977,21514,17989
2,7,0.6185818314552307,avg,0.7294718581341557,0.667300223193209,0.6491834165522234,0.6557576336204175,0.31356671537826375,0.6491834165522234,,,,,
