client,round,loss,class,accuracy,precision,recall,f1_score,cohen_kappa_score,roc_auc_score,confusion_matrix,TP,FP,FN,TN
15,176,1.3670532703399658,awake,0.4247746278393927,0.6777835504755815,0.35560098547989727,0.46646817347296615,-0.0393616924267961,0.4737020698353591,[[ 23378 16125][ 61466 33919]],23378,16125,61466,33919
15,176,1.3670532703399658,asleep,0.4247746278393927,0.27554099288105227,0.591803154190821,0.37601228819352295,-0.0393616924267961,0.4737020698353591,[[ 33919 61466][ 16125 23378]],33919,61466,16125,23378
15,176,1.3670532703399658,avg,0.4247746278393927,0.4766622716783169,0.4737020698353591,0.4212402308332446,-0.0393616924267961,0.4737020698353591,,,,,
