client,round,loss,class,accuracy,precision,recall,f1_score,cohen_kappa_score,roc_auc_score,confusion_matrix,TP,FP,FN,TN
14,86,0.7235838770866394,awake,0.7542109008955578,0.7742106051659866,0.9210253184462965,0.8412605693820682,0.3146445972765325,0.6362208332858778,[[ 13882 25621][ 7533 87852]],13882,25621,7533,87852
14,86,0.7235838770866394,asleep,0.7542109008955578,0.6482372169040392,0.3514163481254588,0.4557602022390755,0.3146445972765325,0.6362208332858778,[[ 87852 7533][ 25621 13882]],87852,7533,25621,13882
14,86,0.7235838770866394,avg,0.7542109008955578,0.7112239110350129,0.6362208332858776,0.6485103858105719,0.3146445972765325,0.6362208332858778,,,,,
