client,round,loss,class,accuracy,precision,recall,f1_score,cohen_kappa_score,roc_auc_score,confusion_matrix,TP,FP,FN,TN
18,30,0.8207549452781677,awake,0.7432314216238657,0.7503214003164557,0.9545211511243906,0.8401921293412511,0.23227939419781984,0.593783371299228,[[ 9206 30297][ 4338 91047]],9206,30297,4338,91047
18,30,0.8207549452781677,asleep,0.7432314216238657,0.6797105729474306,0.23304559147406526,0.34708843101400644,0.23227939419781984,0.593783371299228,[[ 91047 4338][ 30297 9206]],91047,4338,30297,9206
18,30,0.8207549452781677,avg,0.7432314216238657,0.7150159866319432,0.593783371299228,0.5936402801776288,0.23227939419781984,0.593783371299228,,,,,
