client,round,loss,class,accuracy,precision,recall,f1_score,cohen_kappa_score,roc_auc_score,confusion_matrix,TP,FP,FN,TN
11,188,0.7301384210586548,awake,0.702960975031137,0.7950545113182992,0.7813597525816428,0.7881476468193329,0.29146589074896834,0.6475084715873812,[[ 20291 19212][ 20855 74530]],20291,19212,20855,74530
11,188,0.7301384210586548,asleep,0.702960975031137,0.49314635687551645,0.5136571905931195,0.5031928480204343,0.29146589074896834,0.6475084715873811,[[ 74530 20855][ 19212 20291]],74530,20855,19212,20291
11,188,0.7301384210586548,avg,0.702960975031137,0.6441004340969079,0.6475084715873811,0.6456702474198837,0.29146589074896834,0.6475084715873811,,,,,
