client,round,loss,class,accuracy,precision,recall,f1_score,cohen_kappa_score,roc_auc_score,confusion_matrix,TP,FP,FN,TN
9,98,0.9234605431556702,awake,0.7541738331059842,0.7687762400870782,0.9329768831577292,0.8429547747261336,0.30085988775955186,0.627704045457051,[[ 12737 26766][ 6393 88992]],12737,26766,6393,88992
9,98,0.9234605431556702,asleep,0.7541738331059842,0.6658128593831678,0.3224312077563729,0.43446523288932853,0.30085988775955186,0.627704045457051,[[ 88992 6393][ 26766 12737]],88992,6393,26766,12737
9,98,0.9234605431556702,avg,0.7541738331059842,0.7172945497351231,0.627704045457051,0.638710003807731,0.30085988775955186,0.627704045457051,,,,,
