client,round,loss,class,accuracy,precision,recall,f1_score,cohen_kappa_score,roc_auc_score,confusion_matrix,TP,FP,FN,TN
13,38,0.6902519464492798,awake,0.7548781211078821,0.7777599500824531,0.9147455050584473,0.8407091583562172,0.32396208858480313,0.6418017832357523,[[ 14571 24932][ 8132 87253]],14571,24932,8132,87253
13,38,0.6902519464492798,asleep,0.7548781211078821,0.641809452495265,0.3688580614130572,0.46847570973861036,0.32396208858480313,0.6418017832357523,[[ 87253 8132][ 24932 14571]],87253,8132,24932,14571
13,38,0.6902519464492798,avg,0.7548781211078821,0.7097847012888591,0.6418017832357523,0.6545924340474137,0.32396208858480313,0.6418017832357523,,,,,
