client,round,loss,class,accuracy,precision,recall,f1_score,cohen_kappa_score,roc_auc_score,confusion_matrix,TP,FP,FN,TN
6,115,0.7229270339012146,awake,0.7015746397010854,0.7788873038516405,0.8071080358546942,0.7927465941737976,0.26053578521074383,0.6269294577673592,[[ 17648 21855][ 18399 76986]],17648,21855,18399,76986
6,115,0.7229270339012146,asleep,0.7015746397010854,0.4895830443587538,0.4467508796800243,0.4671872931833223,0.26053578521074383,0.6269294577673593,[[ 76986 18399][ 21855 17648]],76986,18399,21855,17648
6,115,0.7229270339012146,avg,0.7015746397010854,0.6342351741051971,0.6269294577673592,0.62996694367856,0.26053578521074383,0.6269294577673592,,,,,
