client,round,loss,class,accuracy,precision,recall,f1_score,cohen_kappa_score,roc_auc_score,confusion_matrix,TP,FP,FN,TN
13,182,0.7916421294212341,awake,0.7259281774509222,0.8040979510244878,0.8096870577134769,0.8068828258450738,0.3350158682159041,0.6666844017018388,[[ 20687 18816][ 18153 77232]],20687,18816,18153,77232
13,182,0.7916421294212341,asleep,0.7259281774509222,0.5326210092687951,0.5236817456902008,0.5281135519446537,0.3350158682159041,0.6666844017018388,[[ 77232 18153][ 18816 20687]],77232,18153,18816,20687
13,182,0.7916421294212341,avg,0.7259281774509222,0.6683594801466415,0.6666844017018388,0.6674981888948637,0.3350158682159041,0.6666844017018388,,,,,
