client,round,loss,class,accuracy,precision,recall,f1_score,cohen_kappa_score,roc_auc_score,confusion_matrix,TP,FP,FN,TN
7,18,0.5942201018333435,awake,0.6940202241859913,0.7679607804298306,0.8129265607799968,0.7898041812024139,0.22933000853388286,0.6099161827012152,[[ 16074 23429][ 17844 77541]],16074,23429,17844,77541
7,18,0.5942201018333435,asleep,0.6940202241859913,0.4739076596497435,0.40690580462243375,0.4378583783931029,0.22933000853388286,0.6099161827012153,[[ 77541 17844][ 23429 16074]],77541,17844,23429,16074
7,18,0.5942201018333435,avg,0.6940202241859913,0.620934220039787,0.6099161827012153,0.6138312797977584,0.22933000853388286,0.6099161827012152,,,,,
