client,round,loss,class,accuracy,precision,recall,f1_score,cohen_kappa_score,roc_auc_score,confusion_matrix,TP,FP,FN,TN
15,94,1.1613000631332397,awake,0.40708587865488405,0.6642083724102652,0.32669706976987994,0.43797302900190443,-0.053043478188890436,0.46394595786547316,[[ 23749 15754][ 64223 31162]],23749,15754,64223,31162
15,94,1.1613000631332397,asleep,0.40708587865488405,0.26996089664893375,0.6011948459610662,0.37260639341047264,-0.053043478188890436,0.4639459578654731,[[ 31162 64223][ 15754 23749]],31162,64223,15754,23749
15,94,1.1613000631332397,avg,0.40708587865488405,0.4670846345295995,0.4639459578654731,0.4052897112061885,-0.053043478188890436,0.4639459578654731,,,,,
