client,round,loss,class,accuracy,precision,recall,f1_score,cohen_kappa_score,roc_auc_score,confusion_matrix,TP,FP,FN,TN
9,133,0.9786246418952942,awake,0.7553822430460827,0.7670601933103325,0.9393300833464381,0.8444993213693258,0.2978629872844355,0.6252734764756391,[[ 12294 27209][ 5787 89598]],12294,27209,5787,89598
9,133,0.9786246418952942,asleep,0.7553822430460827,0.679940268790443,0.31121686960484013,0.42699360933592667,0.2978629872844355,0.625273476475639,[[ 89598 5787][ 27209 12294]],89598,5787,27209,12294
9,133,0.9786246418952942,avg,0.7553822430460827,0.7235002310503877,0.6252734764756391,0.6357464653526262,0.2978629872844355,0.6252734764756391,,,,,
