client,round,loss,class,accuracy,precision,recall,f1_score,cohen_kappa_score,roc_auc_score,confusion_matrix,TP,FP,FN,TN
11,156,0.7120551466941833,awake,0.6928044006879782,0.7939240727019135,0.7638517586622635,0.7785976479640089,0.2776642216842269,0.6425516545887071,[[ 20591 18912][ 22525 72860]],20591,18912,22525,72860
11,156,0.7120551466941833,asleep,0.6928044006879782,0.47757213099545415,0.5212515505151507,0.49845677144482503,0.2776642216842269,0.6425516545887071,[[ 72860 22525][ 18912 20591]],72860,22525,18912,20591
11,156,0.7120551466941833,avg,0.6928044006879782,0.6357481018486838,0.6425516545887071,0.638527209704417,0.2776642216842269,0.6425516545887071,,,,,
