client,round,loss,class,accuracy,precision,recall,f1_score,cohen_kappa_score,roc_auc_score,confusion_matrix,TP,FP,FN,TN
11,159,0.7013422846794128,awake,0.7242378862463673,0.790254998204238,0.8304450385280705,0.8098517030380173,0.3093605746402259,0.6491161475960607,[[ 18479 21024][ 16173 79212]],18479,21024,16173,79212
11,159,0.7013422846794128,asleep,0.7242378862463673,0.5332736927161491,0.46778725666405085,0.4983885105522216,0.3093605746402259,0.6491161475960606,[[ 79212 16173][ 21024 18479]],79212,16173,21024,18479
11,159,0.7013422846794128,avg,0.7242378862463673,0.6617643454601936,0.6491161475960607,0.6541201067951194,0.3093605746402259,0.6491161475960607,,,,,
