client,round,loss,class,accuracy,precision,recall,f1_score,cohen_kappa_score,roc_auc_score,confusion_matrix,TP,FP,FN,TN
18,55,1.017534852027893,awake,0.7254981910918689,0.7230230673983827,0.9917282591602453,0.8363223248268271,0.10090470981338784,0.5371901048225093,[[ 3265 36238][ 789 94596]],3265,36238,789,94596
18,55,1.017534852027893,asleep,0.7254981910918689,0.8053774050320671,0.0826519504847733,0.14991849760084489,0.10090470981338784,0.5371901048225093,[[ 94596 789][ 36238 3265]],94596,789,36238,3265
18,55,1.017534852027893,avg,0.7254981910918689,0.7642002362152249,0.5371901048225093,0.493120411213836,0.10090470981338784,0.5371901048225093,,,,,
