client,round,loss,class,accuracy,precision,recall,f1_score,cohen_kappa_score,roc_auc_score,confusion_matrix,TP,FP,FN,TN
5,119,0.8972688317298889,awake,0.5793473103611886,0.7687194036493102,0.579483147245374,0.6608204962669393,0.13499682978793204,0.5792512311170545,[[ 22873 16630][ 40111 55274]],22873,16630,40111,55274
5,119,0.8972688317298889,asleep,0.5793473103611886,0.3631557220881494,0.579019314988735,0.44635905041615037,0.13499682978793204,0.5792512311170546,[[ 55274 40111][ 16630 22873]],55274,40111,16630,22873
5,119,0.8972688317298889,avg,0.5793473103611886,0.5659375628687298,0.5792512311170546,0.5535897733415448,0.13499682978793204,0.5792512311170546,,,,,
