client,round,loss,class,accuracy,precision,recall,f1_score,cohen_kappa_score,roc_auc_score,confusion_matrix,TP,FP,FN,TN
2,156,0.8151507377624512,awake,0.7589185101714014,0.788715188478213,0.9002358861456203,0.8407937059684614,0.3532550182598818,0.6589628409286692,[[ 16500 23003][ 9516 85869]],16500,23003,9516,85869
2,156,0.8151507377624512,asleep,0.7589185101714014,0.6342250922509225,0.4176897957117181,0.5036706909446116,0.3532550182598818,0.6589628409286692,[[ 85869 9516][ 23003 16500]],85869,9516,23003,16500
2,156,0.8151507377624512,avg,0.7589185101714014,0.7114701403645678,0.6589628409286692,0.6722321984565365,0.3532550182598818,0.6589628409286692,,,,,
