client,round,loss,class,accuracy,precision,recall,f1_score,cohen_kappa_score,roc_auc_score,confusion_matrix,TP,FP,FN,TN
13,130,0.7838097810745239,awake,0.7067122353359825,0.8151547998103109,0.7568800125805945,0.7849372930834841,0.32597287956266974,0.671227895817675,[[ 23132 16371][ 23190 72195]],23132,16371,23190,72195
13,130,0.7838097810745239,asleep,0.7067122353359825,0.4993739475843012,0.5855757790547553,0.5390503932420624,0.32597287956266974,0.6712278958176748,[[ 72195 23190][ 16371 23132]],72195,23190,16371,23132
13,130,0.7838097810745239,avg,0.7067122353359825,0.6572643736973061,0.671227895817675,0.6619938431627732,0.32597287956266974,0.671227895817675,,,,,
