client,round,loss,class,accuracy,precision,recall,f1_score,cohen_kappa_score,roc_auc_score,confusion_matrix,TP,FP,FN,TN
12,167,1.3408403396606445,awake,0.7034947512009964,0.744120654396728,0.8850343345389736,0.8084833335727591,0.1734052629300269,0.5750893769750788,[[ 10474 29029][ 10966 84419]],10474,29029,10966,84419
12,167,1.3408403396606445,asleep,0.7034947512009964,0.48852611940298507,0.26514441941118394,0.3437310273534286,0.1734052629300269,0.5750893769750788,[[ 84419 10966][ 29029 10474]],84419,10966,29029,10474
12,167,1.3408403396606445,avg,0.7034947512009964,0.6163233868998566,0.5750893769750788,0.5761071804630938,0.1734052629300269,0.5750893769750788,,,,,
