client,round,loss,class,accuracy,precision,recall,f1_score,cohen_kappa_score,roc_auc_score,confusion_matrix,TP,FP,FN,TN
15,197,1.4633843898773193,awake,0.4281774509222466,0.6753713418266367,0.36847512711642294,0.4768087040277834,-0.04479196366060578,0.4704057026868852,[[ 22609 16894][ 60238 35147]],22609,16894,60238,35147
15,197,1.4633843898773193,asleep,0.4281774509222466,0.2729006481827948,0.5723362782573476,0.3695790764201063,-0.04479196366060578,0.47040570268688525,[[ 35147 60238][ 16894 22609]],35147,60238,16894,22609
15,197,1.4633843898773193,avg,0.4281774509222466,0.47413599500471576,0.47040570268688525,0.4231938902239448,-0.04479196366060578,0.4704057026868852,,,,,
