client,round,loss,class,accuracy,precision,recall,f1_score,cohen_kappa_score,roc_auc_score,confusion_matrix,TP,FP,FN,TN
4,162,1.3099790811538696,awake,0.7284562006998399,0.7389292365747933,0.9525397075011794,0.832246363536438,0.17588028527528876,0.5699589406553818,[[ 7402 32101][ 4527 90858]],7402,32101,4527,90858
4,162,1.3099790811538696,asleep,0.7284562006998399,0.6205046525274541,0.18737817380958408,0.2878363664644579,0.17588028527528876,0.5699589406553818,[[ 90858 4527][ 32101 7402]],90858,4527,32101,7402
4,162,1.3099790811538696,avg,0.7284562006998399,0.6797169445511237,0.5699589406553818,0.560041365000448,0.17588028527528876,0.5699589406553818,,,,,
