client,round,loss,class,accuracy,precision,recall,f1_score,cohen_kappa_score,roc_auc_score,confusion_matrix,TP,FP,FN,TN
12,114,1.1649144887924194,awake,0.7090994009845205,0.751329477698795,0.8798238716779367,0.8105155903671474,0.2010019290783157,0.5883437005150689,[[ 11727 27776][ 11463 83922]],11727,27776,11463,83922
12,114,1.1649144887924194,asleep,0.7090994009845205,0.5056921086675291,0.2968635293522011,0.37410875217328887,0.2010019290783157,0.5883437005150689,[[ 83922 11463][ 27776 11727]],83922,11463,27776,11727
12,114,1.1649144887924194,avg,0.7090994009845205,0.628510793183162,0.5883437005150689,0.5923121712702182,0.2010019290783157,0.5883437005150689,,,,,
