client,round,loss,class,accuracy,precision,recall,f1_score,cohen_kappa_score,roc_auc_score,confusion_matrix,TP,FP,FN,TN
16,98,0.8888164162635803,awake,0.7316440306031671,0.7745095310978155,0.8753577606541909,0.8218514690683596,0.286360167985688,0.6299933880859998,[[ 15194 24309][ 11889 83496]],15194,24309,11889,83496
16,98,0.8888164162635803,asleep,0.7316440306031671,0.5610161355832072,0.38462901551780876,0.45637221037455317,0.286360167985688,0.6299933880859998,[[ 83496 11889][ 24309 15194]],83496,11889,24309,15194
16,98,0.8888164162635803,avg,0.7316440306031671,0.6677628333405113,0.6299933880859998,0.6391118397214564,0.286360167985688,0.6299933880859998,,,,,
