client,round,loss,class,accuracy,precision,recall,f1_score,cohen_kappa_score,roc_auc_score,confusion_matrix,TP,FP,FN,TN
1,70,0.9593387842178345,awake,0.5671520075914833,0.7076798724698856,0.6608795932274467,0.6834795242380545,0.001637854192352739,0.5008572332641044,[[ 13464 26039][ 32347 63038]],13464,26039,32347,63038
1,70,0.9593387842178345,asleep,0.5671520075914833,0.29390321101918754,0.34083487330076195,0.3156340108305788,0.001637854192352739,0.5008572332641044,[[ 63038 32347][ 26039 13464]],63038,32347,26039,13464
1,70,0.9593387842178345,avg,0.5671520075914833,0.5007915417445366,0.5008572332641044,0.49955676753431666,0.001637854192352739,0.5008572332641044,,,,,
