client,round,loss,class,accuracy,precision,recall,f1_score,cohen_kappa_score,roc_auc_score,confusion_matrix,TP,FP,FN,TN
12,75,1.1848154067993164,awake,0.6954806950951901,0.7419906784418917,0.8728940609110447,0.8021368221273808,0.1599467408616413,0.5699938496844417,[[ 10551 28952][ 12124 83261]],10551,28952,12124,83261
12,75,1.1848154067993164,asleep,0.6954806950951901,0.46531422271223816,0.2670936384578386,0.33938048827559586,0.1599467408616413,0.5699938496844417,[[ 83261 12124][ 28952 10551]],83261,12124,28952,10551
12,75,1.1848154067993164,avg,0.6954806950951901,0.603652450577065,0.5699938496844417,0.5707586552014883,0.1599467408616413,0.5699938496844417,,,,,
