client,round,loss,class,accuracy,precision,recall,f1_score,cohen_kappa_score,roc_auc_score,confusion_matrix,TP,FP,FN,TN
15,130,1.2477093935012817,awake,0.4326404127869047,0.6790224264636069,0.37488074644860303,0.483066074058063,-0.04025688209605094,0.4734945969541448,[[ 22600 16903][ 59627 35758]],22600,16903,59627,35758
15,130,1.2477093935012817,asleep,0.4326404127869047,0.27484889391562384,0.5721084474596866,0.3713135628029245,-0.04025688209605094,0.47349459695414486,[[ 35758 59627][ 16903 22600]],35758,59627,16903,22600
15,130,1.2477093935012817,avg,0.4326404127869047,0.47693566018961536,0.4734945969541448,0.42718981843049375,-0.04025688209605094,0.47349459695414486,,,,,
