client,round,loss,class,accuracy,precision,recall,f1_score,cohen_kappa_score,roc_auc_score,confusion_matrix,TP,FP,FN,TN
17,178,0.8854665160179138,awake,0.71534161674871,0.7298867266918385,0.9484510143104262,0.8249374239170575,0.12803990026283818,0.55046022350587,[[ 6023 33480][ 4917 90468]],6023,33480,4917,90468
17,178,0.8854665160179138,asleep,0.71534161674871,0.5505484460694698,0.15246943270131383,0.23880419483377274,0.12803990026283818,0.55046022350587,[[ 90468 4917][ 33480 6023]],90468,4917,33480,6023
17,178,0.8854665160179138,avg,0.71534161674871,0.6402175863806542,0.55046022350587,0.5318708093754151,0.12803990026283818,0.55046022350587,,,,,
