client,round,loss,class,accuracy,precision,recall,f1_score,cohen_kappa_score,roc_auc_score,confusion_matrix,TP,FP,FN,TN
4,15,0.9405372738838196,awake,0.7307173358638278,0.7348165582608419,0.9688315772920271,0.8357517850117795,0.16081689431916057,0.5622959496464438,[[ 6153 33350][ 2973 92412]],6153,33350,2973,92412
4,15,0.9405372738838196,asleep,0.7307173358638278,0.6742274819197897,0.1557603220008607,0.253058874334245,0.16081689431916057,0.5622959496464439,[[ 92412 2973][ 33350 6153]],92412,2973,33350,6153
4,15,0.9405372738838196,avg,0.7307173358638278,0.7045220200903157,0.5622959496464439,0.5444053296730123,0.16081689431916057,0.5622959496464439,,,,,
