client,round,loss,class,accuracy,precision,recall,f1_score,cohen_kappa_score,roc_auc_score,confusion_matrix,TP,FP,FN,TN
0,107,0.8445159196853638,awake,0.7280262143407864,0.7673848676718444,0.8830738585731509,0.8211747501827932,0.2649726520057474,0.6183589428045361,[[ 13970 25533][ 11153 84232]],13970,25533,11153,84232
0,107,0.8445159196853638,asleep,0.7280262143407864,0.556064164311587,0.35364402703592135,0.43233373564819116,0.2649726520057474,0.6183589428045361,[[ 84232 11153][ 25533 13970]],84232,11153,25533,13970
0,107,0.8445159196853638,avg,0.7280262143407864,0.6617245159917158,0.6183589428045362,0.6267542429154922,0.2649726520057474,0.6183589428045361,,,,,
