client,round,loss,class,accuracy,precision,recall,f1_score,cohen_kappa_score,roc_auc_score,confusion_matrix,TP,FP,FN,TN
6,72,0.6724398136138916,awake,0.6668866022181366,0.8720497750022959,0.6921542007963336,0.7717572956086658,0.18460579755236028,0.6243544029643097,[[ 13989 11146][ 33787 75966]],13989,11146,33787,75966
6,72,0.6724398136138916,asleep,0.6668866022181366,0.29280391828533153,0.5565546051322856,0.3837281068700196,0.18460579755236028,0.6243544029643096,[[ 75966 33787][ 11146 13989]],75966,33787,11146,13989
6,72,0.6724398136138916,avg,0.6668866022181366,0.5824268466438137,0.6243544029643096,0.5777427012393427,0.18460579755236028,0.6243544029643096,,,,,
