client,round,loss,class,accuracy,precision,recall,f1_score,cohen_kappa_score,roc_auc_score,confusion_matrix,TP,FP,FN,TN
16,73,0.7004827857017517,awake,0.814979835122472,0.8506807166134556,0.9370951135732053,0.891799440723158,0.2639942770234759,0.6094268088255921,[[ 7082 18053][ 6904 102849]],7082,18053,6904,102849
16,73,0.7004827857017517,asleep,0.814979835122472,0.5063635063635064,0.2817585040779789,0.36205618465785644,0.2639942770234759,0.6094268088255921,[[ 102849 6904][ 18053 7082]],102849,6904,18053,7082
16,73,0.7004827857017517,avg,0.814979835122472,0.678522111488481,0.6094268088255921,0.6269278126905072,0.2639942770234759,0.6094268088255921,,,,,
