client,round,loss,class,accuracy,precision,recall,f1_score,cohen_kappa_score,roc_auc_score,confusion_matrix,TP,FP,FN,TN
5,147,0.8560758829116821,awake,0.7500889626949766,0.844788029925187,0.8488059551902909,0.8467922264439071,0.16919772758036422,0.5839215771575087,[[ 8019 17116][ 16594 93159]],8019,17116,16594,93159
5,147,0.8560758829116821,asleep,0.7500889626949766,0.3258034372079795,0.3190371991247265,0.3223848194902308,0.16919772758036422,0.5839215771575087,[[ 93159 16594][ 17116 8019]],93159,16594,17116,8019
5,147,0.8560758829116821,avg,0.7500889626949766,0.5852957335665833,0.5839215771575087,0.5845885229670689,0.16919772758036422,0.5839215771575087,,,,,
