client,round,loss,class,accuracy,precision,recall,f1_score,cohen_kappa_score,roc_auc_score,confusion_matrix,TP,FP,FN,TN
17,102,0.5911298394203186,awake,0.8118364865666331,0.8374394087251436,0.9539146993704044,0.8918903953213984,0.18979534202463022,0.5726804449706607,[[ 4812 20323][ 5058 104695]],4812,20323,5058,104695
17,102,0.5911298394203186,asleep,0.8118364865666331,0.48753799392097263,0.19144619057091705,0.27493215254963577,0.18979534202463022,0.5726804449706606,[[ 104695 5058][ 20323 4812]],104695,5058,20323,4812
17,102,0.5911298394203186,avg,0.8118364865666331,0.662488701323058,0.5726804449706607,0.5834112739355171,0.18979534202463022,0.5726804449706606,,,,,
