client,round,loss,class,accuracy,precision,recall,f1_score,cohen_kappa_score,roc_auc_score,confusion_matrix,TP,FP,FN,TN
10,29,0.5140171051025391,awake,0.7600008896269498,0.9134872288126537,0.778794201525243,0.8407804331039773,0.36591446300941377,0.728366665115118,[[ 17040 8095][ 24278 85475]],17040,8095,24278,85475
10,29,0.5140171051025391,asleep,0.7600008896269498,0.41241105571421655,0.6779391287049931,0.5128436639429371,0.36591446300941377,0.7283666651151182,[[ 85475 24278][ 8095 17040]],85475,24278,8095,17040
10,29,0.5140171051025391,avg,0.7600008896269498,0.662949142263435,0.728366665115118,0.6768120485234572,0.36591446300941377,0.7283666651151182,,,,,
