client,round,loss,class,accuracy,precision,recall,f1_score,cohen_kappa_score,roc_auc_score,confusion_matrix,TP,FP,FN,TN
2,42,0.4532286822795868,awake,0.8360269260423463,0.8894231196509034,0.911838400772644,0.9004912899510509,0.43529756833475175,0.7084157191848102,[[ 12693 12442][ 9676 100077]],12693,12442,9676,100077
2,42,0.4532286822795868,asleep,0.8360269260423463,0.5674370780991551,0.5049930375969763,0.5343971034018187,0.43529756833475175,0.7084157191848103,[[ 100077 9676][ 12442 12693]],100077,9676,12442,12693
2,42,0.4532286822795868,avg,0.8360269260423463,0.7284300988750292,0.7084157191848102,0.7174441966764348,0.43529756833475175,0.7084157191848102,,,,,
