client,round,loss,class,accuracy,precision,recall,f1_score,cohen_kappa_score,roc_auc_score,confusion_matrix,TP,FP,FN,TN
2,76,0.5521034598350525,awake,0.8226454540062867,0.8760119861213332,0.9109637094202436,0.8931460347946492,0.3730157455319034,0.6739819541730221,[[ 10984 14151][ 9772 99981]],10984,14151,9772,99981
2,76,0.5521034598350525,asleep,0.8226454540062867,0.529196376951243,0.43700019892580066,0.4786995271403979,0.3730157455319034,0.6739819541730221,[[ 99981 9772][ 14151 10984]],99981,9772,14151,10984
2,76,0.5521034598350525,avg,0.8226454540062867,0.7026041815362881,0.6739819541730221,0.6859227809675235,0.3730157455319034,0.6739819541730221,,,,,
