client,round,loss,class,accuracy,precision,recall,f1_score,cohen_kappa_score,roc_auc_score,confusion_matrix,TP,FP,FN,TN
17,56,0.5936135053634644,awake,0.8155358519660756,0.8261133525456292,0.979453864586845,0.8962722717381337,0.11524146265203128,0.5396175231030504,[[ 2508 22627][ 2255 107498]],2508,22627,2255,107498
17,56,0.5936135053634644,asleep,0.8155358519660756,0.5265588914549654,0.09978118161925602,0.1677704194260486,0.11524146265203128,0.5396175231030504,[[ 107498 2255][ 22627 2508]],107498,2255,22627,2508
17,56,0.5936135053634644,avg,0.8155358519660756,0.6763361220002972,0.5396175231030506,0.5320213455820911,0.11524146265203128,0.5396175231030504,,,,,
