client,round,loss,class,accuracy,precision,recall,f1_score,cohen_kappa_score,roc_auc_score,confusion_matrix,TP,FP,FN,TN
5,16,0.5856518745422363,awake,0.7902185516873258,0.8455156265906546,0.9080936284201798,0.8756880713793057,0.20973498336072405,0.5918029311784607,[[ 6925 18210][ 10087 99666]],6925,18210,10087,99666
5,16,0.5856518745422363,asleep,0.7902185516873258,0.40706560075241005,0.27551223393674157,0.3286117635893421,0.20973498336072405,0.5918029311784607,[[ 99666 10087][ 18210 6925]],99666,10087,18210,6925
5,16,0.5856518745422363,avg,0.7902185516873258,0.6262906136715323,0.5918029311784607,0.6021499174843239,0.20973498336072405,0.5918029311784607,,,,,
