client,round,loss,class,accuracy,precision,recall,f1_score,cohen_kappa_score,roc_auc_score,confusion_matrix,TP,FP,FN,TN
0,159,0.6903555989265442,awake,0.774687147855999,0.8575754025826567,0.8670924712764115,0.862307678367554,0.2428240509903934,0.6191440076692383,[[ 9330 15805][ 14587 95166]],9330,15805,14587,95166
0,159,0.6903555989265442,asleep,0.774687147855999,0.3900990926955722,0.37119554406206484,0.38041262333849796,0.2428240509903934,0.6191440076692383,[[ 95166 14587][ 15805 9330]],95166,14587,15805,9330
0,159,0.6903555989265442,avg,0.774687147855999,0.6238372476391145,0.6191440076692382,0.621360150853026,0.2428240509903934,0.6191440076692383,,,,,
