client,round,loss,class,accuracy,precision,recall,f1_score,cohen_kappa_score,roc_auc_score,confusion_matrix,TP,FP,FN,TN
11,38,0.4787597060203552,awake,0.8281537275369195,0.8699479518319416,0.9274461745920385,0.8977773857823249,0.3623480004189642,0.6610176964068208,[[ 9918 15217][ 7963 101790]],9918,15217,7963,101790
11,38,0.4787597060203552,asleep,0.8281537275369195,0.554666964934847,0.39458921822160337,0.46113074204946997,0.3623480004189642,0.6610176964068208,[[ 101790 7963][ 15217 9918]],101790,7963,15217,9918
11,38,0.4787597060203552,avg,0.8281537275369195,0.7123074583833944,0.661017696406821,0.6794540639158975,0.3623480004189642,0.6610176964068208,,,,,
