client,round,loss,class,accuracy,precision,recall,f1_score,cohen_kappa_score,roc_auc_score,confusion_matrix,TP,FP,FN,TN
0,154,0.6723276972770691,awake,0.817418895676413,0.8674915169359086,0.9154373912330415,0.8908197825971309,0.3361255083528314,0.6524272693185298,[[ 9788 15347][ 9281 100472]],9788,15347,9281,100472
0,154,0.6723276972770691,asleep,0.817418895676413,0.513293827678431,0.3894171474040183,0.44285585014930773,0.3361255083528314,0.6524272693185299,[[ 100472 9281][ 15347 9788]],100472,9281,15347,9788
0,154,0.6723276972770691,avg,0.817418895676413,0.6903926723071698,0.6524272693185299,0.6668378163732194,0.3361255083528314,0.6524272693185298,,,,,
