client,round,loss,class,accuracy,precision,recall,f1_score,cohen_kappa_score,roc_auc_score,confusion_matrix,TP,FP,FN,TN
18,129,0.8034436106681824,awake,0.821963406678133,0.8270096266800921,0.9878181006441737,0.9002893953422711,0.1272050490343969,0.5427851195482656,[[ 2457 22678][ 1337 108416]],2457,22678,1337,108416
18,129,0.8034436106681824,asleep,0.821963406678133,0.6476014760147601,0.09775213845235727,0.16986415016073836,0.1272050490343969,0.5427851195482655,[[ 108416 1337][ 22678 2457]],108416,1337,22678,2457
18,129,0.8034436106681824,avg,0.821963406678133,0.7373055513474261,0.5427851195482655,0.5350767727515048,0.1272050490343969,0.5427851195482656,,,,,
