client,round,loss,class,accuracy,precision,recall,f1_score,cohen_kappa_score,roc_auc_score,confusion_matrix,TP,FP,FN,TN
8,71,0.705620288848877,awake,0.7918866022181366,0.8392772585669782,0.9205033119823604,0.8780157129945073,0.1801234636940705,0.5753899094226502,[[ 5788 19347][ 8725 101028]],5788,19347,8725,101028
8,71,0.705620288848877,asleep,0.7918866022181366,0.39881485564666164,0.23027650686294013,0.2919693301049233,0.1801234636940705,0.5753899094226503,[[ 101028 8725][ 19347 5788]],101028,8725,19347,5788
8,71,0.705620288848877,avg,0.7918866022181366,0.6190460571068199,0.5753899094226502,0.5849925215497154,0.1801234636940705,0.5753899094226502,,,,,
