client,round,loss,class,accuracy,precision,recall,f1_score,cohen_kappa_score,roc_auc_score,confusion_matrix,TP,FP,FN,TN
2,92,0.5591625571250916,awake,0.830815194828302,0.8863575758653179,0.9085583082011426,0.8973206452048322,0.4175076279733627,0.6999525179358608,[[ 12350 12785][ 10036 99717]],12350,12785,10036,99717
2,92,0.5591625571250916,asleep,0.830815194828302,0.5516840882694541,0.49134672767057885,0.5197702068559162,0.4175076279733627,0.6999525179358608,[[ 99717 10036][ 12785 12350]],99717,10036,12785,12350
2,92,0.5591625571250916,avg,0.830815194828302,0.7190208320673861,0.6999525179358608,0.7085454260303743,0.4175076279733627,0.6999525179358608,,,,,
