client,round,loss,class,accuracy,precision,recall,f1_score,cohen_kappa_score,roc_auc_score,confusion_matrix,TP,FP,FN,TN
1,171,0.839216947555542,awake,0.6624310539113931,0.8164963086355258,0.7547493007024865,0.7844095338200618,0.012480281589751896,0.5070344872320867,[[ 6518 18617][ 26917 82836]],6518,18617,26917,82836
1,171,0.839216947555542,asleep,0.6624310539113931,0.19494541647973682,0.2593196737616869,0.2225712822263958,0.012480281589751896,0.5070344872320867,[[ 82836 26917][ 18617 6518]],82836,26917,18617,6518
1,171,0.839216947555542,avg,0.6624310539113931,0.5057208625576313,0.5070344872320867,0.5034904080232289,0.012480281589751896,0.5070344872320867,,,,,
