client,round,loss,class,accuracy,precision,recall,f1_score,cohen_kappa_score,roc_auc_score,confusion_matrix,TP,FP,FN,TN
17,55,0.5527080297470093,awake,0.8154024079236107,0.8314130154588844,0.9697684801326615,0.8952769483113935,0.15436473294619912,0.555562577046637,[[ 3553 21582][ 3318 106435]],3553,21582,3318,106435
17,55,0.5527080297470093,asleep,0.8154024079236107,0.5171008586814146,0.1413566739606127,0.22202087108667126,0.15436473294619912,0.555562577046637,[[ 106435 3318][ 21582 3553]],106435,3318,21582,3553
17,55,0.5527080297470093,avg,0.8154024079236107,0.6742569370701494,0.555562577046637,0.5586489096990324,0.15436473294619912,0.555562577046637,,,,,
