client,round,loss,class,accuracy,precision,recall,f1_score,cohen_kappa_score,roc_auc_score,confusion_matrix,TP,FP,FN,TN
15,151,1.0052741765975952,awake,0.5225223889449024,0.7891991173581969,0.5637567993585597,0.6576952921542991,-0.06332378424147378,0.45311372890147994,[[ 8608 16527][ 47879 61874]],8608,16527,47879,61874
15,151,1.0052741765975952,asleep,0.5225223889449024,0.1523890452670526,0.3424706584444002,0.21092352552008037,-0.06332378424147378,0.45311372890147994,[[ 61874 47879][ 16527 8608]],61874,47879,16527,8608
15,151,1.0052741765975952,avg,0.5225223889449024,0.4707940813126248,0.45311372890147994,0.4343094088371897,-0.06332378424147378,0.45311372890147994,,,,,
