client,round,loss,class,accuracy,precision,recall,f1_score,cohen_kappa_score,roc_auc_score,confusion_matrix,TP,FP,FN,TN
5,51,0.7010120749473572,awake,0.7460337465156278,0.8496868862785786,0.8357129190090475,0.8426419722463377,0.18503652651028246,0.595079455327082,[[ 8909 16226][ 18031 91722]],8909,16226,18031,91722
5,51,0.7010120749473572,asleep,0.7460337465156278,0.33069784706755756,0.35444599164511637,0.34216034565530484,0.18503652651028246,0.595079455327082,[[ 91722 18031][ 16226 8909]],91722,18031,16226,8909
5,51,0.7010120749473572,avg,0.7460337465156278,0.5901923666730681,0.595079455327082,0.5924011589508213,0.18503652651028246,0.595079455327082,,,,,
