client,round,loss,class,accuracy,precision,recall,f1_score,cohen_kappa_score,roc_auc_score,confusion_matrix,TP,FP,FN,TN
9,170,0.8649392127990723,awake,0.8361010616214933,0.8757685151044837,0.9305713739032191,0.9023386077906473,0.39586157874953787,0.677081986931717,[[ 10647 14488][ 7620 102133]],10647,14488,7620,102133
9,170,0.8649392127990723,asleep,0.8361010616214933,0.582854327475776,0.42359259996021487,0.4906225519561311,0.39586157874953787,0.677081986931717,[[ 102133 7620][ 14488 10647]],102133,7620,14488,10647
9,170,0.8649392127990723,avg,0.8361010616214933,0.7293114212901299,0.677081986931717,0.6964805798733892,0.39586157874953787,0.677081986931717,,,,,
