client,round,loss,class,accuracy,precision,recall,f1_score,cohen_kappa_score,roc_auc_score,confusion_matrix,TP,FP,FN,TN
0,141,0.6771834492683411,awake,0.75103789810806,0.8897371087074426,0.7921970242271282,0.838138754735533,0.30688191930635,0.6817559618847994,[[ 14360 10775][ 22807 86946]],14360,10775,22807,86946
0,141,0.6771834492683411,asleep,0.75103789810806,0.3863642478542793,0.5713148995424706,0.46098038586241213,0.30688191930635,0.6817559618847994,[[ 86946 22807][ 10775 14360]],86946,22807,10775,14360
0,141,0.6771834492683411,avg,0.75103789810806,0.6380506782808609,0.6817559618847995,0.6495595702989726,0.30688191930635,0.6817559618847994,,,,,
