client,round,loss,class,accuracy,precision,recall,f1_score,cohen_kappa_score,roc_auc_score,confusion_matrix,TP,FP,FN,TN
2,183,0.6405567526817322,awake,0.8347666211968447,0.8955222530727419,0.9021803504232231,0.8988389720499996,0.4481912524220766,0.7212910902702947,[[ 13583 11552][ 10736 99017]],13583,11552,10736,99017
2,183,0.6405567526817322,asleep,0.8347666211968447,0.5585344792137834,0.5404018301173662,0.5493185586605734,0.4481912524220766,0.7212910902702946,[[ 99017 10736][ 11552 13583]],99017,10736,11552,13583
2,183,0.6405567526817322,avg,0.8347666211968447,0.7270283661432626,0.7212910902702947,0.7240787653552865,0.4481912524220766,0.7212910902702947,,,,,
