client,round,loss,class,accuracy,precision,recall,f1_score,cohen_kappa_score,roc_auc_score,confusion_matrix,TP,FP,FN,TN
2,133,0.6187503337860107,awake,0.8387699424707906,0.8766531136315001,0.9331407797508952,0.9040153942571653,0.40361357042165713,0.6799183111008306,[[ 10725 14410][ 7338 102415]],10725,14410,7338,102415
2,133,0.6187503337860107,asleep,0.8387699424707906,0.5937551901677462,0.42669584245076586,0.49655076623917777,0.40361357042165713,0.6799183111008305,[[ 102415 7338][ 14410 10725]],102415,7338,14410,10725
2,133,0.6187503337860107,avg,0.8387699424707906,0.7352041518996232,0.6799183111008305,0.7002830802481715,0.40361357042165713,0.6799183111008305,,,,,
