client,round,loss,class,accuracy,precision,recall,f1_score,cohen_kappa_score,roc_auc_score,confusion_matrix,TP,FP,FN,TN
15,172,1.0889278650283813,awake,0.5104827708914063,0.7844290342306242,0.5493426147804615,0.6461680259787582,-0.07302129484497843,0.44507114824959015,[[ 8566 16569][ 49461 60292]],8566,16569,49461,60292
15,172,1.0889278650283813,asleep,0.5104827708914063,0.1476209350819446,0.34079968171871894,0.20600755152593733,-0.07302129484497843,0.44507114824959026,[[ 60292 49461][ 16569 8566]],60292,49461,16569,8566
15,172,1.0889278650283813,avg,0.5104827708914063,0.4660249846562844,0.44507114824959026,0.42608778875234776,-0.07302129484497843,0.4450711482495902,,,,,
