client,round,loss,class,accuracy,precision,recall,f1_score,cohen_kappa_score,roc_auc_score,confusion_matrix,TP,FP,FN,TN
15,127,0.9627843499183655,awake,0.5536074372813,0.7959803078099608,0.606944684883329,0.6887267952502313,-0.051685528982877704,0.46382643036686844,[[ 8061 17074][ 43139 66614]],8061,17074,43139,66614
15,127,0.9627843499183655,asleep,0.5536074372813,0.15744140625,0.3207081758504078,0.21120062880723126,-0.051685528982877704,0.4638264303668683,[[ 66614 43139][ 17074 8061]],66614,43139,17074,8061
15,127,0.9627843499183655,avg,0.5536074372813,0.4767108570299804,0.4638264303668684,0.44996371202873126,-0.051685528982877704,0.4638264303668684,,,,,
