client,round,loss,class,accuracy,precision,recall,f1_score,cohen_kappa_score,roc_auc_score,confusion_matrix,TP,FP,FN,TN
17,115,0.6087704300880432,awake,0.8162401399679734,0.8392939861033464,0.9574954670942936,0.8945067946868231,0.20570289754518367,0.5784692374261999,[[ 5013 20122][ 4665 105088]],5013,20122,4665,105088
17,115,0.6087704300880432,asleep,0.8162401399679734,0.5179789212647241,0.19944300775810622,0.2879958636141671,0.20570289754518367,0.5784692374261999,[[ 105088 4665][ 20122 5013]],105088,4665,20122,5013
17,115,0.6087704300880432,avg,0.8162401399679734,0.6786364536840352,0.5784692374261999,0.5912513291504952,0.20570289754518367,0.5784692374261999,,,,,
