client,round,loss,class,accuracy,precision,recall,f1_score,cohen_kappa_score,roc_auc_score,confusion_matrix,TP,FP,FN,TN
17,4,0.47586578130722046,awake,0.8105094596998992,0.8158619395985743,0.9907155157490001,0.8948269335220633,0.022445054542045595,0.5071739504346751,[[ 594 24541][ 1019 108734]],594,24541,1019,108734
17,4,0.47586578130722046,asleep,0.8105094596998992,0.36825790452572843,0.02363238512035011,0.04441453566621804,0.022445054542045595,0.5071739504346751,[[ 108734 1019][ 24541 594]],108734,1019,24541,594
17,4,0.47586578130722046,avg,0.8105094596998992,0.5920599220621514,0.5071739504346751,0.46962073459414067,0.022445054542045595,0.5071739504346751,,,,,
