client,round,loss,class,accuracy,precision,recall,f1_score,cohen_kappa_score,roc_auc_score,confusion_matrix,TP,FP,FN,TN
0,140,0.6974298357963562,awake,0.7553155210248502,0.8723317550260032,0.8191666742594735,0.8449137052021221,0.26816308896608043,0.6478367685997984,[[ 11977 13158][ 19847 89906]],11977,13158,19847,89906
0,140,0.6974298357963562,asleep,0.7553155210248502,0.3763511814982403,0.47650686294012334,0.42054811355536437,0.26816308896608043,0.6478367685997984,[[ 89906 19847][ 13158 11977]],89906,19847,13158,11977
0,140,0.6974298357963562,avg,0.7553155210248502,0.6243414682621218,0.6478367685997984,0.6327309093787432,0.26816308896608043,0.6478367685997984,,,,,
