client,round,loss,class,accuracy,precision,recall,f1_score,cohen_kappa_score,roc_auc_score,confusion_matrix,TP,FP,FN,TN
13,167,0.6854721307754517,awake,0.814616570784651,0.8855395925646228,0.8867821380736746,0.886160429755076,0.38719934272022627,0.6931424117859918,[[ 12555 12580][ 12426 97327]],12555,12580,12426,97327
13,167,0.6854721307754517,asleep,0.814616570784651,0.5025819622913414,0.4995026854983091,0.5010375927847394,0.38719934272022627,0.6931424117859918,[[ 97327 12426][ 12580 12555]],97327,12426,12580,12555
13,167,0.6854721307754517,avg,0.814616570784651,0.6940607774279821,0.6931424117859919,0.6935990112699078,0.38719934272022627,0.6931424117859918,,,,,
