client,round,loss,class,accuracy,precision,recall,f1_score,cohen_kappa_score,roc_auc_score,confusion_matrix,TP,FP,FN,TN
13,15,0.5327011942863464,awake,0.7648715971769171,0.8706974357999943,0.8350295663899848,0.8524905818334031,0.2746173821042238,0.6467767684744832,[[ 11525 13610][ 18106 91647]],11525,13610,18106,91647
13,15,0.5327011942863464,asleep,0.7648715971769171,0.38895076102730247,0.4585239705589815,0.42088156885658984,0.2746173821042238,0.6467767684744831,[[ 91647 18106][ 13610 11525]],91647,18106,13610,11525
13,15,0.5327011942863464,avg,0.7648715971769171,0.6298240984136484,0.6467767684744832,0.6366860753449964,0.2746173821042238,0.6467767684744832,,,,,
