client,round,loss,class,accuracy,precision,recall,f1_score,cohen_kappa_score,roc_auc_score,confusion_matrix,TP,FP,FN,TN
16,9,0.5750560164451599,awake,0.8167813296957476,0.8518049660353629,0.9380153617668765,0.8928339129454413,0.2717129926840677,0.6127116792920319,[[ 7224 17911][ 6803 102950]],7224,17911,6803,102950
16,9,0.5750560164451599,asleep,0.8167813296957476,0.5150067726527412,0.2874079968171872,0.3689290638884633,0.2717129926840677,0.6127116792920319,[[ 102950 6803][ 17911 7224]],102950,6803,17911,7224
16,9,0.5750560164451599,avg,0.8167813296957476,0.6834058693440521,0.6127116792920319,0.6308814884169524,0.2717129926840677,0.6127116792920319,,,,,
