client,round,loss,class,accuracy,precision,recall,f1_score,cohen_kappa_score,roc_auc_score,confusion_matrix,TP,FP,FN,TN
15,161,0.9780943393707275,awake,0.5350809560524287,0.7899791643550197,0.5838200322542436,0.6714309665521,-0.0652549966166569,0.4530399146749634,[[ 8100 17035][ 45677 64076]],8100,17035,45677,64076
15,161,0.9780943393707275,asleep,0.5350809560524287,0.15062201312828905,0.3222597970956833,0.2052919708029197,-0.0652549966166569,0.4530399146749635,[[ 64076 45677][ 17035 8100]],64076,45677,17035,8100
15,161,0.9780943393707275,avg,0.5350809560524287,0.47030058874165437,0.45303991467496346,0.43836146867750986,-0.0652549966166569,0.45303991467496346,,,,,
