client,round,loss,class,accuracy,precision,recall,f1_score,cohen_kappa_score,roc_auc_score,confusion_matrix,TP,FP,FN,TN
0,195,0.7693897485733032,awake,0.7545519245596347,0.8776024987929726,0.8115222362942243,0.8432698043002811,0.28161760494341515,0.658655488546953,[[ 12713 12422][ 20686 89067]],12713,12422,20686,89067
0,195,0.7693897485733032,asleep,0.7545519245596347,0.38064013892631515,0.5057887407996817,0.43438001845081486,0.28161760494341515,0.658655488546953,[[ 89067 20686][ 12422 12713]],89067,20686,12422,12713
0,195,0.7693897485733032,avg,0.7545519245596347,0.6291213188596438,0.658655488546953,0.638824911375548,0.28161760494341515,0.658655488546953,,,,,
