client,round,loss,class,accuracy,precision,recall,f1_score,cohen_kappa_score,roc_auc_score,confusion_matrix,TP,FP,FN,TN
1,140,0.7290319800376892,awake,0.6982830199869522,0.8204438092232874,0.8054631764052008,0.8128844792231795,0.03467397384617765,0.5178698416340705,[[ 5788 19347][ 21351 88402]],5788,19347,21351,88402
1,140,0.7290319800376892,asleep,0.6982830199869522,0.21327241239544567,0.23027650686294013,0.2214485212533956,0.03467397384617765,0.5178698416340705,[[ 88402 21351][ 19347 5788]],88402,21351,19347,5788
1,140,0.7290319800376892,avg,0.6982830199869522,0.5168581108093665,0.5178698416340705,0.5171665002382876,0.03467397384617765,0.5178698416340705,,,,,
