client,round,loss,class,accuracy,precision,recall,f1_score,cohen_kappa_score,roc_auc_score,confusion_matrix,TP,FP,FN,TN
12,58,0.8971627354621887,awake,0.8181231836783109,0.8248902037330731,0.9857224859457144,0.8981631763558249,0.10719839299259804,0.536008249139557,[[ 2169 22966][ 1567 108186]],2169,22966,1567,108186
12,58,0.8971627354621887,asleep,0.8181231836783109,0.5805674518201285,0.08629401233339964,0.15025458072113887,0.10719839299259804,0.536008249139557,[[ 108186 1567][ 22966 2169]],108186,1567,22966,2169
12,58,0.8971627354621887,avg,0.8181231836783109,0.7027288277766008,0.536008249139557,0.5242088785384819,0.10719839299259804,0.536008249139557,,,,,
