client,round,loss,class,accuracy,precision,recall,f1_score,cohen_kappa_score,roc_auc_score,confusion_matrix,TP,FP,FN,TN
0,68,0.5901975035667419,awake,0.7688526777771187,0.8918590037702727,0.8147021038149299,0.851536348096052,0.33462240275421806,0.6916756988141688,[[ 14293 10842][ 20337 89416]],14293,10842,20337,89416
0,68,0.5901975035667419,asleep,0.7688526777771187,0.4127346231591106,0.5686492938134076,0.47830670124654895,0.33462240275421806,0.6916756988141688,[[ 89416 20337][ 10842 14293]],89416,20337,10842,14293
0,68,0.5901975035667419,avg,0.7688526777771187,0.6522968134646916,0.6916756988141688,0.6649215246713005,0.33462240275421806,0.6916756988141688,,,,,
