client,round,loss,class,accuracy,precision,recall,f1_score,cohen_kappa_score,roc_auc_score,confusion_matrix,TP,FP,FN,TN
15,169,1.029632568359375,awake,0.5485736314572089,0.7945953767680787,0.6003936111085801,0.6839767077360625,-0.05477325819253509,0.46134659668219935,[[ 8101 17034][ 43858 65895]],8101,17034,43858,65895
15,169,1.029632568359375,asleep,0.5485736314572089,0.15591139167420467,0.32229958225581856,0.2101590266427997,-0.05477325819253509,0.46134659668219935,[[ 65895 43858][ 17034 8101]],65895,43858,17034,8101
15,169,1.029632568359375,avg,0.5485736314572089,0.47525338422114166,0.46134659668219935,0.4470678671894311,-0.05477325819253509,0.46134659668219935,,,,,
