client,round,loss,class,accuracy,precision,recall,f1_score,cohen_kappa_score,roc_auc_score,confusion_matrix,TP,FP,FN,TN
17,90,0.6292193531990051,awake,0.8198801969040982,0.8310259608456837,0.9773582498883857,0.8982715883968647,0.15577637114193632,0.5548020610890108,[[ 3324 21811][ 2485 107268]],3324,21811,2485,107268
17,90,0.6292193531990051,asleep,0.8198801969040982,0.5722155276295404,0.13224587228963597,0.21483971044467426,0.15577637114193632,0.5548020610890109,[[ 107268 2485][ 21811 3324]],107268,2485,21811,3324
17,90,0.6292193531990051,avg,0.8198801969040982,0.7016207442376121,0.5548020610890109,0.5565556494207695,0.15577637114193632,0.5548020610890108,,,,,
