client,round,loss,class,accuracy,precision,recall,f1_score,cohen_kappa_score,roc_auc_score,confusion_matrix,TP,FP,FN,TN
7,144,0.7336638569831848,awake,0.8203101832631516,0.8457023196397241,0.953040008018004,0.8961685429839442,0.24642751606556368,0.59689000599826,[[ 6051 19084][ 5154 104599]],6051,19084,5154,104599
7,144,0.7336638569831848,asleep,0.8203101832631516,0.5400267737617135,0.24074000397851603,0.33302146395156856,0.24642751606556368,0.5968900059982599,[[ 104599 5154][ 19084 6051]],104599,5154,19084,6051
7,144,0.7336638569831848,avg,0.8203101832631516,0.6928645467007188,0.59689000599826,0.6145950034677564,0.24642751606556368,0.59689000599826,,,,,
