client,round,loss,class,accuracy,precision,recall,f1_score,cohen_kappa_score,roc_auc_score,confusion_matrix,TP,FP,FN,TN
3,103,0.7466490268707275,awake,0.819598481703339,0.8453533221745142,0.9525388827640247,0.8957510431750221,0.24364934755519752,0.5958238475884973,[[ 6010 19125][ 5209 104544]],6010,19125,5209,104544
3,103,0.7466490268707275,asleep,0.819598481703339,0.5356983688385775,0.23910881241296997,0.33063761896902677,0.24364934755519752,0.5958238475884973,[[ 104544 5209][ 19125 6010]],104544,5209,19125,6010
3,103,0.7466490268707275,avg,0.819598481703339,0.6905258455065458,0.5958238475884973,0.6131943310720245,0.24364934755519752,0.5958238475884973,,,,,
