client,round,loss,class,accuracy,precision,recall,f1_score,cohen_kappa_score,roc_auc_score,confusion_matrix,TP,FP,FN,TN
12,91,0.911982536315918,awake,0.819806061324951,0.8345378947450846,0.971071405793008,0.8976425701796498,0.1799189379978432,0.5651855934873136,[[ 4004 21131][ 3175 106578]],4004,21131,3175,106578
12,91,0.911982536315918,asleep,0.819806061324951,0.5577378464967265,0.15929978118161925,0.2478182830971096,0.1799189379978432,0.5651855934873136,[[ 106578 3175][ 21131 4004]],106578,3175,21131,4004
12,91,0.911982536315918,avg,0.819806061324951,0.6961378706209056,0.5651855934873136,0.5727304266383797,0.1799189379978432,0.5651855934873136,,,,,
