client,round,loss,class,accuracy,precision,recall,f1_score,cohen_kappa_score,roc_auc_score,confusion_matrix,TP,FP,FN,TN
5,7,0.562849223613739,awake,0.7566573750074136,0.8434606352296167,0.860659845288967,0.8519734468576377,0.16898649072188432,0.5815931014787783,[[ 7604 17531][ 15293 94460]],7604,17531,15293,94460
5,7,0.562849223613739,asleep,0.7566573750074136,0.332095907760842,0.3025263576685896,0.31662225183211196,0.16898649072188432,0.5815931014787784,[[ 94460 15293][ 17531 7604]],94460,15293,17531,7604
5,7,0.562849223613739,avg,0.7566573750074136,0.5877782714952293,0.5815931014787783,0.5842978493448748,0.16898649072188432,0.5815931014787783,,,,,
