client,round,loss,class,accuracy,precision,recall,f1_score,cohen_kappa_score,roc_auc_score,confusion_matrix,TP,FP,FN,TN
13,171,0.6618022918701172,awake,0.8087302058003677,0.8798675149090975,0.8858801126165117,0.8828635769286648,0.36189486979035346,0.6788660559104042,[[ 11860 13275][ 12525 97228]],11860,13275,12525,97228
13,171,0.6618022918701172,asleep,0.8087302058003677,0.48636456838220216,0.4718519992042968,0.4789983844911147,0.36189486979035346,0.6788660559104043,[[ 97228 12525][ 13275 11860]],97228,12525,13275,11860
13,171,0.6618022918701172,avg,0.8087302058003677,0.6831160416456499,0.6788660559104043,0.6809309807098898,0.36189486979035346,0.6788660559104043,,,,,
