client,round,loss,class,accuracy,precision,recall,f1_score,cohen_kappa_score,roc_auc_score,confusion_matrix,TP,FP,FN,TN
7,190,0.79167640209198,awake,0.8184938615740466,0.8566170935309567,0.9331134456461326,0.8932304726850904,0.29554105014567444,0.6255581153036711,[[ 7993 17142][ 7341 102412]],7993,17142,7341,102412
7,190,0.79167640209198,asleep,0.8184938615740466,0.521259945219773,0.3180027849612095,0.39501840915268477,0.29554105014567444,0.6255581153036711,[[ 102412 7341][ 17142 7993]],102412,7341,17142,7993
7,190,0.79167640209198,avg,0.8184938615740466,0.6889385193753649,0.6255581153036711,0.6441244409188875,0.29554105014567444,0.6255581153036711,,,,,
