client,round,loss,class,accuracy,precision,recall,f1_score,cohen_kappa_score,roc_auc_score,confusion_matrix,TP,FP,FN,TN
1,188,0.9041637778282166,awake,0.6470701619121049,0.8212362117625167,0.7237979827430685,0.769444605877453,0.029867870442479294,0.5179164968419938,[[ 7843 17292][ 30314 79439]],7843,17292,30314,79439
1,188,0.9041637778282166,asleep,0.6470701619121049,0.2055455093429777,0.312035010940919,0.24783542943815967,0.029867870442479294,0.5179164968419938,[[ 79439 30314][ 17292 7843]],79439,30314,17292,7843
1,188,0.9041637778282166,avg,0.6470701619121049,0.5133908605527472,0.5179164968419938,0.5086400176578063,0.029867870442479294,0.5179164968419938,,,,,
