client,round,loss,class,accuracy,precision,recall,f1_score,cohen_kappa_score,roc_auc_score,confusion_matrix,TP,FP,FN,TN
8,169,0.8303576707839966,awake,0.8128447304430342,0.844694250473145,0.9434457372463623,0.8913431782281772,0.2315899063384813,0.5930079292955504,[[ 6097 19038][ 6207 103546]],6097,19038,6207,103546
8,169,0.8303576707839966,asleep,0.8128447304430342,0.49552990897269183,0.2425701213447384,0.3257031437805497,0.2315899063384813,0.5930079292955504,[[ 103546 6207][ 19038 6097]],103546,6207,19038,6097
8,169,0.8303576707839966,avg,0.8128447304430342,0.6701120797229184,0.5930079292955504,0.6085231610043634,0.2315899063384813,0.5930079292955504,,,,,
