client,round,loss,class,accuracy,precision,recall,f1_score,cohen_kappa_score,roc_auc_score,confusion_matrix,TP,FP,FN,TN
1,119,0.705502450466156,awake,0.7204347310361189,0.8198470977881568,0.8412708536440917,0.8304208225781791,0.03563728921623255,0.517034869829804,[[ 4846 20289][ 17421 92332]],4846,20289,17421,92332
1,119,0.705502450466156,asleep,0.7204347310361189,0.21763147258274576,0.1927988860155162,0.2044639466689169,0.03563728921623255,0.517034869829804,[[ 92332 17421][ 20289 4846]],92332,17421,20289,4846
1,119,0.705502450466156,avg,0.7204347310361189,0.5187392851854513,0.517034869829804,0.517442384623548,0.03563728921623255,0.517034869829804,,,,,
