client,round,loss,class,accuracy,precision,recall,f1_score,cohen_kappa_score,roc_auc_score,confusion_matrix,TP,FP,FN,TN
15,186,1.0489834547042847,awake,0.531982088844078,0.7880915011678634,0.5810319535684674,0.6689043897833954,-0.07014307880057324,0.44941790636450024,[[ 7988 17147][ 45983 63770]],7988,17147,45983,63770
15,186,1.0489834547042847,asleep,0.531982088844078,0.14800541031294584,0.3178038591605331,0.20195686799989887,-0.07014307880057324,0.44941790636450024,[[ 63770 45983][ 17147 7988]],63770,45983,17147,7988
15,186,1.0489834547042847,avg,0.531982088844078,0.46804845574040466,0.44941790636450024,0.43543062889164713,-0.07014307880057324,0.44941790636450024,,,,,
