client,round,loss,class,accuracy,precision,recall,f1_score,cohen_kappa_score,roc_auc_score,confusion_matrix,TP,FP,FN,TN
11,119,0.6287516951560974,awake,0.8366793191388411,0.8731655025140591,0.9351088352937961,0.9030762191366172,0.38836786811449375,0.6709958339985989,[[ 10227 14908][ 7122 102631]],10227,14908,7122,102631
11,119,0.6287516951560974,asleep,0.8366793191388411,0.5894864257305896,0.40688283270340164,0.48145184069296676,0.38836786811449375,0.6709958339985989,[[ 102631 7122][ 14908 10227]],102631,7122,14908,10227
11,119,0.6287516951560974,avg,0.8366793191388411,0.7313259641223244,0.6709958339985989,0.692264029914792,0.38836786811449375,0.6709958339985989,,,,,
