client,round,loss,class,accuracy,precision,recall,f1_score,cohen_kappa_score,roc_auc_score,confusion_matrix,TP,FP,FN,TN
8,112,0.7349361777305603,awake,0.7885134333669415,0.8430209969763003,0.9094238881852887,0.8749643876204793,0.1959585492855922,0.5849884509555845,[[ 6549 18586][ 9941 99812]],6549,18586,9941,99812
8,112,0.7349361777305603,asleep,0.7885134333669415,0.3971497877501516,0.26055301372588024,0.3146666666666667,0.1959585492855922,0.5849884509555845,[[ 99812 9941][ 18586 6549]],99812,9941,18586,6549
8,112,0.7349361777305603,avg,0.7885134333669415,0.6200853923632259,0.5849884509555845,0.594815527143573,0.1959585492855922,0.5849884509555845,,,,,
