client,round,loss,class,accuracy,precision,recall,f1_score,cohen_kappa_score,roc_auc_score,confusion_matrix,TP,FP,FN,TN
11,15,0.45264267921447754,awake,0.8346702449439535,0.8631184706605325,0.9469900594972347,0.9031111651771945,0.3481589218472019,0.6456056324937933,[[ 8652 16483][ 5818 103935]],8652,16483,5818,103935
11,15,0.45264267921447754,asleep,0.8346702449439535,0.5979267449896337,0.3442212054903521,0.43691453099356137,0.3481589218472019,0.6456056324937934,[[ 103935 5818][ 16483 8652]],103935,5818,16483,8652
11,15,0.45264267921447754,avg,0.8346702449439535,0.730522607825083,0.6456056324937934,0.670012848085378,0.3481589218472019,0.6456056324937933,,,,,
