client,round,loss,class,accuracy,precision,recall,f1_score,cohen_kappa_score,roc_auc_score,confusion_matrix,TP,FP,FN,TN
11,80,0.588726818561554,awake,0.8328687503706779,0.8664767235655514,0.9393456215319854,0.901440962506995,0.35795002704634504,0.6536393912314791,[[ 9248 15887][ 6657 103096]],9248,15887,6657,103096
11,80,0.588726818561554,asleep,0.8328687503706779,0.581452373467463,0.3679331609309727,0.45068226120857696,0.35795002704634504,0.6536393912314791,[[ 103096 6657][ 15887 9248]],103096,6657,15887,9248
11,80,0.588726818561554,avg,0.8328687503706779,0.7239645485165072,0.6536393912314791,0.676061611857786,0.35795002704634504,0.6536393912314791,,,,,
