client,round,loss,class,accuracy,precision,recall,f1_score,cohen_kappa_score,roc_auc_score,confusion_matrix,TP,FP,FN,TN
11,144,0.6404858827590942,awake,0.8346257635964652,0.8802066122889094,0.9222709174236695,0.9007479388300831,0.4069243693344775,0.6870952757000982,[[ 11359 13776][ 8531 101222]],11359,13776,8531,101222
11,144,0.6404858827590942,asleep,0.8346257635964652,0.5710910005027652,0.45191963397652674,0.504564131038312,0.4069243693344775,0.6870952757000981,[[ 101222 8531][ 13776 11359]],101222,8531,13776,11359
11,144,0.6404858827590942,avg,0.8346257635964652,0.7256488063958373,0.6870952757000981,0.7026560349341975,0.4069243693344775,0.6870952757000981,,,,,
