client,round,loss,class,accuracy,precision,recall,f1_score,cohen_kappa_score,roc_auc_score,confusion_matrix,TP,FP,FN,TN
17,87,0.5713645815849304,awake,0.8165663365162209,0.8367319453686979,0.9623336036372582,0.8951483382136698,0.19054803080992078,0.5712006192047441,[[ 4526 20609][ 4134 105619]],4526,20609,4134,105619
17,87,0.5713645815849304,asleep,0.8165663365162209,0.5226327944572748,0.18006763477222995,0.26785027370912856,0.19054803080992078,0.571200619204744,[[ 105619 4134][ 20609 4526]],105619,4134,20609,4526
17,87,0.5713645815849304,avg,0.8165663365162209,0.6796823699129864,0.5712006192047441,0.5814993059613992,0.19054803080992078,0.5712006192047441,,,,,
