client,round,loss,class,accuracy,precision,recall,f1_score,cohen_kappa_score,roc_auc_score,confusion_matrix,TP,FP,FN,TN
2,103,0.6137022972106934,awake,0.83268341142281,0.874591826212491,0.9273368381729884,0.9001923714759535,0.385885327035701,0.6733561055794324,[[ 10541 14594][ 7975 101778]],10541,14594,7975,101778
2,103,0.6137022972106934,asleep,0.83268341142281,0.5692914236336142,0.4193753729858763,0.4829671714279169,0.385885327035701,0.6733561055794324,[[ 101778 7975][ 14594 10541]],101778,7975,14594,10541
2,103,0.6137022972106934,avg,0.83268341142281,0.7219416249230526,0.6733561055794324,0.6915797714519352,0.385885327035701,0.6733561055794324,,,,,
