client,round,loss,class,accuracy,precision,recall,f1_score,cohen_kappa_score,roc_auc_score,confusion_matrix,TP,FP,FN,TN
9,124,0.7287399172782898,awake,0.8360936480635787,0.8805710911175183,0.9238562954998952,0.9016945233680597,0.41071432540333985,0.6883653866598343,[[ 11383 13752][ 8357 101396]],11383,13752,8357,101396
9,124,0.7287399172782898,asleep,0.8360936480635787,0.5766464032421479,0.45287447781977325,0.5073203342618384,0.41071432540333985,0.6883653866598343,[[ 101396 8357][ 13752 11383]],101396,8357,13752,11383
9,124,0.7287399172782898,avg,0.8360936480635787,0.728608747179833,0.6883653866598343,0.7045074288149491,0.41071432540333985,0.6883653866598343,,,,,
