client,round,loss,class,accuracy,precision,recall,f1_score,cohen_kappa_score,roc_auc_score,confusion_matrix,TP,FP,FN,TN
12,124,0.9501913189888,awake,0.8150762113753632,0.8356512447065342,0.9619053693293121,0.8943444817186812,0.18217658399178394,0.5679230447203554,[[ 4372 20763][ 4181 105572]],4372,20763,4181,105572
12,124,0.9501913189888,asleep,0.8150762113753632,0.5111656728633228,0.17394072011139844,0.25955829969128474,0.18217658399178394,0.5679230447203553,[[ 105572 4181][ 20763 4372]],105572,4181,20763,4372
12,124,0.9501913189888,avg,0.8150762113753632,0.6734084587849285,0.5679230447203553,0.576951390704983,0.18217658399178394,0.5679230447203554,,,,,
