client,round,loss,class,accuracy,precision,recall,f1_score,cohen_kappa_score,roc_auc_score,confusion_matrix,TP,FP,FN,TN
14,2,0.46813902258872986,awake,0.8137640116244588,0.8137446802200572,1.0,0.8973089642598732,0.0009060882635011369,0.5002784961209469,[[ 14 25121][ 0 109753]],14,25121,0,109753
14,2,0.46813902258872986,asleep,0.8137640116244588,1.0,0.0005569922418937736,0.0011133643484830412,0.0009060882635011369,0.5002784961209469,[[ 109753 0][ 25121 14]],109753,0,25121,14
14,2,0.46813902258872986,avg,0.8137640116244588,0.9068723401100286,0.5002784961209469,0.4492111643041781,0.0009060882635011369,0.5002784961209469,,,,,
