client,round,loss,class,accuracy,precision,recall,f1_score,cohen_kappa_score,roc_auc_score,confusion_matrix,TP,FP,FN,TN
17,117,0.6012953519821167,awake,0.8016057766443272,0.8428571428571429,0.9294597869762102,0.8840425854590677,0.20891928989845998,0.5863929131817593,[[ 6116 19019][ 7742 102011]],6116,19019,7742,102011
17,117,0.6012953519821167,asleep,0.8016057766443272,0.4413335257612931,0.24332603938730854,0.3136973302900521,0.20891928989845998,0.5863929131817593,[[ 102011 7742][ 19019 6116]],102011,7742,19019,6116
17,117,0.6012953519821167,avg,0.8016057766443272,0.642095334309218,0.5863929131817593,0.5988699578745599,0.20891928989845998,0.5863929131817593,,,,,
