client,round,loss,class,accuracy,precision,recall,f1_score,cohen_kappa_score,roc_auc_score,confusion_matrix,TP,FP,FN,TN
9,165,0.8347909450531006,awake,0.8403119625170512,0.8750648400894581,0.9376053501954389,0.9052562128876183,0.4013673135866981,0.6765408887440294,[[ 10443 14692][ 6848 102905]],10443,14692,6848,102905
9,165,0.8347909450531006,asleep,0.8403119625170512,0.6039558151639581,0.41547642729261985,0.49229246216942446,0.4013673135866981,0.6765408887440294,[[ 102905 6848][ 14692 10443]],102905,6848,14692,10443
9,165,0.8347909450531006,avg,0.8403119625170512,0.7395103276267081,0.6765408887440294,0.6987743375285214,0.4013673135866981,0.6765408887440294,,,,,
