client,round,loss,class,accuracy,precision,recall,f1_score,cohen_kappa_score,roc_auc_score,confusion_matrix,TP,FP,FN,TN
0,136,0.7020949721336365,awake,0.786319020224186,0.849101042169922,0.8967499749437373,0.8722752752974541,0.22182093134905967,0.6004338695088689,[[ 7644 17491][ 11332 98421]],7644,17491,11332,98421
0,136,0.7020949721336365,asleep,0.786319020224186,0.40282462057335583,0.3041177640740004,0.34658021808619166,0.22182093134905967,0.6004338695088688,[[ 98421 11332][ 17491 7644]],98421,11332,17491,7644
0,136,0.7020949721336365,avg,0.786319020224186,0.6259628313716389,0.6004338695088689,0.6094277466918229,0.22182093134905967,0.6004338695088689,,,,,
