client,round,loss,class,accuracy,precision,recall,f1_score,cohen_kappa_score,roc_auc_score,confusion_matrix,TP,FP,FN,TN
10,129,0.6697881817817688,awake,0.7206497242156455,0.9075271978829756,0.7311781910289468,0.8098638099899584,0.3058232243507898,0.7029274683014238,[[ 16958 8177][ 29504 80249]],16958,8177,29504,80249
10,129,0.6697881817817688,asleep,0.7206497242156455,0.3649864405320477,0.6746767455739009,0.4737069988966018,0.3058232243507898,0.7029274683014238,[[ 80249 29504][ 8177 16958]],80249,29504,8177,16958
10,129,0.6697881817817688,avg,0.7206497242156455,0.6362568192075116,0.7029274683014238,0.6417854044432801,0.3058232243507898,0.7029274683014238,,,,,
