client,round,loss,class,accuracy,precision,recall,f1_score,cohen_kappa_score,roc_auc_score,confusion_matrix,TP,FP,FN,TN
13,83,0.7420716881752014,awake,0.7531359349979242,0.8856404979521013,0.7998870190336482,0.8405823467174774,0.29998872366741214,0.6744412218701163,[[ 13799 11336][ 21963 87790]],13799,11336,21963,87790
13,83,0.7420716881752014,asleep,0.7531359349979242,0.38585649572171576,0.5489954247065845,0.4531914544230422,0.29998872366741214,0.6744412218701163,[[ 87790 21963][ 11336 13799]],87790,21963,11336,13799
13,83,0.7420716881752014,avg,0.7531359349979242,0.6357484968369085,0.6744412218701163,0.6468869005702598,0.29998872366741214,0.6744412218701163,,,,,
