client,round,loss,class,accuracy,precision,recall,f1_score,cohen_kappa_score,roc_auc_score,confusion_matrix,TP,FP,FN,TN
11,158,0.6955870389938354,awake,0.8372501630982742,0.8772774149192162,0.930088471385748,0.9029113761703219,0.4027693543338685,0.6809781923270495,[[ 10855 14280][ 7673 102080]],10855,14280,7673,102080
11,158,0.6955870389938354,asleep,0.8372501630982742,0.5858700345423143,0.4318679132683509,0.49721732359205734,0.4027693543338685,0.6809781923270495,[[ 102080 7673][ 14280 10855]],102080,7673,14280,10855
11,158,0.6955870389938354,avg,0.8372501630982742,0.7315737247307652,0.6809781923270495,0.7000643498811896,0.4027693543338685,0.6809781923270495,,,,,
