client,round,loss,class,accuracy,precision,recall,f1_score,cohen_kappa_score,roc_auc_score,confusion_matrix,TP,FP,FN,TN
0,81,0.6261907815933228,awake,0.754099697526837,0.885487345722512,0.8014268402686031,0.8413626863458752,0.3008036834035803,0.674435321864956,[[ 13760 11375][ 21794 87959]],13760,11375,21794,87959
0,81,0.6261907815933228,asleep,0.754099697526837,0.3870169319907746,0.5474438034613089,0.45345944075532635,0.3008036834035803,0.674435321864956,[[ 87959 21794][ 11375 13760]],87959,21794,11375,13760
0,81,0.6261907815933228,avg,0.754099697526837,0.6362521388566433,0.674435321864956,0.6474110635506007,0.3008036834035803,0.674435321864956,,,,,
