client,round,loss,class,accuracy,precision,recall,f1_score,cohen_kappa_score,roc_auc_score,confusion_matrix,TP,FP,FN,TN
2,107,0.5883802771568298,awake,0.8344849059960856,0.8747760183129142,0.929660237077802,0.9013834411109933,0.38971604747866684,0.6742790940710275,[[ 10529 14606][ 7720 102033]],10529,14606,7720,102033
2,107,0.5883802771568298,asleep,0.8344849059960856,0.5769631212669187,0.41889795106425304,0.485386317536419,0.38971604747866684,0.6742790940710275,[[ 102033 7720][ 14606 10529]],102033,7720,14606,10529
2,107,0.5883802771568298,avg,0.8344849059960856,0.7258695697899165,0.6742790940710275,0.6933848793237062,0.38971604747866684,0.6742790940710275,,,,,
