client,round,loss,class,accuracy,precision,recall,f1_score,cohen_kappa_score,roc_auc_score,confusion_matrix,TP,FP,FN,TN
3,184,0.7640984654426575,awake,0.8283242393689579,0.8672870400217159,0.9315554016746694,0.8982731430027368,0.3531691115464697,0.6545582856791887,[[ 9490 15645][ 7512 102241]],9490,15645,7512,102241
3,184,0.7640984654426575,asleep,0.8283242393689579,0.5581696271026938,0.37756116968370795,0.45043548425374375,0.3531691115464697,0.6545582856791887,[[ 102241 7512][ 15645 9490]],102241,7512,15645,9490
3,184,0.7640984654426575,avg,0.8283242393689579,0.7127283335622048,0.6545582856791887,0.6743543136282403,0.3531691115464697,0.6545582856791887,,,,,
