client,round,loss,class,accuracy,precision,recall,f1_score,cohen_kappa_score,roc_auc_score,confusion_matrix,TP,FP,FN,TN
7,172,0.8429458737373352,awake,0.8237055927880909,0.8446889207848546,0.9598097546308529,0.8985771802920705,0.2455401880497966,0.5946054939854085,[[ 5766 19369][ 4411 105342]],5766,19369,4411,105342
7,172,0.8429458737373352,asleep,0.8237055927880909,0.5665716812420163,0.2294012333399642,0.3265745355686452,0.2455401880497966,0.5946054939854086,[[ 105342 4411][ 19369 5766]],105342,4411,19369,5766
7,172,0.8429458737373352,avg,0.8237055927880909,0.7056303010134355,0.5946054939854086,0.6125758579303578,0.2455401880497966,0.5946054939854086,,,,,
