client,round,loss,class,accuracy,precision,recall,f1_score,cohen_kappa_score,roc_auc_score,confusion_matrix,TP,FP,FN,TN
15,39,0.7936418652534485,awake,0.4913706185872724,0.77769528771783,0.5249423705957924,0.6267977980373811,-0.0842105901597956,0.4348602841640191,[[ 8666 16469][ 52139 57614]],8666,16469,52139,57614
15,39,0.7936418652534485,asleep,0.4913706185872724,0.142521174245539,0.3447781977322459,0.20167558761926924,-0.0842105901597956,0.43486028416401906,[[ 57614 52139][ 16469 8666]],57614,52139,16469,8666
15,39,0.7936418652534485,avg,0.4913706185872724,0.4601082309816845,0.4348602841640191,0.4142366928283252,-0.0842105901597956,0.4348602841640191,,,,,
