client,round,loss,class,accuracy,precision,recall,f1_score,cohen_kappa_score,roc_auc_score,confusion_matrix,TP,FP,FN,TN
14,76,0.5439265370368958,awake,0.8226973489116897,0.8656839773356623,0.9257241259920003,0.8946979103373577,0.3380118723982566,0.6492754308098057,[[ 9371 15764][ 8152 101601]],9371,15764,8152,101601
14,76,0.5439265370368958,asleep,0.8226973489116897,0.5347828568167551,0.37282673562761093,0.43935486895775705,0.3380118723982566,0.6492754308098054,[[ 101601 8152][ 15764 9371]],101601,8152,15764,9371
14,76,0.5439265370368958,avg,0.8226973489116897,0.7002334170762087,0.6492754308098057,0.6670263896475573,0.3380118723982566,0.6492754308098055,,,,,
