client,round,loss,class,accuracy,precision,recall,f1_score,cohen_kappa_score,roc_auc_score,confusion_matrix,TP,FP,FN,TN
1,54,0.63825523853302,awake,0.7460930549789455,0.8250951552623874,0.8730057492733684,0.8483745722267231,0.07196319067075374,0.5324646808829543,[[ 4824 20311][ 13938 95815]],4824,20311,13938,95815
1,54,0.63825523853302,asleep,0.7460930549789455,0.2571154461144867,0.19192361249254028,0.21978722919561702,0.07196319067075374,0.5324646808829544,[[ 95815 13938][ 20311 4824]],95815,13938,20311,4824
1,54,0.63825523853302,avg,0.7460930549789455,0.5411053006884371,0.5324646808829543,0.5340809007111701,0.07196319067075374,0.5324646808829543,,,,,
