client,round,loss,class,accuracy,precision,recall,f1_score,cohen_kappa_score,roc_auc_score,confusion_matrix,TP,FP,FN,TN
17,59,0.6048334240913391,awake,0.8188052310064646,0.8276190476190476,0.981804597596421,0.8981425529166128,0.12946623463346507,0.5444332317602156,[[ 2691 22444][ 1997 107756]],2691,22444,1997,107756
17,59,0.6048334240913391,asleep,0.8188052310064646,0.574018771331058,0.10706186592401035,0.18046474197766824,0.12946623463346507,0.5444332317602157,[[ 107756 1997][ 22444 2691]],107756,1997,22444,2691
17,59,0.6048334240913391,avg,0.8188052310064646,0.7008189094750528,0.5444332317602156,0.5393036474471405,0.12946623463346507,0.5444332317602156,,,,,
