client,round,loss,class,accuracy,precision,recall,f1_score,cohen_kappa_score,roc_auc_score,confusion_matrix,TP,FP,FN,TN
8,194,0.9073259830474854,awake,0.8144682996263567,0.8346750302178052,0.9626525015261542,0.8941074919393739,0.17531550997434642,0.5650342276876843,[[ 4208 20927][ 4099 105654]],4208,20927,4099,105654
8,194,0.9073259830474854,asleep,0.8144682996263567,0.5065607319128446,0.16741595384921423,0.2516595897374559,0.17531550997434642,0.5650342276876842,[[ 105654 4099][ 20927 4208]],105654,4099,20927,4208
8,194,0.9073259830474854,avg,0.8144682996263567,0.6706178810653249,0.5650342276876842,0.5728835408384149,0.17531550997434642,0.5650342276876843,,,,,
