client,round,loss,class,accuracy,precision,recall,f1_score,cohen_kappa_score,roc_auc_score,confusion_matrix,TP,FP,FN,TN
1,135,0.7242858409881592,awake,0.6929007769408695,0.8211764263487915,0.7958871283700674,0.8083340273729215,0.03716711694412966,0.5195469061384851,[[ 6113 19022][ 22402 87351]],6113,19022,22402,87351
1,135,0.7242858409881592,asleep,0.6929007769408695,0.2143783973347361,0.24320668390690273,0.22788443616029821,0.03716711694412966,0.519546906138485,[[ 87351 22402][ 19022 6113]],87351,22402,19022,6113
1,135,0.7242858409881592,avg,0.6929007769408695,0.5177774118417638,0.5195469061384851,0.5181092317666098,0.03716711694412966,0.519546906138485,,,,,
