client,round,loss,class,accuracy,precision,recall,f1_score,cohen_kappa_score,roc_auc_score,confusion_matrix,TP,FP,FN,TN
8,184,0.942477285861969,awake,0.8046379218314453,0.8254012844222831,0.963764088453163,0.8892326316497411,0.10249076678771962,0.5367855652132534,[[ 2760 22375][ 3977 105776]],2760,22375,3977,105776
8,184,0.942477285861969,asleep,0.8046379218314453,0.40967789817426153,0.10980704197334394,0.17319277108433734,0.10249076678771962,0.5367855652132535,[[ 105776 3977][ 22375 2760]],105776,3977,22375,2760
8,184,0.942477285861969,avg,0.8046379218314453,0.6175395912982723,0.5367855652132535,0.5312127013670392,0.10249076678771962,0.5367855652132534,,,,,
