client,round,loss,class,accuracy,precision,recall,f1_score,cohen_kappa_score,roc_auc_score,confusion_matrix,TP,FP,FN,TN
15,170,1.0607409477233887,awake,0.508280944190736,0.7818991483174076,0.5487321531074322,0.6448866830498403,-0.07964170222905409,0.4401906239975196,[[ 8336 16799][ 49528 60225]],8336,16799,49528,60225
15,170,1.0607409477233887,asleep,0.508280944190736,0.14406193833817227,0.3316490948876069,0.2008698899986747,-0.07964170222905409,0.4401906239975195,[[ 60225 49528][ 16799 8336]],60225,49528,16799,8336
15,170,1.0607409477233887,avg,0.508280944190736,0.46298054332778993,0.4401906239975195,0.4228782865242575,-0.07964170222905409,0.44019062399751957,,,,,
