client,round,loss,class,accuracy,precision,recall,f1_score,cohen_kappa_score,roc_auc_score,confusion_matrix,TP,FP,FN,TN
15,175,1.0686298608779907,awake,0.52907597414151,0.793161612702761,0.5698249706158374,0.6631955122427121,-0.05361786823450854,0.4604843969848632,[[ 8826 16309][ 47213 62540]],8826,16309,47213,62540
15,175,1.0686298608779907,asleep,0.52907597414151,0.15749745712807153,0.351143823353889,0.21745879222411116,-0.05361786823450854,0.4604843969848632,[[ 62540 47213][ 16309 8826]],62540,47213,16309,8826
15,175,1.0686298608779907,avg,0.52907597414151,0.47532953491541624,0.4604843969848632,0.4403271522334116,-0.05361786823450854,0.4604843969848632,,,,,
