client,round,loss,class,accuracy,precision,recall,f1_score,cohen_kappa_score,roc_auc_score,confusion_matrix,TP,FP,FN,TN
14,35,0.4633308947086334,awake,0.8328020283494455,0.867312552653749,0.9380153617668765,0.9012794754282062,0.3609249215056669,0.6556995448181906,[[ 9385 15750][ 6803 102950]],9385,15750,6803,102950
14,35,0.4633308947086334,asleep,0.8328020283494455,0.5797504324190759,0.3733837278695047,0.45422645984076665,0.3609249215056669,0.6556995448181906,[[ 102950 6803][ 15750 9385]],102950,6803,15750,9385
14,35,0.4633308947086334,avg,0.8328020283494455,0.7235314925364125,0.6556995448181906,0.6777529676344864,0.3609249215056669,0.6556995448181906,,,,,
