client,round,loss,class,accuracy,precision,recall,f1_score,cohen_kappa_score,roc_auc_score,confusion_matrix,TP,FP,FN,TN
12,13,0.6519089937210083,awake,0.8197393393037187,0.826822737357509,0.9847020127012474,0.8988825723708014,0.12397145320033853,0.5420625639396429,[[ 2499 22636][ 1679 108074]],2499,22636,1679,108074
12,13,0.6519089937210083,asleep,0.8197393393037187,0.5981330780277645,0.09942311517803859,0.17050455429331696,0.12397145320033853,0.5420625639396429,[[ 108074 1679][ 22636 2499]],108074,1679,22636,2499
12,13,0.6519089937210083,avg,0.8197393393037187,0.7124779076926367,0.542062563939643,0.5346935633320592,0.12397145320033853,0.5420625639396429,,,,,
