client,round,loss,class,accuracy,precision,recall,f1_score,cohen_kappa_score,roc_auc_score,confusion_matrix,TP,FP,FN,TN
16,172,0.9525701403617859,awake,0.8191759089022004,0.8688873139617292,0.9159840733282917,0.891814331019494,0.3438123563387647,0.6562215970381264,[[ 9965 15170][ 9221 100532]],9965,15170,9221,100532
16,172,0.9525701403617859,asleep,0.8191759089022004,0.5193891379130616,0.396459120747961,0.4496739694501478,0.3438123563387647,0.6562215970381264,[[ 100532 9221][ 15170 9965]],100532,9221,15170,9965
16,172,0.9525701403617859,avg,0.8191759089022004,0.6941382259373954,0.6562215970381263,0.6707441502348209,0.3438123563387647,0.6562215970381264,,,,,
