client,round,loss,class,accuracy,precision,recall,f1_score,cohen_kappa_score,roc_auc_score,confusion_matrix,TP,FP,FN,TN
5,53,0.6969136595726013,awake,0.7427272996856652,0.85453119685575,0.8240959244849799,0.8390376489468777,0.1995598183723808,0.6057619069411173,[[ 9738 15397][ 19306 90447]],9738,15397,19306,90447
5,53,0.6969136595726013,asleep,0.7427272996856652,0.33528439608869304,0.3874278893972548,0.3594750733679101,0.1995598183723808,0.6057619069411173,[[ 90447 19306][ 15397 9738]],90447,19306,15397,9738
5,53,0.6969136595726013,avg,0.7427272996856652,0.5949077964722215,0.6057619069411173,0.5992563611573939,0.1995598183723808,0.6057619069411173,,,,,
