client,round,loss,class,accuracy,precision,recall,f1_score,cohen_kappa_score,roc_auc_score,confusion_matrix,TP,FP,FN,TN
6,90,0.6749650239944458,awake,0.687095961093648,0.8718183019200282,0.7215201406795259,0.7895804771044694,0.20020434178478153,0.6291507606122912,[[ 13492 11643][ 30564 79189]],13492,11643,30564,79189
6,90,0.6749650239944458,asleep,0.687095961093648,0.30624659524241876,0.5367813805450566,0.3899929181540952,0.20020434178478153,0.6291507606122912,[[ 79189 30564][ 11643 13492]],79189,30564,11643,13492
6,90,0.6749650239944458,avg,0.687095961093648,0.5890324485812235,0.6291507606122912,0.5897866976292823,0.20020434178478153,0.6291507606122912,,,,,
