client,round,loss,class,accuracy,precision,recall,f1_score,cohen_kappa_score,roc_auc_score,confusion_matrix,TP,FP,FN,TN
13,96,0.7619754076004028,awake,0.7258318011980309,0.8880499120140778,0.7586854117882883,0.8182863432227125,0.2738988615445237,0.6705302929241819,[[ 14638 10497][ 26485 83268]],14638,10497,26485,83268
13,96,0.7619754076004028,asleep,0.7258318011980309,0.35595652068185685,0.5823751740600756,0.4418485314980832,0.2738988615445237,0.6705302929241819,[[ 83268 26485][ 10497 14638]],83268,26485,10497,14638
13,96,0.7619754076004028,avg,0.7258318011980309,0.6220032163479673,0.6705302929241819,0.6300674373603978,0.2738988615445237,0.6705302929241819,,,,,
