client,round,loss,class,accuracy,precision,recall,f1_score,cohen_kappa_score,roc_auc_score,confusion_matrix,TP,FP,FN,TN
17,31,0.523431122303009,awake,0.8095234564972421,0.8268832926317099,0.9687115614151777,0.8921961473748694,0.11687849939847106,0.5415668409821065,[[ 2876 22259][ 3434 106319]],2876,22259,3434,106319
17,31,0.523431122303009,asleep,0.8095234564972421,0.455784469096672,0.11442212054903521,0.1829225632055971,0.11687849939847106,0.5415668409821065,[[ 106319 3434][ 22259 2876]],106319,3434,22259,2876
17,31,0.523431122303009,avg,0.8095234564972421,0.641333880864191,0.5415668409821064,0.5375593552902332,0.11687849939847106,0.5415668409821065,,,,,
