client,round,loss,class,accuracy,precision,recall,f1_score,cohen_kappa_score,roc_auc_score,confusion_matrix,TP,FP,FN,TN
4,18,0.6061016321182251,awake,0.8173076923076923,0.8360524985785583,0.9646296684373092,0.8957505763902109,0.1870795045891246,0.5693249794344891,[[ 4374 20761][ 3882 105871]],4374,20761,3882,105871
4,18,0.6061016321182251,asleep,0.8173076923076923,0.529796511627907,0.174020290431669,0.2619867629001827,0.1870795045891246,0.5693249794344891,[[ 105871 3882][ 20761 4374]],105871,3882,20761,4374
4,18,0.6061016321182251,avg,0.8173076923076923,0.6829245051032327,0.5693249794344891,0.5788686696451968,0.1870795045891246,0.5693249794344891,,,,,
