client,round,loss,class,accuracy,precision,recall,f1_score,cohen_kappa_score,roc_auc_score,confusion_matrix,TP,FP,FN,TN
4,157,1.00745689868927,awake,0.8229123420912164,0.8512936324807305,0.9479467531639226,0.8970241456758935,0.27802557048722243,0.6124456264327669,[[ 6961 18174][ 5713 104040]],6961,18174,5713,104040
4,157,1.00745689868927,asleep,0.8229123420912164,0.5492346536215875,0.2769444997016113,0.36821920706710043,0.27802557048722243,0.6124456264327669,[[ 104040 5713][ 18174 6961]],104040,5713,18174,6961
4,157,1.00745689868927,avg,0.8229123420912164,0.700264143051159,0.6124456264327669,0.6326216763714969,0.27802557048722243,0.6124456264327669,,,,,
