client,round,loss,class,accuracy,precision,recall,f1_score,cohen_kappa_score,roc_auc_score,confusion_matrix,TP,FP,FN,TN
9,181,0.8810172080993652,awake,0.8366496649071823,0.8754033535045749,0.9318742995635655,0.9027565692496446,0.3956875437537932,0.6763608617372234,[[ 10578 14557][ 7477 102276]],10578,14557,7477,102276
9,181,0.8810172080993652,asleep,0.8366496649071823,0.5858764885073386,0.42084742391088126,0.4898356100949294,0.3956875437537932,0.6763608617372234,[[ 102276 7477][ 14557 10578]],102276,7477,14557,10578
9,181,0.8810172080993652,avg,0.8366496649071823,0.7306399210059568,0.6763608617372234,0.696296089672287,0.3956875437537932,0.6763608617372234,,,,,
