client,round,loss,class,accuracy,precision,recall,f1_score,cohen_kappa_score,roc_auc_score,confusion_matrix,TP,FP,FN,TN
3,105,0.7618444561958313,awake,0.822638040448372,0.8449080957700746,0.957841699087952,0.8978375239136376,0.2452975047751227,0.5950537319788278,[[ 5838 19297][ 4627 105126]],5838,19297,4627,105126
3,105,0.7618444561958313,asleep,0.822638040448372,0.5578595317725753,0.2322657648697036,0.32797752808988767,0.2452975047751227,0.5950537319788278,[[ 105126 4627][ 19297 5838]],105126,4627,19297,5838
3,105,0.7618444561958313,avg,0.822638040448372,0.701383813771325,0.5950537319788278,0.6129075260017627,0.2452975047751227,0.5950537319788278,,,,,
