client,round,loss,class,accuracy,precision,recall,f1_score,cohen_kappa_score,roc_auc_score,confusion_matrix,TP,FP,FN,TN
4,114,1.2903952598571777,awake,0.8095975920763893,0.8196334879476845,0.9821143841170629,0.8935477052013778,0.057645973409132245,0.5192051928542346,[[ 1415 23720][ 1963 107790]],1415,23720,1963,107790
4,114,1.2903952598571777,asleep,0.8095975920763893,0.41888691533451744,0.05629600159140641,0.0992529723284116,0.057645973409132245,0.5192051928542346,[[ 107790 1963][ 23720 1415]],107790,1963,23720,1415
4,114,1.2903952598571777,avg,0.8095975920763893,0.619260201641101,0.5192051928542346,0.4964003387648947,0.057645973409132245,0.5192051928542346,,,,,
