client,round,loss,class,accuracy,precision,recall,f1_score,cohen_kappa_score,roc_auc_score,confusion_matrix,TP,FP,FN,TN
18,79,0.7527552247047424,awake,0.8190276377439061,0.8267504900759618,0.9837270962980511,0.8984335018411034,0.1228520474381889,0.5417939241187888,[[ 2510 22625][ 1786 107967]],2510,22625,1786,107967
18,79,0.7527552247047424,asleep,0.8190276377439061,0.5842644320297952,0.09986075193952655,0.17056844823485437,0.1228520474381889,0.5417939241187888,[[ 107967 1786][ 22625 2510]],107967,1786,22625,2510
18,79,0.7527552247047424,avg,0.8190276377439061,0.7055074610528784,0.5417939241187888,0.5345009750379789,0.1228520474381889,0.5417939241187888,,,,,
