client,round,loss,class,accuracy,precision,recall,f1_score,cohen_kappa_score,roc_auc_score,confusion_matrix,TP,FP,FN,TN
16,169,0.8466256856918335,awake,0.819131427554712,0.8721420972776897,0.9113099414139021,0.8912959208679573,0.35475828997826586,0.6639700691752224,[[ 10472 14663][ 9734 100019]],10472,14663,9734,100019
16,169,0.8466256856918335,asleep,0.819131427554712,0.5182619024052262,0.4166301969365427,0.46192188085838426,0.35475828997826586,0.6639700691752224,[[ 100019 9734][ 14663 10472]],100019,9734,14663,10472
16,169,0.8466256856918335,avg,0.819131427554712,0.6952019998414579,0.6639700691752224,0.6766089008631708,0.35475828997826586,0.6639700691752224,,,,,
