client,round,loss,class,accuracy,precision,recall,f1_score,cohen_kappa_score,roc_auc_score,confusion_matrix,TP,FP,FN,TN
2,186,0.6257738471031189,awake,0.8350409228396892,0.8927872443574596,0.906070904667754,0.8993800279462238,0.4420271593148539,0.7154782611661825,[[ 13193 11942][ 10309 99444]],13193,11942,10309,99444
2,186,0.6257738471031189,asleep,0.8350409228396892,0.561356480299549,0.5248856176646111,0.542508789604622,0.4420271593148539,0.7154782611661826,[[ 99444 10309][ 11942 13193]],99444,10309,11942,13193
2,186,0.6257738471031189,avg,0.8350409228396892,0.7270718623285043,0.7154782611661825,0.7209444087754229,0.4420271593148539,0.7154782611661825,,,,,
