client,round,loss,class,accuracy,precision,recall,f1_score,cohen_kappa_score,roc_auc_score,confusion_matrix,TP,FP,FN,TN
7,109,0.6651351451873779,awake,0.8176561295296839,0.8454560943749848,0.9494501289258608,0.894440486511077,0.24165702548750878,0.5958111993346232,[[ 6087 19048][ 5548 104205]],6087,19048,5548,104205
7,109,0.6651351451873779,asleep,0.8176561295296839,0.5231628706489042,0.2421722697433857,0.33108512374218113,0.24165702548750878,0.5958111993346232,[[ 104205 5548][ 19048 6087]],104205,5548,19048,6087
7,109,0.6651351451873779,avg,0.8176561295296839,0.6843094825119445,0.5958111993346232,0.6127628051266291,0.24165702548750878,0.5958111993346232,,,,,
