client,round,loss,class,accuracy,precision,recall,f1_score,cohen_kappa_score,roc_auc_score,confusion_matrix,TP,FP,FN,TN
12,59,0.8417043685913086,awake,0.8182862819524346,0.8269735327963176,0.9821690523265879,0.8979146449648693,0.12403714673261923,0.5424272753178593,[[ 2581 22554][ 1957 107796]],2581,22554,1957,107796
12,59,0.8417043685913086,asleep,0.8182862819524346,0.5687527545174086,0.1026854983091307,0.17396286186095106,0.12403714673261923,0.5424272753178593,[[ 107796 1957][ 22554 2581]],107796,1957,22554,2581
12,59,0.8417043685913086,avg,0.8182862819524346,0.6978631436568631,0.5424272753178593,0.5359387534129102,0.12403714673261923,0.5424272753178593,,,,,
