client,round,loss,class,accuracy,precision,recall,f1_score,cohen_kappa_score,roc_auc_score,confusion_matrix,TP,FP,FN,TN
3,178,0.9093238115310669,awake,0.8277978767570132,0.8442356198827152,0.9667252831357686,0.9013379773180988,0.2486069550353579,0.593945494163866,[[ 5559 19576][ 3652 106101]],5559,19576,3652,106101
3,178,0.9093238115310669,asleep,0.8277978767570132,0.6035175333839974,0.2211657051919634,0.32370581727129794,0.2486069550353579,0.5939454941638658,[[ 106101 3652][ 19576 5559]],106101,3652,19576,5559
3,178,0.9093238115310669,avg,0.8277978767570132,0.7238765766333564,0.593945494163866,0.6125218972946984,0.2486069550353579,0.5939454941638659,,,,,
