client,round,loss,class,accuracy,precision,recall,f1_score,cohen_kappa_score,roc_auc_score,confusion_matrix,TP,FP,FN,TN
8,69,0.7287452816963196,awake,0.7935917205385209,0.8318680161090358,0.935373064973167,0.880589461404517,0.13897853141633754,0.5549353886632297,[[ 4386 20749][ 7093 102660]],4386,20749,7093,102660
8,69,0.7287452816963196,asleep,0.7935917205385209,0.3820890321456573,0.17449771235329223,0.2395804883377943,0.13897853141633754,0.5549353886632297,[[ 102660 7093][ 20749 4386]],102660,7093,20749,4386
8,69,0.7287452816963196,avg,0.7935917205385209,0.6069785241273465,0.5549353886632296,0.5600849748711556,0.13897853141633754,0.5549353886632297,,,,,
