client,round,loss,class,accuracy,precision,recall,f1_score,cohen_kappa_score,roc_auc_score,confusion_matrix,TP,FP,FN,TN
11,117,0.6302963495254517,awake,0.8398523219263389,0.8740696105306933,0.9383707051287892,0.9050795324720977,0.39722717954279385,0.6740192495208298,[[ 10297 14838][ 6764 102989]],10297,14838,6764,102989
11,117,0.6302963495254517,asleep,0.8398523219263389,0.6035402379696384,0.4096677939128705,0.4880557398805574,0.39722717954279385,0.6740192495208298,[[ 102989 6764][ 14838 10297]],102989,6764,14838,10297
11,117,0.6302963495254517,avg,0.8398523219263389,0.7388049242501659,0.6740192495208298,0.6965676361763276,0.39722717954279385,0.6740192495208298,,,,,
