client,round,loss,class,accuracy,precision,recall,f1_score,cohen_kappa_score,roc_auc_score,confusion_matrix,TP,FP,FN,TN
5,100,0.800202488899231,awake,0.7460189193997984,0.8518680786009918,0.8326423879073921,0.8421455197231706,0.1930813460909777,0.6002082040989118,[[ 9244 15891][ 18368 91385]],9244,15891,18368,91385
5,100,0.800202488899231,asleep,0.7460189193997984,0.33478197884977545,0.36777402029043166,0.350503346161867,0.1930813460909777,0.600208204098912,[[ 91385 18368][ 15891 9244]],91385,18368,15891,9244
5,100,0.800202488899231,avg,0.7460189193997984,0.5933250287253836,0.6002082040989118,0.5963244329425188,0.1930813460909777,0.6002082040989118,,,,,
