client,round,loss,class,accuracy,precision,recall,f1_score,cohen_kappa_score,roc_auc_score,confusion_matrix,TP,FP,FN,TN
7,64,0.5840837359428406,awake,0.814876045311666,0.8446422764227642,0.9465891592940512,0.8927145944413176,0.23384414990066393,0.5931672671345928,[[ 6026 19109][ 5862 103891]],6026,19109,5862,103891
7,64,0.5840837359428406,asleep,0.814876045311666,0.5068977119784657,0.23974537497513426,0.32552737487507766,0.23384414990066393,0.5931672671345927,[[ 103891 5862][ 19109 6026]],103891,5862,19109,6026
7,64,0.5840837359428406,avg,0.814876045311666,0.675769994200615,0.5931672671345927,0.6091209846581976,0.23384414990066393,0.5931672671345927,,,,,
