client,round,loss,class,accuracy,precision,recall,f1_score,cohen_kappa_score,roc_auc_score,confusion_matrix,TP,FP,FN,TN
16,119,0.7548255920410156,awake,0.8103760156574343,0.856459249095883,0.9213688919665066,0.8877291242362525,0.28322117479389053,0.6235449989969792,[[ 8187 16948][ 8630 101123]],8187,16948,8630,101123
16,119,0.7548255920410156,asleep,0.8103760156574343,0.48682880418624014,0.32572110602745175,0.3903032036613272,0.28322117479389053,0.6235449989969792,[[ 101123 8630][ 16948 8187]],101123,8630,16948,8187
16,119,0.7548255920410156,avg,0.8103760156574343,0.6716440266410616,0.6235449989969792,0.6390161639487899,0.28322117479389053,0.6235449989969792,,,,,
