client,round,loss,class,accuracy,precision,recall,f1_score,cohen_kappa_score,roc_auc_score,confusion_matrix,TP,FP,FN,TN
4,142,1.0802043676376343,awake,0.8141346895201945,0.8463476482617587,0.9427168277860286,0.8919367421972992,0.24172208971086162,0.5976961899025628,[[ 6351 18784][ 6287 103466]],6351,18784,6287,103466
4,142,1.0802043676376343,asleep,0.8141346895201945,0.5025320462098434,0.25267555201909686,0.33627194027479945,0.24172208971086162,0.5976961899025627,[[ 103466 6287][ 18784 6351]],103466,6287,18784,6351
4,142,1.0802043676376343,avg,0.8141346895201945,0.6744398472358011,0.5976961899025628,0.6141043412360494,0.24172208971086162,0.5976961899025628,,,,,
