client,round,loss,class,accuracy,precision,recall,f1_score,cohen_kappa_score,roc_auc_score,confusion_matrix,TP,FP,FN,TN
4,119,1.0342423915863037,awake,0.8157137773560287,0.8438910177991299,0.9490765628274398,0.8933984029916032,0.23090145462389755,0.5912281560904655,[[ 5866 19269][ 5589 104164]],5866,19269,5589,104164
4,119,1.0342423915863037,asleep,0.8157137773560287,0.5120907900480139,0.23337974935349115,0.3206340530199508,0.23090145462389755,0.5912281560904654,[[ 104164 5589][ 19269 5866]],104164,5589,19269,5866
4,119,1.0342423915863037,avg,0.8157137773560287,0.6779909039235719,0.5912281560904655,0.607016228005777,0.23090145462389755,0.5912281560904655,,,,,
