client,round,loss,class,accuracy,precision,recall,f1_score,cohen_kappa_score,roc_auc_score,confusion_matrix,TP,FP,FN,TN
9,15,0.5159221291542053,awake,0.841483304667576,0.8776699858968332,0.9355826264430129,0.9057014835853017,0.411930447128929,0.6830887072935177,[[ 10823 14312][ 7070 102683]],10823,14312,7070,102683
9,15,0.5159221291542053,asleep,0.841483304667576,0.6048734141843178,0.4305947881440223,0.5030677698243005,0.411930447128929,0.6830887072935176,[[ 102683 7070][ 14312 10823]],102683,7070,14312,10823
9,15,0.5159221291542053,avg,0.841483304667576,0.7412717000405755,0.6830887072935177,0.7043846267048011,0.411930447128929,0.6830887072935177,,,,,
