client,round,loss,class,accuracy,precision,recall,f1_score,cohen_kappa_score,roc_auc_score,confusion_matrix,TP,FP,FN,TN
4,40,0.6504285335540771,awake,0.8224230472688453,0.8597967022829058,0.9340701393128206,0.8953958084956787,0.31474898762530235,0.6344908086657598,[[ 8418 16717][ 7236 102517]],8418,16717,7236,102517
4,40,0.6504285335540771,asleep,0.8224230472688453,0.5377539287083174,0.334911478018699,0.41275834170977466,0.31474898762530235,0.6344908086657598,[[ 102517 7236][ 16717 8418]],102517,7236,16717,8418
4,40,0.6504285335540771,avg,0.8224230472688453,0.6987753154956116,0.6344908086657598,0.6540770751027267,0.31474898762530235,0.6344908086657598,,,,,
