client,round,loss,class,accuracy,precision,recall,f1_score,cohen_kappa_score,roc_auc_score,confusion_matrix,TP,FP,FN,TN
9,173,0.8379876613616943,awake,0.8371537868453829,0.8804222532306012,0.9255692327316793,0.9024314408307941,0.4122359580586422,0.6883266891726827,[[ 11338 13797][ 8169 101584]],11338,13797,8169,101584
9,173,0.8379876613616943,asleep,0.8371537868453829,0.5812272517557799,0.4510841456136861,0.5079521526813315,0.4122359580586422,0.6883266891726827,[[ 101584 8169][ 13797 11338]],101584,8169,13797,11338
9,173,0.8379876613616943,avg,0.8371537868453829,0.7308247524931906,0.6883266891726827,0.7051917967560628,0.4122359580586422,0.6883266891726827,,,,,
