client,round,loss,class,accuracy,precision,recall,f1_score,cohen_kappa_score,roc_auc_score,confusion_matrix,TP,FP,FN,TN
5,182,0.9469776153564453,awake,0.7442989739635846,0.8483448735513015,0.8350113436534764,0.8416253024827693,0.17848893589951342,0.5916055325786778,[[ 8752 16383][ 18108 91645]],8752,16383,18108,91645
5,182,0.9469776153564453,asleep,0.7442989739635846,0.32583767684288906,0.34819972150387907,0.3366477545917877,0.17848893589951342,0.5916055325786777,[[ 91645 18108][ 16383 8752]],91645,18108,16383,8752
5,182,0.9469776153564453,avg,0.7442989739635846,0.5870912751970953,0.5916055325786778,0.5891365285372785,0.17848893589951342,0.5916055325786778,,,,,
