client,round,loss,class,accuracy,precision,recall,f1_score,cohen_kappa_score,roc_auc_score,confusion_matrix,TP,FP,FN,TN
11,168,0.6884478330612183,awake,0.8301257339422335,0.8882252483436307,0.9051233223693202,0.8965946731409694,0.42125920381866777,0.7038845177591578,[[ 12634 12501][ 10413 99340]],12634,12501,10413,99340
11,168,0.6884478330612183,asleep,0.8301257339422335,0.5481841454419231,0.5026457131489954,0.5244282097048689,0.42125920381866777,0.7038845177591578,[[ 99340 10413][ 12501 12634]],99340,10413,12501,12634
11,168,0.6884478330612183,avg,0.8301257339422335,0.7182046968927769,0.7038845177591578,0.7105114414229192,0.42125920381866777,0.7038845177591578,,,,,
