client,round,loss,class,accuracy,precision,recall,f1_score,cohen_kappa_score,roc_auc_score,confusion_matrix,TP,FP,FN,TN
8,135,0.7703316807746887,awake,0.773856829369551,0.8423430817745907,0.8883310706768835,0.8647260729585186,0.17875920344828222,0.5811657342642425,[[ 6887 18248][ 12256 97497]],6887,18248,12256,97497
8,135,0.7703316807746887,asleep,0.773856829369551,0.3597659718957321,0.27400039785160135,0.311079994579701,0.17875920344828222,0.5811657342642426,[[ 97497 12256][ 18248 6887]],97497,12256,18248,6887
8,135,0.7703316807746887,avg,0.773856829369551,0.6010545268351615,0.5811657342642425,0.5879030337691098,0.17875920344828222,0.5811657342642425,,,,,
