client,round,loss,class,accuracy,precision,recall,f1_score,cohen_kappa_score,roc_auc_score,confusion_matrix,TP,FP,FN,TN
14,139,0.5692026019096375,awake,0.8233052606606963,0.8634075778467681,0.9299609122301896,0.8954493213900319,0.3304222667874641,0.6437749657629961,[[ 8988 16147][ 7687 102066]],8988,16147,7687,102066
14,139,0.5692026019096375,asleep,0.8233052606606963,0.5390104947526236,0.35758901929580267,0.4299449892370246,0.3304222667874641,0.6437749657629961,[[ 102066 7687][ 16147 8988]],102066,7687,16147,8988
14,139,0.5692026019096375,avg,0.8233052606606963,0.7012090362996959,0.6437749657629961,0.6626971553135282,0.3304222667874641,0.6437749657629961,,,,,
