client,round,loss,class,accuracy,precision,recall,f1_score,cohen_kappa_score,roc_auc_score,confusion_matrix,TP,FP,FN,TN
17,40,0.5676935315132141,awake,0.817626475298025,0.8251926646146326,0.9843922261806055,0.8977895961442579,0.10933513267790085,0.5369146330823457,[[ 2248 22887][ 1713 108040]],2248,22887,1713,108040
17,40,0.5676935315132141,asleep,0.817626475298025,0.5675334511486998,0.08943703998408593,0.1545229584822656,0.10933513267790085,0.5369146330823458,[[ 108040 1713][ 22887 2248]],108040,1713,22887,2248
17,40,0.5676935315132141,avg,0.817626475298025,0.6963630578816662,0.5369146330823458,0.5261562773132618,0.10933513267790085,0.5369146330823458,,,,,
