client,round,loss,class,accuracy,precision,recall,f1_score,cohen_kappa_score,roc_auc_score,confusion_matrix,TP,FP,FN,TN
12,123,1.0228325128555298,awake,0.814097621730621,0.8307824524395484,0.9688664546754986,0.8945269781449265,0.1487865165359189,0.5535798356528477,[[ 3476 21659][ 3417 106336]],3476,21659,3417,106336
12,123,1.0228325128555298,asleep,0.814097621730621,0.5042797040475845,0.13829321663019695,0.21706007243661796,0.1487865165359189,0.5535798356528477,[[ 106336 3417][ 21659 3476]],106336,3417,21659,3476
12,123,1.0228325128555298,avg,0.814097621730621,0.6675310782435664,0.5535798356528477,0.5557935252907722,0.1487865165359189,0.5535798356528477,,,,,
