client,round,loss,class,accuracy,precision,recall,f1_score,cohen_kappa_score,roc_auc_score,confusion_matrix,TP,FP,FN,TN
3,120,0.7898484468460083,awake,0.821311013581638,0.8406975449092269,0.9628347288912376,0.897630504860884,0.21996952771168032,0.5830883411713002,[[ 5111 20024][ 4079 105674]],5111,20024,4079,105674
3,120,0.7898484468460083,asleep,0.821311013581638,0.5561479869423286,0.20334195345136263,0.29780043699927167,0.21996952771168032,0.5830883411713002,[[ 105674 4079][ 20024 5111]],105674,4079,20024,5111
3,120,0.7898484468460083,avg,0.821311013581638,0.6984227659257778,0.5830883411713002,0.5977154709300778,0.21996952771168032,0.5830883411713002,,,,,
