client,round,loss,class,accuracy,precision,recall,f1_score,cohen_kappa_score,roc_auc_score,confusion_matrix,TP,FP,FN,TN
8,119,0.785106897354126,awake,0.7946666864361545,0.8352946945179955,0.9312729492587902,0.8806765553578584,0.1604822881256337,0.5647214159462839,[[ 4981 20154][ 7543 102210]],4981,20154,7543,102210
8,119,0.785106897354126,asleep,0.7946666864361545,0.39771638454167996,0.1981698826337776,0.26453171884542875,0.1604822881256337,0.564721415946284,[[ 102210 7543][ 20154 4981]],102210,7543,20154,4981
8,119,0.785106897354126,avg,0.7946666864361545,0.6165055395298378,0.5647214159462839,0.5726041371016436,0.1604822881256337,0.5647214159462839,,,,,
