client,round,loss,class,accuracy,precision,recall,f1_score,cohen_kappa_score,roc_auc_score,confusion_matrix,TP,FP,FN,TN
6,125,0.7578086853027344,awake,0.6688141272759622,0.8845790195244173,0.6819494683516624,0.7701592364880508,0.21175721119106994,0.6467037972353099,[[ 15369 9766][ 34907 74846]],15369,9766,34907,74846
6,125,0.7578086853027344,asleep,0.6688141272759622,0.30569257697509744,0.6114581261189577,0.4076063173807534,0.21175721119106994,0.6467037972353101,[[ 74846 34907][ 9766 15369]],74846,34907,9766,15369
6,125,0.7578086853027344,avg,0.6688141272759622,0.5951357982497574,0.64670379723531,0.5888827769344022,0.21175721119106994,0.64670379723531,,,,,
