client,round,loss,class,accuracy,precision,recall,f1_score,cohen_kappa_score,roc_auc_score,confusion_matrix,TP,FP,FN,TN
1,8,0.48685675859451294,awake,0.782426902318961,0.8522610775714774,0.8862263446101701,0.8689119170984456,0.23089824083711208,0.6077043797846952,[[ 8274 16861][ 12487 97266]],8274,16861,12487,97266
1,8,0.48685675859451294,asleep,0.782426902318961,0.39853571600597276,0.32918241495922024,0.36055429667073385,0.23089824083711208,0.6077043797846952,[[ 97266 12487][ 16861 8274]],97266,12487,16861,8274
1,8,0.48685675859451294,avg,0.782426902318961,0.6253983967887251,0.6077043797846952,0.6147331068845897,0.23089824083711208,0.6077043797846952,,,,,
