client,round,loss,class,accuracy,precision,recall,f1_score,cohen_kappa_score,roc_auc_score,confusion_matrix,TP,FP,FN,TN
12,105,1.0056793689727783,awake,0.8168554652748947,0.8285495746768549,0.9771031315772689,0.896715499364506,0.13496214152064545,0.5471153215077512,[[ 2944 22191][ 2513 107240]],2944,22191,2513,107240
12,105,1.0056793689727783,asleep,0.8168554652748947,0.5394905625801723,0.11712751143823354,0.19246861924686195,0.13496214152064545,0.5471153215077512,[[ 107240 2513][ 22191 2944]],107240,2513,22191,2944
12,105,1.0056793689727783,avg,0.8168554652748947,0.6840200686285136,0.5471153215077512,0.544592059305684,0.13496214152064545,0.5471153215077512,,,,,
