client,round,loss,class,accuracy,precision,recall,f1_score,cohen_kappa_score,roc_auc_score,confusion_matrix,TP,FP,FN,TN
0,142,0.6723440885543823,awake,0.7788535674040685,0.8876182162083516,0.8337721975709093,0.8598530406675187,0.33827866494330694,0.6864106661218381,[[ 13549 11586][ 18244 91509]],13549,11586,18244,91509
0,142,0.6723440885543823,asleep,0.7788461538461539,0.4261402956904687,0.5389695643524965,0.4759595959595959,0.33822885443645867,0.6863754366458299,[[ 91510 18243][ 11588 13547]],91510,18243,11588,13547
0,142,0.6723440885543823,avg,0.7788498606251112,0.6568792559494101,0.6863708809617028,0.6679063183135573,0.3382537596898828,0.686393051383834,,,,,
