client,round,loss,class,accuracy,precision,recall,f1_score,cohen_kappa_score,roc_auc_score,confusion_matrix,TP,FP,FN,TN
15,5,0.6596208810806274,awake,0.5580629855880435,0.7763350785340314,0.6417410002460069,0.702650664910863,-0.12817430372180594,0.41721026539055867,[[ 4843 20292][ 39320 70433]],4843,20292,39320,70433
15,5,0.6596208810806274,asleep,0.5580629855880435,0.1096619341983108,0.19267953053511042,0.13977315362636727,-0.12817430372180594,0.4172102653905586,[[ 70433 39320][ 20292 4843]],70433,39320,20292,4843
15,5,0.6596208810806274,avg,0.5580629855880435,0.4429985063661711,0.41721026539055867,0.4212119092686152,-0.12817430372180594,0.4172102653905586,,,,,
