client,round,loss,class,accuracy,precision,recall,f1_score,cohen_kappa_score,roc_auc_score,confusion_matrix,TP,FP,FN,TN
13,184,0.7004847526550293,awake,0.8225935591008837,0.8973838959114692,0.8829280293021603,0.8900972728692281,0.4303981519321147,0.7210343349216192,[[ 14054 11081][ 12849 96904]],14054,11081,12849,96904
13,184,0.7004847526550293,asleep,0.8225935591008837,0.5223952719027618,0.5591406405410781,0.5401437411122642,0.4303981519321147,0.7210343349216192,[[ 96904 12849][ 11081 14054]],96904,12849,11081,14054
13,184,0.7004847526550293,avg,0.8225935591008837,0.7098895839071155,0.7210343349216193,0.7151205069907461,0.4303981519321147,0.7210343349216192,,,,,
