client,round,loss,class,accuracy,precision,recall,f1_score,cohen_kappa_score,roc_auc_score,confusion_matrix,TP,FP,FN,TN
7,9,0.47008851170539856,awake,0.8243950536741593,0.8398594218922761,0.9689302342532778,0.8997897390987973,0.21880991555315898,0.5811032710952087,[[ 4858 20277][ 3410 106343]],4858,20277,3410,106343
7,9,0.47008851170539856,asleep,0.8243950536741593,0.5875665215287856,0.19327630793713946,0.2908720773583211,0.21880991555315898,0.5811032710952087,[[ 106343 3410][ 20277 4858]],106343,3410,20277,4858
7,9,0.47008851170539856,avg,0.8243950536741593,0.7137129717105308,0.5811032710952087,0.5953309082285592,0.21880991555315898,0.5811032710952087,,,,,
