client,round,loss,class,accuracy,precision,recall,f1_score,cohen_kappa_score,roc_auc_score,confusion_matrix,TP,FP,FN,TN
7,38,0.5361725687980652,awake,0.8081890160725935,0.8552912473315035,0.9199019616775851,0.8864208044882067,0.27529829278917173,0.6201459281234554,[[ 8053 17082][ 8791 100962]],8053,17082,8791,100962
7,38,0.5361725687980652,asleep,0.8081890160725935,0.4780930895274282,0.32038989456932565,0.3836680244884348,0.27529829278917173,0.6201459281234555,[[ 100962 8791][ 17082 8053]],100962,8791,17082,8053
7,38,0.5361725687980652,avg,0.8081890160725935,0.6666921684294659,0.6201459281234554,0.6350444144883207,0.27529829278917173,0.6201459281234554,,,,,
