client,round,loss,class,accuracy,precision,recall,f1_score,cohen_kappa_score,roc_auc_score,confusion_matrix,TP,FP,FN,TN
14,39,0.4481419324874878,awake,0.8296067848882035,0.8708298787106921,0.928275309103168,0.898635477582846,0.3678924224096207,0.6635209845694874,[[ 10023 15112][ 7872 101881]],10023,15112,7872,101881
14,39,0.4481419324874878,asleep,0.8296067848882035,0.5601005867560771,0.39876666003580663,0.4658610271903323,0.3678924224096207,0.6635209845694874,[[ 101881 7872][ 15112 10023]],101881,7872,15112,10023
14,39,0.4481419324874878,avg,0.8296067848882035,0.7154652327333846,0.6635209845694874,0.6822482523865891,0.3678924224096207,0.6635209845694874,,,,,
