client,round,loss,class,accuracy,precision,recall,f1_score,cohen_kappa_score,roc_auc_score,confusion_matrix,TP,FP,FN,TN
7,184,0.7202173471450806,awake,0.8141198624043651,0.8561394949783826,0.9273823950142593,0.890338043815797,0.28715981346049235,0.6234684006103721,[[ 8032 17103][ 7970 101783]],8032,17103,7970,101783
7,184,0.7202173471450806,asleep,0.8141198624043651,0.5019372578427697,0.319554406206485,0.3905000364635243,0.28715981346049235,0.6234684006103721,[[ 101783 7970][ 17103 8032]],101783,7970,17103,8032
7,184,0.7202173471450806,avg,0.8141198624043651,0.6790383764105761,0.6234684006103721,0.6404190401396607,0.28715981346049235,0.6234684006103721,,,,,
