client,round,loss,class,accuracy,precision,recall,f1_score,cohen_kappa_score,roc_auc_score,confusion_matrix,TP,FP,FN,TN
2,164,0.6087870597839355,awake,0.8366496649071823,0.8866487415700621,0.9163940848997294,0.9012760542681506,0.42906604911999957,0.7024182479402168,[[ 12277 12858][ 9176 100577]],12277,12858,9176,100577
2,164,0.6087870597839355,asleep,0.8366496649071823,0.5722742739943132,0.4884424109807042,0.5270455911393491,0.42906604911999957,0.7024182479402168,[[ 100577 9176][ 12858 12277]],100577,9176,12858,12277
2,164,0.6087870597839355,avg,0.8366496649071823,0.7294615077821877,0.7024182479402168,0.7141608227037499,0.42906604911999957,0.7024182479402168,,,,,
