client,round,loss,class,accuracy,precision,recall,f1_score,cohen_kappa_score,roc_auc_score,confusion_matrix,TP,FP,FN,TN
15,2,0.5940917134284973,awake,0.6042939327442026,0.7920513059604845,0.6965458802948439,0.7412348743406764,-0.08477534565642464,0.4490089656099244,[[ 5064 20071][ 33305 76448]],5064,20071,33305,76448
15,2,0.5940917134284973,asleep,0.6042939327442026,0.13198154760353412,0.20147205092500498,0.1594860166288738,-0.08477534565642464,0.4490089656099244,[[ 76448 33305][ 20071 5064]],76448,33305,20071,5064
15,2,0.5940917134284973,avg,0.6042939327442026,0.46201642678200927,0.4490089656099244,0.45036044548477505,-0.08477534565642464,0.4490089656099244,,,,,
