client,round,loss,class,accuracy,precision,recall,f1_score,cohen_kappa_score,roc_auc_score,confusion_matrix,TP,FP,FN,TN
10,58,0.5637306571006775,awake,0.7350171994543622,0.9127626823718378,0.7455923756070449,0.8207517364158371,0.3320621976313892,0.7172163190945509,[[ 17314 7821][ 27922 81831]],17314,7821,27922,81831
10,58,0.5637306571006775,asleep,0.7350171994543622,0.38274825360332476,0.6888402625820569,0.4920777024626621,0.3320621976313892,0.7172163190945509,[[ 81831 27922][ 7821 17314]],81831,27922,7821,17314
10,58,0.5637306571006775,avg,0.7350171994543622,0.6477554679875812,0.7172163190945509,0.6564147194392496,0.3320621976313892,0.7172163190945509,,,,,
