client,round,loss,class,accuracy,precision,recall,f1_score,cohen_kappa_score,roc_auc_score,confusion_matrix,TP,FP,FN,TN
9,167,0.7792460918426514,awake,0.8378358341735366,0.8778019483590277,0.9301886964365439,0.9032363662101426,0.40549686466976054,0.6823810002970465,[[ 10923 14212][ 7662 102091]],10923,14212,7662,102091
9,167,0.7792460918426514,asleep,0.8378358341735366,0.5877320419693302,0.43457330415754925,0.4996797804208601,0.40549686466976054,0.6823810002970465,[[ 102091 7662][ 14212 10923]],102091,7662,14212,10923
9,167,0.7792460918426514,avg,0.8378358341735366,0.7327669951641789,0.6823810002970465,0.7014580733155014,0.40549686466976054,0.6823810002970465,,,,,
