client,round,loss,class,accuracy,precision,recall,f1_score,cohen_kappa_score,roc_auc_score,confusion_matrix,TP,FP,FN,TN
17,95,0.6087327599525452,awake,0.8171149398019097,0.8359127015460417,0.9645750002277842,0.8956467666952905,0.18598598692316526,0.568899793728374,[[ 4354 20781][ 3888 105865]],4354,20781,3888,105865
17,95,0.6087327599525452,asleep,0.8171149398019097,0.5282698374181024,0.17322458722896358,0.260898223327441,0.18598598692316526,0.5688997937283738,[[ 105865 3888][ 20781 4354]],105865,3888,20781,4354
17,95,0.6087327599525452,avg,0.8171149398019097,0.682091269482072,0.5688997937283738,0.5782724950113658,0.18598598692316526,0.568899793728374,,,,,
