client,round,loss,class,accuracy,precision,recall,f1_score,cohen_kappa_score,roc_auc_score,confusion_matrix,TP,FP,FN,TN
13,146,0.6686083078384399,awake,0.7913898938378506,0.8829413862352433,0.8572704162984155,0.8699165568730786,0.34414772698569596,0.6804951643855316,[[ 12661 12474][ 15665 94088]],12661,12474,15665,94088
13,146,0.6686083078384399,asleep,0.7913898938378506,0.4469745110499188,0.5037199124726477,0.47365369147602926,0.34414772698569596,0.6804951643855315,[[ 94088 15665][ 12474 12661]],94088,15665,12474,12661
13,146,0.6686083078384399,avg,0.7913898938378506,0.6649579486425811,0.6804951643855316,0.6717851241745539,0.34414772698569596,0.6804951643855315,,,,,
