client,round,loss,class,accuracy,precision,recall,f1_score,cohen_kappa_score,roc_auc_score,confusion_matrix,TP,FP,FN,TN
9,133,0.7807568311691284,awake,0.8366867326967559,0.8734334559324343,0.9347352691953751,0.9030452138779714,0.3892784809643508,0.671644539312229,[[ 10269 14866][ 7163 102590]],10269,14866,7163,102590
9,133,0.7807568311691284,asleep,0.8366867326967559,0.5890890316659018,0.4085538094290829,0.482486433152442,0.3892784809643508,0.6716445393122289,[[ 102590 7163][ 14866 10269]],102590,7163,14866,10269
9,133,0.7807568311691284,avg,0.8366867326967559,0.731261243799168,0.671644539312229,0.6927658235152068,0.3892784809643508,0.671644539312229,,,,,
