client,round,loss,class,accuracy,precision,recall,f1_score,cohen_kappa_score,roc_auc_score,confusion_matrix,TP,FP,FN,TN
14,74,0.5620657205581665,awake,0.8204881086531048,0.8463706379222378,0.9522199848751287,0.8961806270151609,0.25015713459868827,0.5987477485545327,[[ 6165 18970][ 5244 104509]],6165,18970,5244,104509
14,74,0.5620657205581665,asleep,0.8204881086531048,0.5403628714173021,0.24527551223393673,0.3374014886164623,0.25015713459868827,0.5987477485545327,[[ 104509 5244][ 18970 6165]],104509,5244,18970,6165
14,74,0.5620657205581665,avg,0.8204881086531048,0.6933667546697699,0.5987477485545327,0.6167910578158116,0.25015713459868827,0.5987477485545327,,,,,
