client,round,loss,class,accuracy,precision,recall,f1_score,cohen_kappa_score,roc_auc_score,confusion_matrix,TP,FP,FN,TN
3,200,0.8188705444335938,awake,0.8339363027103968,0.8674338978202896,0.939482292055798,0.902021677703808,0.363347811639226,0.6562738693221103,[[ 9377 15758][ 6642 103111]],9377,15758,6642,103111
3,200,0.8188705444335938,asleep,0.8339363027103968,0.5853673762407141,0.3730654465884225,0.4557029693346941,0.363347811639226,0.6562738693221102,[[ 103111 6642][ 15758 9377]],103111,6642,15758,9377
3,200,0.8188705444335938,avg,0.8339363027103968,0.7264006370305018,0.6562738693221103,0.678862323519251,0.363347811639226,0.6562738693221102,,,,,
