client,round,loss,class,accuracy,precision,recall,f1_score,cohen_kappa_score,roc_auc_score,confusion_matrix,TP,FP,FN,TN
18,87,0.6414986848831177,awake,0.8250622738864836,0.8419594519504024,0.9663972738786184,0.8998969146512703,0.2320418410008971,0.5871572603727685,[[ 5226 19909][ 3688 106065]],5226,19909,3688,106065
18,87,0.6414986848831177,asleep,0.8250622738864836,0.5862687906663675,0.20791724686691865,0.3069693676759964,0.2320418410008971,0.5871572603727685,[[ 106065 3688][ 19909 5226]],106065,3688,19909,5226
18,87,0.6414986848831177,avg,0.8250622738864836,0.714114121308385,0.5871572603727685,0.6034331411636333,0.2320418410008971,0.5871572603727685,,,,,
