client,round,loss,class,accuracy,precision,recall,f1_score,cohen_kappa_score,roc_auc_score,confusion_matrix,TP,FP,FN,TN
10,127,0.7593993544578552,awake,0.6504359172053852,0.9106329944244015,0.6324474046267528,0.7464646356020604,0.23869185490001343,0.6807154468926483,[[ 18323 6812][ 40340 69413]],18323,6812,40340,69413
10,127,0.7593993544578552,asleep,0.6504359172053852,0.31234338509793225,0.7289834891585438,0.4373135397026182,0.23869185490001343,0.6807154468926483,[[ 69413 40340][ 6812 18323]],69413,40340,6812,18323
10,127,0.7593993544578552,avg,0.6504359172053852,0.6114881897611668,0.6807154468926483,0.5918890876523393,0.23869185490001343,0.6807154468926483,,,,,
