client,round,loss,class,accuracy,precision,recall,f1_score,cohen_kappa_score,roc_auc_score,confusion_matrix,TP,FP,FN,TN
13,174,0.6906569004058838,awake,0.8161585908309116,0.8757773865656986,0.9019981230581396,0.8886943875902187,0.3615562702759598,0.6716674522193423,[[ 11093 14042][ 10756 98997]],11093,14042,10756,98997
13,174,0.6906569004058838,asleep,0.8161585908309116,0.5077120234335668,0.44133678138054505,0.47220330325217097,0.3615562702759598,0.6716674522193424,[[ 98997 10756][ 14042 11093]],98997,10756,14042,11093
13,174,0.6906569004058838,avg,0.8161585908309116,0.6917447049996327,0.6716674522193423,0.6804488454211948,0.3615562702759598,0.6716674522193424,,,,,
