client,round,loss,class,accuracy,precision,recall,f1_score,cohen_kappa_score,roc_auc_score,confusion_matrix,TP,FP,FN,TN
17,100,0.5927649140357971,awake,0.8150243164699602,0.8392894294630712,0.955654970706951,0.8937002338927162,0.2042865178062092,0.5783049072750988,[[ 5051 20084][ 4867 104886]],5051,20084,4867,104886
17,100,0.5927649140357971,asleep,0.8150243164699602,0.5092760637225247,0.20095484384324647,0.28819216614840387,0.2042865178062092,0.5783049072750988,[[ 104886 4867][ 20084 5051]],104886,4867,20084,5051
17,100,0.5927649140357971,avg,0.8150243164699602,0.6742827465927979,0.5783049072750988,0.5909462000205601,0.2042865178062092,0.5783049072750988,,,,,
