client,round,loss,class,accuracy,precision,recall,f1_score,cohen_kappa_score,roc_auc_score,confusion_matrix,TP,FP,FN,TN
9,188,0.928621232509613,awake,0.8412905521617935,0.874733832723941,0.939482292055798,0.9059526424460748,0.4021171899403304,0.676007308749204,[[ 10369 14766][ 6642 103111]],10369,14766,6642,103111
9,188,0.928621232509613,asleep,0.8412905521617935,0.6095467638586797,0.4125323254426099,0.4920514402315759,0.4021171899403304,0.676007308749204,[[ 103111 6642][ 14766 10369]],103111,6642,14766,10369
9,188,0.928621232509613,avg,0.8412905521617935,0.7421402982913103,0.676007308749204,0.6990020413388254,0.4021171899403304,0.676007308749204,,,,,
