client,round,loss,class,accuracy,precision,recall,f1_score,cohen_kappa_score,roc_auc_score,confusion_matrix,TP,FP,FN,TN
2,124,0.613905668258667,awake,0.8357452108415871,0.8780915219999827,0.9267992674459924,0.9017881681250387,0.402538684585676,0.6824766180078579,[[ 11013 14122][ 8034 101719]],11013,14122,8034,101719
2,124,0.613905668258667,asleep,0.8357452108415871,0.5782012915419751,0.4381539685697235,0.49852881263863114,0.402538684585676,0.682476618007858,[[ 101719 8034][ 14122 11013]],101719,8034,14122,11013
2,124,0.613905668258667,avg,0.8357452108415871,0.7281464067709789,0.682476618007858,0.700158490381835,0.402538684585676,0.6824766180078579,,,,,
