client,round,loss,class,accuracy,precision,recall,f1_score,cohen_kappa_score,roc_auc_score,confusion_matrix,TP,FP,FN,TN
5,190,0.9399139285087585,awake,0.7680594270802443,0.8443679835687139,0.8764954033147158,0.8601317942436136,0.1827706162139534,0.5855323644781257,[[ 7404 17731][ 13555 96198]],7404,17731,13555,96198
5,190,0.9399139285087585,asleep,0.7680594270802443,0.35326112887065225,0.2945693256415357,0.32125656267627023,0.1827706162139534,0.5855323644781257,[[ 96198 13555][ 17731 7404]],96198,13555,17731,7404
5,190,0.9399139285087585,avg,0.7680594270802443,0.598814556219683,0.5855323644781257,0.590694178459942,0.1827706162139534,0.5855323644781257,,,,,
