client,round,loss,class,accuracy,precision,recall,f1_score,cohen_kappa_score,roc_auc_score,confusion_matrix,TP,FP,FN,TN
10,122,0.6910777688026428,awake,0.6979864776703636,0.9029131881604296,0.7045821070950224,0.7915127073972097,0.27287513364837834,0.6868842502851281,[[ 16820 8315][ 32423 77330]],16820,8315,32423,77330
10,122,0.6910777688026428,asleep,0.6979864776703636,0.3415713908575838,0.6691863934752338,0.45228427760897033,0.27287513364837834,0.6868842502851281,[[ 77330 32423][ 8315 16820]],77330,32423,8315,16820
10,122,0.6910777688026428,avg,0.6979864776703636,0.6222422895090067,0.6868842502851281,0.62189849250309,0.27287513364837834,0.6868842502851281,,,,,
