client,round,loss,class,accuracy,precision,recall,f1_score,cohen_kappa_score,roc_auc_score,confusion_matrix,TP,FP,FN,TN
4,197,1.1144036054611206,awake,0.8254626060138782,0.8616980213805024,0.9356646287573005,0.897159356476082,0.327202789436156,0.6399628097038939,[[ 8653 16482][ 7061 102692]],8653,16482,7061,102692
4,197,1.1144036054611206,asleep,0.8254626060138782,0.5506554664630267,0.3442609906504874,0.42365786188156385,0.327202789436156,0.639962809703894,[[ 102692 7061][ 16482 8653]],102692,7061,16482,8653
4,197,1.1144036054611206,avg,0.8254626060138782,0.7061767439217645,0.639962809703894,0.6604086091788229,0.327202789436156,0.6399628097038939,,,,,
