client,round,loss,class,accuracy,precision,recall,f1_score,cohen_kappa_score,roc_auc_score,confusion_matrix,TP,FP,FN,TN
11,65,0.5479028820991516,awake,0.8327649605598719,0.8722495922950162,0.9307900467413192,0.9005694841143905,0.3782567407417874,0.6677622403987082,[[ 10173 14962][ 7596 102157]],10173,14962,7596,102157
11,65,0.5479028820991516,asleep,0.8327649605598719,0.5725139287523214,0.4047344340560971,0.47422151780719746,0.3782567407417874,0.6677622403987082,[[ 102157 7596][ 14962 10173]],102157,7596,14962,10173
11,65,0.5479028820991516,avg,0.8327649605598719,0.7223817605236689,0.6677622403987081,0.6873955009607939,0.3782567407417874,0.6677622403987082,,,,,
