client,round,loss,class,accuracy,precision,recall,f1_score,cohen_kappa_score,roc_auc_score,confusion_matrix,TP,FP,FN,TN
1,44,0.5738194584846497,awake,0.7666508510764486,0.8306929270909905,0.8957841699087952,0.8620115209595539,0.11354547301381024,0.5492845655591321,[[ 5097 20038][ 11438 98315]],5097,20038,11438,98315
1,44,0.5738194584846497,asleep,0.7666508510764486,0.3082552162080435,0.20278496120946887,0.24463642908567315,0.11354547301381024,0.549284565559132,[[ 98315 11438][ 20038 5097]],98315,11438,20038,5097
1,44,0.5738194584846497,avg,0.7666508510764486,0.569474071649517,0.5492845655591321,0.5533239750226135,0.11354547301381024,0.5492845655591321,,,,,
