client,round,loss,class,accuracy,precision,recall,f1_score,cohen_kappa_score,roc_auc_score,confusion_matrix,TP,FP,FN,TN
17,1,0.48594897985458374,awake,0.8073586975861455,0.8136297605319516,0.9900139403934288,0.8931972593393315,-0.00031320041715132696,0.49990054489335256,[[ 246 24889][ 1096 108657]],246,24889,1096,108657
17,1,0.48594897985458374,asleep,0.8073586975861455,0.18330849478390462,0.009787149393276308,0.018582165653208447,-0.00031320041715132696,0.49990054489335267,[[ 108657 1096][ 24889 246]],108657,1096,24889,246
17,1,0.48594897985458374,avg,0.8073586975861455,0.4984691276579281,0.49990054489335256,0.45588971249626997,-0.00031320041715132696,0.4999005448933526,,,,,
