client,round,loss,class,accuracy,precision,recall,f1_score,cohen_kappa_score,roc_auc_score,confusion_matrix,TP,FP,FN,TN
10,130,0.6619407534599304,awake,0.7312807662653461,0.9034534996048125,0.7498747186865051,0.8195310905207394,0.31098021202514614,0.6999821176484048,[[ 16340 8795][ 27452 82301]],16340,8795,27452,82301
10,130,0.6619407534599304,asleep,0.7312807662653461,0.3731275118743149,0.6500895166103043,0.4741247987000739,0.31098021202514614,0.6999821176484047,[[ 82301 27452][ 8795 16340]],82301,27452,8795,16340
10,130,0.6619407534599304,avg,0.7312807662653461,0.6382905057395637,0.6999821176484047,0.6468279446104066,0.31098021202514614,0.6999821176484047,,,,,
