client,round,loss,class,accuracy,precision,recall,f1_score,cohen_kappa_score,roc_auc_score,confusion_matrix,TP,FP,FN,TN
15,96,0.9878785014152527,awake,0.5089852321926339,0.7822044119363498,0.5495521762503075,0.6455566139718081,-0.0790318861576671,0.44070009846929536,[[ 8341 16794][ 49438 60315]],8341,16794,49438,60315
15,96,0.9878785014152527,asleep,0.5089852321926339,0.14436040776060508,0.3318480206882833,0.20119642038738939,-0.0790318861576671,0.44070009846929536,[[ 60315 49438][ 16794 8341]],60315,49438,16794,8341
15,96,0.9878785014152527,avg,0.5089852321926339,0.46328240984847746,0.44070009846929536,0.42337651717959873,-0.0790318861576671,0.44070009846929536,,,,,
