client,round,loss,class,accuracy,precision,recall,f1_score,cohen_kappa_score,roc_auc_score,confusion_matrix,TP,FP,FN,TN
5,131,0.8227019906044006,awake,0.7691640472095368,0.8464786249449097,0.8749920275527776,0.8604991868388865,0.19299691593727275,0.591026946738394,[[ 7718 17417][ 13720 96033]],7718,17417,13720,96033
5,131,0.8227019906044006,asleep,0.7691640472095368,0.36001492676555646,0.30706186592401036,0.33143666931483906,0.19299691593727275,0.591026946738394,[[ 96033 13720][ 17417 7718]],96033,13720,17417,7718
5,131,0.8227019906044006,avg,0.7691640472095368,0.6032467758552331,0.591026946738394,0.5959679280768628,0.19299691593727275,0.591026946738394,,,,,
