client,round,loss,class,accuracy,precision,recall,f1_score,cohen_kappa_score,roc_auc_score,confusion_matrix,TP,FP,FN,TN
4,66,1.0342389345169067,awake,0.8154691299448431,0.8336819754639824,0.9659052599928931,0.8949361157893403,0.16982769805164222,0.5622444541460387,[[ 3986 21149][ 3742 106011]],3986,21149,3742,106011
4,66,1.0342389345169067,asleep,0.8154691299448431,0.5157867494824017,0.1585836482991844,0.24258284392782153,0.16982769805164222,0.5622444541460389,[[ 106011 3742][ 21149 3986]],106011,3742,21149,3986
4,66,1.0342389345169067,avg,0.8154691299448431,0.6747343624731921,0.5622444541460387,0.5687594798585809,0.16982769805164222,0.5622444541460387,,,,,
