client,round,loss,class,accuracy,precision,recall,f1_score,cohen_kappa_score,roc_auc_score,confusion_matrix,TP,FP,FN,TN
3,166,0.8657572865486145,awake,0.8291990392028943,0.8526622309707016,0.9551265113482091,0.9009905670512903,0.29390967639553,0.6172290603289683,[[ 7021 18114][ 4925 104828]],7021,18114,4925,104828
3,166,0.8657572865486145,asleep,0.8291990392028943,0.5877281098275573,0.27933160930972745,0.3786845014967234,0.29390967639553,0.6172290603289683,[[ 104828 4925][ 18114 7021]],104828,4925,18114,7021
3,166,0.8657572865486145,avg,0.8291990392028943,0.7201951703991294,0.6172290603289683,0.6398375342740068,0.29390967639553,0.6172290603289683,,,,,
