client,round,loss,class,accuracy,precision,recall,f1_score,cohen_kappa_score,roc_auc_score,confusion_matrix,TP,FP,FN,TN
11,161,0.703784167766571,awake,0.8311043235869758,0.8608365902433762,0.9452315654241797,0.901062249745946,0.3329376866399809,0.6389973223977872,[[ 8364 16771][ 6011 103742]],8364,16771,6011,103742
11,161,0.703784167766571,asleep,0.8311043235869758,0.5818434782608696,0.3327630793713945,0.4233864844343205,0.3329376866399809,0.6389973223977871,[[ 103742 6011][ 16771 8364]],103742,6011,16771,8364
11,161,0.703784167766571,avg,0.8311043235869758,0.7213400342521229,0.6389973223977872,0.6622243670901332,0.3329376866399809,0.6389973223977872,,,,,
