client,round,loss,class,accuracy,precision,recall,f1_score,cohen_kappa_score,roc_auc_score,confusion_matrix,TP,FP,FN,TN
15,148,1.0655004978179932,awake,0.48691507028052905,0.7824106321919144,0.5117217752589907,0.618756713581403,-0.06931597722846816,0.44515867955310784,[[ 9516 15619][ 53590 56163]],9516,15619,53590,56163
15,148,1.0655004978179932,asleep,0.48691507028052905,0.15079390232307546,0.37859558384722497,0.21568205256060108,-0.06931597722846816,0.44515867955310784,[[ 56163 53590][ 15619 9516]],56163,53590,15619,9516
15,148,1.0655004978179932,avg,0.48691507028052905,0.46660226725749493,0.44515867955310784,0.41721938307100204,-0.06931597722846816,0.44515867955310784,,,,,
