client,round,loss,class,accuracy,precision,recall,f1_score,cohen_kappa_score,roc_auc_score,confusion_matrix,TP,FP,FN,TN
13,161,0.6858931183815002,awake,0.7917383310598423,0.8793069812810628,0.862418339362022,0.8707807799519774,0.3347083585295586,0.6727647694423,[[ 12143 12992][ 15100 94653]],12143,12992,15100,94653
13,161,0.6858931183815002,asleep,0.7917383310598423,0.44572917813750323,0.4831111995225781,0.4636679521936691,0.3347083585295586,0.6727647694423,[[ 94653 15100][ 12992 12143]],94653,15100,12992,12143
13,161,0.6858931183815002,avg,0.7917383310598423,0.662518079709283,0.6727647694423,0.6672243660728232,0.3347083585295586,0.6727647694423,,,,,
