client,round,loss,class,accuracy,precision,recall,f1_score,cohen_kappa_score,roc_auc_score,confusion_matrix,TP,FP,FN,TN
13,136,0.7324950098991394,awake,0.7643229938912283,0.8906314196671042,0.8097910763259318,0.8482896193639522,0.32579835922890343,0.6877879193048001,[[ 14221 10914][ 20876 88877]],14221,10914,20876,88877
13,136,0.7324950098991394,asleep,0.7643229938912283,0.40519132689403653,0.5657847622836681,0.4722074644707132,0.32579835922890343,0.6877879193047999,[[ 88877 20876][ 10914 14221]],88877,20876,10914,14221
13,136,0.7324950098991394,avg,0.7643229938912283,0.6479113732805704,0.6877879193048,0.6602485419173327,0.32579835922890343,0.6877879193048,,,,,
