client,round,loss,class,accuracy,precision,recall,f1_score,cohen_kappa_score,roc_auc_score,confusion_matrix,TP,FP,FN,TN
7,101,0.6546258330345154,awake,0.8163142755471205,0.8349415066376564,0.9650214572722385,0.8952811648105492,0.17892102228235773,0.5659998871799824,[[ 4197 20938][ 3839 105914]],4197,20938,3839,105914
7,101,0.6546258330345154,asleep,0.8163142755471205,0.5222747635639622,0.16697831708772629,0.25305236501763595,0.17892102228235773,0.5659998871799825,[[ 105914 3839][ 20938 4197]],105914,3839,20938,4197
7,101,0.6546258330345154,avg,0.8163142755471205,0.6786081351008093,0.5659998871799824,0.5741667649140926,0.17892102228235773,0.5659998871799825,,,,,
