client,round,loss,class,accuracy,precision,recall,f1_score,cohen_kappa_score,roc_auc_score,confusion_matrix,TP,FP,FN,TN
7,160,0.6850004196166992,awake,0.8203991459581282,0.8552464341194747,0.9380335845033849,0.8947290661799853,0.2924245933160541,0.6223885845731565,[[ 7710 17425][ 6801 102952]],7710,17425,6801,102952
7,160,0.6850004196166992,asleep,0.8203991459581282,0.5313210667769278,0.30674358464292817,0.38894213792059723,0.2924245933160541,0.6223885845731566,[[ 102952 6801][ 17425 7710]],102952,6801,17425,7710
7,160,0.6850004196166992,avg,0.8203991459581282,0.6932837504482012,0.6223885845731565,0.6418356020502912,0.2924245933160541,0.6223885845731565,,,,,
