client,round,loss,class,accuracy,precision,recall,f1_score,cohen_kappa_score,roc_auc_score,confusion_matrix,TP,FP,FN,TN
9,87,0.7347151041030884,awake,0.8411496945614139,0.8743198114966689,0.9398740808907273,0.9059125738248403,0.4004836994986778,0.6749698632024752,[[ 10307 14828][ 6599 103154]],10307,14828,6599,103154
9,87,0.7347151041030884,asleep,0.8411496945614139,0.609665207618597,0.4100656455142232,0.4903308674865013,0.4004836994986778,0.6749698632024753,[[ 103154 6599][ 14828 10307]],103154,6599,14828,10307
9,87,0.7347151041030884,avg,0.8411496945614139,0.741992509557633,0.6749698632024752,0.6981217206556708,0.4004836994986778,0.6749698632024752,,,,,
