client,round,loss,class,accuracy,precision,recall,f1_score,cohen_kappa_score,roc_auc_score,confusion_matrix,TP,FP,FN,TN
4,163,1.1661994457244873,awake,0.822534250637566,0.845930584109324,0.9560103140688637,0.8976080893801222,0.25060987987039085,0.5978579519419314,[[ 6025 19110][ 4828 104925]],6025,19110,4828,104925
4,163,1.1661994457244873,asleep,0.822534250637566,0.555146042568875,0.239705589814999,0.33483383350005563,0.25060987987039085,0.5978579519419314,[[ 104925 4828][ 19110 6025]],104925,4828,19110,6025
4,163,1.1661994457244873,avg,0.822534250637566,0.7005383133390994,0.5978579519419314,0.6162209614400889,0.25060987987039085,0.5978579519419314,,,,,
