client,round,loss,class,accuracy,precision,recall,f1_score,cohen_kappa_score,roc_auc_score,confusion_matrix,TP,FP,FN,TN
17,136,0.6102046370506287,awake,0.8136379811399087,0.8484364319186961,0.9386349348081602,0.8912593976831304,0.2514692888647858,0.6032343164193974,[[ 6732 18403][ 6735 103018]],6732,18403,6735,103018
17,136,0.6102046370506287,asleep,0.8136379811399087,0.49988861661840056,0.26783369803063456,0.3487902181234133,0.2514692888647858,0.6032343164193974,[[ 103018 6735][ 18403 6732]],103018,6735,18403,6732
17,136,0.6102046370506287,avg,0.8136379811399087,0.6741625242685483,0.6032343164193974,0.6200248079032719,0.2514692888647858,0.6032343164193974,,,,,
