client,round,loss,class,accuracy,precision,recall,f1_score,cohen_kappa_score,roc_auc_score,confusion_matrix,TP,FP,FN,TN
17,12,0.4770200848579407,awake,0.8172557974022893,0.8213398379386644,0.9909615226918627,0.8982128404604992,0.07622040511663641,0.524862102105828,[[ 1477 23658][ 992 108761]],1477,23658,992,108761
17,12,0.4770200848579407,asleep,0.8172557974022893,0.5982179019846091,0.058762681519793115,0.10701347630778148,0.07622040511663641,0.5248621021058278,[[ 108761 992][ 23658 1477]],108761,992,23658,1477
17,12,0.4770200848579407,avg,0.8172557974022893,0.7097788699616367,0.5248621021058278,0.5026131583841403,0.07622040511663641,0.524862102105828,,,,,
