client,round,loss,class,accuracy,precision,recall,f1_score,cohen_kappa_score,roc_auc_score,confusion_matrix,TP,FP,FN,TN
0,83,0.6344307065010071,awake,0.7698757487693494,0.882654350996597,0.827139121481873,0.8539954751344053,0.3137546346803486,0.6734860119046524,[[ 13066 12069][ 18972 90781]],13066,12069,18972,90781
0,83,0.6344307065010071,asleep,0.7698757487693494,0.40782820400774084,0.5198329023274318,0.457068896157277,0.3137546346803486,0.6734860119046525,[[ 90781 18972][ 12069 13066]],90781,18972,12069,13066
0,83,0.6344307065010071,avg,0.7698757487693494,0.6452412775021689,0.6734860119046524,0.6555321856458411,0.3137546346803486,0.6734860119046524,,,,,
