client,round,loss,class,accuracy,precision,recall,f1_score,cohen_kappa_score,roc_auc_score,confusion_matrix,TP,FP,FN,TN
6,44,0.5683611035346985,awake,0.7375155684716209,0.8666351056799914,0.8006068171257278,0.8323134922138445,0.23277868493852694,0.6313159408883064,[[ 11613 13522][ 21884 87869]],11613,13522,21884,87869
6,44,0.5683611035346985,asleep,0.7375155684716209,0.3466877630832612,0.4620250646508852,0.39613180515759316,0.23277868493852694,0.6313159408883066,[[ 87869 21884][ 13522 11613]],87869,21884,13522,11613
6,44,0.5683611035346985,avg,0.7375155684716209,0.6066614343816263,0.6313159408883064,0.6142226486857189,0.23277868493852694,0.6313159408883064,,,,,
