client,round,loss,class,accuracy,precision,recall,f1_score,cohen_kappa_score,roc_auc_score,confusion_matrix,TP,FP,FN,TN
10,186,0.8626928925514221,awake,0.6447867860743728,0.9093942403177756,0.625786994432954,0.7413940133205238,0.23183504259862742,0.6767685718136522,[[ 18292 6843][ 41071 68682]],18292,6843,41071,68682
10,186,0.8626928925514221,asleep,0.6447867860743728,0.3081380657985614,0.7277501491943505,0.4329569930649247,0.23183504259862742,0.6767685718136522,[[ 68682 41071][ 6843 18292]],68682,41071,6843,18292
10,186,0.8626928925514221,avg,0.6447867860743728,0.6087661530581685,0.6767685718136522,0.5871755031927243,0.23183504259862742,0.6767685718136522,,,,,
