client,round,loss,class,accuracy,precision,recall,f1_score,cohen_kappa_score,roc_auc_score,confusion_matrix,TP,FP,FN,TN
7,108,0.6855867505073547,awake,0.818975742838503,0.8415832072435574,0.9578143649831895,0.895944840282276,0.22220251719285988,0.5852728081132379,[[ 5347 19788][ 4630 105123]],5347,19788,4630,105123
7,108,0.6855867505073547,asleep,0.818975742838503,0.5359326450836925,0.21273125124328626,0.3045682387787651,0.22220251719285988,0.5852728081132378,[[ 105123 4630][ 19788 5347]],105123,4630,19788,5347
7,108,0.6855867505073547,avg,0.818975742838503,0.688757926163625,0.5852728081132379,0.6002565395305205,0.22220251719285988,0.5852728081132379,,,,,
