client,round,loss,class,accuracy,precision,recall,f1_score,cohen_kappa_score,roc_auc_score,confusion_matrix,TP,FP,FN,TN
17,94,0.6052162647247314,awake,0.810175849593737,0.8362638065248318,0.9533680172751542,0.8909845662586482,0.18093909358716376,0.5691447207919436,[[ 4648 20487][ 5118 104635]],4648,20487,5118,104635
17,94,0.6052162647247314,asleep,0.810175849593737,0.47593692402211757,0.18492142430873285,0.26635339961605686,0.18093909358716376,0.5691447207919436,[[ 104635 5118][ 20487 4648]],104635,5118,20487,4648
17,94,0.6052162647247314,avg,0.810175849593737,0.6561003652734747,0.5691447207919436,0.5786689829373526,0.18093909358716376,0.5691447207919436,,,,,
