client,round,loss,class,accuracy,precision,recall,f1_score,cohen_kappa_score,roc_auc_score,confusion_matrix,TP,FP,FN,TN
15,44,0.8126754760742188,awake,0.4823853863946385,0.7773934064102029,0.5098357220303773,0.615807892941254,-0.08081998150642278,0.43617905059147677,[[ 9112 16023][ 53797 55956]],9112,16023,53797,55956
15,44,0.8126754760742188,asleep,0.4823853863946385,0.14484413994817913,0.36252237915257607,0.20698741538321747,-0.08081998150642278,0.43617905059147666,[[ 55956 53797][ 16023 9112]],55956,53797,16023,9112
15,44,0.8126754760742188,avg,0.4823853863946385,0.46111877317919103,0.43617905059147666,0.4113976541622357,-0.08081998150642278,0.4361790505914767,,,,,
