client,round,loss,class,accuracy,precision,recall,f1_score,cohen_kappa_score,roc_auc_score,confusion_matrix,TP,FP,FN,TN
5,43,0.6815467476844788,awake,0.7727818634719175,0.843559987491748,0.8848414166355362,0.8637077157735117,0.18341979026044208,0.5841553412996658,[[ 7125 18010][ 12639 97114]],7125,18010,12639,97114
5,43,0.6815467476844788,asleep,0.7727818634719175,0.36050394656952034,0.2834692659637955,0.3173790062139469,0.18341979026044208,0.5841553412996658,[[ 97114 12639][ 18010 7125]],97114,12639,18010,7125
5,43,0.6815467476844788,avg,0.7727818634719175,0.6020319670306342,0.5841553412996658,0.5905433609937293,0.18341979026044208,0.5841553412996658,,,,,
