client,round,loss,class,accuracy,precision,recall,f1_score,cohen_kappa_score,roc_auc_score,confusion_matrix,TP,FP,FN,TN
0,70,0.5815722942352295,awake,0.7844952849771663,0.8886138136981023,0.8404963873424872,0.8638855981607302,0.348679435974366,0.6902302903491828,[[ 13572 11563][ 17506 92247]],13572,11563,17506,92247
0,70,0.5815722942352295,asleep,0.7844952849771663,0.43670763884419844,0.5399641933558783,0.482877626171882,0.348679435974366,0.6902302903491827,[[ 92247 17506][ 11563 13572]],92247,17506,11563,13572
0,70,0.5815722942352295,avg,0.7844952849771663,0.6626607262711504,0.6902302903491828,0.6733816121663061,0.348679435974366,0.6902302903491828,,,,,
