client,round,loss,class,accuracy,precision,recall,f1_score,cohen_kappa_score,roc_auc_score,confusion_matrix,TP,FP,FN,TN
16,117,0.7511032819747925,awake,0.8157137773560287,0.8587729159094943,0.9257514600967627,0.8910052353266159,0.3004217351814218,0.6304906096982719,[[ 8426 16709][ 8149 101604]],8426,16709,8149,101604
16,117,0.7511032819747925,asleep,0.8157137773560287,0.5083559577677225,0.33522975929978116,0.40402781107648045,0.3004217351814218,0.630490609698272,[[ 101604 8149][ 16709 8426]],101604,8149,16709,8426
16,117,0.7511032819747925,avg,0.8157137773560287,0.6835644368386085,0.6304906096982719,0.6475165232015482,0.3004217351814218,0.6304906096982719,,,,,
