client,round,loss,class,accuracy,precision,recall,f1_score,cohen_kappa_score,roc_auc_score,confusion_matrix,TP,FP,FN,TN
11,61,0.5903831124305725,awake,0.8269008362493327,0.8484538078108113,0.9584521607609815,0.9001048195606136,0.26980881098109877,0.605464393489701,[[ 6346 18789][ 4560 105193]],6346,18789,4560,105193
11,61,0.5903831124305725,asleep,0.8269008362493327,0.5818815331010453,0.25247662621842054,0.35215449071890353,0.26980881098109877,0.605464393489701,[[ 105193 4560][ 18789 6346]],105193,4560,18789,6346
11,61,0.5903831124305725,avg,0.8269008362493327,0.7151676704559282,0.605464393489701,0.6261296551397586,0.26980881098109877,0.605464393489701,,,,,
