client,round,loss,class,accuracy,precision,recall,f1_score,cohen_kappa_score,roc_auc_score,confusion_matrix,TP,FP,FN,TN
0,175,0.7099757194519043,awake,0.7569094359765138,0.8924241033642325,0.7973540586589888,0.8422146727361968,0.3202360077699161,0.6888302021960151,[[ 14586 10549][ 22241 87512]],14586,10549,22241,87512
0,175,0.7099757194519043,asleep,0.7569094359765138,0.3960681022076194,0.5803063457330416,0.47080468674348797,0.3202360077699161,0.6888302021960152,[[ 87512 22241][ 10549 14586]],87512,22241,10549,14586
0,175,0.7099757194519043,avg,0.7569094359765138,0.644246102785926,0.6888302021960152,0.6565096797398424,0.3202360077699161,0.6888302021960151,,,,,
