client,round,loss,class,accuracy,precision,recall,f1_score,cohen_kappa_score,roc_auc_score,confusion_matrix,TP,FP,FN,TN
6,133,0.7904909253120422,awake,0.6436969930609098,0.8584826720591312,0.6730476615673375,0.7545390936623783,0.1382992825990127,0.5942918833000801,[[ 12958 12177][ 35884 73869]],12958,12177,35884,73869
6,133,0.7904909253120422,asleep,0.6436969930609098,0.2653044510871791,0.5155361050328228,0.35032510104491943,0.1382992825990127,0.5942918833000801,[[ 73869 35884][ 12177 12958]],73869,35884,12177,12958
6,133,0.7904909253120422,avg,0.6436969930609098,0.5618935615731552,0.5942918833000801,0.5524320973536488,0.1382992825990127,0.5942918833000801,,,,,
