client,round,loss,class,accuracy,precision,recall,f1_score,cohen_kappa_score,roc_auc_score,confusion_matrix,TP,FP,FN,TN
4,130,0.9573106169700623,awake,0.8187755767748057,0.8375700402038684,0.9642743250753966,0.8964673095900622,0.1981906700970293,0.5738618492295622,[[ 4611 20524][ 3921 105832]],4611,20524,3921,105832
4,130,0.9573106169700623,asleep,0.8187755767748057,0.540436005625879,0.18344937338372788,0.27391808001900975,0.1981906700970293,0.5738618492295623,[[ 105832 3921][ 20524 4611]],105832,3921,20524,4611
4,130,0.9573106169700623,avg,0.8187755767748057,0.6890030229148737,0.5738618492295622,0.585192694804536,0.1981906700970293,0.5738618492295622,,,,,
