client,round,loss,class,accuracy,precision,recall,f1_score,cohen_kappa_score,roc_auc_score,confusion_matrix,TP,FP,FN,TN
17,34,0.544169545173645,awake,0.8026585018682166,0.8268359805000787,0.9581241515038313,0.8876517834155648,0.11182325051715947,0.5409677849223951,[[ 3112 22023][ 4596 105157]],3112,22023,4596,105157
17,34,0.544169545173645,asleep,0.8026585018682166,0.4037363777893098,0.12381141834095882,0.18950765764394242,0.11182325051715947,0.5409677849223951,[[ 105157 4596][ 22023 3112]],105157,4596,22023,3112
17,34,0.544169545173645,avg,0.8026585018682166,0.6152861791446942,0.5409677849223951,0.5385797205297537,0.11182325051715947,0.5409677849223951,,,,,
