client,round,loss,class,accuracy,precision,recall,f1_score,cohen_kappa_score,roc_auc_score,confusion_matrix,TP,FP,FN,TN
7,17,0.5367942452430725,awake,0.8210292983808789,0.8296572968810165,0.9815768133900667,0.8992458358200858,0.1468236697149733,0.5507844281790198,[[ 3016 22119][ 2022 107731]],3016,22119,2022,107731
7,17,0.5367942452430725,asleep,0.8210292983808789,0.5986502580389044,0.11999204296797295,0.1999138302455838,0.1468236697149733,0.55078442817902,[[ 107731 2022][ 22119 3016]],107731,2022,22119,3016
7,17,0.5367942452430725,avg,0.8210292983808789,0.7141537774599604,0.5507844281790198,0.5495798330328348,0.1468236697149733,0.55078442817902,,,,,
