client,round,loss,class,accuracy,precision,recall,f1_score,cohen_kappa_score,roc_auc_score,confusion_matrix,TP,FP,FN,TN
12,23,0.7455147504806519,awake,0.8189016072593559,0.8268831457402711,0.9832897506218509,0.8983293516352708,0.12380148874799446,0.5421919212627854,[[ 2541 22594][ 1834 107919]],2541,22594,1834,107919
12,23,0.7455147504806519,asleep,0.8189016072593559,0.5808,0.10109409190371992,0.17221280921721452,0.12380148874799446,0.5421919212627854,[[ 107919 1834][ 22594 2541]],107919,1834,22594,2541
12,23,0.7455147504806519,avg,0.8189016072593559,0.7038415728701355,0.5421919212627854,0.5352710804262427,0.12380148874799446,0.5421919212627854,,,,,
