client,round,loss,class,accuracy,precision,recall,f1_score,cohen_kappa_score,roc_auc_score,confusion_matrix,TP,FP,FN,TN
13,63,0.7194796800613403,awake,0.7691862878832809,0.8943055179400761,0.8123331480688455,0.8513507061486015,0.34057056486690507,0.6965584578617551,[[ 14598 10537][ 20597 89156]],14598,10537,20597,89156
13,63,0.7194796800613403,asleep,0.7691862878832809,0.41477482596959797,0.5807837676546648,0.4839383391347588,0.34057056486690507,0.6965584578617551,[[ 89156 20597][ 10537 14598]],89156,20597,10537,14598
13,63,0.7194796800613403,avg,0.7691862878832809,0.654540171954837,0.6965584578617552,0.6676445226416802,0.34057056486690507,0.6965584578617551,,,,,
