client,round,loss,class,accuracy,precision,recall,f1_score,cohen_kappa_score,roc_auc_score,confusion_matrix,TP,FP,FN,TN
1,4,0.5278919339179993,awake,0.7459225431469071,0.8091380454281104,0.9000391788834929,0.8521713625148812,-0.0332901321457717,0.48650258128578866,[[ 1834 23301][ 10971 98782]],1834,23301,10971,98782
1,4,0.5278919339179993,asleep,0.7459225431469071,0.14322530261616556,0.07296598368808434,0.09667896678966789,-0.0332901321457717,0.4865025812857886,[[ 98782 10971][ 23301 1834]],98782,10971,23301,1834
1,4,0.5278919339179993,avg,0.7459225431469071,0.47618167402213796,0.48650258128578866,0.4744251646522746,-0.0332901321457717,0.4865025812857886,,,,,
