client,round,loss,class,accuracy,precision,recall,f1_score,cohen_kappa_score,roc_auc_score,confusion_matrix,TP,FP,FN,TN
5,165,0.8875623941421509,awake,0.7537438467469307,0.8500484806351878,0.8467103404918317,0.8483761268971813,0.19323488871743022,0.597256105197179,[[ 8742 16393][ 16824 92929]],8742,16393,16824,92929
5,165,0.8875623941421509,asleep,0.7537438467469307,0.3419385120863647,0.3478018699025264,0.3448452693240765,0.19323488871743022,0.5972561051971791,[[ 92929 16824][ 16393 8742]],92929,16824,16393,8742
5,165,0.8875623941421509,avg,0.7537438467469307,0.5959934963607763,0.597256105197179,0.596610698110629,0.19323488871743022,0.597256105197179,,,,,
