client,round,loss,class,accuracy,precision,recall,f1_score,cohen_kappa_score,roc_auc_score,confusion_matrix,TP,FP,FN,TN
6,70,0.6505541205406189,awake,0.6904098214815254,0.8589498579890403,0.7412280302132971,0.7957586665623287,0.17042210684864312,0.6048690379831156,[[ 11776 13359][ 28401 81352]],11776,13359,28401,81352
6,70,0.6505541205406189,asleep,0.6904098214815254,0.2931030191403042,0.46851004575293415,0.3606075453209211,0.17042210684864312,0.6048690379831158,[[ 81352 28401][ 13359 11776]],81352,28401,13359,11776
6,70,0.6505541205406189,avg,0.6904098214815254,0.5760264385646723,0.6048690379831156,0.5781831059416249,0.17042210684864312,0.6048690379831156,,,,,
