client,round,loss,class,accuracy,precision,recall,f1_score,cohen_kappa_score,roc_auc_score,confusion_matrix,TP,FP,FN,TN
4,120,1.0004591941833496,awake,0.8175449261609632,0.8455943238460165,0.9490583400909315,0.8943439156846331,0.24223514510096733,0.5961722971590524,[[ 6115 19020][ 5591 104162]],6115,19020,5591,104162
4,120,1.0004591941833496,asleep,0.8175449261609632,0.5223816846061848,0.24328625422717326,0.331967101870199,0.24223514510096733,0.5961722971590524,[[ 104162 5591][ 19020 6115]],104162,5591,19020,6115
4,120,1.0004591941833496,avg,0.8175449261609632,0.6839880042261006,0.5961722971590524,0.6131555087774161,0.24223514510096733,0.5961722971590524,,,,,
