client,round,loss,class,accuracy,precision,recall,f1_score,cohen_kappa_score,roc_auc_score,confusion_matrix,TP,FP,FN,TN
6,43,0.5483500957489014,awake,0.7477314512780974,0.8536931685489823,0.8326606106439004,0.8430457283604395,0.20120141542180148,0.6047727163026544,[[ 9473 15662][ 18366 91387]],9473,15662,18366,91387
6,43,0.5483500957489014,asleep,0.7477314512780974,0.3402780272279895,0.3768848219614084,0.3576471476573413,0.20120141542180148,0.6047727163026544,[[ 91387 18366][ 15662 9473]],91387,18366,15662,9473
6,43,0.5483500957489014,avg,0.7477314512780974,0.5969855978884859,0.6047727163026544,0.6003464380088903,0.20120141542180148,0.6047727163026544,,,,,
