client,round,loss,class,accuracy,precision,recall,f1_score,cohen_kappa_score,roc_auc_score,confusion_matrix,TP,FP,FN,TN
8,101,0.698381781578064,awake,0.8049492912638634,0.846532720914973,0.9286306524650807,0.8856832500543125,0.23127493891177897,0.5967601243228526,[[ 6658 18477][ 7833 101920]],6658,18477,7833,101920
8,101,0.698381781578064,asleep,0.8049492912638634,0.45945759436891864,0.26488959618062463,0.3360419926311008,0.23127493891177897,0.5967601243228526,[[ 101920 7833][ 18477 6658]],101920,7833,18477,6658
8,101,0.698381781578064,avg,0.8049492912638634,0.6529951576419458,0.5967601243228526,0.6108626213427066,0.23127493891177897,0.5967601243228526,,,,,
