client,round,loss,class,accuracy,precision,recall,f1_score,cohen_kappa_score,roc_auc_score,confusion_matrix,TP,FP,FN,TN
9,80,0.7363141775131226,awake,0.8360417531581756,0.8639440526914676,0.9477463030623309,0.9039069832110953,0.35379145943391455,0.6480127974432403,[[ 8754 16381][ 5735 104018]],8754,16381,5735,104018
9,80,0.7363141775131226,asleep,0.8360417531581756,0.6041824832631651,0.3482792918241496,0.44185342216838275,0.35379145943391455,0.6480127974432403,[[ 104018 5735][ 16381 8754]],104018,5735,16381,8754
9,80,0.7363141775131226,avg,0.8360417531581756,0.7340632679773164,0.6480127974432403,0.672880202689739,0.35379145943391455,0.6480127974432403,,,,,
