client,round,loss,class,accuracy,precision,recall,f1_score,cohen_kappa_score,roc_auc_score,confusion_matrix,TP,FP,FN,TN
8,57,0.6979352235794067,awake,0.7928800189787083,0.8404447440474704,0.9201297458839394,0.8784839416820349,0.18725351964870318,0.5786843278852758,[[ 5963 19172][ 8766 100987]],5963,19172,8766,100987
8,57,0.6979352235794067,asleep,0.7928800189787083,0.4048475796048612,0.23723890988661228,0.2991671683724664,0.18725351964870318,0.5786843278852758,[[ 100987 8766][ 19172 5963]],100987,8766,19172,5963
8,57,0.6979352235794067,avg,0.7928800189787083,0.6226461618261658,0.5786843278852758,0.5888255550272506,0.18725351964870318,0.5786843278852758,,,,,
