client,round,loss,class,accuracy,precision,recall,f1_score,cohen_kappa_score,roc_auc_score,confusion_matrix,TP,FP,FN,TN
15,183,1.0732585191726685,awake,0.5437474052547299,0.7895217276417882,0.5989266808196587,0.6811425255555384,-0.06987477617033089,0.4508657673045976,[[ 7611 17524][ 44019 65734]],7611,17524,44019,65734
15,183,1.0732585191726685,asleep,0.5437474052547299,0.1474142940151075,0.3028048537895365,0.1982934931283788,-0.06987477617033089,0.4508657673045976,[[ 65734 44019][ 17524 7611]],65734,44019,17524,7611
15,183,1.0732585191726685,avg,0.5437474052547299,0.46846801082844786,0.4508657673045976,0.4397180093419586,-0.06987477617033089,0.4508657673045976,,,,,
