client,round,loss,class,accuracy,precision,recall,f1_score,cohen_kappa_score,roc_auc_score,confusion_matrix,TP,FP,FN,TN
6,152,0.8418492078781128,awake,0.6233022952375304,0.8716377255703098,0.6297777737282808,0.7312273871738993,0.15323376179623827,0.612402314355686,[[ 14956 10179][ 40633 69120]],14956,10179,40633,69120
6,152,0.8418492078781128,asleep,0.6233022952375304,0.269046034287359,0.5950268549830913,0.3705465536891135,0.15323376179623827,0.612402314355686,[[ 69120 40633][ 10179 14956]],69120,40633,10179,14956
6,152,0.8418492078781128,avg,0.6233022952375304,0.5703418799288344,0.612402314355686,0.5508869704315065,0.15323376179623827,0.612402314355686,,,,,
