client,round,loss,class,accuracy,precision,recall,f1_score,cohen_kappa_score,roc_auc_score,confusion_matrix,TP,FP,FN,TN
3,64,0.6897537708282471,awake,0.8242171282842061,0.8415069776303047,0.9658779258881306,0.8994133043732793,0.22833174098284825,0.5857637093136694,[[ 5169 19966][ 3745 106008]],5169,19966,3745,106008
3,64,0.6897537708282471,asleep,0.8242171282842061,0.5798743549472739,0.20564949273920827,0.30362125172545446,0.22833174098284825,0.5857637093136695,[[ 106008 3745][ 19966 5169]],106008,3745,19966,5169
3,64,0.6897537708282471,avg,0.8242171282842061,0.7106906662887893,0.5857637093136694,0.6015172780493668,0.22833174098284825,0.5857637093136694,,,,,
