client,round,loss,class,accuracy,precision,recall,f1_score,cohen_kappa_score,roc_auc_score,confusion_matrix,TP,FP,FN,TN
4,44,0.6777165532112122,awake,0.8259815550679082,0.8568887638776287,0.9437464123987499,0.8982227020652037,0.30806607508630746,0.6277514636093611,[[ 7836 17299][ 6174 103579]],7836,17299,6174,103579
4,44,0.6777165532112122,asleep,0.8259815550679082,0.5593147751605996,0.31175651481997213,0.4003576446544897,0.30806607508630746,0.6277514636093611,[[ 103579 6174][ 17299 7836]],103579,6174,17299,7836
4,44,0.6777165532112122,avg,0.8259815550679082,0.7081017695191141,0.6277514636093611,0.6492901733598467,0.30806607508630746,0.6277514636093611,,,,,
