client,round,loss,class,accuracy,precision,recall,f1_score,cohen_kappa_score,roc_auc_score,confusion_matrix,TP,FP,FN,TN
6,18,0.5282054543495178,awake,0.7555008599727181,0.9114970252452163,0.7747305312838829,0.8375673519242702,0.35627945817728746,0.7231321246035488,[[ 16879 8256][ 24724 85029]],16879,8256,24724,85029
6,18,0.5282054543495178,asleep,0.7555008599727181,0.4057159339470711,0.6715337179232146,0.505828763223351,0.35627945817728746,0.7231321246035488,[[ 85029 24724][ 8256 16879]],85029,24724,8256,16879
6,18,0.5282054543495178,avg,0.7555008599727181,0.6586064795961437,0.7231321246035487,0.6716980575738106,0.35627945817728746,0.7231321246035488,,,,,
