client,round,loss,class,accuracy,precision,recall,f1_score,cohen_kappa_score,roc_auc_score,confusion_matrix,TP,FP,FN,TN
11,18,0.45046722888946533,awake,0.8364346717276555,0.870719540035512,0.9382887028145016,0.9032422167939199,0.3795523851918753,0.6649868021731151,[[ 9845 15290][ 6773 102980]],9845,15290,6773,102980
11,18,0.45046722888946533,asleep,0.8364346717276555,0.5924298952942593,0.3916849015317287,0.4715828802720763,0.3795523851918753,0.6649868021731151,[[ 102980 6773][ 15290 9845]],102980,6773,15290,9845
11,18,0.45046722888946533,avg,0.8364346717276555,0.7315747176648857,0.6649868021731151,0.687412548532998,0.3795523851918753,0.6649868021731151,,,,,
