client,round,loss,class,accuracy,precision,recall,f1_score,cohen_kappa_score,roc_auc_score,confusion_matrix,TP,FP,FN,TN
14,132,0.5788025856018066,awake,0.820302769705237,0.8558516570401319,0.9369584430493927,0.8945704132540551,0.2949257456532297,0.623939734753262,[[ 7815 17320][ 6919 102834]],7815,17320,6919,102834
14,132,0.5788025856018066,asleep,0.820302769705237,0.5304058639880549,0.3109210264571315,0.3920339110587173,0.2949257456532297,0.6239397347532621,[[ 102834 6919][ 17320 7815]],102834,6919,17320,7815
14,132,0.5788025856018066,avg,0.820302769705237,0.6931287605140934,0.623939734753262,0.6433021621563861,0.2949257456532297,0.623939734753262,,,,,
