client,round,loss,class,accuracy,precision,recall,f1_score,cohen_kappa_score,roc_auc_score,confusion_matrix,TP,FP,FN,TN
1,179,0.8438594937324524,awake,0.678866911808315,0.822179546865301,0.7723706869060527,0.7964971788571671,0.03897507671526779,0.5214747804930104,[[ 6801 18334][ 24983 84770]],6801,18334,24983,84770
1,179,0.8438594937324524,asleep,0.678866911808315,0.21397558520010068,0.27057887407996817,0.23897116955673853,0.03897507671526779,0.5214747804930104,[[ 84770 24983][ 18334 6801]],84770,24983,18334,6801
1,179,0.8438594937324524,avg,0.678866911808315,0.5180775660327008,0.5214747804930104,0.5177341742069528,0.03897507671526779,0.5214747804930104,,,,,
