client,round,loss,class,accuracy,precision,recall,f1_score,cohen_kappa_score,roc_auc_score,confusion_matrix,TP,FP,FN,TN
11,175,0.7260028719902039,awake,0.8353152244825337,0.8778477024145581,0.9265259263983673,0.9015301961062451,0.40099491574448853,0.6817829552421515,[[ 10985 14150][ 8064 101689]],10985,14150,8064,101689
11,175,0.7260028719902039,asleep,0.8353152244825337,0.5766706913748754,0.437039984085936,0.4972388194821655,0.40099491574448853,0.6817829552421516,[[ 101689 8064][ 14150 10985]],101689,8064,14150,10985
11,175,0.7260028719902039,avg,0.8353152244825337,0.7272591968947167,0.6817829552421516,0.6993845077942052,0.40099491574448853,0.6817829552421515,,,,,
