client,round,loss,class,accuracy,precision,recall,f1_score,cohen_kappa_score,roc_auc_score,confusion_matrix,TP,FP,FN,TN
0,24,0.49117329716682434,awake,0.8280202834944547,0.8657572914817914,0.9333594525889953,0.8982882898682896,0.3470238057390642,0.650705984500187,[[ 9251 15884][ 7314 102439]],9251,15884,7314,102439
0,24,0.49117329716682434,asleep,0.8280202834944547,0.5584666465439179,0.36805251641137854,0.4436930455635491,0.3470238057390642,0.650705984500187,[[ 102439 7314][ 15884 9251]],102439,7314,15884,9251
0,24,0.49117329716682434,avg,0.8280202834944547,0.7121119690128546,0.6507059845001869,0.6709906677159193,0.3470238057390642,0.650705984500187,,,,,
