client,round,loss,class,accuracy,precision,recall,f1_score,cohen_kappa_score,roc_auc_score,confusion_matrix,TP,FP,FN,TN
5,143,0.854007363319397,awake,0.750311369432418,0.8548743737346407,0.8348564503931556,0.8447468377770403,0.2078073854557575,0.6079991422445188,[[ 9580 15555][ 18125 91628]],9580,15555,18125,91628
5,143,0.854007363319397,asleep,0.750311369432418,0.3457859592131384,0.38114183409588226,0.36260408781226344,0.2078073854557575,0.6079991422445189,[[ 91628 18125][ 15555 9580]],91628,18125,15555,9580
5,143,0.854007363319397,avg,0.750311369432418,0.6003301664738896,0.6079991422445189,0.6036754627946519,0.2078073854557575,0.6079991422445188,,,,,
