client,round,loss,class,accuracy,precision,recall,f1_score,cohen_kappa_score,roc_auc_score,confusion_matrix,TP,FP,FN,TN
18,17,0.5909196138381958,awake,0.8193686614079829,0.8247284675530134,0.9879638825362405,0.8989963893230084,0.1067047780028274,0.5355773261895445,[[ 2091 23044][ 1321 108432]],2091,23044,1321,108432
18,17,0.5909196138381958,asleep,0.8193686614079829,0.6128370457209847,0.08319076984284862,0.14649525344169265,0.1067047780028274,0.5355773261895446,[[ 108432 1321][ 23044 2091]],108432,1321,23044,2091
18,17,0.5909196138381958,avg,0.8193686614079829,0.7187827566369991,0.5355773261895446,0.5227458213823505,0.1067047780028274,0.5355773261895445,,,,,
