client,round,loss,class,accuracy,precision,recall,f1_score,cohen_kappa_score,roc_auc_score,confusion_matrix,TP,FP,FN,TN
18,194,0.8686464428901672,awake,0.8258629381412728,0.8383379614376931,0.9737592594279884,0.9009884713469767,0.2112739295151823,0.5769134471001092,[[ 4526 20609][ 2880 106873]],4526,20609,2880,106873
18,194,0.8686464428901672,asleep,0.8258629381412728,0.6111261139616527,0.18006763477222995,0.27817215205433143,0.2112739295151823,0.5769134471001091,[[ 106873 2880][ 20609 4526]],106873,2880,20609,4526
18,194,0.8686464428901672,avg,0.8258629381412728,0.7247320376996729,0.5769134471001092,0.5895803117006541,0.2112739295151823,0.5769134471001092,,,,,
