client,round,loss,class,accuracy,precision,recall,f1_score,cohen_kappa_score,roc_auc_score,confusion_matrix,TP,FP,FN,TN
5,115,0.8100302815437317,awake,0.7687414744083981,0.838858838651794,0.8859712262990533,0.8617716134178226,0.1577360546263833,0.5714121100661768,[[ 6456 18679][ 12515 97238]],6456,18679,12515,97238
5,115,0.8100302815437317,asleep,0.7687414744083981,0.34030889252016233,0.2568529938333002,0.2927492858114542,0.1577360546263833,0.5714121100661768,[[ 97238 12515][ 18679 6456]],97238,12515,18679,6456
5,115,0.8100302815437317,avg,0.7687414744083981,0.5895838655859782,0.5714121100661768,0.5772604496146384,0.1577360546263833,0.5714121100661768,,,,,
