client,round,loss,class,accuracy,precision,recall,f1_score,cohen_kappa_score,roc_auc_score,confusion_matrix,TP,FP,FN,TN
16,81,0.6959553360939026,awake,0.809605005634304,0.8605690464140812,0.9141071314679325,0.8865305256832822,0.29867689514241413,0.6336996767345631,[[ 8880 16255][ 9427 100326]],8880,16255,9427,100326
16,81,0.6959553360939026,asleep,0.809605005634304,0.4850603594253564,0.35329222200119353,0.40882095667786933,0.29867689514241413,0.6336996767345631,[[ 100326 9427][ 16255 8880]],100326,9427,16255,8880
16,81,0.6959553360939026,avg,0.809605005634304,0.6728147029197188,0.6336996767345631,0.6476757411805758,0.29867689514241413,0.6336996767345631,,,,,
