client,round,loss,class,accuracy,precision,recall,f1_score,cohen_kappa_score,roc_auc_score,confusion_matrix,TP,FP,FN,TN
9,138,0.7905069589614868,awake,0.8381768578376134,0.8747070104410825,0.935054167084271,0.9038744396198662,0.3962264810858577,0.6751061565479043,[[ 10435 14700][ 7128 102625]],10435,14700,7128,102625
9,138,0.7905069589614868,asleep,0.8381768578376134,0.5941467858566304,0.4151581460115377,0.4887816759567193,0.3962264810858577,0.6751061565479044,[[ 102625 7128][ 14700 10435]],102625,7128,14700,10435
9,138,0.7905069589614868,avg,0.8381768578376134,0.7344268981488564,0.6751061565479044,0.6963280577882928,0.3962264810858577,0.6751061565479044,,,,,
