client,round,loss,class,accuracy,precision,recall,f1_score,cohen_kappa_score,roc_auc_score,confusion_matrix,TP,FP,FN,TN
10,126,0.6354212164878845,awake,0.746441492200937,0.9113678685382613,0.7625304091915482,0.8303320733001954,0.34412071470114713,0.7193594954252946,[[ 16996 8139][ 26063 83690]],16996,8139,26063,83690
10,126,0.6354212164878845,asleep,0.746441492200937,0.39471422931326783,0.6761885816590412,0.4984602750975159,0.34412071470114713,0.7193594954252949,[[ 83690 26063][ 8139 16996]],83690,26063,8139,16996
10,126,0.6354212164878845,avg,0.746441492200937,0.6530410489257645,0.7193594954252946,0.6643961741988557,0.34412071470114713,0.7193594954252948,,,,,
