client,round,loss,class,accuracy,precision,recall,f1_score,cohen_kappa_score,roc_auc_score,confusion_matrix,TP,FP,FN,TN
6,56,0.6078959703445435,awake,0.7107748650732459,0.88036347994408,0.7459021621276867,0.8075741209314254,0.24126488939345625,0.6516461278114065,[[ 14010 11125][ 27888 81865]],14010,11125,27888,81865
6,56,0.6078959703445435,asleep,0.7107748650732459,0.33438350279249607,0.5573900934951264,0.41800307311324275,0.24126488939345625,0.6516461278114065,[[ 81865 27888][ 11125 14010]],81865,27888,11125,14010
6,56,0.6078959703445435,avg,0.7107748650732459,0.607373491368288,0.6516461278114065,0.6127885970223341,0.24126488939345625,0.6516461278114065,,,,,
