client,round,loss,class,accuracy,precision,recall,f1_score,cohen_kappa_score,roc_auc_score,confusion_matrix,TP,FP,FN,TN
10,47,0.543220043182373,awake,0.7420007710100232,0.9143466819980983,0.7535010432516651,0.8261679628769374,0.34355540553290287,0.722642703841866,[[ 17388 7747][ 27054 82699]],17388,7747,27054,82699
10,47,0.543220043182373,asleep,0.7420007710100232,0.39125151883353587,0.6917843644320668,0.49982034292941635,0.34355540553290287,0.722642703841866,[[ 82699 27054][ 7747 17388]],82699,27054,7747,17388
10,47,0.543220043182373,avg,0.7420007710100232,0.6527991004158171,0.7226427038418659,0.6629941529031769,0.34355540553290287,0.722642703841866,,,,,
