client,round,loss,class,accuracy,precision,recall,f1_score,cohen_kappa_score,roc_auc_score,confusion_matrix,TP,FP,FN,TN
8,141,0.7960560917854309,awake,0.8072104264278512,0.8374921417863533,0.9467713866591346,0.8887852985326758,0.1852774934853484,0.5722916014258475,[[ 4972 20163][ 5842 103911]],4972,20163,5842,103911
8,141,0.7960560917854309,asleep,0.8072104264278512,0.45977436656186427,0.19781181619256016,0.27661409218615257,0.1852774934853484,0.5722916014258475,[[ 103911 5842][ 20163 4972]],103911,5842,20163,4972
8,141,0.7960560917854309,avg,0.8072104264278512,0.6486332541741088,0.5722916014258475,0.5826996953594142,0.1852774934853484,0.5722916014258475,,,,,
