client,round,loss,class,accuracy,precision,recall,f1_score,cohen_kappa_score,roc_auc_score,confusion_matrix,TP,FP,FN,TN
9,40,0.5830265879631042,awake,0.8438927109898583,0.8721718697549513,0.9469262799194555,0.908013087941707,0.398397141719936,0.6704593603695149,[[ 9903 15232][ 5825 103928]],9903,15232,5825,103928
9,40,0.5830265879631042,asleep,0.8438927109898583,0.6296414038657172,0.3939924408195743,0.48469275383598853,0.398397141719936,0.6704593603695149,[[ 103928 5825][ 15232 9903]],103928,5825,15232,9903
9,40,0.5830265879631042,avg,0.8438927109898583,0.7509066368103343,0.6704593603695149,0.6963529208888477,0.398397141719936,0.6704593603695149,,,,,
