client,round,loss,class,accuracy,precision,recall,f1_score,cohen_kappa_score,roc_auc_score,confusion_matrix,TP,FP,FN,TN
10,176,0.7676241397857666,awake,0.6901503469545104,0.9106322811427466,0.6865689320565269,0.7828842447571701,0.2774467533829752,0.6961788364281043,[[ 17740 7395][ 34400 75353]],17740,7395,34400,75353
10,176,0.7676241397857666,asleep,0.6901503469545104,0.34023782125047947,0.7057887407996817,0.4591394370753801,0.2774467533829752,0.6961788364281043,[[ 75353 34400][ 7395 17740]],75353,34400,7395,17740
10,176,0.7676241397857666,avg,0.6901503469545104,0.625435051196613,0.6961788364281043,0.621011840916275,0.2774467533829752,0.6961788364281043,,,,,
