client,round,loss,class,accuracy,precision,recall,f1_score,cohen_kappa_score,roc_auc_score,confusion_matrix,TP,FP,FN,TN
13,19,0.5218150019645691,awake,0.7796097503113695,0.8764642235498894,0.8487695097172743,0.8623945787315195,0.3099069179353303,0.6631951785705925,[[ 12005 13130][ 16598 93155]],12005,13130,16598,93155
13,19,0.5218150019645691,asleep,0.7796097503113695,0.41971121910289133,0.47762084742391087,0.44679742454129295,0.3099069179353303,0.6631951785705926,[[ 93155 16598][ 13130 12005]],93155,16598,13130,12005
13,19,0.5218150019645691,avg,0.7796097503113695,0.6480877213263904,0.6631951785705925,0.6545960016364062,0.3099069179353303,0.6631951785705925,,,,,
