client,round,loss,class,accuracy,precision,recall,f1_score,cohen_kappa_score,roc_auc_score,confusion_matrix,TP,FP,FN,TN
0,87,0.6500641703605652,awake,0.7387388055275488,0.8874214882908364,0.7775459440744217,0.8288582292865572,0.2870142722680068,0.6734159002249966,[[ 14309 10826][ 24415 85338]],14309,10826,24415,85338
0,87,0.6500641703605652,asleep,0.7387388055275488,0.369512447061254,0.5692858563755719,0.4481435662944926,0.2870142722680068,0.6734159002249969,[[ 85338 24415][ 10826 14309]],85338,24415,10826,14309
0,87,0.6500641703605652,avg,0.7387388055275488,0.6284669676760453,0.6734159002249969,0.6385008977905249,0.2870142722680068,0.6734159002249968,,,,,
