client,round,loss,class,accuracy,precision,recall,f1_score,cohen_kappa_score,roc_auc_score,confusion_matrix,TP,FP,FN,TN
13,140,0.6456719636917114,awake,0.8051198030959018,0.8858521792192903,0.8729784151686059,0.8793681824230993,0.37267433839990294,0.6908954140692841,[[ 12789 12346][ 13941 95812]],12789,12346,13941,95812
13,140,0.6456719636917114,asleep,0.8051198030959018,0.47845117845117846,0.5088124129699622,0.49316494745975126,0.37267433839990294,0.690895414069284,[[ 95812 13941][ 12346 12789]],95812,13941,12346,12789
13,140,0.6456719636917114,avg,0.8051198030959018,0.6821516788352344,0.690895414069284,0.6862665649414252,0.37267433839990294,0.690895414069284,,,,,
