client,round,loss,class,accuracy,precision,recall,f1_score,cohen_kappa_score,roc_auc_score,confusion_matrix,TP,FP,FN,TN
17,77,0.5862665176391602,awake,0.803815016902912,0.8311413622556894,0.9523748781354496,0.8876377300808865,0.14248013154771555,0.5537486087514327,[[ 3899 21236][ 5227 104526]],3899,21236,5227,104526
17,77,0.5862665176391602,asleep,0.803815016902912,0.42724085031777337,0.15512233936741596,0.22760573246548554,0.14248013154771555,0.5537486087514327,[[ 104526 5227][ 21236 3899]],104526,5227,21236,3899
17,77,0.5862665176391602,avg,0.803815016902912,0.6291911062867314,0.5537486087514328,0.557621731273186,0.14248013154771555,0.5537486087514327,,,,,
