client,round,loss,class,accuracy,precision,recall,f1_score,cohen_kappa_score,roc_auc_score,confusion_matrix,TP,FP,FN,TN
3,189,0.8187253475189209,awake,0.8350038550501157,0.8603754623260871,0.9516550800433701,0.9037162016006921,0.3375831687769354,0.6386483078752756,[[ 8185 16950][ 5306 104447]],8185,16950,5306,104447
3,189,0.8187253475189209,asleep,0.8350038550501157,0.6067007634719442,0.32564153570718124,0.4238077978563662,0.3375831687769354,0.6386483078752757,[[ 104447 5306][ 16950 8185]],104447,5306,16950,8185
3,189,0.8187253475189209,avg,0.8350038550501157,0.7335381128990157,0.6386483078752756,0.6637619997285291,0.3375831687769354,0.6386483078752756,,,,,
