client,round,loss,class,accuracy,precision,recall,f1_score,cohen_kappa_score,roc_auc_score,confusion_matrix,TP,FP,FN,TN
5,44,0.6586706042289734,awake,0.7692307692307693,0.8454252299905983,0.876668519311545,0.8607634571170413,0.18849349326363596,0.5883839911059416,[[ 7543 17592][ 13536 96217]],7543,17592,13536,96217
5,44,0.6586706042289734,asleep,0.7692307692307693,0.3578443000142322,0.3000994629003382,0.3264378759683213,0.18849349326363596,0.5883839911059416,[[ 96217 13536][ 17592 7543]],96217,13536,17592,7543
5,44,0.6586706042289734,avg,0.7692307692307693,0.6016347650024152,0.5883839911059416,0.5936006665426813,0.18849349326363596,0.5883839911059416,,,,,
