client,round,loss,class,accuracy,precision,recall,f1_score,cohen_kappa_score,roc_auc_score,confusion_matrix,TP,FP,FN,TN
1,83,0.7073302268981934,awake,0.7218877883874029,0.8199728922867039,0.8433573569742968,0.831500745611671,0.03660031179821932,0.5174216663526746,[[ 4813 20322][ 17192 92561]],4813,20322,17192,92561
1,83,0.7073302268981934,asleep,0.7218877883874029,0.21872301749602363,0.1914859757310523,0.20420025456088248,0.03660031179821932,0.5174216663526745,[[ 92561 17192][ 20322 4813]],92561,17192,20322,4813
1,83,0.7073302268981934,avg,0.7218877883874029,0.5193479548913638,0.5174216663526745,0.5178505000862768,0.03660031179821932,0.5174216663526745,,,,,
