client,round,loss,class,accuracy,precision,recall,f1_score,cohen_kappa_score,roc_auc_score,confusion_matrix,TP,FP,FN,TN
6,199,0.9047441482543945,awake,0.6267866674574462,0.8977332065821361,0.6109081300738932,0.7270548687920192,0.19965428507778293,0.6535145384803522,[[ 17497 7638][ 42704 67049]],17497,7638,42704,67049
6,199,0.9047441482543945,asleep,0.6267866674574462,0.29064301257454195,0.6961209468868113,0.41007312271491514,0.19965428507778293,0.6535145384803522,[[ 67049 42704][ 7638 17497]],67049,42704,7638,17497
6,199,0.9047441482543945,avg,0.6267866674574462,0.594188109578339,0.6535145384803522,0.5685639957534672,0.19965428507778293,0.6535145384803522,,,,,
