client,round,loss,class,accuracy,precision,recall,f1_score,cohen_kappa_score,roc_auc_score,confusion_matrix,TP,FP,FN,TN
6,134,0.7446557283401489,awake,0.6831371211671906,0.8746868849525854,0.7126730021047261,0.7854119702576101,0.2034180527757845,0.6334202488144478,[[ 13929 11206][ 31535 78218]],13929,11206,31535,78218
6,134,0.7446557283401489,asleep,0.6831371211671906,0.3063742741509766,0.5541674955241694,0.39459482428929593,0.2034180527757845,0.6334202488144477,[[ 78218 31535][ 11206 13929]],78218,31535,11206,13929
6,134,0.7446557283401489,avg,0.6831371211671906,0.590530579551781,0.6334202488144478,0.5900033972734531,0.2034180527757845,0.6334202488144478,,,,,
