client,round,loss,class,accuracy,precision,recall,f1_score,cohen_kappa_score,roc_auc_score,confusion_matrix,TP,FP,FN,TN
1,103,0.741110622882843,awake,0.6797491252001661,0.819028080031445,0.7784024126903137,0.7981986527267801,0.02526820015877096,0.5136889724084153,[[ 6258 18877][ 24321 85432]],6258,18877,24321,85432
1,103,0.741110622882843,asleep,0.6797491252001661,0.20465025017168645,0.2489755321265168,0.2246473058836199,0.02526820015877096,0.5136889724084153,[[ 85432 24321][ 18877 6258]],85432,24321,18877,6258
1,103,0.741110622882843,avg,0.6797491252001661,0.5118391651015657,0.5136889724084153,0.5114229793052,0.02526820015877096,0.5136889724084153,,,,,
