client,round,loss,class,accuracy,precision,recall,f1_score,cohen_kappa_score,roc_auc_score,confusion_matrix,TP,FP,FN,TN
13,196,0.7409160137176514,awake,0.80867089733705,0.8866900675308403,0.8769145262544076,0.8817752043097445,0.38053500849993693,0.6937984208753636,[[ 12836 12299][ 13509 96244]],12836,12299,13509,96244
13,196,0.7409160137176514,asleep,0.80867089733705,0.48722717783260583,0.5106823154963199,0.4986790986790987,0.38053500849993693,0.6937984208753637,[[ 96244 13509][ 12299 12836]],96244,13509,12299,12836
13,196,0.7409160137176514,avg,0.80867089733705,0.686958622681723,0.6937984208753638,0.6902271514944216,0.38053500849993693,0.6937984208753636,,,,,
