client,round,loss,class,accuracy,precision,recall,f1_score,cohen_kappa_score,roc_auc_score,confusion_matrix,TP,FP,FN,TN
17,114,0.5992070436477661,awake,0.815654468892711,0.8402966526357988,0.9549260612466174,0.8939516713721544,0.21086515906777137,0.5812227282560917,[[ 5216 19919][ 4947 104806]],5216,19919,4947,104806
17,114,0.5992070436477661,asleep,0.815654468892711,0.5132342812161763,0.20751939526556595,0.29554082384271063,0.21086515906777137,0.5812227282560918,[[ 104806 4947][ 19919 5216]],104806,4947,19919,5216
17,114,0.5992070436477661,avg,0.815654468892711,0.6767654669259875,0.5812227282560917,0.5947462476074326,0.21086515906777137,0.5812227282560918,,,,,
