client,round,loss,class,accuracy,precision,recall,f1_score,cohen_kappa_score,roc_auc_score,confusion_matrix,TP,FP,FN,TN
6,48,0.586073637008667,awake,0.7233186050649427,0.8649776272826218,0.7820287372554736,0.8214143869538378,0.21438151906705682,0.6244935808815661,[[ 11737 13398][ 23923 85830]],11737,13398,23923,85830
6,48,0.586073637008667,asleep,0.7233186050649427,0.32913628715647786,0.4669584245076586,0.38611727938152807,0.21438151906705682,0.624493580881566,[[ 85830 23923][ 13398 11737]],85830,23923,13398,11737
6,48,0.586073637008667,avg,0.7233186050649427,0.5970569572195499,0.6244935808815661,0.603765833167683,0.21438151906705682,0.6244935808815661,,,,,
