client,round,loss,class,accuracy,precision,recall,f1_score,cohen_kappa_score,roc_auc_score,confusion_matrix,TP,FP,FN,TN
5,75,0.733583390712738,awake,0.7519645928473994,0.8512836568566061,0.8423095496250672,0.8467728269879871,0.19629598272337734,0.5998896067202321,[[ 8985 16150][ 17307 92446]],8985,16150,17307,92446
5,75,0.733583390712738,asleep,0.7519645928473994,0.34173893199452304,0.35746966381539685,0.3494273436132771,0.19629598272337734,0.5998896067202321,[[ 92446 17307][ 16150 8985]],92446,17307,16150,8985
5,75,0.733583390712738,avg,0.7519645928473994,0.5965112944255646,0.5998896067202321,0.5981000853006321,0.19629598272337734,0.5998896067202321,,,,,
