client,round,loss,class,accuracy,precision,recall,f1_score,cohen_kappa_score,roc_auc_score,confusion_matrix,TP,FP,FN,TN
18,75,0.6967384815216064,awake,0.8181602514678845,0.8291175902683916,0.9781053820852278,0.8974701957964788,0.14029405472037892,0.5489293570461945,[[ 3010 22125][ 2403 107350]],3010,22125,2403,107350
18,75,0.6967384815216064,asleep,0.8181602514678845,0.5560687234435618,0.11975333200716133,0.19706691109074245,0.14029405472037892,0.5489293570461945,[[ 107350 2403][ 22125 3010]],107350,2403,22125,3010
18,75,0.6967384815216064,avg,0.8181602514678845,0.6925931568559767,0.5489293570461946,0.5472685534436106,0.14029405472037892,0.5489293570461945,,,,,
