client,round,loss,class,accuracy,precision,recall,f1_score,cohen_kappa_score,roc_auc_score,confusion_matrix,TP,FP,FN,TN
1,194,0.9031180143356323,awake,0.6658931854575648,0.8219618539460062,0.7523347881151312,0.7856086085752749,0.03568848127763502,0.5203885995479177,[[ 7250 17885][ 27182 82571]],7250,17885,27182,82571
1,194,0.9031180143356323,asleep,0.6658931854575648,0.2105599442379182,0.2884424109807042,0.24342337200127587,0.03568848127763502,0.5203885995479177,[[ 82571 27182][ 17885 7250]],82571,27182,17885,7250
1,194,0.9031180143356323,avg,0.6658931854575648,0.5162608990919622,0.5203885995479177,0.5145159902882754,0.03568848127763502,0.5203885995479177,,,,,
