client,round,loss,class,accuracy,precision,recall,f1_score,cohen_kappa_score,roc_auc_score,confusion_matrix,TP,FP,FN,TN
9,77,0.6790388226509094,awake,0.8388440780499378,0.8778927482718647,0.9315007334651445,0.9039026029141322,0.40765806301518714,0.6828778781708058,[[ 10915 14220][ 7518 102235]],10915,14220,7518,102235
9,77,0.6790388226509094,asleep,0.8388440780499378,0.5921445234091033,0.43425502287646706,0.5010558207858979,0.40765806301518714,0.6828778781708058,[[ 102235 7518][ 14220 10915]],102235,7518,14220,10915
9,77,0.6790388226509094,avg,0.8388440780499378,0.735018635840484,0.6828778781708058,0.702479211850015,0.40765806301518714,0.6828778781708058,,,,,
