client,round,loss,class,accuracy,precision,recall,f1_score,cohen_kappa_score,roc_auc_score,confusion_matrix,TP,FP,FN,TN
14,79,0.5572865605354309,awake,0.8235795623035407,0.8549729917240696,0.943163284830483,0.8969054746628428,0.29596350513563496,0.6222878290076426,[[ 7576 17559][ 6238 103515]],7576,17559,6238,103515
14,79,0.5572865605354309,asleep,0.8235795623035407,0.5484291298682497,0.3014123731848021,0.3890215409894991,0.29596350513563496,0.6222878290076426,[[ 103515 6238][ 17559 7576]],103515,6238,17559,7576
14,79,0.5572865605354309,avg,0.8235795623035407,0.7017010607961596,0.6222878290076426,0.642963507826171,0.29596350513563496,0.6222878290076426,,,,,
