client,round,loss,class,accuracy,precision,recall,f1_score,cohen_kappa_score,roc_auc_score,confusion_matrix,TP,FP,FN,TN
17,22,0.5176909565925598,awake,0.8190572919755649,0.8258475870494808,0.9854218107933268,0.8986053931445331,0.11566003971392003,0.5390208317941172,[[ 2328 22807][ 1600 108153]],2328,22807,1600,108153
17,22,0.5176909565925598,asleep,0.8190572919755649,0.5926680244399185,0.0926198527949075,0.16020369542029386,0.11566003971392003,0.5390208317941172,[[ 108153 1600][ 22807 2328]],108153,1600,22807,2328
17,22,0.5176909565925598,avg,0.8190572919755649,0.7092578057446997,0.5390208317941172,0.5294045442824135,0.11566003971392003,0.5390208317941172,,,,,
