client,round,loss,class,accuracy,precision,recall,f1_score,cohen_kappa_score,roc_auc_score,confusion_matrix,TP,FP,FN,TN
7,87,0.6321653723716736,awake,0.8173151058656071,0.8450511225888058,0.9495959108179275,0.8942784575517839,0.23909081817266364,0.5946507503164633,[[ 6025 19110][ 5532 104221]],6025,19110,5532,104221
7,87,0.6321653723716736,asleep,0.8173151058656071,0.5213290646361513,0.239705589814999,0.32840946255314507,0.23909081817266364,0.5946507503164632,[[ 104221 5532][ 19110 6025]],104221,5532,19110,6025
7,87,0.6321653723716736,avg,0.8173151058656071,0.6831900936124785,0.5946507503164633,0.6113439600524645,0.23909081817266364,0.5946507503164633,,,,,
