client,round,loss,class,accuracy,precision,recall,f1_score,cohen_kappa_score,roc_auc_score,confusion_matrix,TP,FP,FN,TN
1,184,0.8930867314338684,awake,0.6506064290374236,0.8164554403411962,0.7360618844131823,0.7741771642413237,0.011600805936544556,0.506761795598276,[[ 6974 18161][ 28968 80785]],6974,18161,28968,80785
1,184,0.8930867314338684,asleep,0.6506064290374236,0.1940348338990596,0.2774617067833698,0.2283674705699363,0.011600805936544556,0.506761795598276,[[ 80785 28968][ 18161 6974]],80785,28968,18161,6974
1,184,0.8930867314338684,avg,0.6506064290374236,0.5052451371201279,0.506761795598276,0.5012723174056299,0.011600805936544556,0.506761795598276,,,,,
