client,round,loss,class,accuracy,precision,recall,f1_score,cohen_kappa_score,roc_auc_score,confusion_matrix,TP,FP,FN,TN
12,197,1.2362892627716064,awake,0.8210144712650496,0.8291730109660254,0.9824241706377047,0.8993164881083945,0.14318174277917461,0.5493183116964135,[[ 2921 22214][ 1929 107824]],2921,22214,1929,107824
12,197,1.2362892627716064,asleep,0.8210144712650496,0.6022680412371134,0.11621245275512233,0.19483074870768716,0.14318174277917461,0.5493183116964134,[[ 107824 1929][ 22214 2921]],107824,1929,22214,2921
12,197,1.2362892627716064,avg,0.8210144712650496,0.7157205261015693,0.5493183116964135,0.5470736184080408,0.14318174277917461,0.5493183116964135,,,,,
