client,round,loss,class,accuracy,precision,recall,f1_score,cohen_kappa_score,roc_auc_score,confusion_matrix,TP,FP,FN,TN
4,147,1.1207802295684814,awake,0.8137343573928,0.8433073165982443,0.9470447277067597,0.8921706214834747,0.22533193353158043,0.5893369650071495,[[ 5822 19313][ 5812 103941]],5822,19313,5812,103941
4,147,1.1207802295684814,asleep,0.8137343573928,0.5004297747980059,0.23162920230753928,0.31667981179798205,0.22533193353158043,0.5893369650071495,[[ 103941 5812][ 19313 5822]],103941,5812,19313,5822
4,147,1.1207802295684814,avg,0.8137343573928,0.671868545698125,0.5893369650071495,0.6044252166407283,0.22533193353158043,0.5893369650071495,,,,,
