client,round,loss,class,accuracy,precision,recall,f1_score,cohen_kappa_score,roc_auc_score,confusion_matrix,TP,FP,FN,TN
8,62,0.697574257850647,awake,0.7955192455963466,0.8337815112396519,0.9351088352937961,0.8815430073353834,0.15224906284165396,0.5605522294630906,[[ 4675 20460][ 7122 102631]],4675,20460,7122,102631
8,62,0.697574257850647,asleep,0.7955192455963466,0.3962871916588963,0.18599562363238512,0.25316798440376903,0.15224906284165396,0.5605522294630906,[[ 102631 7122][ 20460 4675]],102631,7122,20460,4675
8,62,0.697574257850647,avg,0.7955192455963466,0.6150343514492741,0.5605522294630906,0.5673554958695762,0.15224906284165396,0.5605522294630906,,,,,
