client,round,loss,class,accuracy,precision,recall,f1_score,cohen_kappa_score,roc_auc_score,confusion_matrix,TP,FP,FN,TN
18,121,0.7278681993484497,awake,0.8227937251645809,0.8316515746206385,0.9807385675106831,0.900063132104975,0.16306519477336057,0.5569298566616475,[[ 3346 21789][ 2114 107639]],3346,21789,2114,107639
18,121,0.7278681993484497,asleep,0.8227937251645809,0.6128205128205129,0.1331211458126119,0.21872855041673475,0.16306519477336057,0.5569298566616475,[[ 107639 2114][ 21789 3346]],107639,2114,21789,3346
18,121,0.7278681993484497,avg,0.8227937251645809,0.7222360437205757,0.5569298566616475,0.5593958412608548,0.16306519477336057,0.5569298566616475,,,,,
