client,round,loss,class,accuracy,precision,recall,f1_score,cohen_kappa_score,roc_auc_score,confusion_matrix,TP,FP,FN,TN
11,19,0.4567635953426361,awake,0.832890991044422,0.8583544262187305,0.9516641914116243,0.9026041644162341,0.32548608086315567,0.6329635856600593,[[ 7899 17236][ 5305 104448]],7899,17236,5305,104448
11,19,0.4567635953426361,asleep,0.832890991044422,0.5982278097546199,0.3142629799084941,0.41206082579097003,0.32548608086315567,0.6329635856600593,[[ 104448 5305][ 17236 7899]],104448,5305,17236,7899
11,19,0.4567635953426361,avg,0.832890991044422,0.7282911179866751,0.6329635856600592,0.6573324951036021,0.32548608086315567,0.6329635856600593,,,,,
