client,round,loss,class,accuracy,precision,recall,f1_score,cohen_kappa_score,roc_auc_score,confusion_matrix,TP,FP,FN,TN
0,165,0.6908793449401855,awake,0.7545000296542317,0.8946100137993532,0.7915227829763195,0.8399151112593601,0.321920007216829,0.6921807270759854,[[ 14901 10234][ 22881 86872]],14901,10234,22881,86872
0,165,0.6908793449401855,asleep,0.7545000296542317,0.3943941559472765,0.5928386711756515,0.47367166266668786,0.321920007216829,0.6921807270759855,[[ 86872 22881][ 10234 14901]],86872,22881,10234,14901
0,165,0.6908793449401855,avg,0.7545000296542317,0.6445020848733148,0.6921807270759854,0.656793386963024,0.321920007216829,0.6921807270759854,,,,,
