client,round,loss,class,accuracy,precision,recall,f1_score,cohen_kappa_score,roc_auc_score,confusion_matrix,TP,FP,FN,TN
9,194,0.9646973609924316,awake,0.8352188482296423,0.8603791297473566,0.9519648665640119,0.9038578825117112,0.33796423006112053,0.6387037382352584,[[ 8180 16955][ 5272 104481]],8180,16955,5272,104481
9,194,0.9646973609924316,asleep,0.8352188482296423,0.608088016651799,0.32544260990650486,0.42397698706818354,0.33796423006112053,0.6387037382352584,[[ 104481 5272][ 16955 8180]],104481,5272,16955,8180
9,194,0.9646973609924316,avg,0.8352188482296423,0.7342335731995778,0.6387037382352584,0.6639174347899474,0.33796423006112053,0.6387037382352584,,,,,
