client,round,loss,class,accuracy,precision,recall,f1_score,cohen_kappa_score,roc_auc_score,confusion_matrix,TP,FP,FN,TN
9,130,0.7888708710670471,awake,0.8377765257102189,0.8757836755989291,0.9329494410175576,0.9034631843649358,0.39898774989564123,0.6775747801865191,[[ 10612 14523][ 7359 102394]],10612,14523,7359,102394
9,130,0.7888708710670471,asleep,0.8377765257102189,0.5905069278281676,0.4222001193554804,0.4923676518350114,0.39898774989564123,0.677574780186519,[[ 102394 7359][ 14523 10612]],102394,7359,14523,10612
9,130,0.7888708710670471,avg,0.8377765257102189,0.7331453017135483,0.6775747801865191,0.6979154180999736,0.39898774989564123,0.6775747801865191,,,,,
