client,round,loss,class,accuracy,precision,recall,f1_score,cohen_kappa_score,roc_auc_score,confusion_matrix,TP,FP,FN,TN
9,200,0.9376455545425415,awake,0.8377246308048159,0.8716939946190162,0.9387351598589561,0.9039732920371841,0.38526974112793144,0.6676966032037968,[[ 9970 15165][ 6724 103029]],9970,15165,6724,103029
9,200,0.9376455545425415,asleep,0.8377246308048159,0.5972205582844136,0.39665804654863734,0.47670276602357214,0.38526974112793144,0.6676966032037968,[[ 103029 6724][ 15165 9970]],103029,6724,15165,9970
9,200,0.9376455545425415,avg,0.8377246308048159,0.7344572764517149,0.6676966032037968,0.6903380290303781,0.38526974112793144,0.6676966032037968,,,,,
