client,round,loss,class,accuracy,precision,recall,f1_score,cohen_kappa_score,roc_auc_score,confusion_matrix,TP,FP,FN,TN
14,91,0.5297849774360657,awake,0.824194887610462,0.8684027985921403,0.9239474091824369,0.8953144451409552,0.35028196441062953,0.6562844266918749,[[ 9768 15367][ 8347 101406]],9768,15367,8347,101406
14,91,0.5297849774360657,asleep,0.824194887610462,0.5392216395252553,0.3886214442013129,0.4516994219653179,0.35028196441062953,0.6562844266918749,[[ 101406 8347][ 15367 9768]],101406,8347,15367,9768
14,91,0.5297849774360657,avg,0.824194887610462,0.7038122190586977,0.6562844266918749,0.6735069335531365,0.35028196441062953,0.6562844266918749,,,,,
