client,round,loss,class,accuracy,precision,recall,f1_score,cohen_kappa_score,roc_auc_score,confusion_matrix,TP,FP,FN,TN
14,174,0.614537239074707,awake,0.8238390368305557,0.8581973290678396,0.9385802665986351,0.8965907409502754,0.3103237136840944,0.6306985279681061,[[ 8114 17021][ 6741 103012]],8114,17021,6741,103012
14,174,0.614537239074707,asleep,0.8238390368305557,0.5462133961629081,0.32281678933757707,0.40580145036259063,0.3103237136840944,0.6306985279681061,[[ 103012 6741][ 17021 8114]],103012,6741,17021,8114
14,174,0.614537239074707,avg,0.8238390368305557,0.7022053626153739,0.6306985279681061,0.651196095656433,0.3103237136840944,0.6306985279681061,,,,,
