client,round,loss,class,accuracy,precision,recall,f1_score,cohen_kappa_score,roc_auc_score,confusion_matrix,TP,FP,FN,TN
0,22,0.49145808815956116,awake,0.8176857837613427,0.8732152404659439,0.907729173690013,0.8901377745215419,0.355916472994224,0.6661184161666696,[[ 10670 14465][ 10127 99626]],10670,14465,10127,99626
0,22,0.49145808815956116,asleep,0.8176857837613427,0.5130547675145454,0.424507658643326,0.4645998432465383,0.355916472994224,0.6661184161666696,[[ 99626 10127][ 14465 10670]],99626,10127,14465,10670
0,22,0.49145808815956116,avg,0.8176857837613427,0.6931350039902446,0.6661184161666696,0.67736880888404,0.355916472994224,0.6661184161666696,,,,,
