client,round,loss,class,accuracy,precision,recall,f1_score,cohen_kappa_score,roc_auc_score,confusion_matrix,TP,FP,FN,TN
11,169,0.7052764892578125,awake,0.8308893304074492,0.8704767424022908,0.9306351534809982,0.899551281204451,0.36889384155177385,0.6629901448725859,[[ 9937 15198][ 7613 102140]],9937,15198,7613,102140
11,169,0.7052764892578125,asleep,0.8308893304074492,0.5662108262108262,0.39534513626417345,0.4655968138690406,0.36889384155177385,0.6629901448725859,[[ 102140 7613][ 15198 9937]],102140,7613,15198,9937
11,169,0.7052764892578125,avg,0.8308893304074492,0.7183437843065585,0.6629901448725859,0.6825740475367459,0.36889384155177385,0.6629901448725859,,,,,
