client,round,loss,class,accuracy,precision,recall,f1_score,cohen_kappa_score,roc_auc_score,confusion_matrix,TP,FP,FN,TN
6,112,0.8331263661384583,awake,0.602181068738509,0.8964883510517982,0.5777883064699826,0.7026910227216063,0.1792301196824363,0.6432406819797696,[[ 17813 7322][ 46339 63414]],17813,7322,46339,63414
6,112,0.8331263661384583,asleep,0.602181068738509,0.27766866192792117,0.7086930574895564,0.39900545432145773,0.1792301196824363,0.6432406819797695,[[ 63414 46339][ 7322 17813]],63414,46339,7322,17813
6,112,0.8331263661384583,avg,0.602181068738509,0.5870785064898597,0.6432406819797695,0.5508482385215321,0.1792301196824363,0.6432406819797696,,,,,
