client,round,loss,class,accuracy,precision,recall,f1_score,cohen_kappa_score,roc_auc_score,confusion_matrix,TP,FP,FN,TN
6,110,0.7443206310272217,awake,0.6604590475060791,0.8811217983099129,0.6735761209260794,0.7634957191692401,0.19818190315475093,0.6383794668684506,[[ 15161 9974][ 35826 73927]],15161,9974,35826,73927
6,110,0.7443206310272217,asleep,0.6604590475060791,0.2973503049797007,0.6031828128108215,0.3983342529098027,0.19818190315475093,0.6383794668684506,[[ 73927 35826][ 9974 15161]],73927,35826,9974,15161
6,110,0.7443206310272217,avg,0.6604590475060791,0.5892360516448067,0.6383794668684505,0.5809149860395214,0.19818190315475093,0.6383794668684506,,,,,
