client,round,loss,class,accuracy,precision,recall,f1_score,cohen_kappa_score,roc_auc_score,confusion_matrix,TP,FP,FN,TN
12,152,1.1257269382476807,awake,0.8177525057825752,0.8244868102226489,0.9858864905742896,0.8979920411965592,0.1036189123788187,0.5347375560092454,[[ 2101 23034][ 1549 108204]],2101,23034,1549,108204
12,152,1.1257269382476807,asleep,0.8177525057825752,0.5756164383561644,0.08358862144420132,0.1459788084071565,0.1036189123788187,0.5347375560092453,[[ 108204 1549][ 23034 2101]],108204,1549,23034,2101
12,152,1.1257269382476807,avg,0.8177525057825752,0.7000516242894066,0.5347375560092454,0.5219854248018578,0.1036189123788187,0.5347375560092453,,,,,
