client,round,loss,class,accuracy,precision,recall,f1_score,cohen_kappa_score,roc_auc_score,confusion_matrix,TP,FP,FN,TN
5,80,0.73838210105896,awake,0.7447141332068086,0.8466275173962667,0.8380727633868779,0.842328420262183,0.17220369328482465,0.5875663200264407,[[ 8472 16663][ 17772 91981]],8472,16663,17772,91981
5,80,0.73838210105896,asleep,0.7447141332068086,0.32281664380429814,0.33705987666600357,0.3297845423227389,0.17220369328482465,0.5875663200264407,[[ 91981 17772][ 16663 8472]],91981,17772,16663,8472
5,80,0.73838210105896,avg,0.7447141332068086,0.5847220806002824,0.5875663200264407,0.5860564812924609,0.17220369328482465,0.5875663200264407,,,,,
