client,round,loss,class,accuracy,precision,recall,f1_score,cohen_kappa_score,roc_auc_score,confusion_matrix,TP,FP,FN,TN
0,80,0.6013244390487671,awake,0.7723444635549493,0.8662101683607757,0.8517671498728964,0.8589279479593522,0.26973859901147434,0.6386546113398697,[[ 10696 14439][ 16269 93484]],10696,14439,16269,93484
0,80,0.6013244390487671,asleep,0.7723444635549493,0.3966623400704617,0.42554207280684303,0.41059500959692896,0.26973859901147434,0.6386546113398699,[[ 93484 16269][ 14439 10696]],93484,16269,14439,10696
0,80,0.6013244390487671,avg,0.7723444635549493,0.6314362542156187,0.6386546113398697,0.6347614787781406,0.26973859901147434,0.6386546113398698,,,,,
