client,round,loss,class,accuracy,precision,recall,f1_score,cohen_kappa_score,roc_auc_score,confusion_matrix,TP,FP,FN,TN
17,47,0.5693077445030212,awake,0.8165959907478797,0.8244165280173401,0.9842099988155222,0.8972543286582302,0.10228394864494028,0.5344563023717555,[[ 2129 23006][ 1733 108020]],2129,23006,1733,108020
17,47,0.5693077445030212,asleep,0.8165959907478797,0.5512687726566546,0.08470260592798887,0.14684277683898336,0.10228394864494028,0.5344563023717556,[[ 108020 1733][ 23006 2129]],108020,1733,23006,2129
17,47,0.5693077445030212,avg,0.8165959907478797,0.6878426503369974,0.5344563023717556,0.5220485527486067,0.10228394864494028,0.5344563023717555,,,,,
