client,round,loss,class,accuracy,precision,recall,f1_score,cohen_kappa_score,roc_auc_score,confusion_matrix,TP,FP,FN,TN
16,49,0.635802686214447,awake,0.8118513136824624,0.8549301699478378,0.925869907884067,0.8889870654774664,0.278794484783073,0.6199271958358071,[[ 7892 17243][ 8136 101617]],7892,17243,8136,101617
16,49,0.635802686214447,asleep,0.8118513136824624,0.49238832043923136,0.31398448378754723,0.383451157592984,0.278794484783073,0.6199271958358071,[[ 101617 8136][ 17243 7892]],101617,8136,17243,7892
16,49,0.635802686214447,avg,0.8118513136824624,0.6736592451935346,0.6199271958358071,0.6362191115352251,0.278794484783073,0.6199271958358071,,,,,
