client,round,loss,class,accuracy,precision,recall,f1_score,cohen_kappa_score,roc_auc_score,confusion_matrix,TP,FP,FN,TN
6,181,0.946177065372467,awake,0.5825203131486864,0.9016354016354017,0.546536313358177,0.6805498040061039,0.1720944143722185,0.6430911127164864,[[ 18591 6544][ 49769 59984]],18591,6544,49769,59984
6,181,0.946177065372467,asleep,0.5825203131486864,0.2719572849619661,0.7396459120747961,0.39768971602759506,0.1720944143722185,0.6430911127164866,[[ 59984 49769][ 6544 18591]],59984,49769,6544,18591
6,181,0.946177065372467,avg,0.5825203131486864,0.5867963432986839,0.6430911127164866,0.5391197600168495,0.1720944143722185,0.6430911127164864,,,,,
