client,round,loss,class,accuracy,precision,recall,f1_score,cohen_kappa_score,roc_auc_score,confusion_matrix,TP,FP,FN,TN
9,175,0.8334189653396606,awake,0.8361307158531522,0.8722679510376052,0.9356099605477755,0.9028293094656139,0.3843403768690965,0.6686802537968637,[[ 10098 15037][ 7067 102686]],10098,15037,7067,102686
9,175,0.8334189653396606,asleep,0.8361307158531522,0.5882901252548791,0.40175054704595187,0.47744680851063825,0.3843403768690965,0.6686802537968637,[[ 102686 7067][ 15037 10098]],102686,7067,15037,10098
9,175,0.8334189653396606,avg,0.8361307158531522,0.7302790381462422,0.6686802537968637,0.6901380589881261,0.3843403768690965,0.6686802537968637,,,,,
