client,round,loss,class,accuracy,precision,recall,f1_score,cohen_kappa_score,roc_auc_score,confusion_matrix,TP,FP,FN,TN
4,45,0.6787796020507812,awake,0.8279461479153075,0.8539006976192618,0.9513088480497116,0.8999767267461405,0.29776248565751506,0.6202933736966283,[[ 7271 17864][ 5344 104409]],7271,17864,5344,104409
4,45,0.6787796020507812,asleep,0.8279461479153075,0.5763773285770908,0.28927789934354486,0.3852185430463576,0.29776248565751506,0.6202933736966282,[[ 104409 5344][ 17864 7271]],104409,5344,17864,7271
4,45,0.6787796020507812,avg,0.8279461479153075,0.7151390130981763,0.6202933736966283,0.642597634896249,0.29776248565751506,0.6202933736966283,,,,,
