client,round,loss,class,accuracy,precision,recall,f1_score,cohen_kappa_score,roc_auc_score,confusion_matrix,TP,FP,FN,TN
1,75,0.6831533312797546,awake,0.6956956882747168,0.8231459532678632,0.797308501817718,0.8100212440005368,0.04683324329970184,0.5246538530572576,[[ 6334 18801][ 22246 87507]],6334,18801,22246,87507
1,75,0.6831533312797546,asleep,0.6956956882747168,0.22162351294611615,0.2519992042967973,0.23583728939774734,0.04683324329970184,0.5246538530572576,[[ 87507 22246][ 18801 6334]],87507,22246,18801,6334
1,75,0.6831533312797546,avg,0.6956956882747168,0.5223847331069897,0.5246538530572576,0.5229292666991421,0.04683324329970184,0.5246538530572576,,,,,
