client,round,loss,class,accuracy,precision,recall,f1_score,cohen_kappa_score,roc_auc_score,confusion_matrix,TP,FP,FN,TN
8,4,0.45989009737968445,awake,0.8060613249510705,0.8195328924735293,0.9767295654788479,0.8912528371536178,0.055471186860483246,0.5187805376628376,[[ 1529 23606][ 2554 107199]],1529,23606,2554,107199
8,4,0.45989009737968445,asleep,0.8060613249510705,0.37447954935096744,0.060831509846827135,0.10466151002806491,0.055471186860483246,0.5187805376628375,[[ 107199 2554][ 23606 1529]],107199,2554,23606,1529
8,4,0.45989009737968445,avg,0.8060613249510705,0.5970062209122484,0.5187805376628375,0.49795717359084135,0.055471186860483246,0.5187805376628376,,,,,
