client,round,loss,class,accuracy,precision,recall,f1_score,cohen_kappa_score,roc_auc_score,confusion_matrix,TP,FP,FN,TN
18,88,0.6654327511787415,awake,0.8208291323171817,0.8359831978958112,0.9701329348628284,0.8980760633945969,0.1904692342485722,0.5695104698185238,[[ 4245 20890][ 3278 106475]],4245,20890,3278,106475
18,88,0.6654327511787415,asleep,0.8208291323171817,0.5642695733085206,0.16888800477421922,0.25996693000183724,0.1904692342485722,0.5695104698185238,[[ 106475 3278][ 20890 4245]],106475,3278,20890,4245
18,88,0.6654327511787415,avg,0.8208291323171817,0.7001263856021659,0.5695104698185238,0.579021496698217,0.1904692342485722,0.5695104698185238,,,,,
