client,round,loss,class,accuracy,precision,recall,f1_score,cohen_kappa_score,roc_auc_score,confusion_matrix,TP,FP,FN,TN
17,137,0.6256903409957886,awake,0.8090119210011268,0.8455481227320975,0.9363024245350924,0.8886140968324931,0.2312802750401508,0.5947475918179739,[[ 6364 18771][ 6991 102762]],6364,18771,6991,102762
17,137,0.6256903409957886,asleep,0.8090119210011268,0.47652564582553353,0.25319275910085537,0.330683294362172,0.2312802750401508,0.5947475918179739,[[ 102762 6991][ 18771 6364]],102762,6991,18771,6364
17,137,0.6256903409957886,avg,0.8090119210011268,0.6610368842788155,0.5947475918179739,0.6096486955973326,0.2312802750401508,0.5947475918179739,,,,,
