client,round,loss,class,accuracy,precision,recall,f1_score,cohen_kappa_score,roc_auc_score,confusion_matrix,TP,FP,FN,TN
11,112,0.6234423518180847,awake,0.8360195124844315,0.8673642201988698,0.9426074913669786,0.9034218672907561,0.3667617585477433,0.6566031290135073,[[ 9315 15820][ 6299 103454]],9315,15820,6299,103454
11,112,0.6234423518180847,asleep,0.8360195124844315,0.5965799923145895,0.3705987666600358,0.45718913347566814,0.3667617585477433,0.6566031290135073,[[ 103454 6299][ 15820 9315]],103454,6299,15820,9315
11,112,0.6234423518180847,avg,0.8360195124844315,0.7319721062567297,0.6566031290135073,0.6803055003832121,0.3667617585477433,0.6566031290135073,,,,,
