client,round,loss,class,accuracy,precision,recall,f1_score,cohen_kappa_score,roc_auc_score,confusion_matrix,TP,FP,FN,TN
10,167,0.6605835556983948,awake,0.7635816380997569,0.9090775357521882,0.7882791358778348,0.8443798128068241,0.3628567761606558,0.7220090726136738,[[ 16482 8653][ 23237 86516]],16482,8653,23237,86516
10,167,0.6605835556983948,asleep,0.7635816380997569,0.4149651300385206,0.6557390093495127,0.5082801369229346,0.3628567761606558,0.7220090726136738,[[ 86516 23237][ 8653 16482]],86516,23237,8653,16482
10,167,0.6605835556983948,avg,0.7635816380997569,0.6620213328953544,0.7220090726136738,0.6763299748648793,0.3628567761606558,0.7220090726136738,,,,,
