client,round,loss,class,accuracy,precision,recall,f1_score,cohen_kappa_score,roc_auc_score,confusion_matrix,TP,FP,FN,TN
16,71,0.6440027952194214,awake,0.8088414091690884,0.8591077049404681,0.915145827448908,0.8862418106015487,0.29184873835794467,0.6299023348503741,[[ 8663 16472][ 9313 100440]],8663,16472,9313,100440
16,71,0.6440027952194214,asleep,0.8088414091690884,0.48192033822874947,0.34465884225184007,0.40189278838347525,0.29184873835794467,0.6299023348503742,[[ 100440 9313][ 16472 8663]],100440,9313,16472,8663
16,71,0.6440027952194214,avg,0.8088414091690884,0.6705140215846088,0.6299023348503741,0.644067299492512,0.29184873835794467,0.6299023348503741,,,,,
