client,round,loss,class,accuracy,precision,recall,f1_score,cohen_kappa_score,roc_auc_score,confusion_matrix,TP,FP,FN,TN
8,125,0.7506688833236694,awake,0.795741652333788,0.8448693959404918,0.9174145581441965,0.8796488009435199,0.21259373307521923,0.5909332587816667,[[ 6647 18488][ 9064 100689]],6647,18488,9064,100689
8,125,0.7506688833236694,asleep,0.795741652333788,0.4230793711412386,0.2644519594191367,0.32546638593742355,0.21259373307521923,0.5909332587816666,[[ 100689 9064][ 18488 6647]],100689,9064,18488,6647
8,125,0.7506688833236694,avg,0.795741652333788,0.6339743835408652,0.5909332587816666,0.6025575934404718,0.21259373307521923,0.5909332587816667,,,,,
