client,round,loss,class,accuracy,precision,recall,f1_score,cohen_kappa_score,roc_auc_score,confusion_matrix,TP,FP,FN,TN
2,18,0.4371504485607147,awake,0.8226751082379455,0.8938351136071652,0.8874746020609915,0.8906435021145275,0.42214359956596026,0.7136000422280291,[[ 13566 11569][ 12350 97403]],13566,11569,12350,97403
2,18,0.4371504485607147,asleep,0.8226751082379455,0.5234604105571847,0.5397254823950667,0.5314685314685315,0.42214359956596026,0.7136000422280291,[[ 97403 12350][ 11569 13566]],97403,12350,11569,13566
2,18,0.4371504485607147,avg,0.8226751082379455,0.708647762082175,0.7136000422280291,0.7110560167915294,0.42214359956596026,0.7136000422280291,,,,,
