client,round,loss,class,accuracy,precision,recall,f1_score,cohen_kappa_score,roc_auc_score,confusion_matrix,TP,FP,FN,TN
11,5,0.4800961911678314,awake,0.833825099341676,0.8682413060343374,0.9381338095541808,0.9018354128255547,0.36609742355890773,0.6582453412202971,[[ 9510 15625][ 6790 102963]],9510,15625,6790,102963
11,5,0.4800961911678314,asleep,0.833825099341676,0.5834355828220859,0.37835687288641334,0.4590322191384096,0.36609742355890773,0.658245341220297,[[ 102963 6790][ 15625 9510]],102963,6790,15625,9510
11,5,0.4800961911678314,avg,0.833825099341676,0.7258384444282115,0.6582453412202971,0.6804338159819822,0.36609742355890773,0.6582453412202971,,,,,
