client,round,loss,class,accuracy,precision,recall,f1_score,cohen_kappa_score,roc_auc_score,confusion_matrix,TP,FP,FN,TN
9,91,0.7431583404541016,awake,0.8410088369610343,0.8692103788810007,0.9471085072845389,0.9064889989622485,0.38253575485089153,0.662414408804394,[[ 9494 15641][ 5805 103948]],9494,15641,5805,103948
9,91,0.7431583404541016,asleep,0.8410088369610343,0.6205634355186613,0.3777203103242491,0.4696047880496612,0.38253575485089153,0.662414408804394,[[ 103948 5805][ 15641 9494]],103948,5805,15641,9494
9,91,0.7431583404541016,avg,0.8410088369610343,0.744886907199831,0.662414408804394,0.6880468935059549,0.38253575485089153,0.662414408804394,,,,,
