client,round,loss,class,accuracy,precision,recall,f1_score,cohen_kappa_score,roc_auc_score,confusion_matrix,TP,FP,FN,TN
3,196,0.8069679141044617,awake,0.8257294940988079,0.87282992115092,0.919838182099806,0.8957177142806443,0.3679997953370058,0.667319130835063,[[ 10426 14709][ 8798 100955]],10426,14709,8798,100955
3,196,0.8069679141044617,asleep,0.8257294940988079,0.5423429047024553,0.4148000795703203,0.470073716720395,0.3679997953370058,0.667319130835063,[[ 100955 8798][ 14709 10426]],100955,8798,14709,10426
3,196,0.8069679141044617,avg,0.8257294940988079,0.7075864129266876,0.6673191308350631,0.6828957155005196,0.3679997953370058,0.667319130835063,,,,,
