client,round,loss,class,accuracy,precision,recall,f1_score,cohen_kappa_score,roc_auc_score,confusion_matrix,TP,FP,FN,TN
11,76,0.5922213792800903,awake,0.8350928177450923,0.8682139881678714,0.9400107514145399,0.9026870007262164,0.36823220819629554,0.6584875718481094,[[ 9475 15660][ 6584 103169]],9475,15660,6584,103169
11,76,0.5922213792800903,asleep,0.8350928177450923,0.5900118313718165,0.37696439228167894,0.4600184492887314,0.36823220819629554,0.6584875718481095,[[ 103169 6584][ 15660 9475]],103169,6584,15660,9475
11,76,0.5922213792800903,avg,0.8350928177450923,0.7291129097698439,0.6584875718481095,0.6813527250074739,0.36823220819629554,0.6584875718481094,,,,,
