client,round,loss,class,accuracy,precision,recall,f1_score,cohen_kappa_score,roc_auc_score,confusion_matrix,TP,FP,FN,TN
7,91,0.6527316570281982,awake,0.816380997568353,0.8400460943814471,0.956447659745064,0.8944758301592577,0.21026477348711736,0.5806109394806482,[[ 5147 19988][ 4780 104973]],5147,19988,4780,104973
7,91,0.6527316570281982,asleep,0.816380997568353,0.5184849400624559,0.20477421921623234,0.2935942045519366,0.21026477348711736,0.5806109394806481,[[ 104973 4780][ 19988 5147]],104973,4780,19988,5147
7,91,0.6527316570281982,avg,0.816380997568353,0.6792655172219515,0.5806109394806481,0.5940350173555972,0.21026477348711736,0.5806109394806482,,,,,
