client,round,loss,class,accuracy,precision,recall,f1_score,cohen_kappa_score,roc_auc_score,confusion_matrix,TP,FP,FN,TN
5,70,0.7381370663642883,awake,0.7468344107704169,0.848797726475853,0.8381638770694195,0.843447286263759,0.18235883257898944,0.5931022289663788,[[ 8748 16387][ 17762 91991]],8748,16387,17762,91991
5,70,0.7381370663642883,asleep,0.7468344107704169,0.32998868351565447,0.348040580863338,0.33877432471681673,0.18235883257898944,0.5931022289663788,[[ 91991 17762][ 16387 8748]],91991,17762,16387,8748
5,70,0.7381370663642883,avg,0.7468344107704169,0.5893932049957538,0.5931022289663788,0.5911108054902878,0.18235883257898944,0.5931022289663788,,,,,
