client,round,loss,class,accuracy,precision,recall,f1_score,cohen_kappa_score,roc_auc_score,confusion_matrix,TP,FP,FN,TN
0,38,0.5128455758094788,awake,0.8127261135163988,0.8545733805583066,0.9277104042714094,0.8896412828365349,0.2784690343112055,0.6191764673037969,[[ 7808 17327][ 7934 101819]],7808,17327,7934,101819
0,38,0.5128455758094788,asleep,0.8127261135163988,0.4959979672214458,0.3106425303361846,0.38202412114391954,0.2784690343112055,0.619176467303797,[[ 101819 7934][ 17327 7808]],101819,7934,17327,7808
0,38,0.5128455758094788,avg,0.8127261135163988,0.6752856738898761,0.6191764673037969,0.6358327019902272,0.2784690343112055,0.6191764673037969,,,,,
