client,round,loss,class,accuracy,precision,recall,f1_score,cohen_kappa_score,roc_auc_score,confusion_matrix,TP,FP,FN,TN
13,141,0.6772060394287109,awake,0.8012795800960797,0.8828769778992264,0.8713657029876176,0.8770835721655394,0.35873811573643144,0.6833056881757265,[[ 12448 12687][ 14118 95635]],12448,12687,14118,95635
13,141,0.6772060394287109,asleep,0.8012795800960797,0.46856884739893095,0.4952456733638353,0.4815380746987486,0.35873811573643144,0.6833056881757265,[[ 95635 14118][ 12687 12448]],95635,14118,12687,12448
13,141,0.6772060394287109,avg,0.8012795800960797,0.6757229126490787,0.6833056881757265,0.679310823432144,0.35873811573643144,0.6833056881757265,,,,,
