client,round,loss,class,accuracy,precision,recall,f1_score,cohen_kappa_score,roc_auc_score,confusion_matrix,TP,FP,FN,TN
10,133,0.6577795147895813,awake,0.7274701974971829,0.9064685704102998,0.7415742622069557,0.815772197192557,0.31194161360544514,0.7037292436954811,[[ 16737 8398][ 28363 81390]],16737,8398,28363,81390
10,133,0.6577795147895813,asleep,0.7274701974971829,0.37110864745011085,0.6658842251840064,0.47659998576208445,0.31194161360544514,0.703729243695481,[[ 81390 28363][ 8398 16737]],81390,28363,8398,16737
10,133,0.6577795147895813,avg,0.7274701974971829,0.6387886089302053,0.703729243695481,0.6461860914773208,0.31194161360544514,0.703729243695481,,,,,
