client,round,loss,class,accuracy,precision,recall,f1_score,cohen_kappa_score,roc_auc_score,confusion_matrix,TP,FP,FN,TN
16,155,0.8205761313438416,awake,0.8122813000415159,0.8653989301850538,0.9109819321567519,0.8876055875394497,0.32071865527326526,0.6461414534465877,[[ 9584 15551][ 9770 99983]],9584,15551,9770,99983
16,155,0.8205761313438416,asleep,0.8122813000415159,0.4951947917743102,0.3813009747364233,0.430848074805008,0.32071865527326526,0.6461414534465876,[[ 99983 9770][ 15551 9584]],99983,9770,15551,9584
16,155,0.8205761313438416,avg,0.8122813000415159,0.680296860979682,0.6461414534465877,0.6592268311722289,0.32071865527326526,0.6461414534465877,,,,,
