client,round,loss,class,accuracy,precision,recall,f1_score,cohen_kappa_score,roc_auc_score,confusion_matrix,TP,FP,FN,TN
6,129,0.8302608728408813,awake,0.6108697586145543,0.8845079501504083,0.6001111586927009,0.7150697275495749,0.16737270393669879,0.6289793907646913,[[ 16535 8600][ 43889 65864]],16535,8600,43889,65864
6,129,0.8302608728408813,asleep,0.6108697586145543,0.2736495432278565,0.657847622836682,0.38651690646220743,0.16737270393669879,0.6289793907646914,[[ 65864 43889][ 8600 16535]],65864,43889,8600,16535
6,129,0.8302608728408813,avg,0.6108697586145543,0.5790787466891324,0.6289793907646914,0.5507933170058912,0.16737270393669879,0.6289793907646914,,,,,
