client,round,loss,class,accuracy,precision,recall,f1_score,cohen_kappa_score,roc_auc_score,confusion_matrix,TP,FP,FN,TN
6,190,0.9112020134925842,awake,0.6263196133088191,0.8995960140048478,0.6086758448516214,0.7260791357132377,0.20205082807642316,0.6560188454415259,[[ 17679 7456][ 42949 66804]],17679,7456,42949,66804
6,190,0.9112020134925842,asleep,0.6263196133088191,0.29159794154516067,0.7033618460314303,0.41227568998285974,0.20205082807642316,0.6560188454415259,[[ 66804 42949][ 7456 17679]],66804,42949,7456,17679
6,190,0.9112020134925842,avg,0.6263196133088191,0.5955969777750042,0.6560188454415259,0.5691774128480487,0.20205082807642316,0.6560188454415259,,,,,
