client,round,loss,class,accuracy,precision,recall,f1_score,cohen_kappa_score,roc_auc_score,confusion_matrix,TP,FP,FN,TN
9,67,0.6418703198432922,awake,0.838888559397426,0.8771154126286385,0.9326578772334242,0.9040343377963048,0.40530044885423433,0.6810494478667618,[[ 10794 14341][ 7391 102362]],10794,14341,7391,102362
9,67,0.6418703198432922,asleep,0.838888559397426,0.5935661259279627,0.42944101850009947,0.4983379501385042,0.40530044885423433,0.6810494478667618,[[ 102362 7391][ 14341 10794]],102362,7391,14341,10794
9,67,0.6418703198432922,avg,0.838888559397426,0.7353407692783005,0.6810494478667618,0.7011861439674045,0.40530044885423433,0.6810494478667618,,,,,
