client,round,loss,class,accuracy,precision,recall,f1_score,cohen_kappa_score,roc_auc_score,confusion_matrix,TP,FP,FN,TN
15,24,0.7671079039573669,awake,0.5469574758318012,0.8007072118297252,0.5900704308766047,0.6794380855461251,-0.03550479747383872,0.47438671732809745,[[ 9016 16119][ 44991 64762]],9016,16119,44991,64762
15,24,0.7671079039573669,asleep,0.5469574758318012,0.16694132242116763,0.3587030037795902,0.22784362285512116,-0.03550479747383872,0.47438671732809745,[[ 64762 44991][ 16119 9016]],64762,44991,16119,9016
15,24,0.7671079039573669,avg,0.5469574758318012,0.4838242671254464,0.47438671732809745,0.4536408542006231,-0.03550479747383872,0.47438671732809745,,,,,
