client,round,loss,class,accuracy,precision,recall,f1_score,cohen_kappa_score,roc_auc_score,confusion_matrix,TP,FP,FN,TN
16,12,0.5640281438827515,awake,0.8159806654409584,0.8649398863900037,0.9170318806775214,0.8902244865467284,0.3246837280296384,0.6458841519958125,[[ 9419 15716][ 9106 100647]],9419,15716,9106,100647
16,12,0.5640281438827515,asleep,0.8159806654409584,0.5084480431848853,0.37473642331410384,0.4314704535043518,0.3246837280296384,0.6458841519958125,[[ 100647 9106][ 15716 9419]],100647,9106,15716,9419
16,12,0.5640281438827515,avg,0.8159806654409584,0.6866939647874446,0.6458841519958126,0.6608474700255401,0.3246837280296384,0.6458841519958125,,,,,
