client,round,loss,class,accuracy,precision,recall,f1_score,cohen_kappa_score,roc_auc_score,confusion_matrix,TP,FP,FN,TN
1,25,0.5153046250343323,awake,0.7801805942708024,0.8441280588397031,0.8951281513944949,0.8688803689798662,0.19301498392789251,0.5866927806902851,[[ 6994 18141][ 11510 98243]],6994,18141,11510,98243
1,25,0.5153046250343323,asleep,0.7801805942708024,0.37797233030696065,0.2782574099860752,0.32053896743738397,0.19301498392789251,0.5866927806902851,[[ 98243 11510][ 18141 6994]],98243,11510,18141,6994
1,25,0.5153046250343323,avg,0.7801805942708024,0.6110501945733319,0.5866927806902851,0.594709668208625,0.19301498392789251,0.5866927806902851,,,,,
