client,round,loss,class,accuracy,precision,recall,f1_score,cohen_kappa_score,roc_auc_score,confusion_matrix,TP,FP,FN,TN
0,188,0.7488938570022583,awake,0.7534695451040864,0.8823382413210583,0.8042604757956502,0.8414921303755111,0.2923963536548192,0.6679746779216962,[[ 13364 11771][ 21483 88270]],13364,11771,21483,88270
0,188,0.7488938570022583,asleep,0.7534695451040864,0.38350503630154675,0.5316888800477422,0.4456003467706979,0.2923963536548192,0.6679746779216962,[[ 88270 21483][ 11771 13364]],88270,21483,11771,13364
0,188,0.7488938570022583,avg,0.7534695451040864,0.6329216388113026,0.6679746779216962,0.6435462385731044,0.2923963536548192,0.6679746779216962,,,,,
