client,round,loss,class,accuracy,precision,recall,f1_score,cohen_kappa_score,roc_auc_score,confusion_matrix,TP,FP,FN,TN
7,26,0.5032747983932495,awake,0.8217261728248622,0.8424787813883605,0.9604839958816616,0.8976196254241545,0.23071514576260688,0.5881592448077494,[[ 5425 19710][ 4337 105416]],5425,19710,4337,105416
7,26,0.5032747983932495,asleep,0.8217261728248622,0.5557262855972137,0.21583449373383728,0.3109149783649024,0.23071514576260688,0.5881592448077494,[[ 105416 4337][ 19710 5425]],105416,4337,19710,5425
7,26,0.5032747983932495,avg,0.8217261728248622,0.6991025334927872,0.5881592448077494,0.6042673018945285,0.23071514576260688,0.5881592448077494,,,,,
