client,round,loss,class,accuracy,precision,recall,f1_score,cohen_kappa_score,roc_auc_score,confusion_matrix,TP,FP,FN,TN
10,48,0.5570043921470642,awake,0.7330303659332187,0.9089235410243329,0.7467130739023079,0.8198720481795126,0.3229745599609981,0.7099986694357372,[[ 16923 8212][ 27799 81954]],16923,8212,27799,81954
10,48,0.5570043921470642,asleep,0.7330303659332187,0.37840436474218503,0.6732842649691665,0.4845040582905078,0.3229745599609981,0.7099986694357372,[[ 81954 27799][ 8212 16923]],81954,27799,8212,16923
10,48,0.5570043921470642,avg,0.7330303659332187,0.643663952883259,0.7099986694357372,0.6521880532350102,0.3229745599609981,0.7099986694357372,,,,,
