client,round,loss,class,accuracy,precision,recall,f1_score,cohen_kappa_score,roc_auc_score,confusion_matrix,TP,FP,FN,TN
16,182,0.9553394913673401,awake,0.8153134452286341,0.8675539150702261,0.9122939691853525,0.8893616265333131,0.3330489338838365,0.6520690056788111,[[ 9849 15286][ 9626 100127]],9849,15286,9626,100127
16,182,0.9553394913673401,asleep,0.8153134452286341,0.5057252888318357,0.39184404217226976,0.4415601882985878,0.3330489338838365,0.6520690056788111,[[ 100127 9626][ 15286 9849]],100127,9626,15286,9849
16,182,0.9553394913673401,avg,0.8153134452286341,0.6866396019510308,0.6520690056788112,0.6654609074159504,0.3330489338838365,0.6520690056788111,,,,,
