client,round,loss,class,accuracy,precision,recall,f1_score,cohen_kappa_score,roc_auc_score,confusion_matrix,TP,FP,FN,TN
4,139,1.2002500295639038,awake,0.8128002490955459,0.8341373529039605,0.9610215666086577,0.8930952874881986,0.17018255824984818,0.5633037015458248,[[ 4162 20973][ 4278 105475]],4162,20973,4278,105475
4,139,1.2002500295639038,asleep,0.8128002490955459,0.49312796208530807,0.16558583648299185,0.24792256142963517,0.17018255824984818,0.5633037015458248,[[ 105475 4278][ 20973 4162]],105475,4278,20973,4162
4,139,1.2002500295639038,avg,0.8128002490955459,0.6636326574946343,0.5633037015458248,0.5705089244589169,0.17018255824984818,0.5633037015458248,,,,,
