client,round,loss,class,accuracy,precision,recall,f1_score,cohen_kappa_score,roc_auc_score,confusion_matrix,TP,FP,FN,TN
1,193,0.8790404796600342,awake,0.6876371508214222,0.826110441282855,0.7803613568649604,0.8025844781378264,0.05773277603294935,0.5315572449731605,[[ 7107 18028][ 24106 85647]],7107,18028,24106,85647
1,193,0.8790404796600342,asleep,0.6876371508214222,0.2276935892096242,0.28275313308136063,0.25225385106836085,0.05773277603294935,0.5315572449731606,[[ 85647 24106][ 18028 7107]],85647,24106,18028,7107
1,193,0.8790404796600342,avg,0.6876371508214222,0.5269020152462396,0.5315572449731605,0.5274191646030937,0.05773277603294935,0.5315572449731605,,,,,
