client,round,loss,class,accuracy,precision,recall,f1_score,cohen_kappa_score,roc_auc_score,confusion_matrix,TP,FP,FN,TN
16,106,0.7962067127227783,awake,0.818249214162861,0.8558213316635358,0.9339699142620247,0.8931895019344045,0.2917663272636478,0.6234599919430275,[[ 7866 17269][ 7247 102506]],7866,17269,7247,102506
16,106,0.7962067127227783,asleep,0.818249214162861,0.5204790577648383,0.3129500696240302,0.3908765652951699,0.2917663272636478,0.6234599919430275,[[ 102506 7247][ 17269 7866]],102506,7247,17269,7866
16,106,0.7962067127227783,avg,0.818249214162861,0.688150194714187,0.6234599919430275,0.6420330336147873,0.2917663272636478,0.6234599919430275,,,,,
