client,round,loss,class,accuracy,precision,recall,f1_score,cohen_kappa_score,roc_auc_score,confusion_matrix,TP,FP,FN,TN
13,60,0.7385098338127136,awake,0.7598600320265702,0.8906608223162615,0.8035042322305541,0.8448406349692958,0.32006889617878953,0.686395044303063,[[ 14309 10826][ 21566 88187]],14309,10826,21566,88187
13,60,0.7385098338127136,asleep,0.7598600320265702,0.39885714285714285,0.5692858563755719,0.4690706441566956,0.32006889617878953,0.6863950443030631,[[ 88187 21566][ 10826 14309]],88187,21566,10826,14309
13,60,0.7385098338127136,avg,0.7598600320265702,0.6447589825867022,0.6863950443030631,0.6569556395629957,0.32006889617878953,0.6863950443030631,,,,,
