client,round,loss,class,accuracy,precision,recall,f1_score,cohen_kappa_score,roc_auc_score,confusion_matrix,TP,FP,FN,TN
7,36,0.5354689955711365,awake,0.8056980606132496,0.8483554606711589,0.9268812697602798,0.8858816101713365,0.24097338473407448,0.6017139589302691,[[ 6951 18184][ 8025 101728]],6951,18184,8025,101728
7,36,0.5354689955711365,asleep,0.8056980606132496,0.4641426282051282,0.2765466481002586,0.34658821769589393,0.24097338473407448,0.6017139589302692,[[ 101728 8025][ 18184 6951]],101728,8025,18184,6951
7,36,0.5354689955711365,avg,0.8056980606132496,0.6562490444381435,0.6017139589302692,0.6162349139336152,0.24097338473407448,0.6017139589302691,,,,,
