client,round,loss,class,accuracy,precision,recall,f1_score,cohen_kappa_score,roc_auc_score,confusion_matrix,TP,FP,FN,TN
14,102,0.5349587202072144,awake,0.815758258703517,0.8697360055046032,0.9098338997567265,0.889333202711007,0.3412929820233247,0.6574035223868175,[[ 10179 14956][ 9896 99857]],10179,14956,9896,99857
14,102,0.5349587202072144,asleep,0.815758258703517,0.5070485678704857,0.4049731450169087,0.450298606502986,0.3412929820233247,0.6574035223868175,[[ 99857 9896][ 14956 10179]],99857,9896,14956,10179
14,102,0.5349587202072144,avg,0.815758258703517,0.6883922866875445,0.6574035223868175,0.6698159046069965,0.3412929820233247,0.6574035223868175,,,,,
