client,round,loss,class,accuracy,precision,recall,f1_score,cohen_kappa_score,roc_auc_score,confusion_matrix,TP,FP,FN,TN
9,178,0.8973772525787354,awake,0.8390294169978055,0.8737095897853844,0.9377055752462348,0.904577116614296,0.3945008468907991,0.6729307665369826,[[ 10259 14876][ 6837 102916]],10259,14876,6837,102916
9,178,0.8973772525787354,asleep,0.8390294169978055,0.6000818905007019,0.40815595782773023,0.4858516255831024,0.3945008468907991,0.6729307665369826,[[ 102916 6837][ 14876 10259]],102916,6837,14876,10259
9,178,0.8973772525787354,avg,0.8390294169978055,0.7368957401430432,0.6729307665369825,0.6952143710986992,0.3945008468907991,0.6729307665369826,,,,,
