client,round,loss,class,accuracy,precision,recall,f1_score,cohen_kappa_score,roc_auc_score,confusion_matrix,TP,FP,FN,TN
10,138,0.6770913004875183,awake,0.7157493624340193,0.9142025219539923,0.7180395980064326,0.804333625916022,0.3113382062723494,0.7118942768229894,[[ 17739 7396][ 30946 78807]],17739,7396,30946,78807
10,138,0.6770913004875183,asleep,0.7157493624340193,0.36436274006367464,0.7057489556395464,0.4806014630181523,0.3113382062723494,0.7118942768229897,[[ 78807 30946][ 7396 17739]],78807,30946,7396,17739
10,138,0.6770913004875183,avg,0.7157493624340193,0.6392826310088335,0.7118942768229894,0.6424675444670871,0.3113382062723494,0.7118942768229896,,,,,
