client,round,loss,class,accuracy,precision,recall,f1_score,cohen_kappa_score,roc_auc_score,confusion_matrix,TP,FP,FN,TN
3,144,0.7886527180671692,awake,0.8244098807899888,0.8592753381198864,0.9377784661922681,0.8968122230790343,0.3157107745464648,0.6335799034760823,[[ 8279 16856][ 6829 102924]],8279,16856,6829,102924
3,144,0.7886527180671692,asleep,0.8244098807899888,0.5479878210219751,0.32938134075989656,0.4114504385855925,0.3157107745464648,0.6335799034760823,[[ 102924 6829][ 16856 8279]],102924,6829,16856,8279
3,144,0.7886527180671692,avg,0.8244098807899888,0.7036315795709307,0.6335799034760823,0.6541313308323133,0.3157107745464648,0.6335799034760823,,,,,
