client,round,loss,class,accuracy,precision,recall,f1_score,cohen_kappa_score,roc_auc_score,confusion_matrix,TP,FP,FN,TN
8,38,0.6057851314544678,awake,0.7920348733764309,0.8408781782224485,0.9181525789727844,0.8778180424405032,0.18867512540875864,0.5797446801766647,[[ 6066 19069][ 8983 100770]],6066,19069,8983,100770
8,38,0.6057851314544678,asleep,0.7920348733764309,0.4030832613462689,0.24133678138054507,0.30191120844117064,0.18867512540875864,0.5797446801766647,[[ 100770 8983][ 19069 6066]],100770,8983,19069,6066
8,38,0.6057851314544678,avg,0.7920348733764309,0.6219807197843586,0.5797446801766647,0.589864625440837,0.18867512540875864,0.5797446801766647,,,,,
