client,round,loss,class,accuracy,precision,recall,f1_score,cohen_kappa_score,roc_auc_score,confusion_matrix,TP,FP,FN,TN
7,99,0.649279773235321,awake,0.818249214162861,0.8445840509051512,0.9517644164624202,0.8949767386070581,0.2378140771655286,0.5935070341711345,[[ 5913 19222][ 5294 104459]],5913,19222,5294,104459
7,99,0.649279773235321,asleep,0.818249214162861,0.5276166681538325,0.2352496518798488,0.325408618127786,0.2378140771655286,0.5935070341711345,[[ 104459 5294][ 19222 5913]],104459,5294,19222,5913
7,99,0.649279773235321,avg,0.818249214162861,0.6861003595294919,0.5935070341711345,0.6101926783674221,0.2378140771655286,0.5935070341711345,,,,,
