client,round,loss,class,accuracy,precision,recall,f1_score,cohen_kappa_score,roc_auc_score,confusion_matrix,TP,FP,FN,TN
8,34,0.584352970123291,awake,0.7864895320562244,0.8429427164970728,0.9064900276074458,0.873562209149179,0.19355403257985704,0.5844962570899771,[[ 6598 18537][ 10263 99490]],6598,18537,10263,99490
8,34,0.584352970123291,asleep,0.7864895320562244,0.3913172409702865,0.26250248657250846,0.31422040194304224,0.19355403257985704,0.5844962570899771,[[ 99490 10263][ 18537 6598]],99490,10263,18537,6598
8,34,0.584352970123291,avg,0.7864895320562244,0.6171299787336796,0.5844962570899771,0.5938913055461106,0.19355403257985704,0.5844962570899771,,,,,
