client,round,loss,class,accuracy,precision,recall,f1_score,cohen_kappa_score,roc_auc_score,confusion_matrix,TP,FP,FN,TN
5,78,0.7999807596206665,awake,0.7635371567522685,0.8417148725871437,0.873679990524177,0.8573996083585933,0.16694586058816074,0.5781369914824983,[[ 7103 18032][ 13864 95889]],7103,18032,13864,95889
5,78,0.7999807596206665,asleep,0.7635371567522685,0.338770448800496,0.28259399244081956,0.3081428137607913,0.16694586058816074,0.5781369914824983,[[ 95889 13864][ 18032 7103]],95889,13864,18032,7103
5,78,0.7999807596206665,avg,0.7635371567522685,0.5902426606938198,0.5781369914824983,0.5827712110596923,0.16694586058816074,0.5781369914824983,,,,,
