client,round,loss,class,accuracy,precision,recall,f1_score,cohen_kappa_score,roc_auc_score,confusion_matrix,TP,FP,FN,TN
5,10,0.5652244687080383,awake,0.7754210900895557,0.8481911238869803,0.8818164423751514,0.8646770036228485,0.20643336947125224,0.5963289492560062,[[ 7813 17322][ 12971 96782]],7813,17322,12971,96782
5,10,0.5652244687080383,asleep,0.7754210900895557,0.3759141647421093,0.3108414561368609,0.34029486704849843,0.20643336947125224,0.5963289492560062,[[ 96782 12971][ 17322 7813]],96782,12971,17322,7813
5,10,0.5652244687080383,avg,0.7754210900895557,0.6120526443145448,0.5963289492560062,0.6024859353356735,0.20643336947125224,0.5963289492560062,,,,,
