client,round,loss,class,accuracy,precision,recall,f1_score,cohen_kappa_score,roc_auc_score,confusion_matrix,TP,FP,FN,TN
6,52,0.5940834283828735,awake,0.7191670126327027,0.8593025115981443,0.7830674332364491,0.8194156429214993,0.19420846900057975,0.611605329906468,[[ 11063 14072][ 23809 85944]],11063,14072,23809,85944
6,52,0.5940834283828735,asleep,0.7191670126327027,0.3172459279651296,0.44014322657648697,0.36872364890762743,0.19420846900057975,0.611605329906468,[[ 85944 23809][ 14072 11063]],85944,23809,14072,11063
6,52,0.5940834283828735,avg,0.7191670126327027,0.588274219781637,0.6116053299064681,0.5940696459145633,0.19420846900057975,0.611605329906468,,,,,
