client,round,loss,class,accuracy,precision,recall,f1_score,cohen_kappa_score,roc_auc_score,confusion_matrix,TP,FP,FN,TN
2,56,0.4966532289981842,awake,0.8355228041041457,0.8637802537451083,0.9472360664400973,0.9035852418408588,0.3522447987193702,0.6474791830111766,[[ 8740 16395][ 5791 103962]],8740,16395,5791,103962
2,56,0.4966532289981842,asleep,0.8355228041041457,0.6014727135090496,0.3477222995822558,0.4406796752886603,0.3522447987193702,0.6474791830111765,[[ 103962 5791][ 16395 8740]],103962,5791,16395,8740
2,56,0.4966532289981842,avg,0.8355228041041457,0.7326264836270789,0.6474791830111766,0.6721324585647596,0.3522447987193702,0.6474791830111766,,,,,
