client,round,loss,class,accuracy,precision,recall,f1_score,cohen_kappa_score,roc_auc_score,confusion_matrix,TP,FP,FN,TN
9,147,0.8374837636947632,awake,0.8375318782990333,0.8744990364445657,0.9344254826747332,0.9034696313654323,0.39435598299439045,0.674433747901918,[[ 10417 14718][ 7197 102556]],10417,14718,7197,102556
9,147,0.8374837636947632,asleep,0.8375318782990333,0.5914045645509254,0.41444201312910284,0.48735642939016116,0.39435598299439045,0.6744337479019181,[[ 102556 7197][ 14718 10417]],102556,7197,14718,10417
9,147,0.8374837636947632,avg,0.8375318782990333,0.7329518004977456,0.674433747901918,0.6954130303777968,0.39435598299439045,0.674433747901918,,,,,
