client,round,loss,class,accuracy,precision,recall,f1_score,cohen_kappa_score,roc_auc_score,confusion_matrix,TP,FP,FN,TN
0,12,0.48010873794555664,awake,0.7927539884941581,0.8818268386952219,0.8606233998159504,0.8710961095971264,0.34313478218361293,0.6785114214118542,[[ 12477 12658][ 15297 94456]],12477,12658,15297,94456
0,12,0.48010873794555664,asleep,0.7927539884941581,0.44923309570101533,0.4963994430077581,0.47163998563571413,0.34313478218361293,0.6785114214118543,[[ 94456 15297][ 12658 12477]],94456,15297,12658,12477
0,12,0.48010873794555664,avg,0.7927539884941581,0.6655299671981186,0.6785114214118543,0.6713680476164202,0.34313478218361293,0.6785114214118542,,,,,
