client,round,loss,class,accuracy,precision,recall,f1_score,cohen_kappa_score,roc_auc_score,confusion_matrix,TP,FP,FN,TN
14,19,0.4623194932937622,awake,0.8278052903149279,0.8540285756370599,0.9508988364782739,0.8998641977969865,0.29813348299682274,0.6206055749926678,[[ 7297 17838][ 5389 104364]],7297,17838,5389,104364
14,19,0.4623194932937622,asleep,0.8278052903149279,0.5752010089862841,0.2903123135070619,0.38587028370482007,0.29813348299682274,0.6206055749926679,[[ 104364 5389][ 17838 7297]],104364,5389,17838,7297
14,19,0.4623194932937622,avg,0.8278052903149279,0.714614792311672,0.6206055749926679,0.6428672407509033,0.29813348299682274,0.6206055749926678,,,,,
