client,round,loss,class,accuracy,precision,recall,f1_score,cohen_kappa_score,roc_auc_score,confusion_matrix,TP,FP,FN,TN
4,200,1.2341290712356567,awake,0.8247434908961508,0.8487909595366357,0.9546800543037548,0.8986269178980952,0.26841559120043634,0.6060251276094067,[[ 6469 18666][ 4974 104779]],6469,18666,4974,104779
4,200,1.2341290712356567,asleep,0.8247434908961508,0.5653237787293542,0.2573702009150587,0.35370988025589156,0.26841559120043634,0.6060251276094067,[[ 104779 4974][ 18666 6469]],104779,4974,18666,6469
4,200,1.2341290712356567,avg,0.8247434908961508,0.707057369132995,0.6060251276094067,0.6261683990769934,0.26841559120043634,0.6060251276094067,,,,,
