client,round,loss,class,accuracy,precision,recall,f1_score,cohen_kappa_score,roc_auc_score,confusion_matrix,TP,FP,FN,TN
12,136,1.0769906044006348,awake,0.8181824921416286,0.8293453899064843,0.9777318159868067,0.8974462978218055,0.14200275299379106,0.54961784751996,[[ 3054 22081][ 2444 107309]],3054,22081,2444,107309
12,136,1.0769906044006348,asleep,0.8181824921416286,0.5554747180793016,0.12150387905311319,0.19939281167368525,0.14200275299379106,0.5496178475199599,[[ 107309 2444][ 22081 3054]],107309,2444,22081,3054
12,136,1.0769906044006348,avg,0.8181824921416286,0.692410053992893,0.5496178475199599,0.5484195547477454,0.14200275299379106,0.54961784751996,,,,,
