client,round,loss,class,accuracy,precision,recall,f1_score,cohen_kappa_score,roc_auc_score,confusion_matrix,TP,FP,FN,TN
6,58,0.5911921858787537,awake,0.7338236166300931,0.8714476847706902,0.7892996091223019,0.8283419391853127,0.24241907384425054,0.6404425238768462,[[ 12356 12779][ 23125 86628]],12356,12779,23125,86628
6,58,0.5911921858787537,asleep,0.7338236166300931,0.3482427214565542,0.4915854386313905,0.4076811402929919,0.24241907384425054,0.6404425238768462,[[ 86628 23125][ 12779 12356]],86628,23125,12779,12356
6,58,0.5911921858787537,avg,0.7338236166300931,0.6098452031136222,0.6404425238768462,0.6180115397391523,0.24241907384425054,0.6404425238768462,,,,,
