client,round,loss,class,accuracy,precision,recall,f1_score,cohen_kappa_score,roc_auc_score,confusion_matrix,TP,FP,FN,TN
2,106,0.6134577393531799,awake,0.8348036889864183,0.8674963027695617,0.9406485471923318,0.9025926622107788,0.36509969241069007,0.6566381785096331,[[ 9366 15769][ 6514 103239]],9366,15769,6514,103239
2,106,0.6134577393531799,asleep,0.8348036889864183,0.5897984886649874,0.37262780982693455,0.4567109594050957,0.36509969241069007,0.6566381785096331,[[ 103239 6514][ 15769 9366]],103239,6514,15769,9366
2,106,0.6134577393531799,avg,0.8348036889864183,0.7286473957172745,0.6566381785096331,0.6796518108079372,0.36509969241069007,0.6566381785096331,,,,,
