client,round,loss,class,accuracy,precision,recall,f1_score,cohen_kappa_score,roc_auc_score,confusion_matrix,TP,FP,FN,TN
0,65,0.575105607509613,awake,0.7871715793843782,0.8815929486877666,0.8529971845872094,0.8670593574319506,0.3344763878314494,0.6763692905231651,[[ 12561 12574][ 16134 93619]],12561,12574,16134,93619
0,65,0.575105607509613,asleep,0.7871715793843782,0.4377417668583377,0.49974139645912075,0.46669143600222923,0.3344763878314494,0.6763692905231652,[[ 93619 16134][ 12574 12561]],93619,16134,12574,12561
0,65,0.575105607509613,avg,0.7871715793843782,0.6596673577730522,0.6763692905231651,0.66687539671709,0.3344763878314494,0.6763692905231651,,,,,
