client,round,loss,class,accuracy,precision,recall,f1_score,cohen_kappa_score,roc_auc_score,confusion_matrix,TP,FP,FN,TN
12,69,0.915795087814331,awake,0.8190350513018207,0.8276248608391877,0.9821508295900795,0.8982908190901592,0.12969532109937854,0.5444670996965715,[[ 2684 22451][ 1959 107794]],2684,22451,1959,107794
12,69,0.915795087814331,asleep,0.8190350513018207,0.5780745207839759,0.10678336980306345,0.18026731143797434,0.12969532109937854,0.5444670996965715,[[ 107794 1959][ 22451 2684]],107794,1959,22451,2684
12,69,0.915795087814331,avg,0.8190350513018207,0.7028496908115818,0.5444670996965715,0.5392790652640668,0.12969532109937854,0.5444670996965715,,,,,
