client,round,loss,class,accuracy,precision,recall,f1_score,cohen_kappa_score,roc_auc_score,confusion_matrix,TP,FP,FN,TN
8,99,0.7412282228469849,awake,0.8035777830496412,0.8390756850096113,0.9386076007033977,0.8860552628749596,0.19063685198100744,0.5762860959554386,[[ 5378 19757][ 6738 103015]],5378,19757,6738,103015
8,99,0.7412282228469849,asleep,0.8035777830496412,0.4438758666226477,0.2139645912074796,0.288743926337548,0.19063685198100744,0.5762860959554387,[[ 103015 6738][ 19757 5378]],103015,6738,19757,5378
8,99,0.7412282228469849,avg,0.8035777830496412,0.6414757758161295,0.5762860959554387,0.5873995946062538,0.19063685198100744,0.5762860959554386,,,,,
