client,round,loss,class,accuracy,precision,recall,f1_score,cohen_kappa_score,roc_auc_score,confusion_matrix,TP,FP,FN,TN
15,107,0.9863084554672241,awake,0.5049967380345175,0.7794043084283467,0.5462356382057894,0.6423137910345418,-0.08568860666794764,0.43558052051526785,[[ 8167 16968][ 49802 59951]],8167,16968,49802,59951
15,107,0.9863084554672241,asleep,0.5049967380345175,0.14088564577619073,0.32492540282474636,0.1965489025798999,-0.08568860666794764,0.43558052051526785,[[ 59951 49802][ 16968 8167]],59951,49802,16968,8167
15,107,0.9863084554672241,avg,0.5049967380345175,0.46014497710226876,0.43558052051526785,0.41943134680722083,-0.08568860666794764,0.43558052051526785,,,,,
