client,round,loss,class,accuracy,precision,recall,f1_score,cohen_kappa_score,roc_auc_score,confusion_matrix,TP,FP,FN,TN
6,22,0.5046687126159668,awake,0.7914269616274242,0.9047637939755809,0.831148123513708,0.8663950307727376,0.3950285111545424,0.7245655079474249,[[ 15533 9602][ 18532 91221]],15533,9602,18532,91221
6,22,0.5046687126159668,asleep,0.7914269616274242,0.4559812123880816,0.6179828923811418,0.5247635135135135,0.3950285111545424,0.7245655079474249,[[ 91221 18532][ 9602 15533]],91221,18532,9602,15533
6,22,0.5046687126159668,avg,0.7914269616274242,0.6803725031818313,0.7245655079474249,0.6955792721431255,0.3950285111545424,0.7245655079474249,,,,,
