client,round,loss,class,accuracy,precision,recall,f1_score,cohen_kappa_score,roc_auc_score,confusion_matrix,TP,FP,FN,TN
7,118,0.6586244702339172,awake,0.8149575944487278,0.8403837662076994,0.9537233606370669,0.8934735476381516,0.21055383613846068,0.5813772959938865,[[ 5254 19881][ 5079 104674]],5254,19881,5079,104674
7,118,0.6586244702339172,asleep,0.8149575944487278,0.5084680150972613,0.2090312313507062,0.2962670576294124,0.21055383613846068,0.5813772959938865,[[ 104674 5079][ 19881 5254]],104674,5079,19881,5254
7,118,0.6586244702339172,avg,0.8149575944487278,0.6744258906524803,0.5813772959938865,0.594870302633782,0.21055383613846068,0.5813772959938865,,,,,
