client,round,loss,class,accuracy,precision,recall,f1_score,cohen_kappa_score,roc_auc_score,confusion_matrix,TP,FP,FN,TN
8,7,0.4895666837692261,awake,0.8121775102307099,0.8182270540870641,0.9888385738886408,0.8954787925294256,0.045635858651243755,0.5148091815136461,[[ 1025 24110][ 1225 108528]],1025,24110,1225,108528
8,7,0.4895666837692261,asleep,0.8121775102307099,0.45555555555555555,0.04077978913865128,0.07485849917838233,0.045635858651243755,0.514809181513646,[[ 108528 1225][ 24110 1025]],108528,1225,24110,1025
8,7,0.4895666837692261,avg,0.8121775102307099,0.6368913048213098,0.5148091815136461,0.48516864585390396,0.045635858651243755,0.514809181513646,,,,,
