client,round,loss,class,accuracy,precision,recall,f1_score,cohen_kappa_score,roc_auc_score,confusion_matrix,TP,FP,FN,TN
10,155,0.7040567994117737,awake,0.7072089437162683,0.9080318253092514,0.7122994360063051,0.7983436134144847,0.29150924189158833,0.6986402690276204,[[ 17217 7918][ 31576 78177]],17217,7918,31576,78177
10,155,0.7040567994117737,asleep,0.7072089437162683,0.3528579919250712,0.6849811020489357,0.4657775132561411,0.29150924189158833,0.6986402690276203,[[ 78177 31576][ 7918 17217]],78177,31576,7918,17217
10,155,0.7040567994117737,avg,0.7072089437162683,0.6304449086171613,0.6986402690276203,0.6320605633353129,0.29150924189158833,0.6986402690276203,,,,,
