client,round,loss,class,accuracy,precision,recall,f1_score,cohen_kappa_score,roc_auc_score,confusion_matrix,TP,FP,FN,TN
15,157,0.9965767860412598,awake,0.5297654350275784,0.7859576779673573,0.5800388144287628,0.6674774968414321,-0.07613848678881885,0.4451417465817973,[[ 7798 17337][ 46092 63661]],7798,17337,46092,63661
15,157,0.9965767860412598,asleep,0.5297654350275784,0.1447021710892559,0.3102446787348319,0.1973552673204682,-0.07613848678881885,0.4451417465817973,[[ 63661 46092][ 17337 7798]],63661,46092,17337,7798
15,157,0.9965767860412598,avg,0.5297654350275784,0.46532992452830657,0.4451417465817974,0.4324163820809501,-0.07613848678881885,0.4451417465817973,,,,,
