client,round,loss,class,accuracy,precision,recall,f1_score,cohen_kappa_score,roc_auc_score,confusion_matrix,TP,FP,FN,TN
4,3,0.5016908049583435,awake,0.7927243342624992,0.8338803167605519,0.9306533762175065,0.879613163798263,0.1505056140232952,0.5605524688925209,[[ 4787 20348][ 7611 102142]],4787,20348,7611,102142
4,3,0.5016908049583435,asleep,0.7927243342624992,0.38611066301016295,0.19045156156753532,0.2550821943356513,0.1505056140232952,0.560552468892521,[[ 102142 7611][ 20348 4787]],102142,7611,20348,4787
4,3,0.5016908049583435,avg,0.7927243342624992,0.6099954898853575,0.560552468892521,0.5673476790669572,0.1505056140232952,0.560552468892521,,,,,
