client,round,loss,class,accuracy,precision,recall,f1_score,cohen_kappa_score,roc_auc_score,confusion_matrix,TP,FP,FN,TN
15,153,1.022533655166626,awake,0.5104382895439179,0.77808027479168,0.5572603937933359,0.649412289363871,-0.09254292333092318,0.43162403019684703,[[ 7691 17444][ 48592 61161]],7691,17444,48592,61161
15,153,1.022533655166626,asleep,0.5104382895439179,0.13664872163886077,0.3059876666003581,0.18892628165761874,-0.09254292333092318,0.43162403019684703,[[ 61161 48592][ 17444 7691]],61161,48592,17444,7691
15,153,1.022533655166626,avg,0.5104382895439179,0.45736449821527037,0.43162403019684703,0.41916928551074484,-0.09254292333092318,0.43162403019684703,,,,,
