client,round,loss,class,accuracy,precision,recall,f1_score,cohen_kappa_score,roc_auc_score,confusion_matrix,TP,FP,FN,TN
11,188,0.8251612186431885,awake,0.8294436866140799,0.8660488982285575,0.934999498874746,0.8992043602460525,0.3505014699553982,0.6517647186038739,[[ 9263 15872][ 7134 102619]],9263,15872,7134,102619
11,188,0.8251612186431885,asleep,0.8294436866140799,0.5649204122705372,0.3685299383330018,0.4460656842916305,0.3505014699553982,0.651764718603874,[[ 102619 7134][ 15872 9263]],102619,7134,15872,9263
11,188,0.8251612186431885,avg,0.8294436866140799,0.7154846552495473,0.6517647186038739,0.6726350222688415,0.3505014699553982,0.651764718603874,,,,,
