client,round,loss,class,accuracy,precision,recall,f1_score,cohen_kappa_score,roc_auc_score,confusion_matrix,TP,FP,FN,TN
13,111,0.7275498509407043,awake,0.751089793013463,0.8905042137423363,0.7913952238207612,0.8380296298440357,0.3086644573655615,0.6832448567880413,[[ 14455 10680][ 22895 86858]],14455,10680,22895,86858
13,111,0.7275498509407043,asleep,0.751089793013463,0.38701472556894245,0.5750944897553213,0.462671041049852,0.3086644573655615,0.6832448567880411,[[ 86858 22895][ 10680 14455]],86858,22895,10680,14455
13,111,0.7275498509407043,avg,0.751089793013463,0.6387594696556393,0.6832448567880413,0.6503503354469439,0.3086644573655615,0.6832448567880411,,,,,
