client,round,loss,class,accuracy,precision,recall,f1_score,cohen_kappa_score,roc_auc_score,confusion_matrix,TP,FP,FN,TN
12,60,0.8559017777442932,awake,0.8186421327323409,0.8293558850787767,0.9784242799741237,0.8977440403288844,0.1424780293939245,0.5496855833926716,[[ 3040 22095][ 2368 107385]],3040,22095,2368,107385
12,60,0.8559017777442932,asleep,0.8186421327323409,0.5621301775147929,0.12094688681121941,0.19906361523098584,0.1424780293939245,0.5496855833926715,[[ 107385 2368][ 22095 3040]],107385,2368,22095,3040
12,60,0.8559017777442932,avg,0.8186421327323409,0.6957430312967847,0.5496855833926716,0.5484038277799351,0.1424780293939245,0.5496855833926715,,,,,
