client,round,loss,class,accuracy,precision,recall,f1_score,cohen_kappa_score,roc_auc_score,confusion_matrix,TP,FP,FN,TN
9,81,0.6912140250205994,awake,0.8379766917739161,0.8740531431392241,0.9357010742303171,0.9038271132292175,0.39370168482380574,0.6734801372742991,[[ 10337 14798][ 7057 102696]],10337,14798,7057,102696
9,81,0.6912140250205994,asleep,0.8379766917739161,0.5942853857652064,0.4112592003182813,0.4861153565802158,0.39370168482380574,0.6734801372742992,[[ 102696 7057][ 14798 10337]],102696,7057,14798,10337
9,81,0.6912140250205994,avg,0.8379766917739161,0.7341692644522153,0.6734801372742992,0.6949712349047167,0.39370168482380574,0.6734801372742991,,,,,
