client,round,loss,class,accuracy,precision,recall,f1_score,cohen_kappa_score,roc_auc_score,confusion_matrix,TP,FP,FN,TN
6,180,0.8900929093360901,awake,0.6278616333550797,0.8852064576218566,0.623490929632903,0.7316486418578294,0.18057247043666236,0.6352187092962606,[[ 16261 8874][ 41323 68430]],16261,8874,41323,68430
6,180,0.8900929093360901,asleep,0.6278616333550797,0.28238746874131704,0.646946488959618,0.39316239316239315,0.18057247043666236,0.6352187092962605,[[ 68430 41323][ 8874 16261]],68430,41323,8874,16261
6,180,0.8900929093360901,avg,0.6278616333550797,0.5837969631815868,0.6352187092962605,0.5624055175101113,0.18057247043666236,0.6352187092962605,,,,,
