client,round,loss,class,accuracy,precision,recall,f1_score,cohen_kappa_score,roc_auc_score,confusion_matrix,TP,FP,FN,TN
14,129,0.6027159690856934,awake,0.8195836545875096,0.8502275616056418,0.9446757719606753,0.8949667239251095,0.2681872540709056,0.6090198036250563,[[ 6871 18264][ 6072 103681]],6871,18264,6072,103681
14,129,0.6027159690856934,asleep,0.8195836545875096,0.5308661052306266,0.27336383528943703,0.36089080308839744,0.2681872540709056,0.6090198036250561,[[ 103681 6072][ 18264 6871]],103681,6072,18264,6871
14,129,0.6027159690856934,avg,0.8195836545875096,0.6905468334181342,0.6090198036250561,0.6279287635067534,0.2681872540709056,0.6090198036250563,,,,,
