client,round,loss,class,accuracy,precision,recall,f1_score,cohen_kappa_score,roc_auc_score,confusion_matrix,TP,FP,FN,TN
13,116,0.745128333568573,awake,0.7398582527726707,0.8902723328628926,0.7759150091569251,0.8291692631250974,0.2946260531121867,0.679164984188568,[[ 14639 10496][ 24594 85159]],14639,10496,24594,85159
13,116,0.745128333568573,asleep,0.7398582527726707,0.373129763209543,0.5824149592202109,0.4548533432761621,0.2946260531121867,0.6791649841885681,[[ 85159 24594][ 10496 14639]],85159,24594,10496,14639
13,116,0.745128333568573,avg,0.7398582527726707,0.6317010480362178,0.6791649841885681,0.6420113032006298,0.2946260531121867,0.6791649841885681,,,,,
