client,round,loss,class,accuracy,precision,recall,f1_score,cohen_kappa_score,roc_auc_score,confusion_matrix,TP,FP,FN,TN
10,166,0.7072454690933228,awake,0.726298855346658,0.905814705030199,0.7406266799085218,0.8149340070479371,0.30938975937495006,0.7021812532226118,[[ 16683 8452][ 28467 81286]],16683,8452,28467,81286
10,166,0.7072454690933228,asleep,0.726298855346658,0.3695016611295681,0.6637358265367018,0.47472433662943725,0.30938975937495006,0.7021812532226119,[[ 81286 28467][ 8452 16683]],81286,28467,8452,16683
10,166,0.7072454690933228,avg,0.726298855346658,0.6376581830798835,0.7021812532226118,0.6448291718386872,0.30938975937495006,0.7021812532226119,,,,,
