client,round,loss,class,accuracy,precision,recall,f1_score,cohen_kappa_score,roc_auc_score,confusion_matrix,TP,FP,FN,TN
0,86,0.6090198159217834,awake,0.7621804756538758,0.8949097047099975,0.8018824086813117,0.8458459276202925,0.3325190462691612,0.6953513893416504,[[ 14800 10335][ 21744 88009]],14800,10335,21744,88009
0,86,0.6090198159217834,asleep,0.7621804756538758,0.4049912434325744,0.5888203700019893,0.47990401919616077,0.3325190462691612,0.6953513893416504,[[ 88009 21744][ 10335 14800]],88009,21744,10335,14800
0,86,0.6090198159217834,avg,0.7621804756538758,0.649950474071286,0.6953513893416505,0.6628749734082267,0.3325190462691612,0.6953513893416504,,,,,
