client,round,loss,class,accuracy,precision,recall,f1_score,cohen_kappa_score,roc_auc_score,confusion_matrix,TP,FP,FN,TN
4,97,1.0856738090515137,awake,0.817834054919637,0.8301563553770901,0.9757455377073975,0.8970823525469729,0.1476352926918827,0.5520263395718209,[[ 3225 21910][ 2662 107091]],3225,21910,2662,107091
4,97,1.0856738090515137,asleep,0.817834054919637,0.5478172243927297,0.12830714143624428,0.20791696215588937,0.1476352926918827,0.5520263395718209,[[ 107091 2662][ 21910 3225]],107091,2662,21910,3225
4,97,1.0856738090515137,avg,0.817834054919637,0.6889867898849099,0.5520263395718209,0.5524996573514311,0.1476352926918827,0.5520263395718209,,,,,
