client,round,loss,class,accuracy,precision,recall,f1_score,cohen_kappa_score,roc_auc_score,confusion_matrix,TP,FP,FN,TN
4,161,1.1302977800369263,awake,0.8197912342091216,0.8470073182419975,0.9501425929131778,0.89561557950788,0.2525028824242229,0.6003746583026203,[[ 6299 18836][ 5472 104281]],6299,18836,5472,104281
4,161,1.1302977800369263,asleep,0.8197912342091216,0.5351287061422139,0.2506067236920629,0.3413537094239419,0.2525028824242229,0.6003746583026203,[[ 104281 5472][ 18836 6299]],104281,5472,18836,6299
4,161,1.1302977800369263,avg,0.8197912342091216,0.6910680121921057,0.6003746583026204,0.6184846444659109,0.2525028824242229,0.6003746583026203,,,,,
