client,round,loss,class,accuracy,precision,recall,f1_score,cohen_kappa_score,roc_auc_score,confusion_matrix,TP,FP,FN,TN
0,69,0.5710511207580566,awake,0.8006939090208173,0.8817124063786861,0.8720399442384262,0.8768495020659454,0.35464966126162023,0.6805992440507826,[[ 12295 12840][ 14044 95709]],12295,12840,14044,95709
0,69,0.5710511207580566,asleep,0.8006939090208173,0.46679828391358824,0.48915854386313906,0.47771690562225594,0.35464966126162023,0.6805992440507828,[[ 95709 14044][ 12840 12295]],95709,14044,12840,12295
0,69,0.5710511207580566,avg,0.8006939090208173,0.6742553451461372,0.6805992440507826,0.6772832038441007,0.35464966126162023,0.6805992440507826,,,,,
