client,round,loss,class,accuracy,precision,recall,f1_score,cohen_kappa_score,roc_auc_score,confusion_matrix,TP,FP,FN,TN
10,90,0.7139978408813477,awake,0.6638766977047624,0.8940947579658363,0.6657585669640009,0.7632143808394742,0.2247870365801633,0.6607090029966215,[[ 16480 8655][ 36684 73069]],16480,8655,36684,73069
10,90,0.7139978408813477,asleep,0.6638766977047624,0.30998419983447445,0.6556594390292421,0.42095045913740914,0.2247870365801633,0.6607090029966215,[[ 73069 36684][ 8655 16480]],73069,36684,8655,16480
10,90,0.7139978408813477,avg,0.6638766977047624,0.6020394789001553,0.6607090029966215,0.5920824199884417,0.2247870365801633,0.6607090029966215,,,,,
