client,round,loss,class,accuracy,precision,recall,f1_score,cohen_kappa_score,roc_auc_score,confusion_matrix,TP,FP,FN,TN
9,157,0.8922024369239807,awake,0.8390294169978055,0.8731710211763111,0.9384800415478393,0.9046483543025273,0.39269475808987653,0.6716271303820358,[[ 10174 14961][ 6752 103001]],10174,14961,6752,103001
9,157,0.8922024369239807,asleep,0.8390294169978055,0.6010870849580527,0.40477421921623236,0.48377356696226903,0.39269475808987653,0.6716271303820359,[[ 103001 6752][ 14961 10174]],103001,6752,14961,10174
9,157,0.8922024369239807,avg,0.8390294169978055,0.7371290530671819,0.6716271303820358,0.6942109606323982,0.39269475808987653,0.6716271303820358,,,,,
