client,round,loss,class,accuracy,precision,recall,f1_score,cohen_kappa_score,roc_auc_score,confusion_matrix,TP,FP,FN,TN
18,33,0.6655428409576416,awake,0.818301109068264,0.8225860163783055,0.9902690587045456,0.8986724767342349,0.08778803763908805,0.5288325599868462,[[ 1694 23441][ 1068 108685]],1694,23441,1068,108685
18,33,0.6655428409576416,asleep,0.818301109068264,0.6133236784938451,0.06739606126914661,0.12144675054665377,0.08778803763908805,0.5288325599868461,[[ 108685 1068][ 23441 1694]],108685,1068,23441,1694
18,33,0.6655428409576416,avg,0.818301109068264,0.7179548474360753,0.5288325599868461,0.5100596136404443,0.08778803763908805,0.5288325599868462,,,,,
