client,round,loss,class,accuracy,precision,recall,f1_score,cohen_kappa_score,roc_auc_score,confusion_matrix,TP,FP,FN,TN
18,63,0.7757884860038757,awake,0.8186198920585968,0.8239919768422492,0.988155221269578,0.8986377873158443,0.10004191456370548,0.5332461007879619,[[ 1969 23166][ 1300 108453]],1969,23166,1300,108453
18,63,0.7757884860038757,asleep,0.8186198920585968,0.6023248699908229,0.07833698030634573,0.1386424447260949,0.10004191456370548,0.5332461007879619,[[ 108453 1300][ 23166 1969]],108453,1300,23166,1969
18,63,0.7757884860038757,avg,0.8186198920585968,0.713158423416536,0.5332461007879619,0.5186401160209696,0.10004191456370548,0.5332461007879619,,,,,
