client,round,loss,class,accuracy,precision,recall,f1_score,cohen_kappa_score,roc_auc_score,confusion_matrix,TP,FP,FN,TN
12,115,0.9953722953796387,awake,0.8174263092343277,0.8303606078951862,0.9747523985676929,0.8967815215158996,0.148746828313998,0.5526039693256208,[[ 3279 21856][ 2771 106982]],3279,21856,2771,106982
12,115,0.9953722953796387,asleep,0.8174263092343277,0.5419834710743802,0.13045554008354884,0.2102934102934103,0.148746828313998,0.5526039693256208,[[ 106982 2771][ 21856 3279]],106982,2771,21856,3279
12,115,0.9953722953796387,avg,0.8174263092343277,0.6861720394847832,0.5526039693256208,0.553537465904655,0.148746828313998,0.5526039693256208,,,,,
