client,round,loss,class,accuracy,precision,recall,f1_score,cohen_kappa_score,roc_auc_score,confusion_matrix,TP,FP,FN,TN
3,127,0.7231943607330322,awake,0.8276792598303778,0.865420844984751,0.9333594525889953,0.8981071531899597,0.34519713097354976,0.6497909258170758,[[ 9205 15930][ 7314 102439]],9205,15930,7314,102439
3,127,0.7231943607330322,asleep,0.8276792598303778,0.5572371208910951,0.36622239904515613,0.44197436020550246,0.34519713097354976,0.6497909258170758,[[ 102439 7314][ 15930 9205]],102439,7314,15930,9205
3,127,0.7231943607330322,avg,0.8276792598303778,0.711328982937923,0.6497909258170758,0.6700407566977311,0.34519713097354976,0.6497909258170758,,,,,
