client,round,loss,class,accuracy,precision,recall,f1_score,cohen_kappa_score,roc_auc_score,confusion_matrix,TP,FP,FN,TN
5,195,0.9530895352363586,awake,0.7649160785244055,0.8376350877800178,0.8820533379497599,0.8592705679770644,0.1487635519023116,0.5677424040057135,[[ 6370 18765][ 12945 96808]],6370,18765,12945,96808
5,195,0.9530895352363586,asleep,0.7649160785244055,0.32979549572870825,0.253431470061667,0.2866141732283465,0.1487635519023116,0.5677424040057134,[[ 96808 12945][ 18765 6370]],96808,12945,18765,6370
5,195,0.9530895352363586,avg,0.7649160785244055,0.5837152917543631,0.5677424040057135,0.5729423706027055,0.1487635519023116,0.5677424040057135,,,,,
