client,round,loss,class,accuracy,precision,recall,f1_score,cohen_kappa_score,roc_auc_score,confusion_matrix,TP,FP,FN,TN
16,42,0.6439289450645447,awake,0.8153208587865488,0.8595243745338667,0.9240476342332328,0.890618893938396,0.3028808349693839,0.6323043024955701,[[ 8560 16575][ 8336 101417]],8560,16575,8336,101417
16,42,0.6439289450645447,asleep,0.8153208587865488,0.5066287878787878,0.3405609707579073,0.407318407841831,0.3028808349693839,0.63230430249557,[[ 101417 8336][ 16575 8560]],101417,8336,16575,8560
16,42,0.6439289450645447,avg,0.8153208587865488,0.6830765812063273,0.63230430249557,0.6489686508901135,0.3028808349693839,0.6323043024955701,,,,,
