client,round,loss,class,accuracy,precision,recall,f1_score,cohen_kappa_score,roc_auc_score,confusion_matrix,TP,FP,FN,TN
11,122,0.5932522416114807,awake,0.8357748650732459,0.8874196201915848,0.9141344655726951,0.900578968627979,0.4295137419677093,0.7038744736854922,[[ 12407 12728][ 9424 100329]],12407,12728,9424,100329
11,122,0.5932522416114807,asleep,0.8357748650732459,0.5683202785030461,0.49361448179828926,0.5283396499595453,0.4295137419677093,0.7038744736854922,[[ 100329 9424][ 12728 12407]],100329,9424,12728,12407
11,122,0.5932522416114807,avg,0.8357748650732459,0.7278699493473155,0.7038744736854922,0.7144593092937621,0.4295137419677093,0.7038744736854922,,,,,
