client,round,loss,class,accuracy,precision,recall,f1_score,cohen_kappa_score,roc_auc_score,confusion_matrix,TP,FP,FN,TN
5,71,0.7370327711105347,awake,0.755686198920586,0.8414822851451338,0.8621449983143968,0.8516883362361106,0.1595700159293274,0.5764872594516086,[[ 7310 17825][ 15130 94623]],7310,17825,15130,94623
5,71,0.7370327711105347,asleep,0.755686198920586,0.32575757575757575,0.2908295205888204,0.3073042564372044,0.1595700159293274,0.5764872594516087,[[ 94623 15130][ 17825 7310]],94623,15130,17825,7310
5,71,0.7370327711105347,avg,0.755686198920586,0.5836199304513547,0.5764872594516086,0.5794962963366574,0.1595700159293274,0.5764872594516086,,,,,
