client,round,loss,class,accuracy,precision,recall,f1_score,cohen_kappa_score,roc_auc_score,confusion_matrix,TP,FP,FN,TN
2,60,0.5246983766555786,awake,0.833150465571437,0.8580950739199317,0.952447769081483,0.9028129237306433,0.324796966870732,0.6323408529115392,[[ 7848 17287][ 5219 104534]],7848,17287,5219,104534
2,60,0.5246983766555786,asleep,0.833150465571437,0.6005969235478686,0.3122339367415954,0.41086854091408825,0.324796966870732,0.6323408529115392,[[ 104534 5219][ 17287 7848]],104534,5219,17287,7848
2,60,0.5246983766555786,avg,0.833150465571437,0.7293459987339002,0.6323408529115392,0.6568407323223657,0.324796966870732,0.6323408529115392,,,,,
