client,round,loss,class,accuracy,precision,recall,f1_score,cohen_kappa_score,roc_auc_score,confusion_matrix,TP,FP,FN,TN
11,140,0.6750082969665527,awake,0.8350186821659451,0.8650445985297921,0.944602881014642,0.903074912891986,0.35627246487997766,0.6505588504933961,[[ 8961 16174][ 6080 103673]],8961,16174,6080,103673
11,140,0.6750082969665527,asleep,0.8350186821659451,0.5957715577421714,0.3565148199721504,0.44608721624850656,0.35627246487997766,0.6505588504933961,[[ 103673 6080][ 16174 8961]],103673,6080,16174,8961
11,140,0.6750082969665527,avg,0.8350186821659451,0.7304080781359817,0.6505588504933961,0.6745810645702464,0.35627246487997766,0.6505588504933961,,,,,
