client,round,loss,class,accuracy,precision,recall,f1_score,cohen_kappa_score,roc_auc_score,confusion_matrix,TP,FP,FN,TN
13,195,0.6981398463249207,awake,0.8265227447956823,0.8762428435738124,0.9161936347981376,0.8957730167921252,0.3803554870756213,0.6755823952785198,[[ 10933 14202][ 9198 100555]],10933,14202,9198,100555
13,195,0.6981398463249207,asleep,0.8265227447956823,0.5430927425363866,0.43497115575890194,0.4830557151062608,0.3803554870756213,0.6755823952785198,[[ 100555 9198][ 14202 10933]],100555,9198,14202,10933
13,195,0.6981398463249207,avg,0.8265227447956823,0.7096677930550995,0.6755823952785198,0.6894143659491929,0.3803554870756213,0.6755823952785198,,,,,
