client,round,loss,class,accuracy,precision,recall,f1_score,cohen_kappa_score,roc_auc_score,confusion_matrix,TP,FP,FN,TN
7,157,0.7336916327476501,awake,0.8165070280529031,0.8369084423305588,0.9619418148023289,0.8950797573578971,0.19158039123834358,0.5717009650896466,[[ 4561 20574][ 4177 105576]],4561,20574,4177,105576
7,157,0.7336916327476501,asleep,0.8165070280529031,0.5219729915312429,0.18146011537696438,0.269300032474242,0.19158039123834358,0.5717009650896466,[[ 105576 4177][ 20574 4561]],105576,4177,20574,4561
7,157,0.7336916327476501,avg,0.8165070280529031,0.6794407169309009,0.5717009650896466,0.5821898949160695,0.19158039123834358,0.5717009650896466,,,,,
