client,round,loss,class,accuracy,precision,recall,f1_score,cohen_kappa_score,roc_auc_score,confusion_matrix,TP,FP,FN,TN
11,90,0.6387089490890503,awake,0.8349816143763715,0.8705739843458815,0.9364026495858883,0.9022892386031912,0.3764386360482306,0.6642625939395524,[[ 9856 15279][ 6980 102773]],9856,15279,6980,102773
11,90,0.6387089490890503,asleep,0.8349816143763715,0.5854122119268235,0.39212253829321664,0.46965762073812867,0.3764386360482306,0.6642625939395526,[[ 102773 6980][ 15279 9856]],102773,6980,15279,9856
11,90,0.6387089490890503,avg,0.8349816143763715,0.7279930981363525,0.6642625939395524,0.6859734296706599,0.3764386360482306,0.6642625939395526,,,,,
