client,round,loss,class,accuracy,precision,recall,f1_score,cohen_kappa_score,roc_auc_score,confusion_matrix,TP,FP,FN,TN
0,49,0.5791170597076416,awake,0.8020209358875512,0.8346496671555906,0.9436188532431915,0.8857955395898818,0.1632153074895567,0.5636733613739331,[[ 4618 20517][ 6188 103565]],4618,20517,6188,103565
0,49,0.5791170597076416,asleep,0.8020209358875512,0.42735517305200815,0.18372786950467476,0.25697671183328236,0.1632153074895567,0.5636733613739331,[[ 103565 6188][ 20517 4618]],103565,6188,20517,4618
0,49,0.5791170597076416,avg,0.8020209358875512,0.6310024201037994,0.5636733613739331,0.5713861257115821,0.1632153074895567,0.5636733613739331,,,,,
