client,round,loss,class,accuracy,precision,recall,f1_score,cohen_kappa_score,roc_auc_score,confusion_matrix,TP,FP,FN,TN
7,58,0.5628485083580017,awake,0.8099608564142103,0.8577187715284452,0.9188632656966097,0.8872388158184138,0.2878365160611792,0.6266486608968427,[[ 8406 16729][ 8905 100848]],8406,16729,8905,100848
7,58,0.5628485083580017,asleep,0.8099608564142103,0.48558719889087865,0.33443405609707577,0.3960797248268388,0.2878365160611792,0.6266486608968427,[[ 100848 8905][ 16729 8406]],100848,8905,16729,8406
7,58,0.5628485083580017,avg,0.8099608564142103,0.671652985209662,0.6266486608968427,0.6416592703226263,0.2878365160611792,0.6266486608968427,,,,,
