client,round,loss,class,accuracy,precision,recall,f1_score,cohen_kappa_score,roc_auc_score,confusion_matrix,TP,FP,FN,TN
18,96,0.7626655697822571,awake,0.8175152719293043,0.8247657847355733,0.985002687853635,0.8977905484804571,0.10576578455782315,0.5355886723533144,[[ 2166 22969][ 1646 108107]],2166,22969,1646,108107
18,96,0.7626655697822571,asleep,0.8175152719293043,0.5682056663168941,0.08617465685299383,0.14965281376308426,0.10576578455782315,0.5355886723533144,[[ 108107 1646][ 22969 2166]],108107,1646,22969,2166
18,96,0.7626655697822571,avg,0.8175152719293043,0.6964857255262337,0.5355886723533144,0.5237216811217706,0.10576578455782315,0.5355886723533144,,,,,
