client,round,loss,class,accuracy,precision,recall,f1_score,cohen_kappa_score,roc_auc_score,confusion_matrix,TP,FP,FN,TN
0,95,0.6246065497398376,awake,0.7650865903564439,0.8867717003567182,0.815403679170501,0.8495915470895654,0.3177348582801345,0.680389327152388,[[ 13708 11427][ 20260 89493]],13708,11427,20260,89493
0,95,0.6246065497398376,asleep,0.7650865903564439,0.4035562882713142,0.5453749751342749,0.46386816236062467,0.3177348582801345,0.680389327152388,[[ 89493 20260][ 11427 13708]],89493,20260,11427,13708
0,95,0.6246065497398376,avg,0.7650865903564439,0.6451639943140162,0.680389327152388,0.656729854725095,0.3177348582801345,0.680389327152388,,,,,
