client,round,loss,class,accuracy,precision,recall,f1_score,cohen_kappa_score,roc_auc_score,confusion_matrix,TP,FP,FN,TN
5,9,0.5538408756256104,awake,0.7685264812288713,0.8491649919078023,0.8700627773272712,0.8594868748509272,0.20366364878958543,0.5976134455564146,[[ 8173 16962][ 14261 95492]],8173,16962,14261,95492
5,9,0.5538408756256104,asleep,0.7685264812288713,0.36431309619327806,0.325164113785558,0.3436271521368959,0.20366364878958543,0.5976134455564146,[[ 95492 14261][ 16962 8173]],95492,14261,16962,8173
5,9,0.5538408756256104,avg,0.7685264812288713,0.6067390440505401,0.5976134455564146,0.6015570134939116,0.20366364878958543,0.5976134455564146,,,,,
