client,round,loss,class,accuracy,precision,recall,f1_score,cohen_kappa_score,roc_auc_score,confusion_matrix,TP,FP,FN,TN
1,27,0.5216526985168457,awake,0.7654202004626061,0.8458044465694478,0.8703725638479131,0.8579126514409908,0.18663955922871311,0.5887570000460969,[[ 7720 17415][ 14227 95526]],7720,17415,14227,95526
1,27,0.5216526985168457,asleep,0.7654202004626061,0.35175650430582767,0.30714143624428086,0.32793849029353045,0.18663955922871311,0.5887570000460969,[[ 95526 14227][ 17415 7720]],95526,14227,17415,7720
1,27,0.5216526985168457,avg,0.7654202004626061,0.5987804754376377,0.588757000046097,0.5929255708672606,0.18663955922871311,0.5887570000460969,,,,,
