client,round,loss,class,accuracy,precision,recall,f1_score,cohen_kappa_score,roc_auc_score,confusion_matrix,TP,FP,FN,TN
4,133,1.0302823781967163,awake,0.8178414684775518,0.8525511555526124,0.9384253733383142,0.8934295045562779,0.2766357343770568,0.6148661579243789,[[ 7322 17813][ 6758 102995]],7322,17813,6758,102995
4,133,1.0302823781967163,asleep,0.8178414684775518,0.5200284090909091,0.2913069425104436,0.37342853499936246,0.2766357343770568,0.6148661579243789,[[ 102995 6758][ 17813 7322]],102995,6758,17813,7322
4,133,1.0302823781967163,avg,0.8178414684775518,0.6862897823217607,0.6148661579243789,0.6334290197778202,0.2766357343770568,0.6148661579243789,,,,,
