client,round,loss,class,accuracy,precision,recall,f1_score,cohen_kappa_score,roc_auc_score,confusion_matrix,TP,FP,FN,TN
7,75,0.595250129699707,awake,0.8164477195895854,0.8465973966659055,0.9457873588876842,0.8934478084048803,0.2459796950679577,0.5987341409516996,[[ 6326 18809][ 5950 103803]],6326,18809,5950,103803
7,75,0.595250129699707,asleep,0.8164477195895854,0.5153144346692734,0.25168092301571515,0.33818930261153135,0.2459796950679577,0.5987341409516996,[[ 103803 5950][ 18809 6326]],103803,5950,18809,6326
7,75,0.595250129699707,avg,0.8164477195895854,0.6809559156675895,0.5987341409516996,0.6158185555082059,0.2459796950679577,0.5987341409516996,,,,,
