client,round,loss,class,accuracy,precision,recall,f1_score,cohen_kappa_score,roc_auc_score,confusion_matrix,TP,FP,FN,TN
2,142,0.573095440864563,awake,0.8331133977818634,0.8944674540160243,0.9012236567565352,0.8978328454398984,0.442557642744432,0.7184654189889699,[[ 13465 11670][ 10841 98912]],13465,11670,10841,98912
2,142,0.573095440864563,asleep,0.8331133977818634,0.553978441537069,0.5357071812214044,0.5446896300641166,0.442557642744432,0.7184654189889699,[[ 98912 10841][ 11670 13465]],98912,10841,11670,13465
2,142,0.573095440864563,avg,0.8331133977818634,0.7242229477765467,0.7184654189889698,0.7212612377520076,0.442557642744432,0.7184654189889699,,,,,
