client,round,loss,class,accuracy,precision,recall,f1_score,cohen_kappa_score,roc_auc_score,confusion_matrix,TP,FP,FN,TN
0,193,0.7750108242034912,awake,0.7497553525888144,0.8577386556204105,0.830127650269241,0.8437073152662602,0.217166854436585,0.6144670477325914,[[ 10024 15111][ 18644 91109]],10024,15111,18644,91109
0,193,0.7750108242034912,asleep,0.7497553525888144,0.34965815543463097,0.39880644519594194,0.3726186272140959,0.217166854436585,0.6144670477325914,[[ 91109 18644][ 15111 10024]],91109,18644,15111,10024
0,193,0.7750108242034912,avg,0.7497553525888144,0.6036984055275207,0.6144670477325914,0.608162971240178,0.217166854436585,0.6144670477325914,,,,,
