client,round,loss,class,accuracy,precision,recall,f1_score,cohen_kappa_score,roc_auc_score,confusion_matrix,TP,FP,FN,TN
3,73,0.6278844475746155,awake,0.8271232429867742,0.8484342750257998,0.9588166154911483,0.9002545073464936,0.27003096670485816,0.6054476950541081,[[ 6336 18799][ 4520 105233]],6336,18799,4520,105233
3,73,0.6278844475746155,asleep,0.8271232429867742,0.5836403831982314,0.25207877461706785,0.3520880220055014,0.27003096670485816,0.605447695054108,[[ 105233 4520][ 18799 6336]],105233,4520,18799,6336
3,73,0.6278844475746155,avg,0.8271232429867742,0.7160373291120157,0.6054476950541081,0.6261712646759975,0.27003096670485816,0.6054476950541081,,,,,
