client,round,loss,class,accuracy,precision,recall,f1_score,cohen_kappa_score,roc_auc_score,confusion_matrix,TP,FP,FN,TN
10,94,0.6703870296478271,awake,0.6941388411126268,0.9139931823126949,0.688919665066103,0.7856545389367151,0.28691785033491624,0.70292412535183,[[ 18020 7115][ 34142 75611]],18020,7115,34142,75611
10,94,0.6703870296478271,asleep,0.6941388411126268,0.34546221387216747,0.7169285856375572,0.46625354153460025,0.28691785033491624,0.7029241253518301,[[ 75611 34142][ 7115 18020]],75611,34142,7115,18020
10,94,0.6703870296478271,avg,0.6941388411126268,0.6297276980924311,0.7029241253518301,0.6259540402356577,0.28691785033491624,0.7029241253518301,,,,,
