client,round,loss,class,accuracy,precision,recall,f1_score,cohen_kappa_score,roc_auc_score,confusion_matrix,TP,FP,FN,TN
7,195,0.8160848021507263,awake,0.8256405314038313,0.8575563074269413,0.9422157025320492,0.897894860228965,0.31040816709456986,0.6294130034442622,[[ 7958 17177][ 6342 103411]],7958,17177,6342,103411
7,195,0.8160848021507263,asleep,0.8256405314038313,0.5565034965034965,0.316610304356475,0.40360086217826807,0.31040816709456986,0.6294130034442621,[[ 103411 6342][ 17177 7958]],103411,6342,17177,7958
7,195,0.8160848021507263,avg,0.8256405314038313,0.7070299019652189,0.6294130034442621,0.6507478612036166,0.31040816709456986,0.6294130034442622,,,,,
