client,round,loss,class,accuracy,precision,recall,f1_score,cohen_kappa_score,roc_auc_score,confusion_matrix,TP,FP,FN,TN
13,122,0.7372627854347229,awake,0.7588962694976573,0.8901935027534987,0.8026933204559329,0.8441821021665596,0.31777131276031456,0.6851739926329794,[[ 14268 10867][ 21655 88098]],14268,10867,21655,88098
13,122,0.7372627854347229,asleep,0.7588962694976573,0.39718286334660247,0.5676546648100259,0.4673589046480396,0.31777131276031456,0.6851739926329794,[[ 88098 21655][ 10867 14268]],88098,21655,10867,14268
13,122,0.7372627854347229,avg,0.7588962694976573,0.6436881830500506,0.6851739926329794,0.6557705034072996,0.31777131276031456,0.6851739926329794,,,,,
