client,round,loss,class,accuracy,precision,recall,f1_score,cohen_kappa_score,roc_auc_score,confusion_matrix,TP,FP,FN,TN
15,90,0.948675811290741,awake,0.5167175730976811,0.7855568371139305,0.5584995398759032,0.6528492994573524,-0.07213132272108624,0.44638722766621897,[[ 8402 16733][ 48456 61297]],8402,16733,48456,61297
15,90,0.948675811290741,asleep,0.5167175730976811,0.1477716416335432,0.3342749154565347,0.2049443245155074,-0.07213132272108624,0.44638722766621897,[[ 61297 48456][ 16733 8402]],61297,48456,16733,8402
15,90,0.948675811290741,avg,0.5167175730976811,0.46666423937373686,0.44638722766621897,0.42889681198642987,-0.07213132272108624,0.44638722766621897,,,,,
