client,round,loss,class,accuracy,precision,recall,f1_score,cohen_kappa_score,roc_auc_score,confusion_matrix,TP,FP,FN,TN
7,90,0.5827502608299255,awake,0.8141643437518534,0.8516159569521026,0.9344163713064791,0.8910968515533697,0.2672302523859358,0.6117476724246738,[[ 7266 17869][ 7198 102555]],7266,17869,7198,102555
7,90,0.5827502608299255,asleep,0.8141643437518534,0.5023506637168141,0.2890789735428685,0.3669789641152554,0.2672302523859358,0.6117476724246738,[[ 102555 7198][ 17869 7266]],102555,7198,17869,7266
7,90,0.5827502608299255,avg,0.8141643437518534,0.6769833103344584,0.6117476724246738,0.6290379078343126,0.2672302523859358,0.6117476724246738,,,,,
