client,round,loss,class,accuracy,precision,recall,f1_score,cohen_kappa_score,roc_auc_score,confusion_matrix,TP,FP,FN,TN
17,152,0.6520546674728394,awake,0.8252995077397545,0.8446417146513115,0.9622880467959873,0.8996349976362158,0.2474336031714831,0.5947107630041206,[[ 5709 19426][ 4139 105614]],5709,19426,4139,105614
17,152,0.6520546674728394,asleep,0.8252995077397545,0.5797116165718927,0.22713347921225382,0.32638710230683476,0.2474336031714831,0.5947107630041206,[[ 105614 4139][ 19426 5709]],105614,4139,19426,5709
17,152,0.6520546674728394,avg,0.8252995077397545,0.7121766656116022,0.5947107630041206,0.6130110499715253,0.2474336031714831,0.5947107630041206,,,,,
