client,round,loss,class,accuracy,precision,recall,f1_score,cohen_kappa_score,roc_auc_score,confusion_matrix,TP,FP,FN,TN
1,126,0.7291001677513123,awake,0.6746930787023309,0.8175245109853561,0.772653139321932,0.7944557386571233,0.017941978551304305,0.509799814140775,[[ 6207 18928][ 24952 84801]],6207,18928,24952,84801
1,126,0.7291001677513123,asleep,0.6746930787023309,0.19920408228762154,0.24694648895961807,0.2205208370341422,0.017941978551304305,0.509799814140775,[[ 84801 24952][ 18928 6207]],84801,24952,18928,6207
1,126,0.7291001677513123,avg,0.6746930787023309,0.5083642966364887,0.509799814140775,0.5074882878456327,0.017941978551304305,0.509799814140775,,,,,
