client,round,loss,class,accuracy,precision,recall,f1_score,cohen_kappa_score,roc_auc_score,confusion_matrix,TP,FP,FN,TN
9,96,0.753022313117981,awake,0.8382213391851017,0.8773052992919974,0.9314369538873652,0.9035611062498343,0.40465676116771065,0.6813142597167083,[[ 10838 14297][ 7525 102228]],10838,14297,7525,102228
9,96,0.753022313117981,asleep,0.8382213391851017,0.5902085715841638,0.4311915655460513,0.49832176192008837,0.40465676116771065,0.6813142597167083,[[ 102228 7525][ 14297 10838]],102228,7525,14297,10838
9,96,0.753022313117981,avg,0.8382213391851017,0.7337569354380806,0.6813142597167083,0.7009414340849613,0.40465676116771065,0.6813142597167083,,,,,
