client,round,loss,class,accuracy,precision,recall,f1_score,cohen_kappa_score,roc_auc_score,confusion_matrix,TP,FP,FN,TN
1,142,0.771929919719696,awake,0.6713273234090504,0.8284910871202611,0.7516605468643226,0.7882079798211419,0.0624596912903308,0.5361047910370946,[[ 8057 17078][ 27256 82497]],8057,17078,27256,82497
1,142,0.771929919719696,asleep,0.6713273234090504,0.2281596012799819,0.3205490352098667,0.2665762308099524,0.0624596912903308,0.5361047910370946,[[ 82497 27256][ 17078 8057]],82497,27256,17078,8057
1,142,0.771929919719696,avg,0.6713273234090504,0.5283253442001214,0.5361047910370946,0.5273921053155471,0.0624596912903308,0.5361047910370946,,,,,
