client,round,loss,class,accuracy,precision,recall,f1_score,cohen_kappa_score,roc_auc_score,confusion_matrix,TP,FP,FN,TN
5,193,0.9684918522834778,awake,0.7610758555245833,0.8385164225767857,0.8748371342924567,0.8562918041558905,0.1501148528304016,0.5695848691155938,[[ 6644 18491][ 13737 96016]],6644,18491,13737,96016
5,193,0.9684918522834778,asleep,0.7610758555245833,0.32598989254698,0.26433260393873087,0.2919412953686616,0.1501148528304016,0.5695848691155938,[[ 96016 13737][ 18491 6644]],96016,13737,18491,6644
5,193,0.9684918522834778,avg,0.7610758555245833,0.5822531575618829,0.5695848691155938,0.574116549762276,0.1501148528304016,0.5695848691155938,,,,,
