client,round,loss,class,accuracy,precision,recall,f1_score,cohen_kappa_score,roc_auc_score,confusion_matrix,TP,FP,FN,TN
12,137,1.0688586235046387,awake,0.8161585908309116,0.8314385811596351,0.9708891784279245,0.8957690594080214,0.1552371661101668,0.5557051820128482,[[ 3532 21603][ 3195 106558]],3532,21603,3195,106558
12,137,1.0688586235046387,asleep,0.8161585908309116,0.5250483127694366,0.14052118559777202,0.22170610758897744,0.1552371661101668,0.5557051820128482,[[ 106558 3195][ 21603 3532]],106558,3195,21603,3532
12,137,1.0688586235046387,avg,0.8161585908309116,0.6782434469645359,0.5557051820128482,0.5587375834984994,0.1552371661101668,0.5557051820128482,,,,,
