client,round,loss,class,accuracy,precision,recall,f1_score,cohen_kappa_score,roc_auc_score,confusion_matrix,TP,FP,FN,TN
13,72,0.7267376780509949,awake,0.7543814127275962,0.882421641046117,0.8054540650369466,0.8421829821895557,0.29370313825369165,0.6684123319018034,[[ 13356 11779][ 21352 88401]],13356,11779,21352,88401
13,72,0.7267376780509949,asleep,0.7543814127275962,0.3848104183473551,0.53137059876666,0.4463679962568721,0.29370313825369165,0.6684123319018034,[[ 88401 21352][ 11779 13356]],88401,21352,11779,13356
13,72,0.7267376780509949,avg,0.7543814127275962,0.633616029696736,0.6684123319018034,0.6442754892232139,0.29370313825369165,0.6684123319018034,,,,,
