client,round,loss,class,accuracy,precision,recall,f1_score,cohen_kappa_score,roc_auc_score,confusion_matrix,TP,FP,FN,TN
1,24,0.5577869415283203,awake,0.7497034576834114,0.8474890939520591,0.844323162009239,0.8459031657355679,0.17973563105863832,0.5904329157967421,[[ 8459 16676][ 17086 92667]],8459,16676,17086,92667
1,24,0.5577869415283203,asleep,0.7497034576834114,0.3311411235075357,0.33654266958424506,0.333820047355959,0.17973563105863832,0.5904329157967421,[[ 92667 17086][ 16676 8459]],92667,17086,16676,8459
1,24,0.5577869415283203,avg,0.7497034576834114,0.5893151087297974,0.5904329157967421,0.5898616065457635,0.17973563105863832,0.5904329157967421,,,,,
