client,round,loss,class,accuracy,precision,recall,f1_score,cohen_kappa_score,roc_auc_score,confusion_matrix,TP,FP,FN,TN
0,196,0.7871373891830444,awake,0.7467751023070992,0.8568070685521173,0.8269933395898063,0.841636259950762,0.21112624249152145,0.6117461227489513,[[ 9966 15169][ 18988 90765]],9966,15169,18988,90765
0,196,0.7871373891830444,asleep,0.7467751023070992,0.34420114664640467,0.3964989059080963,0.36850376231766163,0.21112624249152145,0.6117461227489512,[[ 90765 18988][ 15169 9966]],90765,18988,15169,9966
0,196,0.7871373891830444,avg,0.7467751023070992,0.600504107599261,0.6117461227489512,0.6050700111342118,0.21112624249152145,0.6117461227489513,,,,,
