client,round,loss,class,accuracy,precision,recall,f1_score,cohen_kappa_score,roc_auc_score,confusion_matrix,TP,FP,FN,TN
8,89,0.6844237446784973,awake,0.8051049759800724,0.8469628693526663,0.9281841954206264,0.8857154035760398,0.23356024066040326,0.5979293764053599,[[ 6728 18407][ 7882 101871]],6728,18407,7882,101871
8,89,0.6844237446784973,asleep,0.8051049759800724,0.46050650239561947,0.2676745573900935,0.3385583092212857,0.23356024066040326,0.5979293764053599,[[ 101871 7882][ 18407 6728]],101871,7882,18407,6728
8,89,0.6844237446784973,avg,0.8051049759800724,0.6537346858741429,0.5979293764053599,0.6121368563986628,0.23356024066040326,0.5979293764053599,,,,,
