client,round,loss,class,accuracy,precision,recall,f1_score,cohen_kappa_score,roc_auc_score,confusion_matrix,TP,FP,FN,TN
13,145,0.665709912776947,awake,0.7960085404187177,0.8810408577438815,0.8662542253970279,0.8735849750073507,0.3457640946361735,0.6777660623702864,[[ 12298 12837][ 14679 95074]],12298,12837,14679,95074
13,145,0.665709912776947,asleep,0.7960085404187177,0.45586981502761614,0.4892778993435449,0.4719834203254529,0.3457640946361735,0.6777660623702864,[[ 95074 14679][ 12837 12298]],95074,14679,12837,12298
13,145,0.665709912776947,avg,0.7960085404187177,0.6684553363857488,0.6777660623702864,0.6727841976664017,0.3457640946361735,0.6777660623702864,,,,,
