client,round,loss,class,accuracy,precision,recall,f1_score,cohen_kappa_score,roc_auc_score,confusion_matrix,TP,FP,FN,TN
11,12,0.43803346157073975,awake,0.8367386276021588,0.8696146748792962,0.9403387606716901,0.9035949429151782,0.37620451190174575,0.6623515963692646,[[ 9661 15474][ 6548 103205]],9661,15474,6548,103205
11,12,0.43803346157073975,asleep,0.8367386276021588,0.5960268986365599,0.38436443206683907,0.46734713622291024,0.37620451190174575,0.6623515963692647,[[ 103205 6548][ 15474 9661]],103205,6548,15474,9661
11,12,0.43803346157073975,avg,0.8367386276021588,0.732820786757928,0.6623515963692646,0.6854710395690442,0.37620451190174575,0.6623515963692646,,,,,
