client,round,loss,class,accuracy,precision,recall,f1_score,cohen_kappa_score,roc_auc_score,confusion_matrix,TP,FP,FN,TN
0,105,0.6382851004600525,awake,0.7750726528675642,0.8903548009713033,0.8251801773072263,0.8565294696224559,0.3396106137068835,0.6907281431592825,[[ 13982 11153][ 19187 90566]],13982,11153,19187,90566
0,105,0.6382851004600525,asleep,0.7750726528675642,0.42153818324338993,0.5562761090113387,0.47962403951701427,0.3396106137068835,0.6907281431592824,[[ 90566 19187][ 11153 13982]],90566,19187,11153,13982
0,105,0.6382851004600525,avg,0.7750726528675642,0.6559464921073466,0.6907281431592824,0.668076754569735,0.3396106137068835,0.6907281431592824,,,,,
