client,round,loss,class,accuracy,precision,recall,f1_score,cohen_kappa_score,roc_auc_score,confusion_matrix,TP,FP,FN,TN
4,135,1.2142831087112427,awake,0.812563015242275,0.8295850046041234,0.9686113363643818,0.8937238071618628,0.13899126850835242,0.5498915046651828,[[ 3297 21838][ 3445 106308]],3297,21838,3445,106308
4,135,1.2142831087112427,asleep,0.812563015242275,0.48902402847819637,0.1311716729659837,0.20685760893434138,0.13899126850835242,0.5498915046651828,[[ 106308 3445][ 21838 3297]],106308,3445,21838,3297
4,135,1.2142831087112427,avg,0.812563015242275,0.65930451654116,0.5498915046651828,0.5502907080481021,0.13899126850835242,0.5498915046651828,,,,,
