client,round,loss,class,accuracy,precision,recall,f1_score,cohen_kappa_score,roc_auc_score,confusion_matrix,TP,FP,FN,TN
7,193,0.8015521764755249,awake,0.8216668643615443,0.8578324119386034,0.9359379698049256,0.8951847284737623,0.30544900763736316,0.6293177018310485,[[ 8111 17024][ 7031 102722]],8111,17024,7031,102722
7,193,0.8015521764755249,asleep,0.8216668643615443,0.5356623959846784,0.32269743385717126,0.4027608808997691,0.30544900763736316,0.6293177018310485,[[ 102722 7031][ 17024 8111]],102722,7031,17024,8111
7,193,0.8015521764755249,avg,0.8216668643615443,0.6967474039616408,0.6293177018310484,0.6489728046867657,0.30544900763736316,0.6293177018310485,,,,,
