client,round,loss,class,accuracy,precision,recall,f1_score,cohen_kappa_score,roc_auc_score,confusion_matrix,TP,FP,FN,TN
11,52,0.5721250772476196,awake,0.8287393986121819,0.8488349623999614,0.9605842209324574,0.9012587890833709,0.2744329527197561,0.606808919696386,[[ 6360 18775][ 4326 105427]],6360,18775,4326,105427
11,52,0.5721250772476196,asleep,0.8287393986121819,0.5951712521055587,0.2530336184603143,0.35509896429468746,0.2744329527197561,0.606808919696386,[[ 105427 4326][ 18775 6360]],105427,4326,18775,6360
11,52,0.5721250772476196,avg,0.8287393986121819,0.72200310725276,0.6068089196963858,0.6281788766890292,0.2744329527197561,0.606808919696386,,,,,
