client,round,loss,class,accuracy,precision,recall,f1_score,cohen_kappa_score,roc_auc_score,confusion_matrix,TP,FP,FN,TN
14,183,0.6887672543525696,awake,0.8237204199039203,0.8506407171464229,0.9501881497544487,0.8976630083925113,0.27606291276275363,0.610841041258764,[[ 6824 18311][ 5467 104286]],6824,18311,5467,104286
14,183,0.6887672543525696,asleep,0.8237204199039203,0.5552029940606948,0.27149393276307937,0.3646662747822369,0.27606291276275363,0.610841041258764,[[ 104286 5467][ 18311 6824]],104286,5467,18311,6824
14,183,0.6887672543525696,avg,0.8237204199039203,0.7029218556035588,0.610841041258764,0.6311646415873742,0.27606291276275363,0.610841041258764,,,,,
