client,round,loss,class,accuracy,precision,recall,f1_score,cohen_kappa_score,roc_auc_score,confusion_matrix,TP,FP,FN,TN
12,16,0.6738554835319519,awake,0.8163513433366941,0.8228785933023807,0.9866700682441483,0.8973615300473996,0.0892063393813709,0.5296588853255753,[[ 1826 23309][ 1463 108290]],1826,23309,1463,108290
12,16,0.6738554835319519,asleep,0.8163513433366941,0.5551839464882943,0.07264770240700219,0.12848297213622292,0.0892063393813709,0.5296588853255753,[[ 108290 1463][ 23309 1826]],108290,1463,23309,1826
12,16,0.6738554835319519,avg,0.8163513433366941,0.6890312698953375,0.5296588853255753,0.5129222510918112,0.0892063393813709,0.5296588853255753,,,,,
