client,round,loss,class,accuracy,precision,recall,f1_score,cohen_kappa_score,roc_auc_score,confusion_matrix,TP,FP,FN,TN
2,180,0.6210242509841919,awake,0.8390813119032086,0.8921042084168337,0.9126037557059944,0.9022375556236151,0.4479737961722162,0.7153231629136696,[[ 13021 12114][ 9592 100161]],13021,12114,9592,100161
2,180,0.6210242509841919,asleep,0.8390813119032086,0.5758192190332995,0.5180425701213447,0.5454050431431683,0.4479737961722162,0.7153231629136696,[[ 100161 9592][ 12114 13021]],100161,9592,12114,13021
2,180,0.6210242509841919,avg,0.8390813119032086,0.7339617137250666,0.7153231629136696,0.7238212993833917,0.4479737961722162,0.7153231629136696,,,,,
