client,round,loss,class,accuracy,precision,recall,f1_score,cohen_kappa_score,roc_auc_score,confusion_matrix,TP,FP,FN,TN
3,158,0.8381194472312927,awake,0.8263818871953028,0.862510287374662,0.9357921879128589,0.8976580970235676,0.33189619673529347,0.6422147730891129,[[ 8763 16372][ 7047 102706]],8763,16372,7047,102706
3,158,0.8381194472312927,asleep,0.8263818871953028,0.5542694497153701,0.348637358265367,0.428037611429967,0.33189619673529347,0.6422147730891129,[[ 102706 7047][ 16372 8763]],102706,7047,16372,8763
3,158,0.8381194472312927,avg,0.8263818871953028,0.7083898685450161,0.642214773089113,0.6628478542267673,0.33189619673529347,0.6422147730891129,,,,,
