client,round,loss,class,accuracy,precision,recall,f1_score,cohen_kappa_score,roc_auc_score,confusion_matrix,TP,FP,FN,TN
7,100,0.6012281775474548,awake,0.8108875511535496,0.8528928804812251,0.9275646223793427,0.8886628985443992,0.26855446708557684,0.6144884977820724,[[ 7576 17559][ 7950 101803]],7576,17559,7950,101803
7,100,0.6012281775474548,asleep,0.8108875511535496,0.48795568723431665,0.3014123731848021,0.3726420894714838,0.26855446708557684,0.6144884977820725,[[ 101803 7950][ 17559 7576]],101803,7950,17559,7576
7,100,0.6012281775474548,avg,0.8108875511535496,0.6704242838577709,0.6144884977820724,0.6306524940079414,0.26855446708557684,0.6144884977820724,,,,,
