client,round,loss,class,accuracy,precision,recall,f1_score,cohen_kappa_score,roc_auc_score,confusion_matrix,TP,FP,FN,TN
8,35,0.6007939577102661,awake,0.797921238360714,0.8397064758155508,0.9289768844587392,0.8820888162163565,0.1883423452890577,0.577319156372994,[[ 5672 19463][ 7795 101958]],5672,19463,7795,101958
8,35,0.6007939577102661,asleep,0.797921238360714,0.421177693621445,0.22566142828724886,0.29387078389720744,0.1883423452890577,0.577319156372994,[[ 101958 7795][ 19463 5672]],101958,7795,19463,5672
8,35,0.6007939577102661,avg,0.797921238360714,0.6304420847184979,0.577319156372994,0.587979800056782,0.1883423452890577,0.577319156372994,,,,,
