client,round,loss,class,accuracy,precision,recall,f1_score,cohen_kappa_score,roc_auc_score,confusion_matrix,TP,FP,FN,TN
4,51,0.7333747148513794,awake,0.8251586501393748,0.8576219132600125,0.941404790757428,0.8975624163872336,0.3099365937609294,0.6294849694785747,[[ 7982 17153][ 6431 103322]],7982,17153,6431,103322
4,51,0.7333747148513794,asleep,0.8251586501393748,0.553805592173732,0.3175651481997215,0.40366137352078485,0.3099365937609294,0.6294849694785748,[[ 103322 6431][ 17153 7982]],103322,6431,17153,7982
4,51,0.7333747148513794,avg,0.8251586501393748,0.7057137527168722,0.6294849694785747,0.6506118949540092,0.3099365937609294,0.6294849694785747,,,,,
