client,round,loss,class,accuracy,precision,recall,f1_score,cohen_kappa_score,roc_auc_score,confusion_matrix,TP,FP,FN,TN
16,114,0.7259222865104675,awake,0.8140753810568768,0.8574190389356026,0.9253778939983417,0.8901031966871892,0.2924658479594733,0.6267231622368872,[[ 8246 16889][ 8190 101563]],8246,16889,8190,101563
16,114,0.7259222865104675,asleep,0.8140753810568768,0.5017035775127768,0.32806843047543266,0.39671886651752425,0.2924658479594733,0.6267231622368872,[[ 101563 8190][ 16889 8246]],101563,8190,16889,8246
16,114,0.7259222865104675,avg,0.8140753810568768,0.6795613082241897,0.6267231622368872,0.6434110316023567,0.2924658479594733,0.6267231622368872,,,,,
