client,round,loss,class,accuracy,precision,recall,f1_score,cohen_kappa_score,roc_auc_score,confusion_matrix,TP,FP,FN,TN
14,184,0.634169340133667,awake,0.8254848466876223,0.8605337771718675,0.937450456935118,0.8973468924976888,0.32256430828943095,0.6370164558397491,[[ 8460 16675][ 6865 102888]],8460,16675,6865,102888
14,184,0.634169340133667,asleep,0.8254848466876223,0.5520391517128874,0.33658245474438037,0.41819080573405826,0.32256430828943095,0.6370164558397491,[[ 102888 6865][ 16675 8460]],102888,6865,16675,8460
14,184,0.634169340133667,avg,0.8254848466876223,0.7062864644423774,0.6370164558397492,0.6577688491158735,0.32256430828943095,0.6370164558397491,,,,,
