client,round,loss,class,accuracy,precision,recall,f1_score,cohen_kappa_score,roc_auc_score,confusion_matrix,TP,FP,FN,TN
18,76,0.73493891954422,awake,0.8175968210663662,0.8246962729082298,0.9852578061647518,0.8978553102451904,0.10524779586522914,0.535378057647723,[[ 2149 22986][ 1618 108135]],2149,22986,1618,108135
18,76,0.73493891954422,asleep,0.8175968210663662,0.5704804884523493,0.08549830913069426,0.14870943187322677,0.10524779586522914,0.535378057647723,[[ 108135 1618][ 22986 2149]],108135,1618,22986,2149
18,76,0.73493891954422,avg,0.8175968210663662,0.6975883806802896,0.5353780576477231,0.5232823710592086,0.10524779586522914,0.535378057647723,,,,,
