client,round,loss,class,accuracy,precision,recall,f1_score,cohen_kappa_score,roc_auc_score,confusion_matrix,TP,FP,FN,TN
14,6,0.45254775881767273,awake,0.8264930905640235,0.843355097301639,0.9662241578817891,0.9006182695247478,0.24189825215924254,0.5912879293486923,[[ 5438 19697][ 3707 106046]],5438,19697,3707,106046
14,6,0.45254775881767273,asleep,0.8264930905640235,0.5946418808091853,0.2163517008155958,0.31726954492415405,0.24189825215924254,0.5912879293486925,[[ 106046 3707][ 19697 5438]],106046,3707,19697,5438
14,6,0.45254775881767273,avg,0.8264930905640235,0.7189984890554122,0.5912879293486925,0.6089439072244509,0.24189825215924254,0.5912879293486923,,,,,
