client,round,loss,class,accuracy,precision,recall,f1_score,cohen_kappa_score,roc_auc_score,confusion_matrix,TP,FP,FN,TN
9,105,0.7137086987495422,awake,0.8361010616214933,0.873176588805341,0.9342614780461582,0.9026868089302063,0.3873546935728437,0.6708705440757945,[[ 10242 14893][ 7215 102538]],10242,14893,7215,102538
9,105,0.7137086987495422,asleep,0.8361010616214933,0.5866987454889157,0.40747961010543066,0.48093538692712245,0.3873546935728437,0.6708705440757944,[[ 102538 7215][ 14893 10242]],102538,7215,14893,10242
9,105,0.7137086987495422,avg,0.8361010616214933,0.7299376671471283,0.6708705440757945,0.6918110979286644,0.3873546935728437,0.6708705440757945,,,,,
