client,round,loss,class,accuracy,precision,recall,f1_score,cohen_kappa_score,roc_auc_score,confusion_matrix,TP,FP,FN,TN
11,189,0.8456231355667114,awake,0.8335433841409169,0.8732491919347392,0.9304802602206773,0.9009567752835258,0.3829963330292697,0.6703724157677884,[[ 10312 14823][ 7630 102123]],10312,14823,7630,102123
11,189,0.8456231355667114,asleep,0.8335433841409169,0.5747408315683871,0.4102645713148995,0.4787705736239757,0.3829963330292697,0.6703724157677885,[[ 102123 7630][ 14823 10312]],102123,7630,14823,10312
11,189,0.8456231355667114,avg,0.8335433841409169,0.7239950117515631,0.6703724157677884,0.6898636744537507,0.3829963330292697,0.6703724157677884,,,,,
