client,round,loss,class,accuracy,precision,recall,f1_score,cohen_kappa_score,roc_auc_score,confusion_matrix,TP,FP,FN,TN
1,59,0.6594555377960205,awake,0.7271143467172766,0.823413613308268,0.8460634333457855,0.8345848781035838,0.056392861704884,0.5268908772060139,[[ 5221 19914][ 16895 92858]],5221,19914,16895,92858
1,59,0.6594555377960205,asleep,0.7271143467172766,0.23607343100018086,0.2077183210662423,0.22099003195699563,0.056392861704884,0.5268908772060139,[[ 92858 16895][ 19914 5221]],92858,16895,19914,5221
1,59,0.6594555377960205,avg,0.7271143467172766,0.5297435221542244,0.5268908772060139,0.5277874550302897,0.056392861704884,0.5268908772060139,,,,,
