client,round,loss,class,accuracy,precision,recall,f1_score,cohen_kappa_score,roc_auc_score,confusion_matrix,TP,FP,FN,TN
8,131,0.7500816583633423,awake,0.798417946741,0.8502129392402057,0.9131231036964821,0.8805458051988561,0.24064942671466527,0.6053381581740815,[[ 7479 17656][ 9535 100218]],7479,17656,9535,100218
8,131,0.7500816583633423,asleep,0.798417946741,0.4395791700952157,0.29755321265168094,0.3548838643858692,0.24064942671466527,0.6053381581740814,[[ 100218 9535][ 17656 7479]],100218,9535,17656,7479
8,131,0.7500816583633423,avg,0.798417946741,0.6448960546677107,0.6053381581740815,0.6177148347923627,0.24064942671466527,0.6053381581740815,,,,,
