client,round,loss,class,accuracy,precision,recall,f1_score,cohen_kappa_score,roc_auc_score,confusion_matrix,TP,FP,FN,TN
17,11,0.46193650364875793,awake,0.8163661704525236,0.8180001646447789,0.995890772917369,0.8982224888443301,0.04472901183378852,0.5141777317938745,[[ 816 24319][ 451 109302]],816,24319,451,109302
17,11,0.46193650364875793,asleep,0.8163661704525236,0.6440410418310971,0.03246469067037995,0.06181349897735021,0.04472901183378852,0.5141777317938745,[[ 109302 451][ 24319 816]],109302,451,24319,816
17,11,0.46193650364875793,avg,0.8163661704525236,0.731020603237938,0.5141777317938745,0.48001799391084016,0.04472901183378852,0.5141777317938745,,,,,
