client,round,loss,class,accuracy,precision,recall,f1_score,cohen_kappa_score,roc_auc_score,confusion_matrix,TP,FP,FN,TN
12,160,1.0751936435699463,awake,0.8179230176146136,0.8294367406284561,0.9771669111550482,0.8972617065600241,0.1424532893906234,0.5498724947659068,[[ 3081 22054][ 2506 107247]],3081,22054,2506,107247
12,160,1.0751936435699463,asleep,0.8179230176146136,0.5514587435117236,0.12257807837676547,0.2005728793698327,0.1424532893906234,0.5498724947659067,[[ 107247 2506][ 22054 3081]],107247,2506,22054,3081
12,160,1.0751936435699463,avg,0.8179230176146136,0.6904477420700899,0.5498724947659068,0.5489172929649284,0.1424532893906234,0.5498724947659068,,,,,
