client,round,loss,class,accuracy,precision,recall,f1_score,cohen_kappa_score,roc_auc_score,confusion_matrix,TP,FP,FN,TN
17,185,0.7019398212432861,awake,0.810798588458573,0.843394811082302,0.942470820843166,0.8901845532898163,0.22226826565895652,0.5891586250625219,[[ 5928 19207][ 6314 103439]],5928,19207,6314,103439
17,185,0.7019398212432861,asleep,0.810798588458573,0.4842346021891848,0.23584642928187785,0.31720041736897026,0.22226826565895652,0.5891586250625219,[[ 103439 6314][ 19207 5928]],103439,6314,19207,5928
17,185,0.7019398212432861,avg,0.810798588458573,0.6638147066357434,0.5891586250625219,0.6036924853293932,0.22226826565895652,0.5891586250625219,,,,,
