client,round,loss,class,accuracy,precision,recall,f1_score,cohen_kappa_score,roc_auc_score,confusion_matrix,TP,FP,FN,TN
16,85,0.7035999298095703,awake,0.8195762410295949,0.854853183109826,0.9374231228303554,0.8942361596996181,0.28948200773293054,0.6212080802136659,[[ 7666 17469][ 6868 102885]],7666,17469,6868,102885
16,85,0.7035999298095703,asleep,0.8195762410295949,0.5274528691344433,0.3049930375969763,0.38649827321081953,0.28948200773293054,0.6212080802136658,[[ 102885 6868][ 17469 7666]],102885,6868,17469,7666
16,85,0.7035999298095703,avg,0.8195762410295949,0.6911530261221347,0.6212080802136659,0.6403672164552188,0.28948200773293054,0.6212080802136659,,,,,
