client,round,loss,class,accuracy,precision,recall,f1_score,cohen_kappa_score,roc_auc_score,confusion_matrix,TP,FP,FN,TN
6,187,0.9593519568443298,awake,0.5898300812525947,0.8974441361180079,0.5598753564822829,0.6895630754728627,0.17175607497349343,0.6402519810062101,[[ 18113 7022][ 48305 61448]],18113,7022,48305,61448
6,187,0.9593519568443298,asleep,0.5898300812525947,0.27271221656779787,0.7206286055301373,0.39568337465730236,0.17175607497349343,0.6402519810062101,[[ 61448 48305][ 7022 18113]],61448,48305,7022,18113
6,187,0.9593519568443298,avg,0.5898300812525947,0.5850781763429029,0.6402519810062102,0.5426232250650825,0.17175607497349343,0.6402519810062101,,,,,
