client,round,loss,class,accuracy,precision,recall,f1_score,cohen_kappa_score,roc_auc_score,confusion_matrix,TP,FP,FN,TN
3,8,0.5111984014511108,awake,0.8241207520313149,0.8610204201532561,0.9347170464588668,0.8963564875491482,0.3223582854307864,0.6379572898894692,[[ 8576 16559][ 7165 102588]],8576,16559,7165,102588
3,8,0.5111984014511108,asleep,0.8241207520313149,0.5448192618003939,0.34119753332007163,0.41961052940600846,0.3223582854307864,0.6379572898894692,[[ 102588 7165][ 16559 8576]],102588,7165,16559,8576
3,8,0.5111984014511108,avg,0.8241207520313149,0.7029198409768249,0.6379572898894692,0.6579835084775784,0.3223582854307864,0.6379572898894692,,,,,
