client,round,loss,class,accuracy,precision,recall,f1_score,cohen_kappa_score,roc_auc_score,confusion_matrix,TP,FP,FN,TN
13,197,0.7023232579231262,awake,0.8187014411956586,0.8914476099566782,0.884941641686332,0.8881827118721565,0.4093734597262313,0.7072012763832496,[[ 13308 11827][ 12628 97125]],13308,11827,12628,97125
13,197,0.7023232579231262,asleep,0.8187014411956586,0.5131091918568784,0.5294609110801671,0.5211568208963991,0.4093734597262313,0.7072012763832496,[[ 97125 12628][ 11827 13308]],97125,12628,11827,13308
13,197,0.7023232579231262,avg,0.8187014411956586,0.7022784009067783,0.7072012763832496,0.7046697663842778,0.4093734597262313,0.7072012763832496,,,,,
