client,round,loss,class,accuracy,precision,recall,f1_score,cohen_kappa_score,roc_auc_score,confusion_matrix,TP,FP,FN,TN
18,29,0.6085823774337769,awake,0.8212665322341498,0.8297398857283662,0.9817954862281669,0.8993861087810232,0.14765224410417033,0.5510529052386111,[[ 3024 22111][ 1998 107755]],3024,22111,1998,107755
18,29,0.6085823774337769,asleep,0.8212665322341498,0.6021505376344086,0.1203103242490551,0.20055045263122992,0.14765224410417033,0.551052905238611,[[ 107755 1998][ 22111 3024]],107755,1998,22111,3024
18,29,0.6085823774337769,avg,0.8212665322341498,0.7159452116813874,0.5510529052386111,0.5499682807061266,0.14765224410417033,0.5510529052386111,,,,,
