client,round,loss,class,accuracy,precision,recall,f1_score,cohen_kappa_score,roc_auc_score,confusion_matrix,TP,FP,FN,TN
12,3,0.7767667174339294,awake,0.8139567641302414,0.8149432300114582,0.9979681648793199,0.8972169318670518,0.013556579917057499,0.5042158309974479,[[ 263 24872][ 223 109530]],263,24872,223,109530
12,3,0.7767667174339294,asleep,0.8139567641302414,0.5411522633744856,0.01046349711557589,0.02053003395652004,0.013556579917057499,0.5042158309974479,[[ 109530 223][ 24872 263]],109530,223,24872,263
12,3,0.7767667174339294,avg,0.8139567641302414,0.678047746692972,0.5042158309974479,0.4588734829117859,0.013556579917057499,0.5042158309974479,,,,,
