client,round,loss,class,accuracy,precision,recall,f1_score,cohen_kappa_score,roc_auc_score,confusion_matrix,TP,FP,FN,TN
3,157,0.8178067803382874,awake,0.8163513433366941,0.8596226926104289,0.9254143394713584,0.8913060647810939,0.3048057794481639,0.632768836733889,[[ 8549 16586][ 8186 101567]],8549,16586,8186,101567
3,157,0.8178067803382874,asleep,0.8163513433366941,0.510845533313415,0.3401233339964193,0.4083592070695008,0.3048057794481639,0.632768836733889,[[ 101567 8186][ 16586 8549]],101567,8186,16586,8549
3,157,0.8178067803382874,avg,0.8163513433366941,0.6852341129619219,0.6327688367338888,0.6498326359252973,0.3048057794481639,0.632768836733889,,,,,
