client,round,loss,class,accuracy,precision,recall,f1_score,cohen_kappa_score,roc_auc_score,confusion_matrix,TP,FP,FN,TN
17,173,0.6809044480323792,awake,0.8133785066128937,0.8417981378507694,0.9489854491448981,0.8921839464453211,0.21667035884698382,0.585115362328566,[[ 5561 19574][ 5599 104154]],5561,19574,5599,104154
17,173,0.6809044480323792,asleep,0.8133785066128937,0.4982974910394265,0.22124527551223394,0.30643339302934286,0.21667035884698382,0.5851153623285661,[[ 104154 5599][ 19574 5561]],104154,5599,19574,5561
17,173,0.6809044480323792,avg,0.8133785066128937,0.670047814445098,0.5851153623285661,0.599308669737332,0.21667035884698382,0.5851153623285661,,,,,
