client,round,loss,class,accuracy,precision,recall,f1_score,cohen_kappa_score,roc_auc_score,confusion_matrix,TP,FP,FN,TN
10,33,0.5083107352256775,awake,0.7710248502461301,0.9145614533068408,0.7926343699033284,0.8492439255347188,0.38328711781316904,0.7346501867419964,[[ 17008 8127][ 22759 86994]],17008,8127,22759,86994
10,33,0.5083107352256775,asleep,0.7710248502461301,0.4276913018331783,0.6766660035806644,0.5241132784814028,0.38328711781316904,0.7346501867419963,[[ 86994 22759][ 8127 17008]],86994,22759,8127,17008
10,33,0.5083107352256775,avg,0.7710248502461301,0.6711263775700096,0.7346501867419963,0.6866786020080609,0.38328711781316904,0.7346501867419963,,,,,
