client,round,loss,class,accuracy,precision,recall,f1_score,cohen_kappa_score,roc_auc_score,confusion_matrix,TP,FP,FN,TN
11,134,0.7361728549003601,awake,0.8315491370618587,0.8538910078641543,0.956666332583164,0.9023616768937246,0.3033436989306778,0.6209430727964557,[[ 7169 17966][ 4756 104997]],7169,17966,4756,104997
11,134,0.7361728549003601,asleep,0.8315491370618587,0.6011740041928721,0.28521981300974736,0.3868861305990286,0.3033436989306778,0.6209430727964558,[[ 104997 4756][ 17966 7169]],104997,4756,17966,7169
11,134,0.7361728549003601,avg,0.8315491370618587,0.7275325060285132,0.6209430727964557,0.6446239037463766,0.3033436989306778,0.6209430727964558,,,,,
