client,round,loss,class,accuracy,precision,recall,f1_score,cohen_kappa_score,roc_auc_score,confusion_matrix,TP,FP,FN,TN
14,7,0.4474889934062958,awake,0.8337806179941878,0.8542362981471265,0.9594270771641777,0.9037812042691431,0.3085159308186104,0.6222836599268273,[[ 7167 17968][ 4453 105300]],7167,17968,4453,105300
14,7,0.4474889934062958,asleep,0.8337806179941878,0.6167814113597246,0.28514024268947685,0.38998775676778674,0.3085159308186104,0.6222836599268273,[[ 105300 4453][ 17968 7167]],105300,4453,17968,7167
14,7,0.4474889934062958,avg,0.8337806179941878,0.7355088547534256,0.6222836599268273,0.6468844805184649,0.3085159308186104,0.6222836599268273,,,,,
