client,round,loss,class,accuracy,precision,recall,f1_score,cohen_kappa_score,roc_auc_score,confusion_matrix,TP,FP,FN,TN
6,28,0.4981040358543396,awake,0.7917309175019275,0.9040573973280555,0.832369046859767,0.866733395634787,0.3940546806260895,0.7233259596741644,[[ 15440 9695][ 18398 91355]],15440,9695,18398,91355
6,28,0.4981040358543396,asleep,0.7917309175019275,0.45629174301081626,0.6142828724885617,0.5236294575483695,0.3940546806260895,0.7233259596741642,[[ 91355 18398][ 9695 15440]],91355,18398,9695,15440
6,28,0.4981040358543396,avg,0.7917309175019275,0.6801745701694358,0.7233259596741644,0.6951814265915783,0.3940546806260895,0.7233259596741644,,,,,
