client,round,loss,class,accuracy,precision,recall,f1_score,cohen_kappa_score,roc_auc_score,confusion_matrix,TP,FP,FN,TN
10,51,0.5476639270782471,awake,0.740888737322816,0.9134900278600805,0.7528450247373648,0.8254239404610275,0.34067917371555834,0.7207630733394403,[[ 17310 7825][ 27126 82627]],17310,7825,27126,82627
10,51,0.5476639270782471,asleep,0.740888737322816,0.38954901431271943,0.6886811219415158,0.49762113524313295,0.34067917371555834,0.7207630733394403,[[ 82627 27126][ 7825 17310]],82627,27126,7825,17310
10,51,0.5476639270782471,avg,0.740888737322816,0.6515195210864,0.7207630733394403,0.6615225378520803,0.34067917371555834,0.7207630733394403,,,,,
