client,round,loss,class,accuracy,precision,recall,f1_score,cohen_kappa_score,roc_auc_score,confusion_matrix,TP,FP,FN,TN
2,88,0.5605584383010864,awake,0.8305853745329459,0.8777089110460112,0.9199657412553643,0.8983406735175052,0.392039012006299,0.6801340542361962,[[ 11067 14068][ 8784 100969]],11067,14068,8784,100969
2,88,0.5605584383010864,asleep,0.8305853745329459,0.5575034003324769,0.44030236721702803,0.4920197394745032,0.392039012006299,0.6801340542361962,[[ 100969 8784][ 14068 11067]],100969,8784,14068,11067
2,88,0.5605584383010864,avg,0.8305853745329459,0.7176061556892441,0.6801340542361962,0.6951802064960042,0.392039012006299,0.6801340542361962,,,,,
