client,round,loss,class,accuracy,precision,recall,f1_score,cohen_kappa_score,roc_auc_score,confusion_matrix,TP,FP,FN,TN
6,77,0.653601348400116,awake,0.6910844552517644,0.8715239883005195,0.7275974233050577,0.7930837566602609,0.20285627855636656,0.6296232590963323,[[ 13363 11772][ 29897 79856]],13363,11772,29897,79856
6,77,0.653601348400116,asleep,0.6910844552517644,0.30889967637540455,0.5316490948876069,0.3907595584472549,0.20285627855636656,0.6296232590963323,[[ 79856 29897][ 11772 13363]],79856,29897,11772,13363
6,77,0.653601348400116,avg,0.6910844552517644,0.590211832337962,0.6296232590963323,0.5919216575537579,0.20285627855636656,0.6296232590963323,,,,,
