client,round,loss,class,accuracy,precision,recall,f1_score,cohen_kappa_score,roc_auc_score,confusion_matrix,TP,FP,FN,TN
1,197,0.8974248170852661,awake,0.6647811517703577,0.8275872571115307,0.7427496287117437,0.782876761662385,0.057206894621915194,0.5335391270672305,[[ 8152 16983][ 28234 81519]],8152,16983,28234,81519
1,197,0.8974248170852661,asleep,0.6647811517703577,0.2240422140383664,0.32432862542271734,0.2650151980624502,0.057206894621915194,0.5335391270672305,[[ 81519 28234][ 16983 8152]],81519,28234,16983,8152
1,197,0.8974248170852661,avg,0.6647811517703577,0.5258147355749485,0.5335391270672305,0.5239459798624175,0.057206894621915194,0.5335391270672305,,,,,
