client,round,loss,class,accuracy,precision,recall,f1_score,cohen_kappa_score,roc_auc_score,confusion_matrix,TP,FP,FN,TN
2,120,0.619021475315094,awake,0.8340030247316292,0.8767552182163187,0.9261796944047087,0.9007900112099179,0.39518875530229003,0.6788447706159211,[[ 10846 14289][ 8102 101651]],10846,14289,8102,101651
2,120,0.619021475315094,asleep,0.8340030247316292,0.5724086974878615,0.4315098468271335,0.49207177369961214,0.39518875530229003,0.6788447706159211,[[ 101651 8102][ 14289 10846]],101651,8102,14289,10846
2,120,0.619021475315094,avg,0.8340030247316292,0.7245819578520901,0.6788447706159211,0.696430892454765,0.39518875530229003,0.6788447706159211,,,,,
