client,round,loss,class,accuracy,precision,recall,f1_score,cohen_kappa_score,roc_auc_score,confusion_matrix,TP,FP,FN,TN
4,14,0.5937924981117249,awake,0.8223637388055276,0.836507836892229,0.9715725310469874,0.8989954769060857,0.19556042469604862,0.5712050043339174,[[ 4294 20841][ 3120 106633]],4294,20841,3120,106633
4,14,0.5937924981117249,asleep,0.8223637388055276,0.5791745346641489,0.17083747762084742,0.2638483517158745,0.19556042469604862,0.5712050043339174,[[ 106633 3120][ 20841 4294]],106633,3120,20841,4294
4,14,0.5937924981117249,avg,0.8223637388055276,0.707841185778189,0.5712050043339174,0.5814219143109801,0.19556042469604862,0.5712050043339174,,,,,
