client,round,loss,class,accuracy,precision,recall,f1_score,cohen_kappa_score,roc_auc_score,confusion_matrix,TP,FP,FN,TN
10,142,0.7059780359268188,awake,0.6997064231065773,0.9060216945177367,0.7039534226854847,0.7923067456980537,0.2799989228632208,0.6925575746807173,[[ 17121 8014][ 32492 77261]],17121,8014,32492,77261
10,142,0.7059780359268188,asleep,0.6997064231065773,0.34509100437385365,0.6811617266759499,0.45809921335687914,0.2799989228632208,0.6925575746807173,[[ 77261 32492][ 8014 17121]],77261,32492,8014,17121
10,142,0.7059780359268188,avg,0.6997064231065773,0.6255563494457952,0.6925575746807173,0.6252029795274664,0.2799989228632208,0.6925575746807173,,,,,
