client,round,loss,class,accuracy,precision,recall,f1_score,cohen_kappa_score,roc_auc_score,confusion_matrix,TP,FP,FN,TN
11,179,0.7915616631507874,awake,0.8286875037067789,0.860639156892289,0.941987918325695,0.8994779885157472,0.32815576127638124,0.6379722762505737,[[ 8394 16741][ 6367 103386]],8394,16741,6367,103386
11,179,0.7915616631507874,asleep,0.8286875037067789,0.5686606598468938,0.33395663417545257,0.42079406456787644,0.32815576127638124,0.6379722762505737,[[ 103386 6367][ 16741 8394]],103386,6367,16741,8394
11,179,0.7915616631507874,avg,0.8286875037067789,0.7146499083695914,0.6379722762505737,0.6601360265418118,0.32815576127638124,0.6379722762505737,,,,,
