client,round,loss,class,accuracy,precision,recall,f1_score,cohen_kappa_score,roc_auc_score,confusion_matrix,TP,FP,FN,TN
3,80,0.6562391519546509,awake,0.824558151948283,0.8659395031710676,0.928056636265068,0.8959226665611161,0.34197731101105433,0.6503422230460012,[[ 9366 15769][ 7896 101857]],9366,15769,7896,101857
3,80,0.6562391519546509,asleep,0.824558151948283,0.5425790754257908,0.37262780982693455,0.4418237139420242,0.34197731101105433,0.6503422230460012,[[ 101857 7896][ 15769 9366]],101857,7896,15769,9366
3,80,0.6562391519546509,avg,0.824558151948283,0.7042592892984292,0.6503422230460012,0.6688731902515701,0.34197731101105433,0.6503422230460012,,,,,
