client,round,loss,class,accuracy,precision,recall,f1_score,cohen_kappa_score,roc_auc_score,confusion_matrix,TP,FP,FN,TN
13,168,0.685563862323761,awake,0.8181676650257992,0.8824537784957818,0.8958570608548285,0.8891049088270269,0.3846243577973517,0.6873954092816017,[[ 12038 13097][ 11430 98323]],12038,13097,11430,98323
13,168,0.685563862323761,asleep,0.8181676650257992,0.5129538094426453,0.47893375770837476,0.4953603687015205,0.3846243577973517,0.6873954092816016,[[ 98323 11430][ 13097 12038]],98323,11430,13097,12038
13,168,0.685563862323761,avg,0.8181676650257992,0.6977037939692136,0.6873954092816017,0.6922326387642737,0.3846243577973517,0.6873954092816017,,,,,
