client,round,loss,class,accuracy,precision,recall,f1_score,cohen_kappa_score,roc_auc_score,confusion_matrix,TP,FP,FN,TN
2,48,0.4759897291660309,awake,0.8422987960381947,0.8771022102508588,0.9375506819859138,0.9063196371163078,0.4116873894743902,0.6819641215777987,[[ 10717 14418][ 6854 102899]],10717,14418,6854,102899
2,48,0.4759897291660309,asleep,0.8422987960381947,0.6099254453360651,0.4263775611696837,0.5018966889898374,0.4116873894743902,0.6819641215777988,[[ 102899 6854][ 14418 10717]],102899,6854,14418,10717
2,48,0.4759897291660309,avg,0.8422987960381947,0.7435138277934619,0.6819641215777987,0.7041081630530726,0.4116873894743902,0.6819641215777987,,,,,
