client,round,loss,class,accuracy,precision,recall,f1_score,cohen_kappa_score,roc_auc_score,confusion_matrix,TP,FP,FN,TN
14,64,0.537102222442627,awake,0.82398730798885,0.8528019557495262,0.9471631754940639,0.8975091733218218,0.28669543429375444,0.6166490235934612,[[ 7192 17943][ 5799 103954]],7192,17943,5799,103954
14,64,0.537102222442627,asleep,0.82398730798885,0.5536140404895697,0.28613487169285856,0.37727535015475006,0.28669543429375444,0.6166490235934612,[[ 103954 5799][ 17943 7192]],103954,5799,17943,7192
14,64,0.537102222442627,avg,0.82398730798885,0.703207998119548,0.6166490235934612,0.6373922617382859,0.28669543429375444,0.6166490235934612,,,,,
