client,round,loss,class,accuracy,precision,recall,f1_score,cohen_kappa_score,roc_auc_score,confusion_matrix,TP,FP,FN,TN
8,196,0.8982516527175903,awake,0.8131635134333669,0.8328805738627864,0.9637549770849089,0.8935510576468204,0.16227703032086238,0.5596773691869741,[[ 3911 21224][ 3978 105775]],3911,21224,3978,105775
8,196,0.8982516527175903,asleep,0.8131635134333669,0.4957535809354798,0.15559976128903918,0.23685804263565888,0.16227703032086238,0.559677369186974,[[ 105775 3978][ 21224 3911]],105775,3978,21224,3911
8,196,0.8982516527175903,avg,0.8131635134333669,0.664317077399133,0.5596773691869741,0.5652045501412396,0.16227703032086238,0.5596773691869741,,,,,
