client,round,loss,class,accuracy,precision,recall,f1_score,cohen_kappa_score,roc_auc_score,confusion_matrix,TP,FP,FN,TN
1,95,0.750629186630249,awake,0.6905877468714786,0.8231917663717487,0.7892449409127769,0.805861010326542,0.04585876033095948,0.5245210182980435,[[ 6530 18605][ 23131 86622]],6530,18605,23131,86622
1,95,0.750629186630249,asleep,0.6905877468714786,0.2201544115168066,0.2597970956833101,0.2383385648587488,0.04585876033095948,0.5245210182980434,[[ 86622 23131][ 18605 6530]],86622,23131,18605,6530
1,95,0.750629186630249,avg,0.6905877468714786,0.5216730889442777,0.5245210182980435,0.5220997875926454,0.04585876033095948,0.5245210182980435,,,,,
