client,round,loss,class,accuracy,precision,recall,f1_score,cohen_kappa_score,roc_auc_score,confusion_matrix,TP,FP,FN,TN
4,193,1.2690027952194214,awake,0.8232830199869522,0.8425404672673631,0.9627345038404417,0.8986362650587041,0.2330620965629544,0.588548473324637,[[ 5388 19747][ 4090 105663]],5388,19747,4090,105663
4,193,1.2690027952194214,asleep,0.8232830199869522,0.5684743616796792,0.2143624428088323,0.3113281137145003,0.2330620965629544,0.588548473324637,[[ 105663 4090][ 19747 5388]],105663,4090,19747,5388
4,193,1.2690027952194214,avg,0.8232830199869522,0.7055074144735212,0.588548473324637,0.6049821893866022,0.2330620965629544,0.588548473324637,,,,,
