client,round,loss,class,accuracy,precision,recall,f1_score,cohen_kappa_score,roc_auc_score,confusion_matrix,TP,FP,FN,TN
17,70,0.5647522211074829,awake,0.8117845916612301,0.8305968102198362,0.9656228075770138,0.8930347001028027,0.14547428519963734,0.5528332856265813,[[ 3520 21615][ 3773 105980]],3520,21615,3773,105980
17,70,0.5647522211074829,asleep,0.8117845916612301,0.48265460030165913,0.1400437636761488,0.2170963364993216,0.14547428519963734,0.5528332856265814,[[ 105980 3773][ 21615 3520]],105980,3773,21615,3520
17,70,0.5647522211074829,avg,0.8117845916612301,0.6566257052607477,0.5528332856265813,0.5550655183010622,0.14547428519963734,0.5528332856265814,,,,,
