client,round,loss,class,accuracy,precision,recall,f1_score,cohen_kappa_score,roc_auc_score,confusion_matrix,TP,FP,FN,TN
9,63,0.6115169525146484,awake,0.8373687800249096,0.8717866215071973,0.9380882527129099,0.9037230143996349,0.38494028559103044,0.6678306789723292,[[ 9993 15142][ 6795 102958]],9993,15142,6795,102958
9,63,0.6115169525146484,asleep,0.8373687800249096,0.5952466047176554,0.39757310523174855,0.4767311499654127,0.38494028559103044,0.6678306789723292,[[ 102958 6795][ 15142 9993]],102958,6795,15142,9993
9,63,0.6115169525146484,avg,0.8373687800249096,0.7335166131124264,0.6678306789723292,0.6902270821825238,0.38494028559103044,0.6678306789723292,,,,,
