client,round,loss,class,accuracy,precision,recall,f1_score,cohen_kappa_score,roc_auc_score,confusion_matrix,TP,FP,FN,TN
0,166,0.6983903050422668,awake,0.8057054741711642,0.8590275808128991,0.9106539228996018,0.8840877126252753,0.2871460417996877,0.6290488631804554,[[ 8733 16402][ 9806 99947]],8733,16402,9806,99947
0,166,0.6983903050422668,asleep,0.8057054741711642,0.4710610065267814,0.34744380346130893,0.3999175710949307,0.2871460417996877,0.6290488631804554,[[ 99947 9806][ 16402 8733]],99947,9806,16402,8733
0,166,0.6983903050422668,avg,0.8057054741711642,0.6650442936698402,0.6290488631804554,0.642002641860103,0.2871460417996877,0.6290488631804554,,,,,
