client,round,loss,class,accuracy,precision,recall,f1_score,cohen_kappa_score,roc_auc_score,confusion_matrix,TP,FP,FN,TN
15,195,1.1137583255767822,awake,0.5082587035169919,0.7821250828384683,0.5484132552185361,0.6447431846178565,-0.07895236589212407,0.4406677376152358,[[ 8368 16767][ 49563 60190]],8368,16767,49563,60190
15,195,1.1137583255767822,asleep,0.5082587035169919,0.14444770502839585,0.33292222001193555,0.20147834252281321,-0.07895236589212407,0.4406677376152358,[[ 60190 49563][ 16767 8368]],60190,49563,16767,8368
15,195,1.1137583255767822,avg,0.5082587035169919,0.4632863939334321,0.4406677376152358,0.42311076357033484,-0.07895236589212407,0.4406677376152358,,,,,
