client,round,loss,class,accuracy,precision,recall,f1_score,cohen_kappa_score,roc_auc_score,confusion_matrix,TP,FP,FN,TN
18,20,0.6397264003753662,awake,0.8181009430045667,0.8210574698786103,0.9928202418157135,0.8988064305923306,0.07409301106608446,0.5240011294616661,[[ 1387 23748][ 788 108965]],1387,23748,788,108965
18,20,0.6397264003753662,asleep,0.8181009430045667,0.6377011494252873,0.05518201710761886,0.10157451482973269,0.07409301106608446,0.5240011294616662,[[ 108965 788][ 23748 1387]],108965,788,23748,1387
18,20,0.6397264003753662,avg,0.8181009430045667,0.7293793096519487,0.5240011294616662,0.5001904727110317,0.07409301106608446,0.5240011294616662,,,,,
