client,round,loss,class,accuracy,precision,recall,f1_score,cohen_kappa_score,roc_auc_score,confusion_matrix,TP,FP,FN,TN
4,166,1.0338385105133057,awake,0.8207031018326315,0.853026602416001,0.9419332501161699,0.8952780965164865,0.2829140691979113,0.6166399888933745,[[ 7323 17812][ 6373 103380]],7323,17812,6373,103380
4,166,1.0338385105133057,asleep,0.8207031018326315,0.5346816588785047,0.2913467276705789,0.3771728773402694,0.2829140691979113,0.6166399888933743,[[ 103380 6373][ 17812 7323]],103380,6373,17812,7323
4,166,1.0338385105133057,avg,0.8207031018326315,0.6938541306472529,0.6166399888933745,0.6362254869283779,0.2829140691979113,0.6166399888933745,,,,,
