client,round,loss,class,accuracy,precision,recall,f1_score,cohen_kappa_score,roc_auc_score,confusion_matrix,TP,FP,FN,TN
8,190,0.8773348331451416,awake,0.7960233675345472,0.839985117202034,0.9256421236777127,0.8807358538002064,0.18793990577455744,0.5778399597899206,[[ 5782 19353][ 8161 101592]],5782,19353,8161,101592
8,190,0.8773348331451416,asleep,0.7960233675345472,0.41468837409452775,0.2300377959021285,0.29592097855570915,0.18793990577455744,0.5778399597899206,[[ 101592 8161][ 19353 5782]],101592,8161,19353,5782
8,190,0.8773348331451416,avg,0.7960233675345472,0.6273367456482808,0.5778399597899206,0.5883284161779577,0.18793990577455744,0.5778399597899206,,,,,
