client,round,loss,class,accuracy,precision,recall,f1_score,cohen_kappa_score,roc_auc_score,confusion_matrix,TP,FP,FN,TN
3,15,0.5237383246421814,awake,0.8251957179289484,0.873772511190534,0.9177425674013466,0.8952179496864848,0.37018551682460077,0.6694143511365198,[[ 10584 14551][ 9028 100725]],10584,14551,9028,100725
3,15,0.5237383246421814,asleep,0.8251957179289484,0.5396695900469101,0.4210861348716929,0.47305964645674575,0.37018551682460077,0.6694143511365197,[[ 100725 9028][ 14551 10584]],100725,9028,14551,10584
3,15,0.5237383246421814,avg,0.8251957179289484,0.706721050618722,0.6694143511365198,0.6841387980716153,0.37018551682460077,0.6694143511365198,,,,,
