client,round,loss,class,accuracy,precision,recall,f1_score,cohen_kappa_score,roc_auc_score,confusion_matrix,TP,FP,FN,TN
15,115,0.9849358797073364,awake,0.5140635193642132,0.7838521600657523,0.5561305841298188,0.6506414527158474,-0.07622038678274423,0.4432532769465486,[[ 8304 16831][ 48716 61037]],8304,16831,48716,61037
15,115,0.9849358797073364,asleep,0.5140635193642132,0.14563311118905647,0.3303759697632783,0.20215446412269492,-0.07622038678274423,0.4432532769465485,[[ 61037 48716][ 16831 8304]],61037,48716,16831,8304
15,115,0.9849358797073364,avg,0.5140635193642132,0.46474263562740437,0.44325327694654854,0.42639795841927114,-0.07622038678274423,0.44325327694654854,,,,,
