client,round,loss,class,accuracy,precision,recall,f1_score,cohen_kappa_score,roc_auc_score,confusion_matrix,TP,FP,FN,TN
0,27,0.46422508358955383,awake,0.8270120396180535,0.8622678683714106,0.937076890836697,0.8981172607716087,0.3319658891397428,0.6417431400672445,[[ 8707 16428][ 6906 102847]],8707,16428,6906,102847
0,27,0.46422508358955383,asleep,0.8270120396180535,0.5576762953948633,0.3464093892977919,0.427358397958182,0.3319658891397428,0.6417431400672445,[[ 102847 6906][ 16428 8707]],102847,6906,16428,8707
0,27,0.46422508358955383,avg,0.8270120396180535,0.709972081883137,0.6417431400672444,0.6627378293648953,0.3319658891397428,0.6417431400672445,,,,,
