client,round,loss,class,accuracy,precision,recall,f1_score,cohen_kappa_score,roc_auc_score,confusion_matrix,TP,FP,FN,TN
8,72,0.6825239062309265,awake,0.8026140205207283,0.8404095004095004,0.9349539420334751,0.8851643066943278,0.19700635120427223,0.5798501558188064,[[ 5649 19486][ 7139 102614]],5649,19486,7139,102614
8,72,0.6825239062309265,asleep,0.8026140205207283,0.44174225836721925,0.22474636960413766,0.29791946839648764,0.19700635120427223,0.5798501558188064,[[ 102614 7139][ 19486 5649]],102614,7139,19486,5649
8,72,0.6825239062309265,avg,0.8026140205207283,0.6410758793883597,0.5798501558188064,0.5915418875454077,0.19700635120427223,0.5798501558188064,,,,,
