client,round,loss,class,accuracy,precision,recall,f1_score,cohen_kappa_score,roc_auc_score,confusion_matrix,TP,FP,FN,TN
18,67,0.6270064115524292,awake,0.824661941759089,0.8390216244310397,0.9707616192723661,0.9000967309991171,0.21404584960943218,0.5787366878935931,[[ 4693 20442][ 3209 106544]],4693,20442,3209,106544
18,67,0.6270064115524292,asleep,0.824661941759089,0.593900278410529,0.18671175651481997,0.2841056996700669,0.21404584960943218,0.5787366878935931,[[ 106544 3209][ 20442 4693]],106544,3209,20442,4693
18,67,0.6270064115524292,avg,0.824661941759089,0.7164609514207843,0.5787366878935931,0.592101215334592,0.21404584960943218,0.5787366878935931,,,,,
