client,round,loss,class,accuracy,precision,recall,f1_score,cohen_kappa_score,roc_auc_score,confusion_matrix,TP,FP,FN,TN
7,152,0.7469258904457092,awake,0.8183752446474112,0.8506201881950385,0.942252148005066,0.8940945579672241,0.2683784069603974,0.6098569273942178,[[ 6974 18161][ 6338 103415]],6974,18161,6338,103415
7,152,0.7469258904457092,asleep,0.8183752446474112,0.5238882211538461,0.2774617067833698,0.3627851327801909,0.2683784069603974,0.6098569273942179,[[ 103415 6338][ 18161 6974]],103415,6338,18161,6974
7,152,0.7469258904457092,avg,0.8183752446474112,0.6872542046744423,0.6098569273942178,0.6284398453737076,0.2683784069603974,0.6098569273942178,,,,,
