client,round,loss,class,accuracy,precision,recall,f1_score,cohen_kappa_score,roc_auc_score,confusion_matrix,TP,FP,FN,TN
15,6,0.6739771366119385,awake,0.5378017318071289,0.7758395978308935,0.6074640328738167,0.6814044877789531,-0.11639668805562131,0.4205412465940597,[[ 5872 19263][ 43082 66671]],5872,19263,43082,66671
15,6,0.6739771366119385,asleep,0.5378017318071289,0.11994934019691955,0.23361846031430278,0.1585120598199463,-0.11639668805562131,0.4205412465940597,[[ 66671 43082][ 19263 5872]],66671,43082,19263,5872
15,6,0.6739771366119385,avg,0.5378017318071289,0.4478944690139065,0.4205412465940597,0.4199582737994497,-0.11639668805562131,0.4205412465940597,,,,,
