client,round,loss,class,accuracy,precision,recall,f1_score,cohen_kappa_score,roc_auc_score,confusion_matrix,TP,FP,FN,TN
9,84,0.7130443453788757,awake,0.8353448787141925,0.8762862669245648,0.9287582116206391,0.9017595697060306,0.3961383752478219,0.6781049860569874,[[ 10744 14391][ 7819 101934]],10744,14391,7819,101934
9,84,0.7130443453788757,asleep,0.8353448787141925,0.5787857566126164,0.427451760493336,0.4917387523456451,0.3961383752478219,0.6781049860569874,[[ 101934 7819][ 14391 10744]],101934,7819,14391,10744
9,84,0.7130443453788757,avg,0.8353448787141925,0.7275360117685906,0.6781049860569875,0.6967491610258378,0.3961383752478219,0.6781049860569874,,,,,
