client,round,loss,class,accuracy,precision,recall,f1_score,cohen_kappa_score,roc_auc_score,confusion_matrix,TP,FP,FN,TN
13,178,0.6792101263999939,awake,0.8223859794792717,0.8847067897082694,0.8988455896421965,0.8917201482418873,0.3980761847434455,0.6936837854715856,[[ 12279 12856][ 11102 98651]],12279,12856,11102,98651
13,178,0.6792101263999939,asleep,0.8223859794792717,0.5251700098370472,0.48852198130097474,0.5061835270838486,0.3980761847434455,0.6936837854715855,[[ 98651 11102][ 12856 12279]],98651,11102,12856,12279
13,178,0.6792101263999939,avg,0.8223859794792717,0.7049383997726584,0.6936837854715856,0.698951837662868,0.3980761847434455,0.6936837854715856,,,,,
