client,round,loss,class,accuracy,precision,recall,f1_score,cohen_kappa_score,roc_auc_score,confusion_matrix,TP,FP,FN,TN
6,103,0.7672123312950134,awake,0.6376623569183323,0.8998607535074352,0.6241378367789491,0.7370573013336776,0.2116790350079758,0.6604277805338946,[[ 17512 7623][ 41252 68501]],17512,7623,41252,68501
6,103,0.7672123312950134,asleep,0.6376623569183323,0.2980055816486284,0.6967177242888403,0.4174543200753287,0.2116790350079758,0.6604277805338947,[[ 68501 41252][ 7623 17512]],68501,41252,7623,17512
6,103,0.7672123312950134,avg,0.6376623569183323,0.5989331675780318,0.6604277805338947,0.5772558107045032,0.2116790350079758,0.6604277805338947,,,,,
