client,round,loss,class,accuracy,precision,recall,f1_score,cohen_kappa_score,roc_auc_score,confusion_matrix,TP,FP,FN,TN
12,174,1.166883945465088,awake,0.820302769705237,0.8320209973753281,0.976246662961377,0.8983821809324574,0.1632470201238828,0.5578070394576131,[[ 3503 21632][ 2607 107146]],3503,21632,2607,107146
12,174,1.166883945465088,asleep,0.820302769705237,0.5733224222585924,0.13936741595384922,0.22422787646023365,0.1632470201238828,0.557807039457613,[[ 107146 2607][ 21632 3503]],107146,2607,21632,3503
12,174,1.166883945465088,avg,0.820302769705237,0.7026717098169603,0.5578070394576131,0.5613050286963455,0.1632470201238828,0.5578070394576131,,,,,
