client,round,loss,class,accuracy,precision,recall,f1_score,cohen_kappa_score,roc_auc_score,confusion_matrix,TP,FP,FN,TN
8,48,0.6375879645347595,awake,0.7980324417294348,0.8345904298459043,0.9376053501954389,0.8831038433317744,0.15928056081690278,0.5630935046183083,[[ 4740 20395][ 6848 102905]],4740,20395,6848,102905
8,48,0.6375879645347595,asleep,0.7980324417294348,0.4090438384535727,0.18858165904117763,0.2581488440486888,0.15928056081690278,0.5630935046183083,[[ 102905 6848][ 20395 4740]],102905,6848,20395,4740
8,48,0.6375879645347595,avg,0.7980324417294348,0.6218171341497385,0.5630935046183083,0.5706263436902316,0.15928056081690278,0.5630935046183083,,,,,
