client,round,loss,class,accuracy,precision,recall,f1_score,cohen_kappa_score,roc_auc_score,confusion_matrix,TP,FP,FN,TN
13,43,0.5813527703285217,awake,0.7899664907182254,0.8861571149431829,0.8512204677776462,0.8683375236431065,0.35046139437781354,0.6868594879170706,[[ 13133 12002][ 16329 93424]],13133,12002,16329,93424
13,43,0.5813527703285217,asleep,0.7899664907182254,0.4457606408254701,0.5224985080564949,0.4810887045075737,0.35046139437781354,0.6868594879170705,[[ 93424 16329][ 12002 13133]],93424,16329,12002,13133
13,43,0.5813527703285217,avg,0.7899664907182254,0.6659588778843265,0.6868594879170705,0.6747131140753401,0.35046139437781354,0.6868594879170706,,,,,
