client,round,loss,class,accuracy,precision,recall,f1_score,cohen_kappa_score,roc_auc_score,confusion_matrix,TP,FP,FN,TN
5,164,0.8644477725028992,awake,0.7522537216060732,0.8440218126098518,0.8531885233205471,0.8485804130531315,0.16777349168327416,0.5823531635898538,[[ 7830 17305][ 16113 93640]],7830,17305,16113,93640
5,164,0.8644477725028992,asleep,0.7522537216060732,0.32702668838491417,0.31151780385916056,0.31908390724968416,0.16777349168327416,0.5823531635898539,[[ 93640 16113][ 17305 7830]],93640,16113,17305,7830
5,164,0.8644477725028992,avg,0.7522537216060732,0.585524250497383,0.5823531635898538,0.5838321601514078,0.16777349168327416,0.5823531635898538,,,,,
