client,round,loss,class,accuracy,precision,recall,f1_score,cohen_kappa_score,roc_auc_score,confusion_matrix,TP,FP,FN,TN
1,84,0.7062997817993164,awake,0.6738182788683945,0.8215120429497648,0.7654187129281205,0.7924740109050431,0.03521279784665565,0.5196299850695903,[[ 6883 18252][ 25746 84007]],6883,18252,25746,84007
1,84,0.7062997817993164,asleep,0.6738182788683945,0.21094731680407,0.2738412572110603,0.23831452115504465,0.03521279784665565,0.5196299850695903,[[ 84007 25746][ 18252 6883]],84007,25746,18252,6883
1,84,0.7062997817993164,avg,0.6738182788683945,0.5162296798769174,0.5196299850695903,0.5153942660300439,0.03521279784665565,0.5196299850695903,,,,,
