client,round,loss,class,accuracy,precision,recall,f1_score,cohen_kappa_score,roc_auc_score,confusion_matrix,TP,FP,FN,TN
16,64,0.6613638401031494,awake,0.8116956289662535,0.8548030250771832,0.9258334624110502,0.8889015247609633,0.27803040359464726,0.619570799238149,[[ 7875 17260][ 8140 101613]],7875,17260,8140,101613
16,64,0.6613638401031494,asleep,0.8116956289662535,0.4917265064002498,0.31330813606524766,0.3827460510328068,0.27803040359464726,0.619570799238149,[[ 101613 8140][ 17260 7875]],101613,8140,17260,7875
16,64,0.6613638401031494,avg,0.8116956289662535,0.6732647657387165,0.619570799238149,0.6358237878968851,0.27803040359464726,0.619570799238149,,,,,
