client,round,loss,class,accuracy,precision,recall,f1_score,cohen_kappa_score,roc_auc_score,confusion_matrix,TP,FP,FN,TN
15,92,0.947516143321991,awake,0.5183411422810035,0.7823252764433685,0.5653330660665312,0.6563597511953625,-0.08284076350737402,0.4392410307456189,[[ 7871 17264][ 47706 62047]],7871,17264,47706,62047
15,92,0.947516143321991,asleep,0.5183411422810035,0.14162333339331018,0.3131489954247066,0.19503915155119436,-0.08284076350737402,0.43924103074561893,[[ 62047 47706][ 17264 7871]],62047,47706,17264,7871
15,92,0.947516143321991,avg,0.5183411422810035,0.46197430491833935,0.43924103074561893,0.4256994513732784,-0.08284076350737402,0.43924103074561893,,,,,
