client,round,loss,class,accuracy,precision,recall,f1_score,cohen_kappa_score,roc_auc_score,confusion_matrix,TP,FP,FN,TN
12,22,0.7450312376022339,awake,0.8169296008540419,0.8218591310533764,0.9894763696664328,0.8979122741742114,0.08066631987173001,0.5264867426211615,[[ 1596 23539][ 1155 108598]],1596,23539,1155,108598
12,22,0.7450312376022339,asleep,0.8169296008540419,0.5801526717557252,0.06349711557589019,0.11446604030696406,0.08066631987173001,0.5264867426211615,[[ 108598 1155][ 23539 1596]],108598,1155,23539,1596
12,22,0.7450312376022339,avg,0.8169296008540419,0.7010059014045508,0.5264867426211615,0.5061891572405877,0.08066631987173001,0.5264867426211615,,,,,
