client,round,loss,class,accuracy,precision,recall,f1_score,cohen_kappa_score,roc_auc_score,confusion_matrix,TP,FP,FN,TN
4,38,0.7629466652870178,awake,0.8151132791649368,0.8269521371738728,0.9772762475740983,0.8958518648442102,0.12146495351552755,0.5421491641689867,[[ 2690 22445][ 2494 107259]],2690,22445,2494,107259
4,38,0.7629466652870178,asleep,0.8151132791649368,0.5189043209876543,0.10702208076387508,0.17744648570203503,0.12146495351552755,0.5421491641689867,[[ 107259 2494][ 22445 2690]],107259,2494,22445,2690
4,38,0.7629466652870178,avg,0.8151132791649368,0.6729282290807636,0.5421491641689866,0.5366491752731226,0.12146495351552755,0.5421491641689867,,,,,
