client,round,loss,class,accuracy,precision,recall,f1_score,cohen_kappa_score,roc_auc_score,confusion_matrix,TP,FP,FN,TN
9,121,0.7477822303771973,awake,0.8382213391851017,0.8715090879899952,0.9397191876304064,0.904329755892256,0.38553838728312684,0.6673730213067488,[[ 9929 15206][ 6616 103137]],9929,15206,6616,103137
9,121,0.7477822303771973,asleep,0.8382213391851017,0.6001208824418254,0.3950268549830913,0.47643953934740885,0.38553838728312684,0.6673730213067489,[[ 103137 6616][ 15206 9929]],103137,6616,15206,9929
9,121,0.7477822303771973,avg,0.8382213391851017,0.7358149852159103,0.6673730213067488,0.6903846476198324,0.38553838728312684,0.6673730213067488,,,,,
