client,round,loss,class,accuracy,precision,recall,f1_score,cohen_kappa_score,roc_auc_score,confusion_matrix,TP,FP,FN,TN
3,118,0.7467465400695801,awake,0.824402467232074,0.8630201698961558,0.9321385292429364,0.8962487297193117,0.33068751826244647,0.6430535494832148,[[ 8897 16238][ 7448 102305]],8897,16238,7448,102305
3,118,0.7467465400695801,asleep,0.824402467232074,0.5443254817987152,0.3539685697234931,0.4289778206364513,0.33068751826244647,0.6430535494832147,[[ 102305 7448][ 16238 8897]],102305,7448,16238,8897
3,118,0.7467465400695801,avg,0.824402467232074,0.7036728258474355,0.6430535494832148,0.6626132751778815,0.33068751826244647,0.6430535494832148,,,,,
