client,round,loss,class,accuracy,precision,recall,f1_score,cohen_kappa_score,roc_auc_score,confusion_matrix,TP,FP,FN,TN
0,170,0.72355717420578,awake,0.7459521973785659,0.8875278510775928,0.7875775605222636,0.83457078582256,0.29571414938408824,0.6758854582002606,[[ 14181 10954][ 23314 86439]],14181,10954,23314,86439
0,170,0.72355717420578,asleep,0.7459521973785659,0.3782104280570743,0.5641933558782574,0.4528500718505508,0.29571414938408824,0.6758854582002606,[[ 86439 23314][ 10954 14181]],86439,23314,10954,14181
0,170,0.72355717420578,avg,0.7459521973785659,0.6328691395673336,0.6758854582002605,0.6437104288365554,0.29571414938408824,0.6758854582002606,,,,,
