client,round,loss,class,accuracy,precision,recall,f1_score,cohen_kappa_score,roc_auc_score,confusion_matrix,TP,FP,FN,TN
0,74,0.6056932806968689,awake,0.7844582171875927,0.8614035244895583,0.8760489462702614,0.8686645104168548,0.26824945567898384,0.6302862594888208,[[ 9665 15470][ 13604 96149]],9665,15470,13604,96149
0,74,0.6056932806968689,asleep,0.7844582171875927,0.41535949116850746,0.38452357270738013,0.3993471613916205,0.26824945567898384,0.6302862594888208,[[ 96149 13604][ 15470 9665]],96149,13604,15470,9665
0,74,0.6056932806968689,avg,0.7844582171875927,0.6383815078290329,0.6302862594888208,0.6340058359042376,0.26824945567898384,0.6302862594888208,,,,,
