client,round,loss,class,accuracy,precision,recall,f1_score,cohen_kappa_score,roc_auc_score,confusion_matrix,TP,FP,FN,TN
8,104,0.6936560273170471,awake,0.8015612952968388,0.8459883594883512,0.9244029775951454,0.8834590885540253,0.2246161918253825,0.5947855349483585,[[ 6665 18470][ 8297 101456]],6665,18470,8297,101456
8,104,0.6936560273170471,asleep,0.8015612952968388,0.4454618366528539,0.2651680923015715,0.33244382372746095,0.2246161918253825,0.5947855349483585,[[ 101456 8297][ 18470 6665]],101456,8297,18470,6665
8,104,0.6936560273170471,avg,0.8015612952968388,0.6457250980706025,0.5947855349483585,0.6079514561407431,0.2246161918253825,0.5947855349483585,,,,,
