client,round,loss,class,accuracy,precision,recall,f1_score,cohen_kappa_score,roc_auc_score,confusion_matrix,TP,FP,FN,TN
13,159,0.6647257804870605,awake,0.7877053555542376,0.8799925048016115,0.8557943746412399,0.867724769964155,0.3308713006485495,0.6730931292342861,[[ 12326 12809][ 15827 93926]],12326,12809,15827,93926
13,159,0.6647257804870605,asleep,0.7877053555542376,0.43782190175114555,0.4903918838273324,0.4626182254916679,0.3308713006485495,0.6730931292342861,[[ 93926 15827][ 12809 12326]],93926,15827,12809,12326
13,159,0.6647257804870605,avg,0.7877053555542376,0.6589072032763785,0.6730931292342861,0.6651714977279115,0.3308713006485495,0.6730931292342861,,,,,
