client,round,loss,class,accuracy,precision,recall,f1_score,cohen_kappa_score,roc_auc_score,confusion_matrix,TP,FP,FN,TN
6,141,0.775570809841156,awake,0.6514589881976158,0.8623473831333095,0.6802183083833699,0.760530953617962,0.15204511173226098,0.6030492775256814,[[ 13218 11917][ 35097 74656]],13218,11917,35097,74656
6,141,0.775570809841156,asleep,0.6514589881976158,0.27357963365414467,0.5258802466679928,0.35991831177671885,0.15204511173226098,0.6030492775256814,[[ 74656 35097][ 11917 13218]],74656,35097,11917,13218
6,141,0.775570809841156,avg,0.6514589881976158,0.5679635083937271,0.6030492775256814,0.5602246326973404,0.15204511173226098,0.6030492775256814,,,,,
