client,round,loss,class,accuracy,precision,recall,f1_score,cohen_kappa_score,roc_auc_score,confusion_matrix,TP,FP,FN,TN
5,82,0.778441846370697,awake,0.7505337761698594,0.8444104522867771,0.8500268785363498,0.8472093572349662,0.16800090283732239,0.5830599879055332,[[ 7945 17190][ 16460 93293]],7945,17190,16460,93293
5,82,0.778441846370697,asleep,0.7505337761698594,0.3255480434337226,0.3160930972747165,0.32075090835688336,0.16800090283732239,0.5830599879055332,[[ 93293 16460][ 17190 7945]],93293,16460,17190,7945
5,82,0.778441846370697,avg,0.7505337761698594,0.5849792478602499,0.5830599879055332,0.5839801327959248,0.16800090283732239,0.5830599879055332,,,,,
