client,round,loss,class,accuracy,precision,recall,f1_score,cohen_kappa_score,roc_auc_score,confusion_matrix,TP,FP,FN,TN
8,123,0.7848607897758484,awake,0.7989368957950299,0.8366688396349413,0.9355188468652338,0.8833369896719189,0.1723387033454108,0.5690325485569455,[[ 5091 20044][ 7077 102676]],5091,20044,7077,102676
8,123,0.7848607897758484,asleep,0.7989368957950299,0.41839250493096647,0.20254625024865724,0.27295391791544915,0.1723387033454108,0.5690325485569455,[[ 102676 7077][ 20044 5091]],102676,7077,20044,5091
8,123,0.7848607897758484,avg,0.7989368957950299,0.6275306722829539,0.5690325485569455,0.578145453793684,0.1723387033454108,0.5690325485569455,,,,,
