client,round,loss,class,accuracy,precision,recall,f1_score,cohen_kappa_score,roc_auc_score,confusion_matrix,TP,FP,FN,TN
18,105,0.7640795111656189,awake,0.8204806950951901,0.8248541654007413,0.9894672582981786,0.8996930520403132,0.10851356499586573,0.5360306253694991,[[ 2076 23059][ 1156 108597]],2076,23059,1156,108597
18,105,0.7640795111656189,asleep,0.8204806950951901,0.6423267326732673,0.08259399244081958,0.14636725772905138,0.10851356499586573,0.5360306253694992,[[ 108597 1156][ 23059 2076]],108597,1156,23059,2076
18,105,0.7640795111656189,avg,0.8204806950951901,0.7335904490370043,0.5360306253694991,0.5230301548846823,0.10851356499586573,0.5360306253694991,,,,,
