client,round,loss,class,accuracy,precision,recall,f1_score,cohen_kappa_score,roc_auc_score,confusion_matrix,TP,FP,FN,TN
0,102,0.6424550414085388,awake,0.7680371864065002,0.8897863884749131,0.815986806738768,0.8512901432013803,0.3287523323964704,0.6873250126791114,[[ 14042 11093][ 20196 89557]],14042,11093,20196,89557
0,102,0.6424550414085388,asleep,0.7680371864065002,0.41012909632572,0.5586632186194549,0.47300961716605183,0.3287523323964704,0.6873250126791115,[[ 89557 20196][ 11093 14042]],89557,20196,11093,14042
0,102,0.6424550414085388,avg,0.7680371864065002,0.6499577424003166,0.6873250126791115,0.662149880183716,0.3287523323964704,0.6873250126791115,,,,,
