client,round,loss,class,accuracy,precision,recall,f1_score,cohen_kappa_score,roc_auc_score,confusion_matrix,TP,FP,FN,TN
1,111,0.7387433052062988,awake,0.6696889271098986,0.812628267832825,0.7720609003854109,0.7918253304489622,-0.004853697958515202,0.49736922083125723,[[ 5597 19538][ 25017 84736]],5597,19538,25017,84736
1,111,0.7387433052062988,asleep,0.6696889271098986,0.18282485137518784,0.22267754127710365,0.20079283933344097,-0.004853697958515202,0.49736922083125723,[[ 84736 25017][ 19538 5597]],84736,25017,19538,5597
1,111,0.7387433052062988,avg,0.6696889271098986,0.49772655960400647,0.49736922083125723,0.49630908489120157,-0.004853697958515202,0.49736922083125723,,,,,
