client,round,loss,class,accuracy,precision,recall,f1_score,cohen_kappa_score,roc_auc_score,confusion_matrix,TP,FP,FN,TN
4,49,0.6826264262199402,awake,0.8248324535911274,0.8614475528584259,0.9351179466620503,0.8967722768816735,0.32519711809590235,0.639192154154578,[[ 8628 16507][ 7121 102632]],8628,16507,7121,102632
4,49,0.6826264262199402,asleep,0.8248324535911274,0.5478443075750842,0.3432663616471056,0.422072204285295,0.32519711809590235,0.639192154154578,[[ 102632 7121][ 16507 8628]],102632,7121,16507,8628
4,49,0.6826264262199402,avg,0.8248324535911274,0.704645930216755,0.639192154154578,0.6594222405834842,0.32519711809590235,0.639192154154578,,,,,
