client,round,loss,class,accuracy,precision,recall,f1_score,cohen_kappa_score,roc_auc_score,confusion_matrix,TP,FP,FN,TN
1,107,0.7670779228210449,awake,0.6438304371033746,0.8135224663157681,0.7294743651654169,0.7692093367344488,-0.0005646910111420933,0.4996685531814751,[[ 6783 18352][ 29691 80062]],6783,18352,29691,80062
1,107,0.7670779228210449,asleep,0.6438304371033746,0.18596808685639085,0.26986274119753334,0.22019510136506032,-0.0005646910111420933,0.4996685531814752,[[ 80062 29691][ 18352 6783]],80062,29691,18352,6783
1,107,0.7670779228210449,avg,0.6438304371033746,0.4997452765860795,0.4996685531814751,0.49470221904975453,-0.0005646910111420933,0.49966855318147513,,,,,
