client,round,loss,class,accuracy,precision,recall,f1_score,cohen_kappa_score,roc_auc_score,confusion_matrix,TP,FP,FN,TN
8,149,0.826225757598877,awake,0.7948890931735959,0.8411096890011802,0.9221069127950945,0.8797479082907748,0.19273586769770423,0.5807471106645057,[[ 6017 19118][ 8549 101204]],6017,19118,8549,101204
8,149,0.826225757598877,asleep,0.7948890931735959,0.4130852670602774,0.23938730853391685,0.3031157905342435,0.19273586769770423,0.5807471106645057,[[ 101204 8549][ 19118 6017]],101204,8549,19118,6017
8,149,0.826225757598877,avg,0.7948890931735959,0.6270974780307288,0.5807471106645057,0.5914318494125091,0.19273586769770423,0.5807471106645057,,,,,
