client,round,loss,class,accuracy,precision,recall,f1_score,cohen_kappa_score,roc_auc_score,confusion_matrix,TP,FP,FN,TN
15,36,0.8150947690010071,awake,0.4540655951604294,0.7723248623784028,0.46658405692782884,0.5817287484806143,-0.08042255284792721,0.43299363976289995,[[ 10039 15096][ 58544 51209]],10039,15096,58544,51209
15,36,0.8150947690010071,asleep,0.4540655951604294,0.1463773821500955,0.39940322259797095,0.21423846006103414,-0.08042255284792721,0.43299363976289995,[[ 51209 58544][ 15096 10039]],51209,58544,15096,10039
15,36,0.8150947690010071,avg,0.4540655951604294,0.4593511222642491,0.4329936397628999,0.39798360427082424,-0.08042255284792721,0.43299363976289995,,,,,
