client,round,loss,class,accuracy,precision,recall,f1_score,cohen_kappa_score,roc_auc_score,confusion_matrix,TP,FP,FN,TN
11,166,0.7516936659812927,awake,0.8314231065773086,0.8598832015352547,0.9471540641258098,0.9014112597281537,0.32952925052556525,0.6366166182972395,[[ 8196 16939][ 5800 103953]],8196,16939,5800,103953
11,166,0.7516936659812927,asleep,0.8314231065773086,0.5855958845384396,0.3260791724686692,0.41890061587999283,0.32952925052556525,0.6366166182972395,[[ 103953 5800][ 16939 8196]],103953,5800,16939,8196
11,166,0.7516936659812927,avg,0.8314231065773086,0.7227395430368471,0.6366166182972395,0.6601559378040733,0.32952925052556525,0.6366166182972395,,,,,
