client,round,loss,class,accuracy,precision,recall,f1_score,cohen_kappa_score,roc_auc_score,confusion_matrix,TP,FP,FN,TN
16,91,0.722004234790802,awake,0.8143719233734654,0.8452415884194053,0.9448579993257588,0.8922780404489741,0.23634367099625997,0.594728581918698,[[ 6148 18987][ 6052 103701]],6148,18987,6052,103701
16,91,0.722004234790802,asleep,0.8143719233734654,0.5039344262295082,0.24459916451163716,0.3293424400696397,0.23634367099625997,0.594728581918698,[[ 103701 6052][ 18987 6148]],103701,6052,18987,6148
16,91,0.722004234790802,avg,0.8143719233734654,0.6745880073244568,0.5947285819186979,0.6108102402593069,0.23634367099625997,0.594728581918698,,,,,
