client,round,loss,class,accuracy,precision,recall,f1_score,cohen_kappa_score,roc_auc_score,confusion_matrix,TP,FP,FN,TN
8,25,0.5916763544082642,awake,0.7865043591720539,0.8335462074080178,0.92166045575064,0.8753915918098898,0.14354186997803509,0.5590001105090976,[[ 4935 20200][ 8598 101155]],4935,20200,8598,101155
8,25,0.5916763544082642,asleep,0.7865043591720539,0.36466415428951454,0.1963397652675552,0.25524981897175963,0.14354186997803509,0.5590001105090976,[[ 101155 8598][ 20200 4935]],101155,8598,20200,4935
8,25,0.5916763544082642,avg,0.7865043591720539,0.5991051808487662,0.5590001105090976,0.5653207053908247,0.14354186997803509,0.5590001105090976,,,,,
