client,round,loss,class,accuracy,precision,recall,f1_score,cohen_kappa_score,roc_auc_score,confusion_matrix,TP,FP,FN,TN
15,65,0.9150007963180542,awake,0.4760542079354724,0.7663254596753308,0.5122684573542409,0.6140563564875492,-0.10898784618824009,0.4150958359975899,[[ 7991 17144][ 53530 56223]],7991,17144,53530,56223
15,65,0.9150007963180542,asleep,0.4760542079354724,0.12989060645958292,0.3179232146409389,0.18443039143279175,-0.10898784618824009,0.41509583599758987,[[ 56223 53530][ 17144 7991]],56223,53530,17144,7991
15,65,0.9150007963180542,avg,0.4760542079354724,0.4481080330674569,0.4150958359975899,0.39924337396017046,-0.10898784618824009,0.4150958359975899,,,,,
