client,round,loss,class,accuracy,precision,recall,f1_score,cohen_kappa_score,roc_auc_score,confusion_matrix,TP,FP,FN,TN
15,142,0.9807212948799133,awake,0.5365414269616274,0.7868054206333787,0.5903711060289923,0.6745790062726112,-0.07613957632365875,0.44593152476703246,[[ 7578 17557][ 44958 64795]],7578,17557,44958,64795
15,142,0.9807212948799133,asleep,0.5365414269616274,0.1442439470077661,0.30149194350507263,0.19513074377824413,-0.07613957632365875,0.44593152476703257,[[ 64795 44958][ 17557 7578]],64795,44958,17557,7578
15,142,0.9807212948799133,avg,0.5365414269616274,0.4655246838205724,0.44593152476703246,0.4348548750254277,-0.07613957632365875,0.4459315247670325,,,,,
