client,round,loss,class,accuracy,precision,recall,f1_score,cohen_kappa_score,roc_auc_score,confusion_matrix,TP,FP,FN,TN
2,99,0.5704287886619568,awake,0.8310672557974023,0.878864182901753,0.9190546044299472,0.8985101881750361,0.39643766119238244,0.6829607615346474,[[ 11232 13903][ 8884 100869]],11232,13903,8884,100869
2,99,0.5704287886619568,asleep,0.8310672557974023,0.5583615032809703,0.4468669186393475,0.49643101809904755,0.39643766119238244,0.6829607615346474,[[ 100869 8884][ 13903 11232]],100869,8884,13903,11232
2,99,0.5704287886619568,avg,0.8310672557974023,0.7186128430913616,0.6829607615346474,0.6974706031370419,0.39643766119238244,0.6829607615346474,,,,,
