client,round,loss,class,accuracy,precision,recall,f1_score,cohen_kappa_score,roc_auc_score,confusion_matrix,TP,FP,FN,TN
14,166,0.574569582939148,awake,0.8201544985469427,0.8659344610327352,0.92166045575064,0.892928864937392,0.33485843397307613,0.6492925314360918,[[ 9474 15661][ 8598 101155]],9474,15661,8598,101155
14,166,0.574569582939148,asleep,0.8201544985469427,0.5242363877822045,0.3769246071215437,0.43854005138056334,0.33485843397307613,0.6492925314360919,[[ 101155 8598][ 15661 9474]],101155,8598,15661,9474
14,166,0.574569582939148,avg,0.8201544985469427,0.6950854244074698,0.6492925314360919,0.6657344581589777,0.33485843397307613,0.6492925314360918,,,,,
