client,round,loss,class,accuracy,precision,recall,f1_score,cohen_kappa_score,roc_auc_score,confusion_matrix,TP,FP,FN,TN
9,35,0.5995417237281799,awake,0.8443375244647411,0.8750422554255967,0.9434092917733456,0.9079406000499823,0.4089252630926853,0.6775729570066251,[[ 10349 14786][ 6211 103542]],10349,14786,6211,103542
9,35,0.5995417237281799,asleep,0.8443375244647411,0.62493961352657,0.41173662223990454,0.49641443818203623,0.4089252630926853,0.6775729570066251,[[ 103542 6211][ 14786 10349]],103542,6211,14786,10349
9,35,0.5995417237281799,avg,0.8443375244647411,0.7499909344760833,0.6775729570066251,0.7021775191160093,0.4089252630926853,0.6775729570066251,,,,,
