client,round,loss,class,accuracy,precision,recall,f1_score,cohen_kappa_score,roc_auc_score,confusion_matrix,TP,FP,FN,TN
15,106,0.970155656337738,awake,0.5111722317774746,0.7867163983771758,0.547711679862965,0.6458103919683288,-0.06660614801800113,0.4496664625692386,[[ 8838 16297][ 49640 60113]],8838,16297,49640,60113
15,106,0.970155656337738,asleep,0.5111722317774746,0.15113375970450427,0.35162124527551225,0.21140253309892007,-0.06660614801800113,0.4496664625692387,[[ 60113 49640][ 16297 8838]],60113,49640,16297,8838
15,106,0.970155656337738,avg,0.5111722317774746,0.46892507904084,0.4496664625692386,0.42860646253362444,-0.06660614801800113,0.44966646256923865,,,,,
