client,round,loss,class,accuracy,precision,recall,f1_score,cohen_kappa_score,roc_auc_score,confusion_matrix,TP,FP,FN,TN
16,105,0.7392527461051941,awake,0.8143200284680624,0.8625503976168668,0.9180979107632593,0.889457748903228,0.3132211352974772,0.6396337972356181,[[ 9078 16057][ 8989 100764]],9078,16057,8989,100764
16,105,0.7392527461051941,asleep,0.8143200284680624,0.5024630541871922,0.3611696837079769,0.4202583213740105,0.3132211352974772,0.6396337972356181,[[ 100764 8989][ 16057 9078]],100764,8989,16057,9078
16,105,0.7392527461051941,avg,0.8143200284680624,0.6825067259020294,0.6396337972356181,0.6548580351386193,0.3132211352974772,0.6396337972356181,,,,,
