client,round,loss,class,accuracy,precision,recall,f1_score,cohen_kappa_score,roc_auc_score,confusion_matrix,TP,FP,FN,TN
6,83,0.627991259098053,awake,0.7283449973311191,0.8632325761640732,0.7915410057128279,0.8258338046779569,0.2140190902793805,0.6219690308054889,[[ 11371 13764][ 22879 86874]],11371,13764,22879,86874
6,83,0.627991259098053,asleep,0.7283449973311191,0.332,0.45239705589815,0.38295865959417363,0.2140190902793805,0.621969030805489,[[ 86874 22879][ 13764 11371]],86874,22879,13764,11371
6,83,0.627991259098053,avg,0.7283449973311191,0.5976162880820366,0.6219690308054889,0.6043962321360652,0.2140190902793805,0.621969030805489,,,,,
