client,round,loss,class,accuracy,precision,recall,f1_score,cohen_kappa_score,roc_auc_score,confusion_matrix,TP,FP,FN,TN
8,29,0.6063463687896729,awake,0.798128817982326,0.8308834732680572,0.9440470875511375,0.8838578143260511,0.13625514389834814,0.552508922729219,[[ 4046 21089][ 6141 103612]],4046,21089,6141,103612
8,29,0.6063463687896729,asleep,0.798128817982326,0.39717286737999413,0.1609707579073006,0.22909235037653589,0.13625514389834814,0.552508922729219,[[ 103612 6141][ 21089 4046]],103612,6141,21089,4046
8,29,0.6063463687896729,avg,0.798128817982326,0.6140281703240257,0.552508922729219,0.5564750823512935,0.13625514389834814,0.552508922729219,,,,,
