client,round,loss,class,accuracy,precision,recall,f1_score,cohen_kappa_score,roc_auc_score,confusion_matrix,TP,FP,FN,TN
8,65,0.7212446928024292,awake,0.7861485083921476,0.8347718865598027,0.919091049902964,0.8749045933943935,0.1502943062757408,0.5623702713210862,[[ 5169 19966][ 8880 100873]],5169,19966,8880,100873
8,65,0.7212446928024292,asleep,0.7861485083921476,0.3679265428144352,0.20564949273920827,0.26383217639853,0.1502943062757408,0.5623702713210862,[[ 100873 8880][ 19966 5169]],100873,8880,19966,5169
8,65,0.7212446928024292,avg,0.7861485083921476,0.601349214687119,0.5623702713210861,0.5693683848964618,0.1502943062757408,0.5623702713210862,,,,,
