client,round,loss,class,accuracy,precision,recall,f1_score,cohen_kappa_score,roc_auc_score,confusion_matrix,TP,FP,FN,TN
15,10,0.6986807584762573,awake,0.5413305853745329,0.7883744459433417,0.5963754977084909,0.679064411210881,-0.07280435604391333,0.44867511706590246,[[ 7565 17570][ 44299 65454]],7565,17570,44299,65454
15,10,0.6986807584762573,asleep,0.5413305853745329,0.14586225512879838,0.3009747364233141,0.19649605839036868,-0.07280435604391333,0.4486751170659026,[[ 65454 44299][ 17570 7565]],65454,44299,17570,7565
15,10,0.6986807584762573,avg,0.5413305853745329,0.46711835053607004,0.44867511706590246,0.43778023480062483,-0.07280435604391333,0.4486751170659025,,,,,
