client,round,loss,class,accuracy,precision,recall,f1_score,cohen_kappa_score,roc_auc_score,confusion_matrix,TP,FP,FN,TN
16,129,0.7793391346931458,awake,0.8152541367653164,0.858935628273802,0.9248312119030915,0.8906662688767408,0.3004060242052752,0.6308062962240741,[[ 8465 16670][ 8250 101503]],8465,16670,8250,101503
16,129,0.7793391346931458,asleep,0.8152541367653164,0.5064313490876459,0.3367813805450567,0.4045400238948626,0.3004060242052752,0.630806296224074,[[ 101503 8250][ 16670 8465]],101503,8250,16670,8465
16,129,0.7793391346931458,avg,0.8152541367653164,0.6826834886807239,0.6308062962240741,0.6476031463858017,0.3004060242052752,0.6308062962240741,,,,,
