client,round,loss,class,accuracy,precision,recall,f1_score,cohen_kappa_score,roc_auc_score,confusion_matrix,TP,FP,FN,TN
16,100,0.7207959890365601,awake,0.8175449261609632,0.8600754474405387,0.9264894809253506,0.8920480215456551,0.30841088292285523,0.6341617884037932,[[ 8592 16543][ 8068 101685]],8592,16543,8068,101685
16,100,0.7207959890365601,asleep,0.8175449261609632,0.5157262905162064,0.3418340958822359,0.41114965905012557,0.30841088292285523,0.6341617884037932,[[ 101685 8068][ 16543 8592]],101685,8068,16543,8592
16,100,0.7207959890365601,avg,0.8175449261609632,0.6879008689783725,0.6341617884037932,0.6515988402978903,0.30841088292285523,0.6341617884037932,,,,,
