client,round,loss,class,accuracy,precision,recall,f1_score,cohen_kappa_score,roc_auc_score,confusion_matrix,TP,FP,FN,TN
0,174,0.7220132350921631,awake,0.7529283553763122,0.8741384036970314,0.8134720691006169,0.8427148176639655,0.2704406513481181,0.6510169177808633,[[ 12280 12855][ 20472 89281]],12280,12855,20472,89281
0,174,0.7220132350921631,asleep,0.7529283553763122,0.3749389350268686,0.48856176646111,0.4242748803703768,0.2704406513481181,0.6510169177808635,[[ 89281 20472][ 12855 12280]],89281,20472,12855,12280
0,174,0.7220132350921631,avg,0.7529283553763122,0.62453866936195,0.6510169177808635,0.6334948490171711,0.2704406513481181,0.6510169177808633,,,,,
