client,round,loss,class,accuracy,precision,recall,f1_score,cohen_kappa_score,roc_auc_score,confusion_matrix,TP,FP,FN,TN
5,65,0.7365423440933228,awake,0.7703650435917205,0.8436066088595007,0.8811239783878345,0.8619572435123246,0.18143796251345556,0.583927813741361,[[ 7207 17928][ 13047 96706]],7207,17928,13047,96706
5,65,0.7365423440933228,asleep,0.7703650435917205,0.35583094697343737,0.28673164909488763,0.3175659300711626,0.18143796251345556,0.583927813741361,[[ 96706 13047][ 17928 7207]],96706,13047,17928,7207
5,65,0.7365423440933228,avg,0.7703650435917205,0.599718777916469,0.583927813741361,0.5897615867917436,0.18143796251345556,0.583927813741361,,,,,
