client,round,loss,class,accuracy,precision,recall,f1_score,cohen_kappa_score,roc_auc_score,confusion_matrix,TP,FP,FN,TN
3,99,0.767115592956543,awake,0.8283613071585315,0.8543847444448991,0.9511630661576449,0.9001802205761884,0.30062518757730416,0.6216527485154646,[[ 7343 17792][ 5360 104393]],7343,17792,5360,104393
3,99,0.767115592956543,asleep,0.8283613071585315,0.5780524285601827,0.2921424308732843,0.3881283365928432,0.30062518757730416,0.6216527485154646,[[ 104393 5360][ 17792 7343]],104393,5360,17792,7343
3,99,0.767115592956543,avg,0.8283613071585315,0.7162185865025409,0.6216527485154646,0.6441542785845158,0.30062518757730416,0.6216527485154646,,,,,
