client,round,loss,class,accuracy,precision,recall,f1_score,cohen_kappa_score,roc_auc_score,confusion_matrix,TP,FP,FN,TN
4,188,1.2037943601608276,awake,0.8231199217128284,0.8570644673173814,0.9392545078494438,0.8962791971516882,0.3044054084185994,0.6276340174019448,[[ 7943 17192][ 6667 103086]],7943,17192,6667,103086
4,188,1.2037943601608276,asleep,0.8231199217128284,0.543668720054757,0.316013526954446,0.39969807522958867,0.3044054084185994,0.6276340174019449,[[ 103086 6667][ 17192 7943]],103086,6667,17192,7943
4,188,1.2037943601608276,avg,0.8231199217128284,0.7003665936860692,0.6276340174019449,0.6479886361906384,0.3044054084185994,0.6276340174019448,,,,,
