client,round,loss,class,accuracy,precision,recall,f1_score,cohen_kappa_score,roc_auc_score,confusion_matrix,TP,FP,FN,TN
6,4,0.5035494565963745,awake,0.7704391791708677,0.8472366681357426,0.8757756052226363,0.8612697858003702,0.197454780550395,0.5931294974591399,[[ 7804 17331][ 13634 96119]],7804,17331,13634,96119
6,4,0.5035494565963745,asleep,0.7704391791708677,0.36402649500886275,0.31048338969564354,0.33512979623386935,0.197454780550395,0.59312949745914,[[ 96119 13634][ 17331 7804]],96119,13634,17331,7804
6,4,0.5035494565963745,avg,0.7704391791708677,0.6056315815723027,0.5931294974591399,0.5981997910171197,0.197454780550395,0.5931294974591399,,,,,
