client,round,loss,class,accuracy,precision,recall,f1_score,cohen_kappa_score,roc_auc_score,confusion_matrix,TP,FP,FN,TN
12,5,0.7272928953170776,awake,0.8227788980487516,0.8340753078156375,0.9764380016947145,0.8996595855422496,0.17996248834140782,0.5641290863854516,[[ 3816 21319][ 2586 107167]],3816,21319,2586,107167
12,5,0.7272928953170776,asleep,0.8227788980487516,0.5960637300843487,0.1518201710761886,0.2420014586041792,0.17996248834140782,0.5641290863854516,[[ 107167 2586][ 21319 3816]],107167,2586,21319,3816
12,5,0.7272928953170776,avg,0.8227788980487516,0.7150695189499932,0.5641290863854516,0.5708305220732144,0.17996248834140782,0.5641290863854516,,,,,
