client,round,loss,class,accuracy,precision,recall,f1_score,cohen_kappa_score,roc_auc_score,confusion_matrix,TP,FP,FN,TN
9,100,0.7146888971328735,awake,0.8367238004863294,0.8730450312539865,0.9353457308684046,0.9031222232974688,0.38804417088735865,0.6707164301845504,[[ 10207 14928][ 7096 102657]],10207,14928,7096,102657
9,100,0.7146888971328735,asleep,0.8367238004863294,0.589897705600185,0.40608712950069625,0.48103115132664126,0.38804417088735865,0.6707164301845504,[[ 102657 7096][ 14928 10207]],102657,7096,14928,10207
9,100,0.7146888971328735,avg,0.8367238004863294,0.7314713684270857,0.6707164301845504,0.6920766873120551,0.38804417088735865,0.6707164301845504,,,,,
