client,round,loss,class,accuracy,precision,recall,f1_score,cohen_kappa_score,roc_auc_score,confusion_matrix,TP,FP,FN,TN
0,197,0.7269647717475891,awake,0.7727818634719175,0.878495282206358,0.8364327171011271,0.8569481589350808,0.3065722309118647,0.6656402694318049,[[ 12438 12697][ 17952 91801]],12438,12697,17952,91801
0,197,0.7269647717475891,asleep,0.7727818634719175,0.409279368213228,0.4948478217624826,0.44801440792435837,0.3065722309118647,0.6656402694318049,[[ 91801 17952][ 12697 12438]],91801,17952,12697,12438
0,197,0.7269647717475891,avg,0.7727818634719175,0.643887325209793,0.6656402694318049,0.6524812834297196,0.3065722309118647,0.6656402694318049,,,,,
