client,round,loss,class,accuracy,precision,recall,f1_score,cohen_kappa_score,roc_auc_score,confusion_matrix,TP,FP,FN,TN
2,134,0.5996413230895996,awake,0.8328984046023368,0.8869357658145293,0.9107268138456353,0.8986738592942234,0.4228780161672895,0.7018921517010154,[[ 12393 12742][ 9798 99955]],12393,12742,9798,99955
2,134,0.5996413230895996,asleep,0.8328984046023368,0.5584696498580506,0.49305748955639545,0.523729028441026,0.4228780161672895,0.7018921517010154,[[ 99955 9798][ 12742 12393]],99955,9798,12742,12393
2,134,0.5996413230895996,avg,0.8328984046023368,0.72270270783629,0.7018921517010154,0.7112014438676246,0.4228780161672895,0.7018921517010154,,,,,
