client,round,loss,class,accuracy,precision,recall,f1_score,cohen_kappa_score,roc_auc_score,confusion_matrix,TP,FP,FN,TN
8,95,0.6828383207321167,awake,0.8093603582231185,0.843871221172889,0.9395278488970689,0.8891341556476263,0.22306966654874905,0.5902532819181983,[[ 6057 19078][ 6637 103116]],6057,19078,6637,103116
8,95,0.6828383207321167,asleep,0.8093603582231185,0.4771545612100205,0.24097871493932763,0.3202305109836369,0.22306966654874905,0.5902532819181983,[[ 103116 6637][ 19078 6057]],103116,6637,19078,6057
8,95,0.6828383207321167,avg,0.8093603582231185,0.6605128911914547,0.5902532819181983,0.6046823333156316,0.22306966654874905,0.5902532819181983,,,,,
