client,round,loss,class,accuracy,precision,recall,f1_score,cohen_kappa_score,roc_auc_score,confusion_matrix,TP,FP,FN,TN
0,118,0.6681159734725952,awake,0.7577768222525354,0.8786300939206979,0.8148661084435049,0.8455476716097589,0.2881591823402416,0.6616801200661925,[[ 12781 12354][ 20319 89434]],12781,12354,20319,89434
0,118,0.6681159734725952,asleep,0.7577768222525354,0.38613293051359515,0.50849413168888,0.4389456512406628,0.2881591823402416,0.6616801200661925,[[ 89434 20319][ 12354 12781]],89434,20319,12354,12781
0,118,0.6681159734725952,avg,0.7577768222525354,0.6323815122171466,0.6616801200661925,0.6422466614252108,0.2881591823402416,0.6616801200661925,,,,,
