client,round,loss,class,accuracy,precision,recall,f1_score,cohen_kappa_score,roc_auc_score,confusion_matrix,TP,FP,FN,TN
8,75,0.7821303606033325,awake,0.8062689045726825,0.8263258536585366,0.9646478911738176,0.8901453686343419,0.11047776802175191,0.5396742539218998,[[ 2883 22252][ 3880 105873]],2883,22252,3880,105873
8,75,0.7821303606033325,asleep,0.8062689045726825,0.4262901079402632,0.1147006166699821,0.1807636842435263,0.11047776802175191,0.5396742539218998,[[ 105873 3880][ 22252 2883]],105873,3880,22252,2883
8,75,0.7821303606033325,avg,0.8062689045726825,0.6263079807993999,0.5396742539218998,0.5354545264389341,0.11047776802175191,0.5396742539218998,,,,,
