client,round,loss,class,accuracy,precision,recall,f1_score,cohen_kappa_score,roc_auc_score,confusion_matrix,TP,FP,FN,TN
5,101,0.7967264652252197,awake,0.7539143585789693,0.8395107717141616,0.8624274507302762,0.8508148241364122,0.1493788370924758,0.5712574890412869,[[ 7040 18095][ 15099 94654]],7040,18095,15099,94654
5,101,0.7967264652252197,asleep,0.7539143585789693,0.3179908758299833,0.2800875273522976,0.2978381351271312,0.1493788370924758,0.5712574890412869,[[ 94654 15099][ 18095 7040]],94654,15099,18095,7040
5,101,0.7967264652252197,avg,0.7539143585789693,0.5787508237720724,0.5712574890412869,0.5743264796317717,0.1493788370924758,0.5712574890412869,,,,,
