client,round,loss,class,accuracy,precision,recall,f1_score,cohen_kappa_score,roc_auc_score,confusion_matrix,TP,FP,FN,TN
11,126,0.7034968137741089,awake,0.8346109364806358,0.8620150032291718,0.9485754375734604,0.9032260863152689,0.3436406039187925,0.6427778719595967,[[ 8470 16665][ 5644 104109]],8470,16665,5644,104109
11,126,0.7034968137741089,asleep,0.8346109364806358,0.6001133626186765,0.33698030634573306,0.43160335295166763,0.3436406039187925,0.6427778719595967,[[ 104109 5644][ 16665 8470]],104109,5644,16665,8470
11,126,0.7034968137741089,avg,0.8346109364806358,0.7310641829239242,0.6427778719595967,0.6674147196334683,0.3436406039187925,0.6427778719595967,,,,,
