client,round,loss,class,accuracy,precision,recall,f1_score,cohen_kappa_score,roc_auc_score,confusion_matrix,TP,FP,FN,TN
4,8,0.5757745504379272,awake,0.8149501808908132,0.8685198706581829,0.9103896932202309,0.8889620413083804,0.33585299765668153,0.6542996805070719,[[ 10009 15126][ 9835 99918]],10009,15126,9835,99918
4,8,0.5757745504379272,asleep,0.8149501808908132,0.5043841967345293,0.39820966779391287,0.44505213544098354,0.33585299765668153,0.6542996805070718,[[ 99918 9835][ 15126 10009]],99918,9835,15126,10009
4,8,0.5757745504379272,avg,0.8149501808908132,0.6864520336963561,0.6542996805070719,0.6670070883746819,0.33585299765668153,0.6542996805070718,,,,,
