client,round,loss,class,accuracy,precision,recall,f1_score,cohen_kappa_score,roc_auc_score,confusion_matrix,TP,FP,FN,TN
10,125,0.6922673583030701,awake,0.693508688689876,0.912636467820737,0.6893023425327781,0.7854013537643786,0.28413697753864686,0.7005891064165781,[[ 17893 7242][ 34100 75653]],17893,7242,34100,75653
10,125,0.6922673583030701,asleep,0.693508688689876,0.34414248071855824,0.7118758703003779,0.4639819520796598,0.28413697753864686,0.7005891064165781,[[ 75653 34100][ 7242 17893]],75653,34100,7242,17893
10,125,0.6922673583030701,avg,0.693508688689876,0.6283894742696476,0.700589106416578,0.6246916529220192,0.28413697753864686,0.7005891064165781,,,,,
