client,round,loss,class,accuracy,precision,recall,f1_score,cohen_kappa_score,roc_auc_score,confusion_matrix,TP,FP,FN,TN
12,145,1.0458040237426758,awake,0.8166330585374533,0.8333686232992197,0.9682377702659608,0.8957550112109514,0.16889093322343596,0.5614413438558767,[[ 3887 21248][ 3486 106267]],3887,21248,3486,106267
12,145,1.0458040237426758,asleep,0.8166330585374533,0.5271938152719382,0.15464491744579273,0.2391411344899717,0.16889093322343596,0.5614413438558767,[[ 106267 3486][ 21248 3887]],106267,3486,21248,3887
12,145,1.0458040237426758,avg,0.8166330585374533,0.6802812192855789,0.5614413438558767,0.5674480728504615,0.16889093322343596,0.5614413438558767,,,,,
