client,round,loss,class,accuracy,precision,recall,f1_score,cohen_kappa_score,roc_auc_score,confusion_matrix,TP,FP,FN,TN
6,153,0.8113322257995605,awake,0.6396269497657315,0.885269246764376,0.6400462857507312,0.7429456806836451,0.18948880498627363,0.6389210939396186,[[ 16031 9104][ 39506 70247]],16031,9104,39506,70247
6,153,0.8113322257995605,asleep,0.6396269497657315,0.2886544105731314,0.6377959021285061,0.3974365331217771,0.18948880498627363,0.6389210939396187,[[ 70247 39506][ 9104 16031]],70247,39506,9104,16031
6,153,0.8113322257995605,avg,0.6396269497657315,0.5869618286687537,0.6389210939396186,0.5701911069027111,0.18948880498627363,0.6389210939396186,,,,,
