client,round,loss,class,accuracy,precision,recall,f1_score,cohen_kappa_score,roc_auc_score,confusion_matrix,TP,FP,FN,TN
16,138,0.7821072936058044,awake,0.8182418006049463,0.8579840403191936,0.9306624875857608,0.8928466847025607,0.3009224513258809,0.6290073925893793,[[ 8228 16907][ 7610 102143]],8228,16907,7610,102143
16,138,0.7821072936058044,asleep,0.8182418006049463,0.5195100391463569,0.32735229759299783,0.4016303419324922,0.3009224513258809,0.6290073925893793,[[ 102143 7610][ 16907 8228]],102143,7610,16907,8228
16,138,0.7821072936058044,avg,0.8182418006049463,0.6887470397327753,0.6290073925893793,0.6472385133175265,0.3009224513258809,0.6290073925893793,,,,,
