client,round,loss,class,accuracy,precision,recall,f1_score,cohen_kappa_score,roc_auc_score,confusion_matrix,TP,FP,FN,TN
1,159,0.8128132820129395,awake,0.6685694798647767,0.8126568162810148,0.7702295153663226,0.7908745602874037,-0.0046914029201678975,0.49744815732509484,[[ 5647 19488][ 25218 84535]],5647,19488,25218,84535
1,159,0.8128132820129395,asleep,0.6685694798647767,0.18295804309087962,0.22466679928386712,0.20167857142857146,-0.0046914029201678975,0.49744815732509484,[[ 84535 25218][ 19488 5647]],84535,25218,19488,5647
1,159,0.8128132820129395,avg,0.6685694798647767,0.4978074296859472,0.49744815732509484,0.4962765658579876,-0.0046914029201678975,0.49744815732509484,,,,,
