client,round,loss,class,accuracy,precision,recall,f1_score,cohen_kappa_score,roc_auc_score,confusion_matrix,TP,FP,FN,TN
11,110,0.6295038461685181,awake,0.8395038847043473,0.8731323056073184,0.939218062376427,0.9049703045919241,0.39344183833118584,0.6716579669351799,[[ 10157 14978][ 6671 103082]],10157,14978,6671,103082
11,110,0.6295038461685181,asleep,0.8395038847043473,0.6035773710482529,0.4040978714939328,0.4840931296618449,0.39344183833118584,0.6716579669351799,[[ 103082 6671][ 14978 10157]],103082,6671,14978,10157
11,110,0.6295038461685181,avg,0.8395038847043473,0.7383548383277856,0.6716579669351799,0.6945317171268846,0.39344183833118584,0.6716579669351799,,,,,
