client,round,loss,class,accuracy,precision,recall,f1_score,cohen_kappa_score,roc_auc_score,confusion_matrix,TP,FP,FN,TN
14,56,0.5148726105690002,awake,0.8181528379099697,0.8530464465028418,0.9381155868176724,0.8935608871300188,0.2793362309873716,0.6162231007491983,[[ 7398 17737][ 6792 102961]],7398,17737,6792,102961
14,56,0.5148726105690002,asleep,0.8181528379099697,0.5213530655391121,0.2943306146807241,0.3762492053401144,0.2793362309873716,0.6162231007491982,[[ 102961 6792][ 17737 7398]],102961,6792,17737,7398
14,56,0.5148726105690002,avg,0.8181528379099697,0.6871997560209769,0.6162231007491983,0.6349050462350666,0.2793362309873716,0.6162231007491983,,,,,
