client,round,loss,class,accuracy,precision,recall,f1_score,cohen_kappa_score,roc_auc_score,confusion_matrix,TP,FP,FN,TN
6,14,0.4808892607688904,awake,0.7984401874147441,0.8782284442082696,0.8733793153717894,0.8757971676564642,0.3414215260849601,0.6722973760069609,[[ 11844 13291][ 13897 95856]],11844,13291,13897,95856
6,14,0.4808892607688904,asleep,0.7984401874147441,0.4601219843828911,0.4712154366421325,0.46560264171711613,0.3414215260849601,0.6722973760069609,[[ 95856 13897][ 13291 11844]],95856,13897,13291,11844
6,14,0.4808892607688904,avg,0.7984401874147441,0.6691752142955804,0.6722973760069609,0.6706999046867902,0.3414215260849601,0.6722973760069609,,,,,
