client,round,loss,class,accuracy,precision,recall,f1_score,cohen_kappa_score,roc_auc_score,confusion_matrix,TP,FP,FN,TN
15,109,0.9134586453437805,awake,0.5513166478856533,0.7980409487716579,0.600539393000647,0.6853450068627044,-0.04452769619716901,0.46846146097217556,[[ 8455 16680][ 43842 65911]],8455,16680,43842,65911
15,109,0.9134586453437805,asleep,0.5513166478856533,0.16167275369524065,0.336383528943704,0.21838516375658643,-0.04452769619716901,0.46846146097217545,[[ 65911 43842][ 16680 8455]],65911,43842,16680,8455
15,109,0.9134586453437805,avg,0.5513166478856533,0.47985685123344923,0.46846146097217545,0.4518650853096454,-0.04452769619716901,0.4684614609721755,,,,,
