client,round,loss,class,accuracy,precision,recall,f1_score,cohen_kappa_score,roc_auc_score,confusion_matrix,TP,FP,FN,TN
1,195,0.8917022943496704,awake,0.675805112389538,0.8232396917563426,0.766038285969404,0.7936095903341515,0.04282750574868066,0.5239182876037591,[[ 7083 18052][ 25678 84075]],7083,18052,25678,84075
1,195,0.8917022943496704,asleep,0.675805112389538,0.2162021916302921,0.2817982892381142,0.2446801160701948,0.04282750574868066,0.5239182876037591,[[ 84075 25678][ 18052 7083]],84075,25678,18052,7083
1,195,0.8917022943496704,avg,0.675805112389538,0.5197209416933174,0.5239182876037591,0.5191448532021732,0.04282750574868066,0.5239182876037591,,,,,
