client,round,loss,class,accuracy,precision,recall,f1_score,cohen_kappa_score,roc_auc_score,confusion_matrix,TP,FP,FN,TN
0,30,0.48483943939208984,awake,0.819420556313386,0.8901916346057189,0.8875474930070248,0.8888675974085227,0.4074518197732542,0.704744504410813,[[ 13119 12016][ 12342 97411]],13119,12016,12342,97411
0,30,0.48483943939208984,asleep,0.819420556313386,0.515258630847178,0.5219415158146011,0.5185785437583998,0.4074518197732542,0.704744504410813,[[ 97411 12342][ 12016 13119]],97411,12342,12016,13119
0,30,0.48483943939208984,avg,0.819420556313386,0.7027251327264485,0.7047445044108129,0.7037230705834613,0.4074518197732542,0.704744504410813,,,,,
