client,round,loss,class,accuracy,precision,recall,f1_score,cohen_kappa_score,roc_auc_score,confusion_matrix,TP,FP,FN,TN
18,168,0.8368866443634033,awake,0.8282426902318961,0.8391739331406053,0.9759459878089892,0.9024069690051139,0.219438337195348,0.579618110276088,[[ 4607 20528][ 2640 107113]],4607,20528,2640,107113
18,168,0.8368866443634033,asleep,0.8282426902318961,0.635711328825721,0.1832902327431868,0.2845407942684207,0.219438337195348,0.579618110276088,[[ 107113 2640][ 20528 4607]],107113,2640,20528,4607
18,168,0.8368866443634033,avg,0.8282426902318961,0.7374426309831632,0.579618110276088,0.5934738816367673,0.219438337195348,0.579618110276088,,,,,
