client,round,loss,class,accuracy,precision,recall,f1_score,cohen_kappa_score,roc_auc_score,confusion_matrix,TP,FP,FN,TN
9,146,0.8656482696533203,awake,0.8368794852025384,0.8663026599208535,0.9454320155257715,0.9041393101585407,0.36432889675579494,0.6541562305597826,[[ 9121 16014][ 5989 103764]],9121,16014,5989,103764
9,146,0.8656482696533203,asleep,0.8368794852025384,0.6036399735274652,0.3628804455937935,0.4532736985960989,0.36432889675579494,0.6541562305597824,[[ 103764 5989][ 16014 9121]],103764,5989,16014,9121
9,146,0.8656482696533203,avg,0.8368794852025384,0.7349713167241594,0.6541562305597826,0.6787065043773197,0.36432889675579494,0.6541562305597826,,,,,
