client,round,loss,class,accuracy,precision,recall,f1_score,cohen_kappa_score,roc_auc_score,confusion_matrix,TP,FP,FN,TN
3,19,0.5246108174324036,awake,0.8319568827471681,0.8737532402877204,0.9274826200650552,0.8998165786391461,0.3818469726168344,0.6711612423977553,[[ 10427 14708][ 7959 101794]],10427,14708,7959,101794
3,19,0.5246108174324036,asleep,0.8319568827471681,0.5671162841292288,0.41483986473045553,0.4791709749316422,0.3818469726168344,0.6711612423977554,[[ 101794 7959][ 14708 10427]],101794,7959,14708,10427
3,19,0.5246108174324036,avg,0.8319568827471681,0.7204347622084746,0.6711612423977553,0.6894937767853941,0.3818469726168344,0.6711612423977553,,,,,
