client,round,loss,class,accuracy,precision,recall,f1_score,cohen_kappa_score,roc_auc_score,confusion_matrix,TP,FP,FN,TN
11,64,0.5262274146080017,awake,0.8334247672142815,0.8727664081451365,0.9309996082111651,0.9009430011153777,0.38116984430326706,0.6691799314180951,[[ 10239 14896][ 7573 102180]],10239,14896,7573,102180
11,64,0.5262274146080017,asleep,0.8334247672142815,0.5748371884123064,0.40736025462502484,0.4768202668405243,0.38116984430326706,0.669179931418095,[[ 102180 7573][ 14896 10239]],102180,7573,14896,10239
11,64,0.5262274146080017,avg,0.8334247672142815,0.7238017982787215,0.669179931418095,0.688881633977951,0.38116984430326706,0.6691799314180951,,,,,
