client,round,loss,class,accuracy,precision,recall,f1_score,cohen_kappa_score,roc_auc_score,confusion_matrix,TP,FP,FN,TN
18,147,0.781165361404419,awake,0.8239428266413618,0.8367278222806894,0.9736043661676674,0.8999915775288471,0.19877969723262234,0.5720219960935811,[[ 4284 20851][ 2897 106856]],4284,20851,2897,106856
18,147,0.781165361404419,asleep,0.8239428266413618,0.5965742932739173,0.17043962601949472,0.2651318232454512,0.19877969723262234,0.5720219960935811,[[ 106856 2897][ 20851 4284]],106856,2897,20851,4284
18,147,0.781165361404419,avg,0.8239428266413618,0.7166510577773033,0.5720219960935811,0.5825617003871492,0.19877969723262234,0.5720219960935811,,,,,
