client,round,loss,class,accuracy,precision,recall,f1_score,cohen_kappa_score,roc_auc_score,confusion_matrix,TP,FP,FN,TN
11,43,0.4930848181247711,awake,0.8342402585849,0.8683034961734264,0.9386440461764143,0.9021046686252446,0.3670522955444717,0.6585004595314139,[[ 9510 15625][ 6734 103019]],9510,15625,6734,103019
11,43,0.4930848181247711,asleep,0.8342402585849,0.5854469342526472,0.37835687288641334,0.4596534474008555,0.3670522955444717,0.6585004595314138,[[ 103019 6734][ 15625 9510]],103019,6734,15625,9510
11,43,0.4930848181247711,avg,0.8342402585849,0.7268752152130368,0.6585004595314138,0.68087905801305,0.3670522955444717,0.6585004595314139,,,,,
