client,round,loss,class,accuracy,precision,recall,f1_score,cohen_kappa_score,roc_auc_score,confusion_matrix,TP,FP,FN,TN
7,7,0.5327764749526978,awake,0.8224971828479924,0.8311286389034668,0.9812123586599,0.8999561266060796,0.15900462374535096,0.5553366348700335,[[ 3254 21881][ 2062 107691]],3254,21881,2062,107691
7,7,0.5327764749526978,asleep,0.8224971828479924,0.6121143717080512,0.1294609110801671,0.21372040327082853,0.15900462374535096,0.5553366348700336,[[ 107691 2062][ 21881 3254]],107691,2062,21881,3254
7,7,0.5327764749526978,avg,0.8224971828479924,0.721621505305759,0.5553366348700335,0.556838264938454,0.15900462374535096,0.5553366348700335,,,,,
