client,round,loss,class,accuracy,precision,recall,f1_score,cohen_kappa_score,roc_auc_score,confusion_matrix,TP,FP,FN,TN
7,14,0.487275093793869,awake,0.8241355791471443,0.8407357239609324,0.9670532923929186,0.8994813471414769,0.22371044558277087,0.5835664313565946,[[ 5029 20106][ 3616 106137]],5029,20106,3616,106137
7,14,0.487275093793869,asleep,0.8241355791471443,0.5817235396182765,0.20007957032027054,0.29775014801657784,0.22371044558277087,0.5835664313565945,[[ 106137 3616][ 20106 5029]],106137,3616,20106,5029
7,14,0.487275093793869,avg,0.8241355791471443,0.7112296317896045,0.5835664313565946,0.5986157475790274,0.22371044558277087,0.5835664313565945,,,,,
