client,round,loss,class,accuracy,precision,recall,f1_score,cohen_kappa_score,roc_auc_score,confusion_matrix,TP,FP,FN,TN
18,54,0.7212097644805908,awake,0.8175523397188779,0.824653585400636,0.9852669175330059,0.8978337941398694,0.10486623206439094,0.5352433652713766,[[ 2142 22993][ 1617 108136]],2142,22993,1617,108136
18,54,0.7212097644805908,asleep,0.8175523397188779,0.5698324022346368,0.08521981300974736,0.1482660760019381,0.10486623206439094,0.5352433652713766,[[ 108136 1617][ 22993 2142]],108136,1617,22993,2142
18,54,0.7212097644805908,avg,0.8175523397188779,0.6972429938176364,0.5352433652713766,0.5230499350709038,0.10486623206439094,0.5352433652713766,,,,,
