client,round,loss,class,accuracy,precision,recall,f1_score,cohen_kappa_score,roc_auc_score,confusion_matrix,TP,FP,FN,TN
16,111,0.7445694804191589,awake,0.8109987545222703,0.8602628675999008,0.9166036463695754,0.8875400319373252,0.29949067859460643,0.6332371722995679,[[ 8794 16341][ 9153 100600]],8794,16341,9153,100600
16,111,0.7445694804191589,asleep,0.8109987545222703,0.48999832841143365,0.34987069822956035,0.4082447425839097,0.29949067859460643,0.6332371722995679,[[ 100600 9153][ 16341 8794]],100600,9153,16341,8794
16,111,0.7445694804191589,avg,0.8109987545222703,0.6751305980056672,0.6332371722995679,0.6478923872606175,0.29949067859460643,0.6332371722995679,,,,,
