client,round,loss,class,accuracy,precision,recall,f1_score,cohen_kappa_score,roc_auc_score,confusion_matrix,TP,FP,FN,TN
18,80,0.7957976460456848,awake,0.8184048988790701,0.8236875275250953,0.9883830054759323,0.8985508446848428,0.09732965065306887,0.5322857935674867,[[ 1915 23220][ 1275 108478]],1915,23220,1275,108478
18,80,0.7957976460456848,asleep,0.8184048988790701,0.6003134796238244,0.07618858165904117,0.135216240070609,0.09732965065306887,0.5322857935674867,[[ 108478 1275][ 23220 1915]],108478,1275,23220,1915
18,80,0.7957976460456848,avg,0.8184048988790701,0.7120005035744599,0.5322857935674867,0.5168835423777259,0.09732965065306887,0.5322857935674867,,,,,
