client,round,loss,class,accuracy,precision,recall,f1_score,cohen_kappa_score,roc_auc_score,confusion_matrix,TP,FP,FN,TN
3,74,0.6322153210639954,awake,0.830867089733705,0.8607756724680261,0.944976447113063,0.9009129524587174,0.33229506626412286,0.6387901929219582,[[ 8360 16775][ 6039 103714]],8360,16775,6039,103714
3,74,0.6322153210639954,asleep,0.830867089733705,0.5805958747135218,0.33260393873085337,0.42292710072342793,0.33229506626412286,0.638790192921958,[[ 103714 6039][ 16775 8360]],103714,6039,16775,8360
3,74,0.6322153210639954,avg,0.830867089733705,0.7206857735907739,0.6387901929219582,0.6619200265910726,0.33229506626412286,0.6387901929219582,,,,,
