client,round,loss,class,accuracy,precision,recall,f1_score,cohen_kappa_score,roc_auc_score,confusion_matrix,TP,FP,FN,TN
2,84,0.5584152936935425,awake,0.8316529268726647,0.8744805155694754,0.9260156897761337,0.8995105631621337,0.3836916146850107,0.6728148868614108,[[ 10547 14588][ 8120 101633]],10547,14588,8120,101633
2,84,0.5584152936935425,asleep,0.8316529268726647,0.5650077677184336,0.41961408394668787,0.48157618373590244,0.3836916146850107,0.6728148868614108,[[ 101633 8120][ 14588 10547]],101633,8120,14588,10547
2,84,0.5584152936935425,avg,0.8316529268726647,0.7197441416439545,0.6728148868614108,0.6905433734490181,0.3836916146850107,0.6728148868614108,,,,,
