client,round,loss,class,accuracy,precision,recall,f1_score,cohen_kappa_score,roc_auc_score,confusion_matrix,TP,FP,FN,TN
5,173,0.9512798190116882,awake,0.764070932922128,0.8397523651741727,0.8774885424544204,0.8582058296723373,0.15829018794334082,0.5731584347442185,[[ 6757 18378][ 13446 96307]],6757,18378,13446,96307
5,173,0.9512798190116882,asleep,0.764070932922128,0.3344552789189724,0.2688283270340163,0.29807225726763426,0.15829018794334082,0.5731584347442185,[[ 96307 13446][ 18378 6757]],96307,13446,18378,6757
5,173,0.9512798190116882,avg,0.764070932922128,0.5871038220465725,0.5731584347442183,0.5781390434699858,0.15829018794334082,0.5731584347442185,,,,,
