client,round,loss,class,accuracy,precision,recall,f1_score,cohen_kappa_score,roc_auc_score,confusion_matrix,TP,FP,FN,TN
7,151,0.7075420618057251,awake,0.8148315639641777,0.848316268673887,0.9406121017193152,0.8920832847260929,0.2524512085041194,0.6031089153911873,[[ 6676 18459][ 6518 103235]],6676,18459,6518,103235
7,151,0.7075420618057251,asleep,0.8148315639641777,0.5059875701076246,0.26560572906305946,0.34835242244775494,0.2524512085041194,0.6031089153911874,[[ 103235 6518][ 18459 6676]],103235,6518,18459,6676
7,151,0.7075420618057251,avg,0.8148315639641777,0.6771519193907558,0.6031089153911873,0.6202178535869239,0.2524512085041194,0.6031089153911873,,,,,
