client,round,loss,class,accuracy,precision,recall,f1_score,cohen_kappa_score,roc_auc_score,confusion_matrix,TP,FP,FN,TN
11,97,0.6087818145751953,awake,0.8351447126504953,0.8739296884346534,0.9318105199857862,0.9019424539742034,0.38813033459646895,0.6724300262550773,[[ 10382 14753][ 7484 102269]],10382,14753,7484,102269
11,97,0.6087818145751953,asleep,0.8351447126504953,0.5811037725288257,0.41304953252436843,0.4828724913374108,0.38813033459646895,0.6724300262550773,[[ 102269 7484][ 14753 10382]],102269,7484,14753,10382
11,97,0.6087818145751953,avg,0.8351447126504953,0.7275167304817396,0.6724300262550773,0.692407472655807,0.38813033459646895,0.6724300262550773,,,,,
