client,round,loss,class,accuracy,precision,recall,f1_score,cohen_kappa_score,roc_auc_score,confusion_matrix,TP,FP,FN,TN
3,169,0.7902652621269226,awake,0.8259667279520788,0.8664044981993613,0.9294233415031935,0.896808197319431,0.3460055540888124,0.6518212788677694,[[ 9406 15729][ 7746 102007]],9406,15729,7746,102007
3,169,0.7902652621269226,asleep,0.8259667279520788,0.5483908582089553,0.37421921623234533,0.4448648520822002,0.3460055540888124,0.6518212788677694,[[ 102007 7746][ 15729 9406]],102007,7746,15729,9406
3,169,0.7902652621269226,avg,0.8259667279520788,0.7073976782041582,0.6518212788677694,0.6708365247008156,0.3460055540888124,0.6518212788677694,,,,,
