client,round,loss,class,accuracy,precision,recall,f1_score,cohen_kappa_score,roc_auc_score,confusion_matrix,TP,FP,FN,TN
10,89,0.6746240258216858,awake,0.6873035407152601,0.9097281171933739,0.6835166236913798,0.7805634315740186,0.27306289666355354,0.6936779458222166,[[ 17691 7444][ 34735 75018]],17691,7444,34735,75018
10,89,0.6746240258216858,asleep,0.6873035407152601,0.33744706824857895,0.7038392679530535,0.4561828754141901,0.27306289666355354,0.6936779458222165,[[ 75018 34735][ 7444 17691]],75018,34735,7444,17691
10,89,0.6746240258216858,avg,0.6873035407152601,0.6235875927209764,0.6936779458222166,0.6183731534941044,0.27306289666355354,0.6936779458222166,,,,,
