client,round,loss,class,accuracy,precision,recall,f1_score,cohen_kappa_score,roc_auc_score,confusion_matrix,TP,FP,FN,TN
4,15,0.5797203779220581,awake,0.8207401696222051,0.8410451389719187,0.9613860213388244,0.8971982483737936,0.221287616095328,0.5839951789606396,[[ 5193 19942][ 4238 105515]],5193,19942,4238,105515
4,15,0.5797203779220581,asleep,0.8207401696222051,0.550630898102004,0.20660433658245475,0.3004686686339177,0.221287616095328,0.5839951789606397,[[ 105515 4238][ 19942 5193]],105515,4238,19942,5193
4,15,0.5797203779220581,avg,0.8207401696222051,0.6958380185369614,0.5839951789606396,0.5988334585038556,0.221287616095328,0.5839951789606397,,,,,
