client,round,loss,class,accuracy,precision,recall,f1_score,cohen_kappa_score,roc_auc_score,confusion_matrix,TP,FP,FN,TN
2,123,0.6078083515167236,awake,0.837072237708321,0.8783709221325608,0.9283026432079305,0.9026467917340362,0.4058479319744106,0.6835068020097739,[[ 11027 14108][ 7869 101884]],11027,14108,7869,101884
2,123,0.6078083515167236,asleep,0.837072237708321,0.5835626587637596,0.43871096081161726,0.5008743839567578,0.4058479319744106,0.6835068020097739,[[ 101884 7869][ 14108 11027]],101884,7869,14108,11027
2,123,0.6078083515167236,avg,0.837072237708321,0.7309667904481603,0.6835068020097739,0.701760587845397,0.4058479319744106,0.6835068020097739,,,,,
