client,round,loss,class,accuracy,precision,recall,f1_score,cohen_kappa_score,roc_auc_score,confusion_matrix,TP,FP,FN,TN
8,115,0.6885472536087036,awake,0.7973207401696222,0.8588397164602818,0.8985995826993339,0.8782698909553981,0.2751214634348902,0.6268410684533072,[[ 8925 16210][ 11129 98624]],8925,16210,11129,98624
8,115,0.6885472536087036,asleep,0.7973207401696222,0.44504836940261294,0.3550825542072807,0.39500763460134103,0.2751214634348902,0.6268410684533072,[[ 98624 11129][ 16210 8925]],98624,11129,16210,8925
8,115,0.6885472536087036,avg,0.7973207401696222,0.6519440429314474,0.6268410684533073,0.6366387627783696,0.2751214634348902,0.6268410684533072,,,,,
