client,round,loss,class,accuracy,precision,recall,f1_score,cohen_kappa_score,roc_auc_score,confusion_matrix,TP,FP,FN,TN
5,33,0.651503324508667,awake,0.789795978886187,0.8482786948373681,0.9032008236676902,0.874878647203149,0.22200491416109502,0.5989049672346806,[[ 7405 17730][ 10624 99129]],7405,17730,10624,99129
5,33,0.651503324508667,asleep,0.789795978886187,0.410727161794886,0.29460911080167096,0.3431099990733018,0.22200491416109502,0.5989049672346806,[[ 99129 10624][ 17730 7405]],99129,10624,17730,7405
5,33,0.651503324508667,avg,0.789795978886187,0.6295029283161271,0.5989049672346806,0.6089943231382254,0.22200491416109502,0.5989049672346806,,,,,
