client,round,loss,class,accuracy,precision,recall,f1_score,cohen_kappa_score,roc_auc_score,confusion_matrix,TP,FP,FN,TN
7,3,0.5268670916557312,awake,0.8151800011861693,0.8191786388916065,0.9917724344664838,0.897250958249186,0.05555808957079278,0.5179271959481813,[[ 1108 24027][ 903 108850]],1108,24027,903,108850
7,3,0.5268670916557312,asleep,0.8151800011861693,0.5509696668324217,0.04408195742987866,0.0816326530612245,0.05555808957079278,0.5179271959481813,[[ 108850 903][ 24027 1108]],108850,903,24027,1108
7,3,0.5268670916557312,avg,0.8151800011861693,0.6850741528620141,0.5179271959481813,0.48944180565520523,0.05555808957079278,0.5179271959481813,,,,,
