client,round,loss,class,accuracy,precision,recall,f1_score,cohen_kappa_score,roc_auc_score,confusion_matrix,TP,FP,FN,TN
6,168,0.8475713133811951,awake,0.6207001364094656,0.8505192878338279,0.6476633896112179,0.7353578614693089,0.10747783554906454,0.5753136920206477,[[ 12642 12493][ 38670 71083]],12642,12493,38670,71083
6,168,0.8475713133811951,asleep,0.6207001364094656,0.24637511693171188,0.5029639944300776,0.33073894332020876,0.10747783554906454,0.5753136920206477,[[ 71083 38670][ 12493 12642]],71083,38670,12493,12642
6,168,0.8475713133811951,avg,0.6207001364094656,0.5484472023827699,0.5753136920206477,0.5330484023947588,0.10747783554906454,0.5753136920206477,,,,,
