client,round,loss,class,accuracy,precision,recall,f1_score,cohen_kappa_score,roc_auc_score,confusion_matrix,TP,FP,FN,TN
10,23,0.4632183909416199,awake,0.7954451100171994,0.9201276321575766,0.8197589131959946,0.8670482908824578,0.4300701966699353,0.7545184062697697,[[ 17325 7810][ 19782 89971]],17325,7810,19782,89971
10,23,0.4632183909416199,asleep,0.7954451100171994,0.466893039049236,0.6892778993435449,0.5566980495485363,0.4300701966699353,0.7545184062697696,[[ 89971 19782][ 7810 17325]],89971,19782,7810,17325
10,23,0.4632183909416199,avg,0.7954451100171994,0.6935103356034064,0.7545184062697697,0.711873170215497,0.4300701966699353,0.7545184062697696,,,,,
