client,round,loss,class,accuracy,precision,recall,f1_score,cohen_kappa_score,roc_auc_score,confusion_matrix,TP,FP,FN,TN
15,40,0.7684555649757385,awake,0.5294244113635016,0.7914378558113759,0.572531046987326,0.6644179985091119,-0.05886494980076207,0.45686429015369884,[[ 8576 16559][ 46916 62837]],8576,16559,46916,62837
15,40,0.7684555649757385,asleep,0.5294244113635016,0.1545447992503424,0.34119753332007163,0.2127327074057078,-0.05886494980076207,0.4568642901536989,[[ 62837 46916][ 16559 8576]],62837,46916,16559,8576
15,40,0.7684555649757385,avg,0.5294244113635016,0.47299132753085915,0.45686429015369884,0.43857535295740985,-0.05886494980076207,0.4568642901536989,,,,,
