client,round,loss,class,accuracy,precision,recall,f1_score,cohen_kappa_score,roc_auc_score,confusion_matrix,TP,FP,FN,TN
16,134,0.7591585516929626,awake,0.8131635134333669,0.8622113695754616,0.916904321521963,0.8887171697546674,0.31020126158344286,0.6385396881132791,[[ 9053 16082][ 9120 100633]],9053,16082,9120,100633
16,134,0.7591585516929626,asleep,0.8131635134333669,0.4981566059538876,0.3601750547045952,0.4180751824143346,0.31020126158344286,0.6385396881132791,[[ 100633 9120][ 16082 9053]],100633,9120,16082,9053
16,134,0.7591585516929626,avg,0.8131635134333669,0.6801839877646746,0.6385396881132791,0.6533961760845011,0.31020126158344286,0.6385396881132791,,,,,
