client,round,loss,class,accuracy,precision,recall,f1_score,cohen_kappa_score,roc_auc_score,confusion_matrix,TP,FP,FN,TN
9,104,0.7236499786376953,awake,0.8380730680268075,0.8740607102434708,0.9358286333858755,0.9038906636393238,0.393904110363984,0.6735240242720109,[[ 10336 14799][ 7043 102710]],10336,14799,7043,102710
9,104,0.7236499786376953,asleep,0.8380730680268075,0.5947407791012141,0.41121941515814603,0.48623982688055706,0.393904110363984,0.6735240242720109,[[ 102710 7043][ 14799 10336]],102710,7043,14799,10336
9,104,0.7236499786376953,avg,0.8380730680268075,0.7344007446723424,0.6735240242720107,0.6950652452599404,0.393904110363984,0.6735240242720109,,,,,
