client,round,loss,class,accuracy,precision,recall,f1_score,cohen_kappa_score,roc_auc_score,confusion_matrix,TP,FP,FN,TN
6,6,0.5186910629272461,awake,0.723882035466461,0.8638279509463501,0.7842792452142539,0.8221338210784197,0.21162968788148484,0.6222172036693907,[[ 11566 13569][ 23676 86077]],11566,13569,23676,86077
6,6,0.5186910629272461,asleep,0.723882035466461,0.3281879575506498,0.46015516212452756,0.3831260248107723,0.21162968788148484,0.6222172036693907,[[ 86077 23676][ 13569 11566]],86077,23676,13569,11566
6,6,0.5186910629272461,avg,0.723882035466461,0.5960079542485,0.6222172036693907,0.6026299229445959,0.21162968788148484,0.6222172036693907,,,,,
