client,round,loss,class,accuracy,precision,recall,f1_score,cohen_kappa_score,roc_auc_score,confusion_matrix,TP,FP,FN,TN
13,155,0.667088508605957,awake,0.8022878239724809,0.8787978261662472,0.8781172268639582,0.8784573946887492,0.34883812036003037,0.6746464391729777,[[ 11843 13292][ 13377 96376]],11843,13292,13377,96376
13,155,0.667088508605957,asleep,0.8022878239724809,0.4695876288659794,0.4711756514819972,0.47038029987091645,0.34883812036003037,0.6746464391729776,[[ 96376 13377][ 13292 11843]],96376,13377,13292,11843
13,155,0.667088508605957,avg,0.8022878239724809,0.6741927275161133,0.6746464391729777,0.6744188472798328,0.34883812036003037,0.6746464391729776,,,,,
