client,round,loss,class,accuracy,precision,recall,f1_score,cohen_kappa_score,roc_auc_score,confusion_matrix,TP,FP,FN,TN
4,6,0.5377675294876099,awake,0.8123257813890042,0.8553967372089499,0.9258607965158128,0.8892350369945787,0.28145861370163894,0.6212156578560762,[[ 7957 17178][ 8137 101616]],7957,17178,8137,101616
4,6,0.5377675294876099,asleep,0.8123257813890042,0.4944078538585808,0.3165705191963398,0.3859904436197822,0.28145861370163894,0.6212156578560762,[[ 101616 8137][ 17178 7957]],101616,8137,17178,7957
4,6,0.5377675294876099,avg,0.8123257813890042,0.6749022955337654,0.6212156578560762,0.6376127403071805,0.28145861370163894,0.6212156578560762,,,,,
