client,round,loss,class,accuracy,precision,recall,f1_score,cohen_kappa_score,roc_auc_score,confusion_matrix,TP,FP,FN,TN
3,72,0.6475852131843567,awake,0.822741830259178,0.8462835521061082,0.9557460843894928,0.8976902208795817,0.2527484776575081,0.5988597141661011,[[ 6082 19053][ 4857 104896]],6082,19053,4857,104896
3,72,0.6475852131843567,asleep,0.822741830259178,0.5559923210531127,0.24197334394270936,0.3371957642623496,0.2527484776575081,0.5988597141661011,[[ 104896 4857][ 19053 6082]],104896,4857,19053,6082
3,72,0.6475852131843567,avg,0.822741830259178,0.7011379365796104,0.5988597141661011,0.6174429925709657,0.2527484776575081,0.5988597141661011,,,,,
