client,round,loss,class,accuracy,precision,recall,f1_score,cohen_kappa_score,roc_auc_score,confusion_matrix,TP,FP,FN,TN
12,121,1.070587396621704,awake,0.8167146076745152,0.8264057365721832,0.9807567902471914,0.8969896460490406,0.11839771351742101,0.5405872672143058,[[ 2524 22611][ 2112 107641]],2524,22611,2112,107641
12,121,1.070587396621704,asleep,0.8167146076745152,0.544434857635893,0.10041774418142033,0.16956098216385074,0.11839771351742101,0.5405872672143058,[[ 107641 2112][ 22611 2524]],107641,2112,22611,2524
12,121,1.070587396621704,avg,0.8167146076745152,0.6854202971040382,0.5405872672143058,0.5332753141064457,0.11839771351742101,0.5405872672143058,,,,,
