client,round,loss,class,accuracy,precision,recall,f1_score,cohen_kappa_score,roc_auc_score,confusion_matrix,TP,FP,FN,TN
6,188,0.9643875360488892,awake,0.5879841053318309,0.8983192906612555,0.5566317093837981,0.6873537353735374,0.17163031890496738,0.6407586635242046,[[ 18220 6915][ 48661 61092]],18220,6915,48661,61092
6,188,0.9643875360488892,asleep,0.5879841053318309,0.2724241563373753,0.7248856176646111,0.396018083811511,0.17163031890496738,0.6407586635242046,[[ 61092 48661][ 6915 18220]],61092,48661,6915,18220
6,188,0.9643875360488892,avg,0.5879841053318309,0.5853717234993154,0.6407586635242046,0.5416859095925242,0.17163031890496738,0.6407586635242046,,,,,
