client,round,loss,class,accuracy,precision,recall,f1_score,cohen_kappa_score,roc_auc_score,confusion_matrix,TP,FP,FN,TN
9,2,0.5890021324157715,awake,0.8184716209003025,0.821202281305799,0.9931300283363552,0.8990201415351116,0.0755859391365461,0.5244743040030692,[[ 1403 23732][ 754 108999]],1403,23732,754,108999
9,2,0.5890021324157715,asleep,0.8184716209003025,0.6504404265183125,0.055818579669783173,0.10281401143192145,0.0755859391365461,0.5244743040030693,[[ 108999 754][ 23732 1403]],108999,754,23732,1403
9,2,0.5890021324157715,avg,0.8184716209003025,0.7358213539120557,0.5244743040030692,0.5009170764835165,0.0755859391365461,0.5244743040030693,,,,,
