client,round,loss,class,accuracy,precision,recall,f1_score,cohen_kappa_score,roc_auc_score,confusion_matrix,TP,FP,FN,TN
12,6,0.7112695574760437,awake,0.8251438230235455,0.8325498822893752,0.982761291263109,0.9014408210339813,0.1718544245573269,0.5598310136442858,[[ 3441 21694][ 1892 107861]],3441,21694,1892,107861
12,6,0.7112695574760437,asleep,0.8251438230235455,0.6452278267391712,0.13690073602546252,0.2258763292634896,0.1718544245573269,0.5598310136442858,[[ 107861 1892][ 21694 3441]],107861,1892,21694,3441
12,6,0.7112695574760437,avg,0.8251438230235455,0.7388888545142732,0.5598310136442858,0.5636585751487354,0.1718544245573269,0.5598310136442858,,,,,
