client,round,loss,class,accuracy,precision,recall,f1_score,cohen_kappa_score,roc_auc_score,confusion_matrix,TP,FP,FN,TN
11,94,0.6187222003936768,awake,0.8389997627661467,0.8836258736992557,0.923792515922116,0.9032628789059889,0.42506548733513205,0.6962706363179308,[[ 11782 13353][ 8364 101389]],11782,13353,8364,101389
11,94,0.6187222003936768,asleep,0.8389997627661467,0.5848307356299017,0.4687487567137458,0.520394867604514,0.42506548733513205,0.696270636317931,[[ 101389 8364][ 13353 11782]],101389,8364,13353,11782
11,94,0.6187222003936768,avg,0.8389997627661467,0.7342283046645788,0.6962706363179308,0.7118288732552515,0.42506548733513205,0.696270636317931,,,,,
