client,round,loss,class,accuracy,precision,recall,f1_score,cohen_kappa_score,roc_auc_score,confusion_matrix,TP,FP,FN,TN
16,44,0.6274194121360779,awake,0.8113397781863472,0.8548339576581506,0.9252594462110375,0.8886535869926667,0.2776706777570275,0.6195821798391571,[[ 7890 17245][ 8203 101550]],7890,17245,8203,101550
16,44,0.6274194121360779,asleep,0.8113397781863472,0.4902752749642702,0.3139049134672767,0.3827495876588726,0.2776706777570275,0.6195821798391571,[[ 101550 8203][ 17245 7890]],101550,8203,17245,7890
16,44,0.6274194121360779,avg,0.8113397781863472,0.6725546163112104,0.6195821798391571,0.6357015873257696,0.2776706777570275,0.6195821798391571,,,,,
