client,round,loss,class,accuracy,precision,recall,f1_score,cohen_kappa_score,roc_auc_score,confusion_matrix,TP,FP,FN,TN
8,23,0.6068165302276611,awake,0.7914492023011683,0.8368133500594216,0.923847184131641,0.8781791175337019,0.16628722887684044,0.5685876063884782,[[ 5362 19773][ 8358 101395]],5362,19773,8358,101395
8,23,0.6068165302276611,asleep,0.7914492023011683,0.39081632653061227,0.2133280286453153,0.27600051473426845,0.16628722887684044,0.568587606388478,[[ 101395 8358][ 19773 5362]],101395,8358,19773,5362
8,23,0.6068165302276611,avg,0.7914492023011683,0.6138148382950169,0.5685876063884782,0.5770898161339852,0.16628722887684044,0.568587606388478,,,,,
