client,round,loss,class,accuracy,precision,recall,f1_score,cohen_kappa_score,roc_auc_score,confusion_matrix,TP,FP,FN,TN
7,194,0.7909648418426514,awake,0.8200729494098807,0.8598344853133076,0.9305622625349649,0.8938013599726955,0.31127933385373596,0.6340895657214312,[[ 8486 16649][ 7621 102132]],8486,16649,7621,102132
7,194,0.7909648418426514,asleep,0.8200729494098807,0.5268516793940523,0.3376168689078973,0.4115222346151981,0.31127933385373596,0.6340895657214312,[[ 102132 7621][ 16649 8486]],102132,7621,16649,8486
7,194,0.7909648418426514,avg,0.8200729494098807,0.6933430823536799,0.6340895657214312,0.6526617972939468,0.31127933385373596,0.6340895657214312,,,,,
