client,round,loss,class,accuracy,precision,recall,f1_score,cohen_kappa_score,roc_auc_score,confusion_matrix,TP,FP,FN,TN
4,140,1.0278233289718628,awake,0.8195910681454244,0.8468892137751787,0.9500332564941277,0.8955009812215242,0.2516292934555189,0.6000216013920807,[[ 6284 18851][ 5484 104269]],6284,18851,5484,104269
4,140,1.0278233289718628,asleep,0.8195910681454244,0.5339904826648538,0.2500099462900338,0.34056851746470473,0.2516292934555189,0.6000216013920807,[[ 104269 5484][ 18851 6284]],104269,5484,18851,6284
4,140,1.0278233289718628,avg,0.8195910681454244,0.6904398482200163,0.6000216013920807,0.6180347493431144,0.2516292934555189,0.6000216013920807,,,,,
