client,round,loss,class,accuracy,precision,recall,f1_score,cohen_kappa_score,roc_auc_score,confusion_matrix,TP,FP,FN,TN
11,164,0.7325196862220764,awake,0.8332394282664136,0.861653362511294,0.9471176186527931,0.9023664016111671,0.3398425395272643,0.6415516479975721,[[ 8445 16690][ 5804 103949]],8445,16690,5804,103949
11,164,0.7325196862220764,asleep,0.8332394282664136,0.5926731700470208,0.3359856773423513,0.4288543570993296,0.3398425395272643,0.6415516479975722,[[ 103949 5804][ 16690 8445]],103949,5804,16690,8445
11,164,0.7325196862220764,avg,0.8332394282664136,0.7271632662791574,0.6415516479975722,0.6656103793552484,0.3398425395272643,0.6415516479975722,,,,,
