client,round,loss,class,accuracy,precision,recall,f1_score,cohen_kappa_score,roc_auc_score,confusion_matrix,TP,FP,FN,TN
5,161,0.8974288105964661,awake,0.7267807366111144,0.8599133036446042,0.7934726157827121,0.8253580127567219,0.2026805495268249,0.6145202744718216,[[ 10948 14187][ 22667 87086]],10948,14187,22667,87086
5,161,0.8974288105964661,asleep,0.7267807366111144,0.32568793693291687,0.43556793316093095,0.37269787234042556,0.2026805495268249,0.6145202744718216,[[ 87086 22667][ 14187 10948]],87086,22667,14187,10948
5,161,0.8974288105964661,avg,0.7267807366111144,0.5928006202887606,0.6145202744718216,0.5990279425485737,0.2026805495268249,0.6145202744718216,,,,,
