client,round,loss,class,accuracy,precision,recall,f1_score,cohen_kappa_score,roc_auc_score,confusion_matrix,TP,FP,FN,TN
7,122,0.7081965208053589,awake,0.8165440958424767,0.8367760900742431,0.9622242672182082,0.8951262925919647,0.19079862951768756,0.5713249842158278,[[ 4535 20600][ 4146 105607]],4535,20600,4146,105607
7,122,0.7081965208053589,asleep,0.8165440958424767,0.522405252851054,0.1804257012134474,0.26821622900402176,0.19079862951768756,0.5713249842158278,[[ 105607 4146][ 20600 4535]],105607,4146,20600,4535
7,122,0.7081965208053589,avg,0.8165440958424767,0.6795906714626485,0.5713249842158278,0.5816712607979933,0.19079862951768756,0.5713249842158278,,,,,
