client,round,loss,class,accuracy,precision,recall,f1_score,cohen_kappa_score,roc_auc_score,confusion_matrix,TP,FP,FN,TN
13,164,0.6753262877464294,awake,0.8071511179645335,0.8817329783742387,0.8811786465973596,0.8814557253334669,0.36469960748750097,0.6825427746613215,[[ 12163 12972][ 13041 96712]],12163,12972,13041,96712
13,164,0.6753262877464294,asleep,0.8071511179645335,0.4825821298206634,0.48390690272528347,0.4832436083354854,0.36469960748750097,0.6825427746613216,[[ 96712 13041][ 12972 12163]],96712,13041,12972,12163
13,164,0.6753262877464294,avg,0.8071511179645335,0.682157554097451,0.6825427746613215,0.6823496668344762,0.36469960748750097,0.6825427746613215,,,,,
