client,round,loss,class,accuracy,precision,recall,f1_score,cohen_kappa_score,roc_auc_score,confusion_matrix,TP,FP,FN,TN
17,149,0.6660541296005249,awake,0.818664373406085,0.8398100413542522,0.9603108798848323,0.8960272726499868,0.21156941631392867,0.5802350102626868,[[ 5031 20104][ 4356 105397]],5031,20104,4356,105397
17,149,0.6660541296005249,asleep,0.818664373406085,0.535953978906999,0.20015914064054108,0.2914663113376977,0.21156941631392867,0.5802350102626868,[[ 105397 4356][ 20104 5031]],105397,4356,20104,5031
17,149,0.6660541296005249,avg,0.818664373406085,0.6878820101306256,0.5802350102626868,0.5937467919938423,0.21156941631392867,0.5802350102626868,,,,,
