client,round,loss,class,accuracy,precision,recall,f1_score,cohen_kappa_score,roc_auc_score,confusion_matrix,TP,FP,FN,TN
9,58,0.6545569896697998,awake,0.8410384911926932,0.8611281497656844,0.9593450748498902,0.9075871461572941,0.3512234930126009,0.6418965278765066,[[ 8155 16980][ 4462 105291]],8155,16980,4462,105291
9,58,0.6545569896697998,asleep,0.8410384911926932,0.6463501624791947,0.32444798090312316,0.43203009112100027,0.3512234930126009,0.6418965278765066,[[ 105291 4462][ 16980 8155]],105291,4462,16980,8155
9,58,0.6545569896697998,avg,0.8410384911926932,0.7537391561224396,0.6418965278765066,0.6698086186391472,0.3512234930126009,0.6418965278765066,,,,,
