client,round,loss,class,accuracy,precision,recall,f1_score,cohen_kappa_score,roc_auc_score,confusion_matrix,TP,FP,FN,TN
18,39,0.5717377662658691,awake,0.8234831860506494,0.8351675779391462,0.975608867183585,0.8999420075474235,0.1880612815370205,0.5674145390224669,[[ 4002 21133][ 2677 107076]],4002,21133,2677,107076
18,39,0.5717377662658691,asleep,0.8234831860506494,0.5991914957328941,0.15922021086134872,0.2515873514804803,0.1880612815370205,0.5674145390224669,[[ 107076 2677][ 21133 4002]],107076,2677,21133,4002
18,39,0.5717377662658691,avg,0.8234831860506494,0.7171795368360201,0.5674145390224669,0.5757646795139519,0.1880612815370205,0.5674145390224669,,,,,
