client,round,loss,class,accuracy,precision,recall,f1_score,cohen_kappa_score,roc_auc_score,confusion_matrix,TP,FP,FN,TN
2,94,0.5880067944526672,awake,0.831230354071526,0.8681564245810056,0.9344983736207666,0.9001066289881655,0.36127582622990495,0.6574023596769041,[[ 9559 15576][ 7189 102564]],9559,15576,7189,102564
2,94,0.5880067944526672,asleep,0.831230354071526,0.5707547169811321,0.38030634573304156,0.45646204904137716,0.36127582622990495,0.6574023596769041,[[ 102564 7189][ 15576 9559]],102564,7189,15576,9559
2,94,0.5880067944526672,avg,0.831230354071526,0.7194555707810688,0.6574023596769041,0.6782843390147714,0.36127582622990495,0.6574023596769041,,,,,
