client,round,loss,class,accuracy,precision,recall,f1_score,cohen_kappa_score,roc_auc_score,confusion_matrix,TP,FP,FN,TN
15,89,0.9407152533531189,awake,0.5222036059545697,0.7864658421225688,0.5666268803586234,0.6586875817547279,-0.07150226004333793,0.4474272257372986,[[ 8250 16885][ 47564 62189]],8250,16885,47564,62189
15,89,0.9407152533531189,asleep,0.5222036059545697,0.14781237682301931,0.3282275711159737,0.20383204239706482,-0.07150226004333793,0.44742722573729854,[[ 62189 47564][ 16885 8250]],62189,47564,16885,8250
15,89,0.9407152533531189,avg,0.5222036059545697,0.467139109472794,0.44742722573729854,0.43125981207589636,-0.07150226004333793,0.44742722573729854,,,,,
