client,round,loss,class,accuracy,precision,recall,f1_score,cohen_kappa_score,roc_auc_score,confusion_matrix,TP,FP,FN,TN
3,113,0.7931188344955444,awake,0.823727833461835,0.8484590567903636,0.9536960265323043,0.8980048816269802,0.2653026550543701,0.6049562289017201,[[ 6440 18695][ 5082 104671]],6440,18695,5082,104671
3,113,0.7931188344955444,asleep,0.823727833461835,0.5589307411907655,0.25621643127113586,0.3513653599585345,0.2653026550543701,0.6049562289017201,[[ 104671 5082][ 18695 6440]],104671,5082,18695,6440
3,113,0.7931188344955444,avg,0.823727833461835,0.7036948989905645,0.6049562289017201,0.6246851207927574,0.2653026550543701,0.6049562289017201,,,,,
