client,round,loss,class,accuracy,precision,recall,f1_score,cohen_kappa_score,roc_auc_score,confusion_matrix,TP,FP,FN,TN
8,166,0.8325132131576538,awake,0.8143496826997213,0.8432457839331589,0.948074312319481,0.892592751447566,0.22574954362819932,0.5892549799114811,[[ 5792 19343][ 5699 104054]],5792,19343,5699,104054
8,166,0.8325132131576538,asleep,0.8143496826997213,0.5040466452005917,0.2304356475034812,0.31627805384153335,0.22574954362819932,0.5892549799114811,[[ 104054 5699][ 19343 5792]],104054,5699,19343,5792
8,166,0.8325132131576538,avg,0.8143496826997213,0.6736462145668753,0.5892549799114811,0.6044354026445496,0.22574954362819932,0.5892549799114811,,,,,
