client,round,loss,class,accuracy,precision,recall,f1_score,cohen_kappa_score,roc_auc_score,confusion_matrix,TP,FP,FN,TN
5,12,0.5694361925125122,awake,0.7802028349445466,0.8406027569668263,0.9006496405565224,0.8695908439119229,0.17608986722429476,0.5774582994905151,[[ 6391 18744][ 10904 98849]],6391,18744,10904,98849
5,12,0.5694361925125122,asleep,0.7802028349445466,0.3695287655391732,0.25426695842450764,0.30124911619137396,0.17608986722429476,0.577458299490515,[[ 98849 10904][ 18744 6391]],98849,10904,18744,6391
5,12,0.5694361925125122,avg,0.7802028349445466,0.6050657612529997,0.5774582994905151,0.5854199800516484,0.17608986722429476,0.5774582994905151,,,,,
