client,round,loss,class,accuracy,precision,recall,f1_score,cohen_kappa_score,roc_auc_score,confusion_matrix,TP,FP,FN,TN
2,115,0.6039143204689026,awake,0.8361751972006405,0.8750652529246147,0.9316738494619737,0.9024827233171231,0.3937236354762784,0.6754251483235869,[[ 10536 14599][ 7499 102254]],10536,14599,7499,102254
2,115,0.6039143204689026,asleep,0.8361751972006405,0.5841973939561963,0.4191764471851999,0.4881167477414872,0.3937236354762784,0.6754251483235868,[[ 102254 7499][ 14599 10536]],102254,7499,14599,10536
2,115,0.6039143204689026,avg,0.8361751972006405,0.7296313234404055,0.6754251483235868,0.6952997355293051,0.3937236354762784,0.6754251483235869,,,,,
