client,round,loss,class,accuracy,precision,recall,f1_score,cohen_kappa_score,roc_auc_score,confusion_matrix,TP,FP,FN,TN
14,122,0.5747223496437073,awake,0.8191091868809679,0.8547889630633402,0.9368308838938343,0.8939314901756216,0.28851577147240204,0.6209517459055406,[[ 7668 17467][ 6933 102820]],7668,17467,6933,102820
14,122,0.5747223496437073,asleep,0.8191091868809679,0.525169508937744,0.3050726079172469,0.3859472518622911,0.28851577147240204,0.6209517459055406,[[ 102820 6933][ 17467 7668]],102820,6933,17467,7668
14,122,0.5747223496437073,avg,0.8191091868809679,0.6899792360005421,0.6209517459055406,0.6399393710189564,0.28851577147240204,0.6209517459055406,,,,,
