client,round,loss,class,accuracy,precision,recall,f1_score,cohen_kappa_score,roc_auc_score,confusion_matrix,TP,FP,FN,TN
6,25,0.47963714599609375,awake,0.8088562362849179,0.8814876063095152,0.883921168441865,0.8827027100801149,0.3667074434293962,0.6825016623987721,[[ 12092 13043][ 12740 97013]],12092,13043,12740,97013
6,25,0.47963714599609375,asleep,0.8088562362849179,0.48695231958762886,0.48108215635567936,0.4839994396301559,0.3667074434293962,0.6825016623987721,[[ 97013 12740][ 13043 12092]],97013,12740,13043,12092
6,25,0.47963714599609375,avg,0.8088562362849179,0.684219962948572,0.6825016623987722,0.6833510748551355,0.3667074434293962,0.6825016623987721,,,,,
