client,round,loss,class,accuracy,precision,recall,f1_score,cohen_kappa_score,roc_auc_score,confusion_matrix,TP,FP,FN,TN
1,16,0.521230161190033,awake,0.7593262558567108,0.8433022111275951,0.864923965631919,0.8539762504498022,0.17051250916958371,0.5815767630029498,[[ 7496 17639][ 14825 94928]],7496,17639,14825,94928
1,16,0.521230161190033,asleep,0.7593262558567108,0.3358272478831594,0.2982295603739805,0.315913688469319,0.17051250916958371,0.5815767630029498,[[ 94928 14825][ 17639 7496]],94928,14825,17639,7496
1,16,0.521230161190033,avg,0.7593262558567108,0.5895647295053772,0.5815767630029498,0.5849449694595605,0.17051250916958371,0.5815767630029498,,,,,
