client,round,loss,class,accuracy,precision,recall,f1_score,cohen_kappa_score,roc_auc_score,confusion_matrix,TP,FP,FN,TN
14,162,0.5818529725074768,awake,0.822638040448372,0.8566608212893628,0.9391633941669021,0.896016968306125,0.30193585823684177,0.6264943686569541,[[ 7888 17247][ 6677 103076]],7888,17247,6677,103076
14,162,0.5818529725074768,asleep,0.822638040448372,0.5415722622725713,0.31382534314700616,0.3973803526448363,0.30193585823684177,0.6264943686569541,[[ 103076 6677][ 17247 7888]],103076,6677,17247,7888
14,162,0.5818529725074768,avg,0.822638040448372,0.699116541780967,0.6264943686569542,0.6466986604754806,0.30193585823684177,0.6264943686569541,,,,,
