client,round,loss,class,accuracy,precision,recall,f1_score,cohen_kappa_score,roc_auc_score,confusion_matrix,TP,FP,FN,TN
16,156,0.865702211856842,awake,0.8157434315876876,0.8668706301260943,0.9138975699980866,0.8897631508915107,0.33129990513564167,0.6505234816371972,[[ 9731 15404][ 9450 100303]],9731,15404,9450,100303
16,156,0.865702211856842,asleep,0.8157434315876876,0.5073249569886867,0.38714939327630793,0.4391641844931853,0.33129990513564167,0.6505234816371972,[[ 100303 9450][ 15404 9731]],100303,9450,15404,9731
16,156,0.865702211856842,avg,0.8157434315876876,0.6870977935573905,0.6505234816371972,0.664463667692348,0.33129990513564167,0.6505234816371972,,,,,
