client,round,loss,class,accuracy,precision,recall,f1_score,cohen_kappa_score,roc_auc_score,confusion_matrix,TP,FP,FN,TN
5,105,0.8108739852905273,awake,0.7558715378684538,0.839135463478806,0.8659717729811486,0.8523424328299314,0.1491132976191042,0.5705430776582687,[[ 6915 18220][ 14710 95043]],6915,18220,14710,95043
5,105,0.8108739852905273,asleep,0.7558715378684538,0.31976878612716764,0.2751143823353889,0.2957656116338751,0.1491132976191042,0.5705430776582688,[[ 95043 14710][ 18220 6915]],95043,14710,18220,6915
5,105,0.8108739852905273,avg,0.7558715378684538,0.5794521248029868,0.5705430776582687,0.5740540222319033,0.1491132976191042,0.5705430776582687,,,,,
