client,round,loss,class,accuracy,precision,recall,f1_score,cohen_kappa_score,roc_auc_score,confusion_matrix,TP,FP,FN,TN
5,62,0.7356733679771423,awake,0.7538402229998221,0.847120067475037,0.8510564631490711,0.849083703003418,0.18182018293386204,0.5901990093744163,[[ 8278 16857][ 16347 93406]],8278,16857,16347,93406
5,62,0.7356733679771423,asleep,0.7538402229998221,0.33616243654822336,0.3293415555997613,0.3327170418006431,0.18182018293386204,0.5901990093744162,[[ 93406 16347][ 16857 8278]],93406,16347,16857,8278
5,62,0.7356733679771423,avg,0.7538402229998221,0.5916412520116302,0.5901990093744163,0.5909003724020305,0.18182018293386204,0.5901990093744163,,,,,
