client,round,loss,class,accuracy,precision,recall,f1_score,cohen_kappa_score,roc_auc_score,confusion_matrix,TP,FP,FN,TN
13,81,0.6985142827033997,awake,0.7462413261372398,0.8831138526469574,0.7930990496842911,0.8356894954372861,0.28571328932409246,0.6673671098829254,[[ 13614 11521][ 22708 87045]],13614,11521,22708,87045
13,81,0.6985142827033997,asleep,0.7462413261372398,0.37481416221573705,0.5416351700815596,0.443041476154059,0.28571328932409246,0.6673671098829254,[[ 87045 22708][ 11521 13614]],87045,22708,11521,13614
13,81,0.6985142827033997,avg,0.7462413261372398,0.6289640074313472,0.6673671098829254,0.6393654857956725,0.28571328932409246,0.6673671098829254,,,,,
