client,round,loss,class,accuracy,precision,recall,f1_score,cohen_kappa_score,roc_auc_score,confusion_matrix,TP,FP,FN,TN
18,100,0.6469027996063232,awake,0.8235128402823083,0.840079770185893,0.9672172970214937,0.899176675871182,0.2190377325131727,0.5816193905039834,[[ 4927 20208][ 3598 106155]],4927,20208,3598,106155
18,100,0.6469027996063232,asleep,0.8235128402823083,0.5779472140762464,0.19602148398647304,0.2927510398098634,0.2190377325131727,0.5816193905039835,[[ 106155 3598][ 20208 4927]],106155,3598,20208,4927
18,100,0.6469027996063232,avg,0.8235128402823083,0.7090134921310697,0.5816193905039834,0.5959638578405226,0.2190377325131727,0.5816193905039835,,,,,
