client,round,loss,class,accuracy,precision,recall,f1_score,cohen_kappa_score,roc_auc_score,confusion_matrix,TP,FP,FN,TN
3,153,0.7727758288383484,awake,0.8260705177628848,0.853806540492669,0.9486756626242563,0.8987445026132816,0.29445962635653344,0.6196929138663354,[[ 7307 17828][ 5633 104120]],7307,17828,5633,104120
3,153,0.7727758288383484,asleep,0.8260705177628848,0.5646831530139104,0.2907101651084146,0.3838214051214708,0.29445962635653344,0.6196929138663354,[[ 104120 5633][ 17828 7307]],104120,5633,17828,7307
3,153,0.7727758288383484,avg,0.8260705177628848,0.7092448467532897,0.6196929138663354,0.6412829538673762,0.29445962635653344,0.6196929138663354,,,,,
