client,round,loss,class,accuracy,precision,recall,f1_score,cohen_kappa_score,roc_auc_score,confusion_matrix,TP,FP,FN,TN
17,184,0.6802868843078613,awake,0.8122071644623687,0.8471527732087637,0.9385347097573643,0.8905055220558041,0.2433053075988013,0.5995637543216898,[[ 6550 18585][ 6746 103007]],6550,18585,6746,103007
17,184,0.6802868843078613,asleep,0.8122071644623687,0.4926293622141998,0.2605927988860155,0.3408706512971299,0.2433053075988013,0.59956375432169,[[ 103007 6746][ 18585 6550]],103007,6746,18585,6550
17,184,0.6802868843078613,avg,0.8122071644623687,0.6698910677114818,0.5995637543216898,0.615688086676467,0.2433053075988013,0.5995637543216898,,,,,
