client,round,loss,class,accuracy,precision,recall,f1_score,cohen_kappa_score,roc_auc_score,confusion_matrix,TP,FP,FN,TN
14,178,0.6239055395126343,awake,0.8258703516991874,0.8585798964144089,0.9409856678177362,0.8978960180838116,0.3151089524731058,0.632100154378333,[[ 8124 17011][ 6477 103276]],8124,17011,6477,103276
14,178,0.6239055395126343,asleep,0.8258703516991874,0.5564002465584549,0.32321464093892976,0.40889873162874973,0.3151089524731058,0.632100154378333,[[ 103276 6477][ 17011 8124]],103276,6477,17011,8124
14,178,0.6239055395126343,avg,0.8258703516991874,0.7074900714864318,0.632100154378333,0.6533973748562807,0.3151089524731058,0.632100154378333,,,,,
