client,round,loss,class,accuracy,precision,recall,f1_score,cohen_kappa_score,roc_auc_score,confusion_matrix,TP,FP,FN,TN
14,58,0.5194029808044434,awake,0.8230383725757665,0.8561688715630573,0.9405118766685193,0.8963606839239661,0.300412586581846,0.6252987073814051,[[ 7794 17341][ 6529 103224]],7794,17341,6529,103224
14,58,0.5194029808044434,asleep,0.8230383725757665,0.5441597430705858,0.31008553809429085,0.3950529677125044,0.300412586581846,0.6252987073814051,[[ 103224 6529][ 17341 7794]],103224,6529,17341,7794
14,58,0.5194029808044434,avg,0.8230383725757665,0.7001643073168216,0.6252987073814051,0.6457068258182352,0.300412586581846,0.6252987073814051,,,,,
