client,round,loss,class,accuracy,precision,recall,f1_score,cohen_kappa_score,roc_auc_score,confusion_matrix,TP,FP,FN,TN
1,35,0.5247406959533691,awake,0.763655773678904,0.8414074898945172,0.8743268976702231,0.8575513851653263,0.16564128319745075,0.5773663531518014,[[ 7048 18087][ 13793 95960]],7048,18087,13793,95960
1,35,0.5247406959533691,asleep,0.763655773678904,0.3381795499256274,0.28040580863337977,0.3065947450843919,0.16564128319745075,0.5773663531518015,[[ 95960 13793][ 18087 7048]],95960,13793,18087,7048
1,35,0.5247406959533691,avg,0.763655773678904,0.5897935199100723,0.5773663531518014,0.5820730651248591,0.16564128319745075,0.5773663531518014,,,,,
