client,round,loss,class,accuracy,precision,recall,f1_score,cohen_kappa_score,roc_auc_score,confusion_matrix,TP,FP,FN,TN
11,78,0.5853444933891296,awake,0.8328316825811043,0.8705573402682169,0.9333230071159786,0.9008482140894121,0.3725707372803364,0.6636776165478441,[[ 9904 15231][ 7318 102435]],9904,15231,7318,102435
11,78,0.5853444933891296,asleep,0.8328316825811043,0.5750783881082336,0.39403222597970955,0.4676440729985598,0.3725707372803364,0.6636776165478441,[[ 102435 7318][ 15231 9904]],102435,7318,15231,9904
11,78,0.5853444933891296,avg,0.8328316825811043,0.7228178641882252,0.6636776165478441,0.6842461435439859,0.3725707372803364,0.6636776165478441,,,,,
