client,round,loss,class,accuracy,precision,recall,f1_score,cohen_kappa_score,roc_auc_score,confusion_matrix,TP,FP,FN,TN
7,84,0.5814597606658936,awake,0.8111247850068205,0.8519477482293198,0.9293777846619227,0.8889799155485639,0.264630706909171,0.6120730180520674,[[ 7409 17726][ 7751 102002]],7409,17726,7751,102002
7,84,0.5814597606658936,asleep,0.8111247850068205,0.4887203166226913,0.2947682514422121,0.3677379327459983,0.264630706909171,0.6120730180520674,[[ 102002 7751][ 17726 7409]],102002,7751,17726,7409
7,84,0.5814597606658936,avg,0.8111247850068205,0.6703340324260055,0.6120730180520674,0.6283589241472811,0.264630706909171,0.6120730180520674,,,,,
