client,round,loss,class,accuracy,precision,recall,f1_score,cohen_kappa_score,roc_auc_score,confusion_matrix,TP,FP,FN,TN
6,192,0.9382319450378418,awake,0.5997939030899709,0.8874638728323699,0.5819339790256303,0.7029347186070956,0.16442748247383154,0.629856983545041,[[ 17036 8099][ 45884 63869]],17036,8099,45884,63869
6,192,0.9382319450378418,asleep,0.5997939030899709,0.27075651621106167,0.6777799880644519,0.38693998069388447,0.16442748247383154,0.629856983545041,[[ 63869 45884][ 8099 17036]],63869,45884,8099,17036
6,192,0.9382319450378418,avg,0.5997939030899709,0.5791101945217159,0.6298569835450412,0.54493734965049,0.16442748247383154,0.629856983545041,,,,,
