client,round,loss,class,accuracy,precision,recall,f1_score,cohen_kappa_score,roc_auc_score,confusion_matrix,TP,FP,FN,TN
13,162,0.653719425201416,awake,0.8041263863353301,0.8823621180141323,0.8760671690067697,0.8792033759595469,0.36171741295433735,0.6830306006163748,[[ 12316 12819][ 13602 96151]],12316,12819,13602,96151
13,162,0.653719425201416,asleep,0.8041263863353301,0.4751909869588703,0.4899940322259797,0.4824789924196423,0.36171741295433735,0.6830306006163748,[[ 96151 13602][ 12819 12316]],96151,13602,12819,12316
13,162,0.653719425201416,avg,0.8041263863353301,0.6787765524865013,0.6830306006163747,0.6808411841895946,0.36171741295433735,0.6830306006163748,,,,,
