client,round,loss,class,accuracy,precision,recall,f1_score,cohen_kappa_score,roc_auc_score,confusion_matrix,TP,FP,FN,TN
3,188,0.8013198971748352,awake,0.828583713895973,0.8675633247061818,0.931528067569907,0.8984085976150934,0.35461041035586427,0.6553005366693776,[[ 9528 15607][ 7515 102238]],9528,15607,7515,102238
3,188,0.8013198971748352,asleep,0.828583713895973,0.5590565041365957,0.3790730057688482,0.4517995163355304,0.35461041035586427,0.6553005366693776,[[ 102238 7515][ 15607 9528]],102238,7515,15607,9528
3,188,0.8013198971748352,avg,0.828583713895973,0.7133099144213888,0.6553005366693776,0.675104056975312,0.35461041035586427,0.6553005366693776,,,,,
