client,round,loss,class,accuracy,precision,recall,f1_score,cohen_kappa_score,roc_auc_score,confusion_matrix,TP,FP,FN,TN
3,40,0.5774956941604614,awake,0.8336026926042346,0.86771172021092,0.9385893779668892,0.9017599607827689,0.3637817021698865,0.6568817190212406,[[ 9430 15705][ 6740 103013]],9430,15705,6740,103013
3,40,0.5774956941604614,asleep,0.8336026926042346,0.5831787260358688,0.3751740600755918,0.4566033167897348,0.3637817021698865,0.6568817190212405,[[ 103013 6740][ 15705 9430]],103013,6740,15705,9430
3,40,0.5774956941604614,avg,0.8336026926042346,0.7254452231233944,0.6568817190212405,0.6791816387862518,0.3637817021698865,0.6568817190212406,,,,,
