client,round,loss,class,accuracy,precision,recall,f1_score,cohen_kappa_score,roc_auc_score,confusion_matrix,TP,FP,FN,TN
7,187,0.7935909032821655,awake,0.8181009430045667,0.8437527732733097,0.9529033374941915,0.895012494437408,0.23315423275277036,0.5911920705772131,[[ 5768 19367][ 5169 104584]],5768,19367,5169,104584
7,187,0.7935909032821655,asleep,0.8181009430045667,0.5273841089878395,0.22948080366023474,0.3198048347748947,0.23315423275277036,0.5911920705772131,[[ 104584 5169][ 19367 5768]],104584,5169,19367,5768
7,187,0.7935909032821655,avg,0.8181009430045667,0.6855684411305746,0.5911920705772131,0.6074086646061514,0.23315423275277036,0.5911920705772131,,,,,
