client,round,loss,class,accuracy,precision,recall,f1_score,cohen_kappa_score,roc_auc_score,confusion_matrix,TP,FP,FN,TN
0,8,0.4746524691581726,awake,0.7978100349919933,0.8622182795510039,0.8944356874071779,0.8780315464184931,0.2884696430753011,0.6351629401826022,[[ 9448 15687][ 11586 98167]],9448,15687,11586,98167
0,8,0.4746524691581726,asleep,0.7978100349919933,0.44917752210706474,0.37589019295802667,0.40927895341029696,0.2884696430753011,0.6351629401826023,[[ 98167 11586][ 15687 9448]],98167,11586,15687,9448
0,8,0.4746524691581726,avg,0.7978100349919933,0.6556979008290343,0.6351629401826023,0.643655249914395,0.2884696430753011,0.6351629401826022,,,,,
