client,round,loss,class,accuracy,precision,recall,f1_score,cohen_kappa_score,roc_auc_score,confusion_matrix,TP,FP,FN,TN
4,32,0.6631625890731812,awake,0.8110728901014175,0.8291063603771079,0.9671535174437145,0.8928253006981244,0.13434693577838386,0.5483469994220761,[[ 3256 21879][ 3605 106148]],3256,21879,3605,106148
4,32,0.6631625890731812,asleep,0.8110728901014175,0.4745663897391051,0.12954048140043764,0.203525440680085,0.13434693577838386,0.5483469994220761,[[ 106148 3605][ 21879 3256]],106148,3605,21879,3256
4,32,0.6631625890731812,avg,0.8110728901014175,0.6518363750581065,0.5483469994220761,0.5481753706891047,0.13434693577838386,0.5483469994220761,,,,,
