client,round,loss,class,accuracy,precision,recall,f1_score,cohen_kappa_score,roc_auc_score,confusion_matrix,TP,FP,FN,TN
7,110,0.6658235192298889,awake,0.8167071941166004,0.844892065320559,0.9489398923036272,0.8938984301911408,0.23747455972872966,0.5941238152586367,[[ 6015 19120][ 5604 104149]],6015,19120,5604,104149
7,110,0.6658235192298889,asleep,0.8167071941166004,0.5176865478956881,0.23930773821364631,0.3273113130543615,0.23747455972872966,0.5941238152586368,[[ 104149 5604][ 19120 6015]],104149,5604,19120,6015
7,110,0.6658235192298889,avg,0.8167071941166004,0.6812893066081236,0.5941238152586368,0.6106048716227511,0.23747455972872966,0.5941238152586368,,,,,
