client,round,loss,class,accuracy,precision,recall,f1_score,cohen_kappa_score,roc_auc_score,confusion_matrix,TP,FP,FN,TN
15,171,1.0718399286270142,awake,0.5125066722021232,0.7773393176832497,0.5617796324474046,0.652210016343067,-0.09603773686418915,0.42956695964920466,[[ 7474 17661][ 48096 61657]],7474,17661,48096,61657
15,171,1.0718399286270142,asleep,0.5125066722021232,0.1344970307719993,0.29735428685100457,0.18521776841583543,-0.09603773686418915,0.42956695964920466,[[ 61657 48096][ 17661 7474]],61657,48096,17661,7474
15,171,1.0718399286270142,avg,0.5125066722021232,0.4559181742276245,0.42956695964920455,0.4187138923794512,-0.09603773686418915,0.42956695964920466,,,,,
