client,round,loss,class,accuracy,precision,recall,f1_score,cohen_kappa_score,roc_auc_score,confusion_matrix,TP,FP,FN,TN
4,55,0.817533016204834,awake,0.8179674989621019,0.8519834417113537,0.9395005147923063,0.8936042984660716,0.27420069511809775,0.6133945780645438,[[ 7221 17914][ 6640 103113]],7221,17914,6640,103113
4,55,0.817533016204834,asleep,0.8179674989621019,0.5209580838323353,0.2872886413367814,0.37034567647963895,0.27420069511809775,0.6133945780645439,[[ 103113 6640][ 17914 7221]],103113,6640,17914,7221
4,55,0.817533016204834,avg,0.8179674989621019,0.6864707627718445,0.6133945780645439,0.6319749874728553,0.27420069511809775,0.6133945780645438,,,,,
