client,round,loss,class,accuracy,precision,recall,f1_score,cohen_kappa_score,roc_auc_score,confusion_matrix,TP,FP,FN,TN
18,23,0.5824033617973328,awake,0.8221042642785126,0.8297103399487885,0.9831439687297842,0.8999341123093219,0.14819006656832867,0.5510309061870524,[[ 2989 22146][ 1850 107903]],2989,22146,1850,107903
18,23,0.5824033617973328,asleep,0.8221042642785126,0.6176896052903492,0.11891784364432066,0.1994395142456796,0.14819006656832867,0.5510309061870523,[[ 107903 1850][ 22146 2989]],107903,1850,22146,2989
18,23,0.5824033617973328,avg,0.8221042642785126,0.7236999726195689,0.5510309061870524,0.5496868132775007,0.14819006656832867,0.5510309061870524,,,,,
