client,round,loss,class,accuracy,precision,recall,f1_score,cohen_kappa_score,roc_auc_score,confusion_matrix,TP,FP,FN,TN
10,134,0.6460373997688293,awake,0.7362775042998636,0.9115714951508023,0.7484897907118712,0.8220202030309549,0.33158758133548616,0.7157209247969541,[[ 17166 7969][ 27604 82149]],17166,7969,27604,82149
10,134,0.6460373997688293,asleep,0.7362775042998636,0.3834264016082198,0.682952058882037,0.4911236678349188,0.33158758133548616,0.7157209247969543,[[ 82149 27604][ 7969 17166]],82149,27604,7969,17166
10,134,0.6460373997688293,avg,0.7362775042998636,0.647498948379511,0.715720924796954,0.6565719354329369,0.33158758133548616,0.7157209247969543,,,,,
