client,round,loss,class,accuracy,precision,recall,f1_score,cohen_kappa_score,roc_auc_score,confusion_matrix,TP,FP,FN,TN
1,53,0.6249585747718811,awake,0.7495700136409466,0.8271736789974592,0.8750466957623027,0.8504370002390882,0.08499819333939629,0.538358836243992,[[ 5069 20066][ 13714 96039]],5069,20066,13714,96039
1,53,0.6249585747718811,asleep,0.7495700136409466,0.269871692487888,0.20167097672568132,0.2308392914067125,0.08499819333939629,0.538358836243992,[[ 96039 13714][ 20066 5069]],96039,13714,20066,5069
1,53,0.6249585747718811,avg,0.7495700136409466,0.5485226857426736,0.538358836243992,0.5406381458229004,0.08499819333939629,0.538358836243992,,,,,
