client,round,loss,class,accuracy,precision,recall,f1_score,cohen_kappa_score,roc_auc_score,confusion_matrix,TP,FP,FN,TN
15,188,1.0870048999786377,awake,0.5126845975920764,0.7801323660430189,0.5584813171393949,0.6509560701560617,-0.08713498195023694,0.43559633790130675,[[ 7860 17275][ 48458 61295]],7860,17275,48458,61295
15,188,1.0870048999786377,asleep,0.5126845975920764,0.13956461522071095,0.31271135866321864,0.19299473315899968,-0.08713498195023694,0.4355963379013067,[[ 61295 48458][ 17275 7860]],61295,48458,17275,7860
15,188,1.0870048999786377,avg,0.5126845975920764,0.45984849063186495,0.43559633790130675,0.42197540165753067,-0.08713498195023694,0.4355963379013067,,,,,
