client,round,loss,class,accuracy,precision,recall,f1_score,cohen_kappa_score,roc_auc_score,confusion_matrix,TP,FP,FN,TN
1,90,0.7505926489830017,awake,0.6988909317359587,0.8186242430387214,0.8092261714941733,0.8138980783152956,0.02583455086136721,0.5131668951761696,[[ 5457 19678][ 20938 88815]],5457,19678,20938,88815
1,90,0.7505926489830017,asleep,0.6988909317359587,0.2067437014586096,0.2171076188581659,0.21179895206675722,0.02583455086136721,0.5131668951761696,[[ 88815 20938][ 19678 5457]],88815,20938,19678,5457
1,90,0.7505926489830017,avg,0.6988909317359587,0.5126839722486655,0.5131668951761696,0.5128485151910264,0.02583455086136721,0.5131668951761696,,,,,
