client,round,loss,class,accuracy,precision,recall,f1_score,cohen_kappa_score,roc_auc_score,confusion_matrix,TP,FP,FN,TN
1,146,0.7798783183097839,awake,0.6778290137002551,0.8165695731066756,0.7790493198363598,0.7973683106176823,0.01382636333908105,0.5074478745591188,[[ 5928 19207][ 24250 85503]],5928,19207,24250,85503
1,146,0.7798783183097839,asleep,0.6778290137002551,0.19643448870037775,0.23584642928187785,0.2143438251405637,0.01382636333908105,0.5074478745591189,[[ 85503 24250][ 19207 5928]],85503,24250,19207,5928
1,146,0.7798783183097839,avg,0.6778290137002551,0.5065020309035266,0.5074478745591189,0.505856067879123,0.01382636333908105,0.5074478745591189,,,,,
