client,round,loss,class,accuracy,precision,recall,f1_score,cohen_kappa_score,roc_auc_score,confusion_matrix,TP,FP,FN,TN
5,20,0.5925123691558838,awake,0.7761550323231126,0.8493198802216426,0.8812333148068846,0.8649823368957654,0.21196649708603754,0.5992798760228972,[[ 7976 17159][ 13035 96718]],7976,17159,13035,96718
5,20,0.5925123691558838,asleep,0.7761550323231126,0.37961068011993715,0.3173264372389099,0.34568543319030903,0.21196649708603754,0.5992798760228972,[[ 96718 13035][ 17159 7976]],96718,13035,17159,7976
5,20,0.5925123691558838,avg,0.7761550323231126,0.6144652801707899,0.5992798760228972,0.6053338850430372,0.21196649708603754,0.5992798760228972,,,,,
