client,round,loss,class,accuracy,precision,recall,f1_score,cohen_kappa_score,roc_auc_score,confusion_matrix,TP,FP,FN,TN
14,141,0.5734367966651917,awake,0.8234461182610758,0.8583676669279912,0.9377420207192514,0.8963009731989287,0.31043017910761295,0.631055215651052,[[ 8153 16982][ 6833 102920]],8153,16982,6833,102920
14,141,0.5734367966651917,asleep,0.8234461182610758,0.5440411050313626,0.3243684105828526,0.4064205777522993,0.31043017910761295,0.6310552156510519,[[ 102920 6833][ 16982 8153]],102920,6833,16982,8153
14,141,0.5734367966651917,avg,0.8234461182610758,0.7012043859796768,0.631055215651052,0.651360775475614,0.31043017910761295,0.631055215651052,,,,,
