client,round,loss,class,accuracy,precision,recall,f1_score,cohen_kappa_score,roc_auc_score,confusion_matrix,TP,FP,FN,TN
16,101,0.7413054704666138,awake,0.8154839570606726,0.8515492957746479,0.9364846519001758,0.8919996702147509,0.2687324497439807,0.6118070762982081,[[ 7217 17918][ 6971 102782]],7217,17918,6971,102782
16,101,0.7413054704666138,asleep,0.8154839570606726,0.5086692979983084,0.2871295006962403,0.36706253337741274,0.2687324497439807,0.611807076298208,[[ 102782 6971][ 17918 7217]],102782,6971,17918,7217
16,101,0.7413054704666138,avg,0.8154839570606726,0.6801092968864781,0.6118070762982081,0.6295311017960818,0.2687324497439807,0.611807076298208,,,,,
