client,round,loss,class,accuracy,precision,recall,f1_score,cohen_kappa_score,roc_auc_score,confusion_matrix,TP,FP,FN,TN
7,200,0.8366423845291138,awake,0.8141198624043651,0.8362986497220016,0.9593359634816361,0.8936020334984065,0.1852367392114378,0.5696819065468653,[[ 4525 20610][ 4463 105290]],4525,20610,4463,105290
7,200,0.8366423845291138,asleep,0.8141198624043651,0.5034490431686693,0.1800278496120947,0.2652170090554758,0.1852367392114378,0.5696819065468653,[[ 105290 4463][ 20610 4525]],105290,4463,20610,4525
7,200,0.8366423845291138,avg,0.8141198624043651,0.6698738464453355,0.5696819065468653,0.5794095212769411,0.1852367392114378,0.5696819065468653,,,,,
