client,round,loss,class,accuracy,precision,recall,f1_score,cohen_kappa_score,roc_auc_score,confusion_matrix,TP,FP,FN,TN
9,48,0.602141797542572,awake,0.8425656841231244,0.8728758582922617,0.9439924193416125,0.9070423028435355,0.3982976881126751,0.6718370690302652,[[ 10046 15089][ 6147 103606]],10046,15089,6147,103606
9,48,0.602141797542572,asleep,0.8425656841231244,0.6203915272031124,0.39968171871891783,0.48615950445218736,0.3982976881126751,0.6718370690302652,[[ 103606 6147][ 15089 10046]],103606,6147,15089,10046
9,48,0.602141797542572,avg,0.8425656841231244,0.7466336927476871,0.6718370690302652,0.6966009036478614,0.3982976881126751,0.6718370690302652,,,,,
