client,round,loss,class,accuracy,precision,recall,f1_score,cohen_kappa_score,roc_auc_score,confusion_matrix,TP,FP,FN,TN
0,162,0.6848806738853455,awake,0.7661912104857364,0.8827576757068893,0.8217907483166748,0.8511839038154827,0.30925256861739736,0.6726021575281405,[[ 13156 11979][ 19559 90194]],13156,11979,19559,90194
0,162,0.6848806738853455,asleep,0.7661912104857364,0.40213969127311633,0.5234135667396062,0.4548314606741573,0.30925256861739736,0.6726021575281403,[[ 90194 19559][ 11979 13156]],90194,19559,11979,13156
0,162,0.6848806738853455,avg,0.7661912104857364,0.6424486834900028,0.6726021575281405,0.65300768224482,0.30925256861739736,0.6726021575281405,,,,,
