client,round,loss,class,accuracy,precision,recall,f1_score,cohen_kappa_score,roc_auc_score,confusion_matrix,TP,FP,FN,TN
13,177,0.6944772005081177,awake,0.7986181128046972,0.8773840965793298,0.874746020609915,0.8760630725991897,0.33923161627547826,0.6704742635375018,[[ 11718 13417][ 13747 96006]],11718,13417,13747,96006
13,177,0.6944772005081177,asleep,0.7986181128046972,0.4601610053013941,0.46620250646508854,0.46316205533596844,0.33923161627547826,0.6704742635375017,[[ 96006 13747][ 13417 11718]],96006,13747,13417,11718
13,177,0.6944772005081177,avg,0.7986181128046972,0.6687725509403619,0.6704742635375018,0.6696125639675791,0.33923161627547826,0.6704742635375018,,,,,
