client,round,loss,class,accuracy,precision,recall,f1_score,cohen_kappa_score,roc_auc_score,confusion_matrix,TP,FP,FN,TN
4,105,0.9749654531478882,awake,0.8200507087361366,0.839018005869755,0.9637549770849089,0.8970711084160577,0.20849029202446223,0.5781575760698068,[[ 4840 20295][ 3978 105775]],4840,20295,3978,105775
4,105,0.9749654531478882,asleep,0.8200507087361366,0.5488772964391019,0.1925601750547046,0.2850999911642565,0.20849029202446223,0.5781575760698067,[[ 105775 3978][ 20295 4840]],105775,3978,20295,4840
4,105,0.9749654531478882,avg,0.8200507087361366,0.6939476511544285,0.5781575760698068,0.5910855497901571,0.20849029202446223,0.5781575760698068,,,,,
