client,round,loss,class,accuracy,precision,recall,f1_score,cohen_kappa_score,roc_auc_score,confusion_matrix,TP,FP,FN,TN
9,55,0.5859735608100891,awake,0.8454940394994366,0.8816096690015108,0.9357739651763506,0.9078846757333735,0.4317022545291761,0.6935285182953566,[[ 11343 13792][ 7049 102704]],11343,13792,7049,102704
9,55,0.5859735608100891,asleep,0.8454940394994366,0.6167355371900827,0.45128307141436247,0.5211937418154249,0.4317022545291761,0.6935285182953566,[[ 102704 7049][ 13792 11343]],102704,7049,13792,11343
9,55,0.5859735608100891,avg,0.8454940394994366,0.7491726030957968,0.6935285182953566,0.7145392087743991,0.4317022545291761,0.6935285182953566,,,,,
