client,round,loss,class,accuracy,precision,recall,f1_score,cohen_kappa_score,roc_auc_score,confusion_matrix,TP,FP,FN,TN
18,99,0.714350163936615,awake,0.8248917620544451,0.8323314478852372,0.982761291263109,0.9013127658329922,0.17003907195845958,0.5591546659219861,[[ 3407 21728][ 1892 107861]],3407,21728,1892,107861
18,99,0.714350163936615,asleep,0.8248917620544451,0.6429515002830722,0.13554804058086334,0.2238943287113097,0.17003907195845958,0.5591546659219861,[[ 107861 1892][ 21728 3407]],107861,1892,21728,3407
18,99,0.714350163936615,avg,0.8248917620544451,0.7376414740841547,0.5591546659219861,0.562603547272151,0.17003907195845958,0.5591546659219861,,,,,
