client,round,loss,class,accuracy,precision,recall,f1_score,cohen_kappa_score,roc_auc_score,confusion_matrix,TP,FP,FN,TN
17,29,0.5430271029472351,awake,0.8175300990451337,0.8250313044009406,0.9845380080726722,0.8977546993457264,0.10795272024966762,0.5364106392064176,[[ 2219 22916][ 1697 108056]],2219,22916,1697,108056
17,29,0.5430271029472351,asleep,0.8175300990451337,0.5666496424923391,0.08828327034016312,0.15276582561701835,0.10795272024966762,0.5364106392064176,[[ 108056 1697][ 22916 2219]],108056,1697,22916,2219
17,29,0.5430271029472351,avg,0.8175300990451337,0.6958404734466399,0.5364106392064176,0.5252602624813724,0.10795272024966762,0.5364106392064176,,,,,
