client,round,loss,class,accuracy,precision,recall,f1_score,cohen_kappa_score,roc_auc_score,confusion_matrix,TP,FP,FN,TN
15,135,1.0212061405181885,awake,0.5223073957653758,0.7879161372299873,0.5649868340728728,0.6580845091349036,-0.0671070813541026,0.4504663631275444,[[ 8444 16691][ 47744 62009]],8444,16691,47744,62009
15,135,1.0212061405181885,asleep,0.5223073957653758,0.15028119883249091,0.33594589218221604,0.20766572802282257,-0.0671070813541026,0.4504663631275444,[[ 62009 47744][ 16691 8444]],62009,47744,16691,8444
15,135,1.0212061405181885,avg,0.5223073957653758,0.4690986680312391,0.4504663631275444,0.43287511857886307,-0.0671070813541026,0.4504663631275444,,,,,
