client,round,loss,class,accuracy,precision,recall,f1_score,cohen_kappa_score,roc_auc_score,confusion_matrix,TP,FP,FN,TN
3,154,0.7791973352432251,awake,0.8261372397841172,0.8670914612878253,0.9286670979380973,0.8968235811702596,0.34879729308783103,0.6535517705723906,[[ 9512 15623][ 7829 101924]],9512,15623,7829,101924
3,154,0.7791973352432251,asleep,0.8261372397841172,0.5485266132287642,0.3784364432066839,0.44787644787644787,0.34879729308783103,0.6535517705723907,[[ 101924 7829][ 15623 9512]],101924,7829,15623,9512
3,154,0.7791973352432251,avg,0.8261372397841172,0.7078090372582948,0.6535517705723906,0.6723500145233537,0.34879729308783103,0.6535517705723906,,,,,
