client,round,loss,class,accuracy,precision,recall,f1_score,cohen_kappa_score,roc_auc_score,confusion_matrix,TP,FP,FN,TN
5,89,0.8013157248497009,awake,0.776896388114584,0.8347832665103261,0.904895538162966,0.8684265752610133,0.1431107911716899,0.5614392152720539,[[ 5479 19656][ 10438 99315]],5479,19656,10438,99315
5,89,0.8013157248497009,asleep,0.776896388114584,0.3442231576302067,0.21798289238114182,0.2669297476371431,0.1431107911716899,0.5614392152720539,[[ 99315 10438][ 19656 5479]],99315,10438,19656,5479
5,89,0.8013157248497009,avg,0.776896388114584,0.5895032120702663,0.5614392152720539,0.5676781614490782,0.1431107911716899,0.5614392152720539,,,,,
