client,round,loss,class,accuracy,precision,recall,f1_score,cohen_kappa_score,roc_auc_score,confusion_matrix,TP,FP,FN,TN
9,18,0.5297490954399109,awake,0.8414684775517466,0.8732965538217179,0.9418056909606115,0.9062582195023583,0.3976587504500392,0.6725738222059869,[[ 10138 14997][ 6387 103366]],10138,14997,6387,103366
9,18,0.5297490954399109,asleep,0.8414684775517466,0.6134947049924357,0.40334195345136264,0.4867018722995679,0.3976587504500392,0.6725738222059872,[[ 103366 6387][ 14997 10138]],103366,6387,14997,10138
9,18,0.5297490954399109,avg,0.8414684775517466,0.7433956294070768,0.672573822205987,0.6964800459009631,0.3976587504500392,0.672573822205987,,,,,
