client,round,loss,class,accuracy,precision,recall,f1_score,cohen_kappa_score,roc_auc_score,confusion_matrix,TP,FP,FN,TN
3,152,0.8179125189781189,awake,0.8240985113575707,0.8579167221408601,0.9393911783732564,0.8968072752893285,0.3095418326265882,0.6300297845317644,[[ 8060 17075][ 6652 103101]],8060,17075,6652,103101
3,152,0.8179125189781189,asleep,0.8240985113575707,0.5478520935290919,0.32066839069027253,0.4045473937812131,0.3095418326265882,0.6300297845317645,[[ 103101 6652][ 17075 8060]],103101,6652,17075,8060
3,152,0.8179125189781189,avg,0.8240985113575707,0.7028844078349761,0.6300297845317644,0.6506773345352708,0.3095418326265882,0.6300297845317644,,,,,
