client,round,loss,class,accuracy,precision,recall,f1_score,cohen_kappa_score,roc_auc_score,confusion_matrix,TP,FP,FN,TN
3,97,0.7438120245933533,awake,0.8262632702686673,0.8504189535903348,0.9543338223100963,0.8993847593778042,0.2786945869230598,0.6106859085690128,[[ 6712 18423][ 5012 104741]],6712,18423,5012,104741
3,97,0.7438120245933533,asleep,0.8262632702686673,0.5725008529512112,0.26703799482792917,0.3641987031661196,0.2786945869230598,0.6106859085690127,[[ 104741 5012][ 18423 6712]],104741,5012,18423,6712
3,97,0.7438120245933533,avg,0.8262632702686673,0.711459903270773,0.6106859085690127,0.6317917312719619,0.2786945869230598,0.6106859085690128,,,,,
