client,round,loss,class,accuracy,precision,recall,f1_score,cohen_kappa_score,roc_auc_score,confusion_matrix,TP,FP,FN,TN
3,130,0.8279879093170166,awake,0.8247879722436392,0.8451027065150313,0.9607573369292867,0.8992265249908326,0.2492458696509975,0.5959147734974661,[[ 5808 19327][ 4307 105446]],5808,19327,4307,105446
3,130,0.8279879093170166,asleep,0.8247879722436392,0.5741967375185368,0.23107221006564552,0.32953191489361705,0.2492458696509975,0.595914773497466,[[ 105446 4307][ 19327 5808]],105446,4307,19327,5808
3,130,0.8279879093170166,avg,0.8247879722436392,0.7096497220167841,0.5959147734974661,0.6143792199422248,0.2492458696509975,0.5959147734974661,,,,,
