client,round,loss,class,accuracy,precision,recall,f1_score,cohen_kappa_score,roc_auc_score,confusion_matrix,TP,FP,FN,TN
16,61,0.6446350812911987,awake,0.811732696755827,0.8519961945455152,0.9302069191730522,0.8893854456597018,0.2656679030926403,0.6123085520870234,[[ 7400 17735][ 7660 102093]],7400,17735,7660,102093
16,61,0.6446350812911987,asleep,0.811732696755827,0.4913678618857902,0.29441018500099464,0.3682050006219679,0.2656679030926403,0.6123085520870234,[[ 102093 7660][ 17735 7400]],102093,7660,17735,7400
16,61,0.6446350812911987,avg,0.811732696755827,0.6716820282156527,0.6123085520870234,0.6287952231408349,0.2656679030926403,0.6123085520870234,,,,,
