client,round,loss,class,accuracy,precision,recall,f1_score,cohen_kappa_score,roc_auc_score,confusion_matrix,TP,FP,FN,TN
10,65,0.6539384722709656,awake,0.6641658264634364,0.903764956461818,0.6572394376463514,0.7610356178257934,0.24099522250963779,0.675824811323673,[[ 17454 7681][ 37619 72134]],17454,7681,37619,72134
10,65,0.6539384722709656,asleep,0.6641658264634364,0.3169248088900187,0.6944101850009946,0.4352184320766009,0.24099522250963779,0.6758248113236729,[[ 72134 37619][ 7681 17454]],72134,37619,7681,17454
10,65,0.6539384722709656,avg,0.6641658264634364,0.6103448826759184,0.675824811323673,0.5981270249511972,0.24099522250963779,0.6758248113236729,,,,,
