client,round,loss,class,accuracy,precision,recall,f1_score,cohen_kappa_score,roc_auc_score,confusion_matrix,TP,FP,FN,TN
16,144,0.8384807705879211,awake,0.8158917027459819,0.8555565790465344,0.930890271792115,0.8916350307631888,0.28720424000727274,0.6223180223094253,[[ 7886 17249][ 7585 102168]],7886,17249,7585,102168
16,144,0.8384807705879211,asleep,0.8158917027459819,0.5097278779652252,0.3137457728267356,0.38841550509776873,0.28720424000727274,0.6223180223094253,[[ 102168 7585][ 17249 7886]],102168,7585,17249,7886
16,144,0.8384807705879211,avg,0.8158917027459819,0.6826422285058797,0.6223180223094253,0.6400252679304788,0.28720424000727274,0.6223180223094253,,,,,
