client,round,loss,class,accuracy,precision,recall,f1_score,cohen_kappa_score,roc_auc_score,confusion_matrix,TP,FP,FN,TN
18,60,0.6496223211288452,awake,0.8239724808730206,0.8356134449846648,0.9755815330788224,0.9001891630585565,0.1915571192480926,0.5687734599947524,[[ 4071 21064][ 2680 107073]],4071,21064,2680,107073
18,60,0.6496223211288452,asleep,0.8239724808730206,0.6030217745519182,0.16196538691068232,0.255347174308474,0.1915571192480926,0.5687734599947524,[[ 107073 2680][ 21064 4071]],107073,2680,21064,4071
18,60,0.6496223211288452,avg,0.8239724808730206,0.7193176097682915,0.5687734599947524,0.5777681686835152,0.1915571192480926,0.5687734599947524,,,,,
