client,round,loss,class,accuracy,precision,recall,f1_score,cohen_kappa_score,roc_auc_score,confusion_matrix,TP,FP,FN,TN
7,27,0.5026382207870483,awake,0.8133043710337465,0.8472473146536149,0.9400289741510482,0.8912298887809091,0.24518031623015035,0.5999926052374498,[[ 6534 18601][ 6582 103171]],6534,18601,6582,103171
7,27,0.5026382207870483,asleep,0.8133043710337465,0.49817017383348583,0.25995623632385123,0.34163812710778807,0.24518031623015035,0.5999926052374498,[[ 103171 6582][ 18601 6534]],103171,6582,18601,6534
7,27,0.5026382207870483,avg,0.8133043710337465,0.6727087442435504,0.5999926052374498,0.6164340079443487,0.24518031623015035,0.5999926052374498,,,,,
