client,round,loss,class,accuracy,precision,recall,f1_score,cohen_kappa_score,roc_auc_score,confusion_matrix,TP,FP,FN,TN
4,41,0.6396378874778748,awake,0.8205548306743372,0.8503940232973443,0.9458602498337175,0.8955902461749495,0.2703509863519197,0.6096319351416449,[[ 6872 18263][ 5942 103811]],6872,18263,5942,103811
4,41,0.6396378874778748,asleep,0.8205474171164225,0.5362522438148755,0.27336383528943703,0.3621271213239169,0.27030704308378994,0.6096120425615773,[[ 103811 5942][ 18264 6871]],103811,5942,18264,6871
4,41,0.6396378874778748,avg,0.8205511238953799,0.6933231335561099,0.6096120425615773,0.6288586837494332,0.2703290147178548,0.6096219888516111,,,,,
