client,round,loss,class,accuracy,precision,recall,f1_score,cohen_kappa_score,roc_auc_score,confusion_matrix,TP,FP,FN,TN
5,142,0.8476564288139343,awake,0.7679408101536089,0.8498434754689047,0.8681949468351663,0.8589211992283978,0.20585448073510249,0.5991859953988841,[[ 8299 16836][ 14466 95287]],8299,16836,14466,95287
5,142,0.8476564288139343,asleep,0.7679408101536089,0.3645508455963101,0.33017704396260195,0.34651356993736954,0.20585448073510249,0.5991859953988841,[[ 95287 14466][ 16836 8299]],95287,14466,16836,8299
5,142,0.8476564288139343,avg,0.7679408101536089,0.6071971605326074,0.5991859953988841,0.6027173845828837,0.20585448073510249,0.5991859953988841,,,,,
