client,round,loss,class,accuracy,precision,recall,f1_score,cohen_kappa_score,roc_auc_score,confusion_matrix,TP,FP,FN,TN
13,29,0.5364783406257629,awake,0.7903001008243876,0.8744266423995073,0.8667462392827531,0.870569501514583,0.31853174876845913,0.6616205833374179,[[ 11474 13661][ 14625 95128]],11474,13661,14625,95128
13,29,0.5364783406257629,asleep,0.7903001008243876,0.43963370244070654,0.45649492739208275,0.44790568762930866,0.31853174876845913,0.6616205833374179,[[ 95128 14625][ 13661 11474]],95128,14625,13661,11474
13,29,0.5364783406257629,avg,0.7903001008243876,0.6570301724201069,0.6616205833374179,0.6592375945719459,0.31853174876845913,0.6616205833374179,,,,,
